content,score,at,clean_no_stem,clean_stem,skor_base,label_base,skor_domain,label_domain,label,split
woy monton bisa buat game gak udah empat belas kali gua kalah gak menang menang bisa buat game gak lu,1,2026-07-27 07:57:30,woy moonton buat game tidak udah empat belas kali kalah tidak menang menang buat game tidak kamu,woy moonton buat game tidak udah empat belas kali kalah tidak menang menang buat game tidak kamu,-14.0,Negatif,-14.0,Negatif,Negatif,train
KALAU NGASIH TEAM YG BENER LAHHH,1,2026-07-27 07:54:47,kalau ngasih team bener lahh,kalau ngasih team bener lahh,3.0,Positif,3.0,Positif,Positif,test
mooton bujang intinya game pp game bujang main 20 kali menang cuma 1 kali mau Mabar solo tetap sama monton Kon bujanginam mooton pp,1,2026-07-27 07:53:01,moonton bujang intinya game pp game bujang main kali menang cuma kali mau mabar solo tetap sama moonton kon bujanginam moonton pp,moonton bujang inti game pp game bujang main kali menang cuma kali mau mabar solo tetap sama moonton kon bujanginam moonton pp,20.0,Positif,24.0,Positif,Positif,test
capek juga main selalu kalah saya sebagai solo rankk dapat tim selalu jelek tim musuh selalu kuat kuat msuh,1,2026-07-27 07:52:40,capek main selalu kalah solo rankk tim selalu jelek tim musuh selalu kuat kuat msuh,capek main selalu kalah solo rankk tim selalu jelek tim musuh selalu kuat kuat msuh,-21.0,Negatif,-21.0,Negatif,Negatif,test
"Pengen balik ke ml tolong, jangan tambahkan fitur fitur bikin ngelag. Ayolah Montoon",2,2026-07-27 07:52:24,pengen balik ml jangan tambahkan fitur fitur bikin ngelag ayolah moonton,ken balik ml jangan tambah fitur fitur bikin ngelag ayo moonton,-5.0,Negatif,-8.0,Negatif,Negatif,train
game sistem gj kasih aja gw kalahh terus tim musuh jago tim gw poke,5,2026-07-27 07:52:13,game sistem gj kasih aja kalahh terus tim musuh jago tim poke,game sistem gj kasih aja kalahh terus tim musuh jago tim poke,-9.0,Negatif,-9.0,Negatif,Negatif,train
game gateli lose trike tros,1,2026-07-27 07:50:33,game gateli lose trike tros,game gateli lose trike tros,2.0,Positif,2.0,Positif,Positif,train
makasih moontoon,5,2026-07-27 07:50:26,makasih moontoon,makasih moontoon,4.0,Positif,4.0,Positif,Positif,train
"Sumpah ini moonton kejam dah.Lagi asik main tiba² malah restart, pengen nonton pertandingan teman malah di kick ama sistemnya,mau tukar kode terlalu banyak aksi ditunggu 3 jam beh lama nga tuh,star protection tidak aktif padahal masih ada 4,sinyal bagus tapi malah ngelag aneh ngatuh,game nga adil ud party malah musuhnya top global sampai lose streak,ngestuck digrandmaster lagi males bet dah moonton memang buat game gak pernah pake otak membuat pemainya tidak nyaman untuk dimainkan Dongo bet",1,2026-07-27 07:50:21,sumpah moonton kejam asik main tiba malah restart pengen nonton pertandingan teman malah kick ama sistemnya mau tukar kode terlalu banyak aksi ditunggu jam beh lama nga tuh star protection tidak aktif padahal sinyal bagus malah ngelag aneh ngatuh game nga adil ud party malah musuhnya top global lose streak ngestuck digrandmaster males bet moonton memang buat game tidak pernah pake otak membuat pemainya tidak nyaman dimainkan dongo bet,sumpah moonton kejam asik main tiba malah restart ken nonton tanding teman malah kick ama sistem mau tukar kode terlalu banyak aksi tunggu jam beh lama nga tuh star protection tidak aktif padahal sinyal bagus malah ngelag aneh ngatuh game nga adil ud party malah musuh top global lose streak ngestuck digrandmaster males bet moonton memang buat game tidak pernah pake otak buat mai tidak nyaman main dongo bet,-13.0,Negatif,-11.0,Negatif,Negatif,train
bagus keren,5,2026-07-27 07:48:29,bagus keren,bagus keren,-2.0,Negatif,7.0,Positif,Positif,train
"Jaringan bagus, tapi ping tinggi. Matchmaking tidak seimbang. Tolong perbaiki lah",3,2026-07-27 07:46:29,jaringan bagus ping tinggi matchmaking tidak seimbang perbaiki lah,jaring bagus ping tinggi matchmaking tidak imbang baik lah,-7.0,Negatif,-2.0,Negatif,Negatif,train
sangat menghibur buat isi kekosongan,5,2026-07-27 07:44:13,sangat menghibur buat isi kekosongan,sangat hibur buat isi kosong,-7.0,Negatif,-7.0,Negatif,Negatif,train
ton moonton aku tahu kamu sibuk tapi tolong masalah jaringanya benerin.sama tolong buatin skin untuk beberapa hero yang skin nya sedikit sama benerin bug² yang masih ada karena aku sering nemuin bug saat main rank,4,2026-07-27 07:43:39,ton moonton aku tahu kamu sibuk masalah jaringanya benerin sama buatin skin beberapa hero skin nya sedikit sama benerin bug aku sering nemuin bug main rank,ton moonton aku tahu kamu sibuk masalah jaringanya benerin sama buatin skin beberapa hero skin nya sedikit sama benerin bug aku sering nemuin bug main rank,4.0,Positif,0.0,Positif,Positif,train
karena game ini sangatlah seru walaupun ada yang berkata kasar,5,2026-07-27 07:43:27,game sangatlah seru walaupun berkata kasar,game sangat seru walaupun kata kasar,2.0,Positif,5.0,Positif,Positif,train
min tolong lah ilangin ai di rank cape saya min dari legend 1 🌟 5 turun ke 🌟 1 gara²ketemu ai di rank,5,2026-07-27 07:43:24,min lah ilangin ai rank cape min legend turun gara ketemu ai rank emoji_positif emoji_positif,min lah ilangin ai rank cape min legend turun gara ketemu ai rank emoji_positif emoji_positif,-9.0,Negatif,-9.0,Negatif,Negatif,train
"kasih tim yang jelas masa mode renk ada bot tim sendiri bot musuh player semua, ini bukan player skill bot tapi beneran bot, kekurangan player kah monton?",1,2026-07-27 07:42:44,kasih tim jelas masa mode renk bot tim sendiri bot musuh player semua bukan player skill bot beneran bot kekurangan player moonton,kasih tim jelas masa mode renk bot tim sendiri bot musuh player semua bukan player skill bot beneran bot kurang player moonton,-30.0,Negatif,-30.0,Negatif,Negatif,test
taik ls terus orang sistem match making gapernah seimbang tim gapernah dapet yang bagus dan serius,1,2026-07-27 07:42:06,taik losestreak terus orang sistem match making gapernah seimbang tim gapernah dapet bagus serius,taik losestreak terus orang sistem match making gapernah imbang tim gapernah dapet bagus serius,-24.0,Negatif,-19.0,Negatif,Negatif,train
game sampah nyariin musuh ga adil musuh di kasih yang jago temen sendiri oon. buat lu kalo mau mainin ni game ga usah kata gw kaga ada manfaatnya bikin stress doang,1,2026-07-27 07:41:39,game sampah nyariin musuh tidak adil musuh kasih jago temen sendiri oon buat kamu kalau mau mainin ni game tidak usah kata tidak manfaatnya bikin stress doang,game sampah nyariin musuh tidak adil musuh kasih jago temen sendiri oon buat kamu kalau mau mainin ni game tidak usah kata tidak manfaat bikin stress doang,-32.0,Negatif,-32.0,Negatif,Negatif,train
jangan tanya lagi susah bet main di epic cok dari sistem semua,5,2026-07-27 07:41:28,jangan tanya susah bet main epic cok sistem semua,jangan tanya susah bet main epic cok sistem semua,-13.0,Negatif,-13.0,Negatif,Negatif,train
bagus gamenya ga ngebosenin apalagi setiap ganti season pasti ada hero baru dan meta baru,5,2026-07-27 07:39:36,bagus gamenya tidak ngebosenin ganti season hero baru meta baru,bagus gamenya tidak ngebosenin ganti season hero baru meta baru,-7.0,Negatif,-2.0,Negatif,Negatif,train
game nya bagus saya suka memainkan nya saat ada waktu luang🤩🤩,5,2026-07-27 07:39:10,game nya bagus suka memainkan nya waktu luang emoji_positif emoji_positif,game nya bagus suka main nya waktu luang emoji_positif emoji_positif,1.0,Positif,6.0,Positif,Positif,test
mines nya gk bisa ngeceat,4,2026-07-27 07:36:21,mines nya tidak ngeceat,mes nya tidak ngeceat,-5.0,Negatif,-5.0,Negatif,Negatif,test
bagus grmnya seru lagi,5,2026-07-27 07:36:10,bagus grmnya seru,bagus grmnya seru,-2.0,Negatif,6.0,Positif,Positif,train
ML GAME NYA SERU BANGET DAN RANK AKU UDAH IMMORTAL,5,2026-07-27 07:35:56,ml game nya seru banget rank aku udah immortal,ml game nya seru banget rank aku udah immortal,4.0,Positif,7.0,Positif,Positif,test
gemnyabagus,5,2026-07-27 07:34:43,gemnyabagus,gemnyabagus,0.0,Positif,0.0,Positif,Positif,train
"sdh brkli"" sy hps download tp akhirnya download lg wkwk perbaiki lg match dan ping 🙄",1,2026-07-27 07:34:27,sdh brkli hps download akhirnya download lg wkwk perbaiki lg match ping emoji_negatif,sdh brkli hps download akhir download lg wkwk baik lg match ping emoji_negatif,0.0,Negatif,0.0,Negatif,Negatif,test
"GAME APAAN INI ANEH BANGET, JELEK",1,2026-07-27 07:33:11,game apaan aneh banget jelek,game apa aneh banget jelek,-6.0,Negatif,-6.0,Negatif,Negatif,train
sangat bagus dan enak main nya,5,2026-07-27 07:33:05,sangat bagus enak main nya,sangat bagus enak main nya,-3.0,Negatif,4.0,Positif,Positif,test
"WOY MOONTON, MASALAH SERVER MASIH ADA, GW MAU PUSH RANK JADI SUSAH, NGE LAG TERUS, PADAHAL DEKET WIFI, MAU WIFI GW SENDIRI, ATAU PUN WIFI TEMEN, TETEP NGE LAG, PADAHAL PAKE APLIKASI LAIN GAK NGELAG",2,2026-07-27 07:30:10,woy moonton masalah server mau push rank jadi susah nge lag terus padahal deket wifi mau wifi sendiri wifi temen tetep nge lag padahal pake aplikasi tidak ngelag,woy moonton masalah server mau push rank jadi susah nge lag terus padahal deket wifi mau wifi sendiri wifi temen tetep nge lag padahal pake aplikasi tidak ngelag,-11.0,Negatif,-14.0,Negatif,Negatif,train
jir main gme in gua lost trek muluu jir susah bngt dpet tim bgus jirr,1,2026-07-27 07:28:52,jir main gme in lost trek muluu jir susah banget dpet tim bgus jirr,jir main gme in lost trek muluu jir susah banget dpet tim bgus jirr,-18.0,Negatif,-18.0,Negatif,Negatif,train
kasih aku tim spek onic dong wkwk,5,2026-07-27 07:28:14,kasih aku tim spek onic dong wkwk,kasih aku tim spek onic dong wkwk,-2.0,Negatif,-2.0,Negatif,Negatif,train
"game gajelas🤬, sinyal bagus bgt tiba' ngelag bgt, game error, playernya pada kaya binatang semua, udh salah pada gangaku slh, game stres",1,2026-07-27 07:25:45,game gajelas sinyal bagus banget tiba ngelag banget game error playernya kaya binatang semua salah gangaku slh game stres emoji_negatif,game gajelas sinyal bagus banget tiba ngelag banget game error playernya kaya binatang semua salah gangaku slh game stres emoji_negatif,-10.0,Negatif,-5.0,Negatif,Negatif,train
akun saya hilang,1,2026-07-27 07:23:55,akun hilang,akun hilang,-1.0,Negatif,-1.0,Negatif,Negatif,test
gak adil cok selalu dapat tim aneh giliran musuh jago kali,1,2026-07-27 07:23:33,tidak adil cok selalu tim aneh giliran musuh jago kali,tidak adil cok selalu tim aneh gilir musuh jago kali,-8.0,Negatif,-8.0,Negatif,Negatif,test
👍,5,2026-07-27 07:23:08,emoji_positif,emoji_positif,0.0,Positif,0.0,Positif,Positif,train
"game ini sangat bagus,menemaniku selama 1 th terahir ini.... tapi masih banyak player yg GK Reti main (draksistem) itu menghambat pus rank ku..",5,2026-07-27 07:22:46,game sangat bagus menemaniku selama th terahir banyak player tidak reti main draksistem menghambat pus rank ku,game sangat bagus teman lama th terahir banyak player tidak ret main draksistem hambat pus rank ku,-10.0,Negatif,-5.0,Negatif,Negatif,train
"seru sih, tapi untuk lawan musuh nya harus yg adil dan seimbang",1,2026-07-27 07:22:28,seru sih lawan musuh nya adil seimbang,seru sih lawan musuh nya adil imbang,-6.0,Negatif,-3.0,Negatif,Negatif,train
matchmaking lu kayak sampah . udah win streak malah di kasi tim yang udah jelas2 afk 3 match,1,2026-07-27 07:20:47,matchmaking kamu kayak sampah udah win streak malah kasi tim udah jelas afk match,matchmaking kamu kayak sampah udah win streak malah kasi tim udah jelas afk match,-16.0,Negatif,-18.0,Negatif,Negatif,train
"kocak moonton , gua pemain solo di kasih teman yang isinya dark sistem mulu 😅 saatnya beralih game sebelah males pihak moonton gak jelas 🤣",1,2026-07-27 07:19:36,kocak moonton pemain solo kasih teman isinya dark sistem mulu saatnya beralih game sebelah males pihak moonton tidak jelas emoji_netral emoji_netral,kocak moonton main solo kasih teman isi dark sistem mulu saat alih game belah males pihak moonton tidak jelas emoji_netral emoji_netral,-20.0,Negatif,-20.0,Negatif,Negatif,train
buat kau monton gk tim itu bagus dong kasih permainan yang imbang . tim gua lol semuanya tadi musuh jago jago yang bener dong ngasih tim nya,5,2026-07-27 07:16:46,buat kau moonton tidak tim bagus dong kasih permainan imbang tim lol semuanya tadi musuh jago jago bener dong ngasih tim nya,buat kau moonton tidak tim bagus dong kasih main imbang tim lol semua tadi musuh jago jago bener dong ngasih tim nya,-8.0,Negatif,-3.0,Negatif,Negatif,test
banyak citer dan banyak bug masalah jaringan juga padahal buka apk lain gada masalah,1,2026-07-27 07:16:32,banyak cheater banyak bug masalah jaringan padahal buka apk gada masalah,banyak cheater banyak bug masalah jaring padahal buka apk gada masalah,-9.0,Negatif,-15.0,Negatif,Negatif,train
game oraa waras stres asuu,1,2026-07-27 07:15:23,game oraa waras stres asuu,game oraa waras stres asuu,-3.0,Negatif,-3.0,Negatif,Negatif,train
game rusak sangat tidak rekomen hanya untuk orang yang,1,2026-07-27 07:14:40,game rusak sangat tidak rekomen orang,game rusak sangat tidak rekomen orang,-6.0,Negatif,-6.0,Negatif,Negatif,train
game tolong ya keknya slalu dapat tim tim gj setiap main hah capek ga worthith ni game,1,2026-07-27 07:11:03,game keknya slalu tim tim gj main hah capek tidak worthith ni game,game kek slalu tim tim gj main hah capek tidak worthith ni game,-9.0,Negatif,-9.0,Negatif,Negatif,train
"Saya kecewa dengan sistem bantuan pelanggan Moonton. Proses pemulihan dan pergantian email akun saya sebelumnya sudah berhasil, tetapi saya masih mengalami masalah saat login. Saat mencoba mendapatkan bantuan lagi, sistem justru mengarahkan saya ke proses Pemulihan Akun yang sama tanpa memberikan pilihan lain yang sesuai. Mohon berikan solusi untuk masalah login saya, bukan mengarahkan saya kembali ke proses yang sudah berhasil dilakukan.",1,2026-07-27 07:10:55,kecewa sistem bantuan pelanggan moonton proses pemulihan pergantian email akun sebelumnya berhasil mengalami masalah login mencoba mendapatkan bantuan sistem justru mengarahkan proses pemulihan akun sama tanpa memberikan pilihan sesuai mohon berikan solusi masalah login bukan mengarahkan proses berhasil dilakukan,kecewa sistem bantu langgan moonton proses pulih ganti email akun belum hasil alami masalah login coba dapat bantu sistem justru arah proses pulih akun sama tanpa beri pilih sesuai mohon ikan solusi masalah login bukan arah proses hasil laku,8.0,Positif,8.0,Positif,Positif,test
sangat menghiburrr tp terlalu besar updatenya,5,2026-07-27 07:09:21,sangat menghiburr terlalu besar updatenya,sangat menghiburr terlalu besar updatenya,-3.0,Negatif,-3.0,Negatif,Negatif,train
woi montonbalikin chat gua,1,2026-07-27 07:03:49,woi montonbalikin chat,woi montonbalikin chat,3.0,Positif,3.0,Positif,Positif,train
"mohon maaf moonton tolong ini kok makin kesini banyak yg pake cheat lag, mohon lebih dipantau lagi dong ini pasti bikin gak adil dan kesel",1,2026-07-27 07:00:51,mohon maaf moonton kok makin kesini banyak pake cheat lag mohon lebih dipantau dong bikin tidak adil kesel,mohon maaf moonton kok makin kesini banyak pake cheat lag mohon lebih pantau dong bikin tidak adil kesel,-7.0,Negatif,-10.0,Negatif,Negatif,train
seru sekaliii,5,2026-07-27 07:00:45,seru sekalii,seru sekali,0.0,Positif,3.0,Positif,Positif,train
suka bangett,5,2026-07-27 06:59:41,suka bangett,suka bangett,0.0,Positif,0.0,Positif,Positif,train
Game nya bagus gak suka ngeleg dan ada main offline bagus banget,5,2026-07-27 06:59:02,game nya bagus tidak suka ngeleg main offline bagus banget,game nya bagus tidak suka ngeleg main offline bagus banget,-8.0,Negatif,2.0,Positif,Positif,train
"Slow response for Kimmy+Estes cheater, we already reported. its Free for Kimmy+Estes chetaer, for push rank.",1,2026-07-27 06:58:19,slow response for kimmy estes cheater we already reported its free for kimmy estes chetaer for push rank,slow response for kimmy estes cheater we already reported its free for kimmy estes chetaer for push rank,4.0,Positif,0.0,Negatif,Negatif,train
game aneh dipaksa gendong para bocil..,1,2026-07-27 06:56:51,game aneh dipaksa gendong bocil,game aneh paksa gendong bocil,-2.0,Negatif,-2.0,Negatif,Negatif,test
Tolong tambahin mode nya bosen main rank .kasih mode yg paling susah,5,2026-07-27 06:56:41,tambahin mode nya bosen main rank kasih mode paling susah,tambahin mode nya bosen main rank kasih mode paling susah,-6.0,Negatif,-6.0,Negatif,Negatif,train
memberi tim yang tidak seimbang,1,2026-07-27 06:54:49,memberi tim tidak seimbang,beri tim tidak imbang,-9.0,Negatif,-9.0,Negatif,Negatif,train
gamenya seru dan aku juga suka grafiknyaa,5,2026-07-27 06:54:02,gamenya seru aku suka grafiknyaa,gamenya seru aku suka grafiknyaa,3.0,Positif,6.0,Positif,Positif,test
kamu kenapaa muntun muntun mentang mentang saya jarang main dikasih menang kalah Mulu muntun kocak,5,2026-07-27 06:53:29,kamu kenapaa moonton moonton mentang mentang jarang main dikasih menang kalah mulu moonton kocak,kamu kenapaa moonton moonton mentang mentang jarang main kasih menang kalah mulu moonton kocak,-10.0,Negatif,-6.0,Negatif,Negatif,test
gara ngasih tim gajelas minimal ngasih tim yang betul kek kasih lawan yang imbang minimal ngasih lawan jangan susah susah lah kalo tim musuh jago giliran tim kita dikasih bot mainnya gak jelas kayak masih di reng elit lo padahal kan sudah epik makanya kasih tip yang bagus kek makanya aku kasih rengking satu kar jengkel kesel gajelas setiap aku main tim kadang mainnya bagus kadang gajelas setiap keyemu jungel pasti gak dapet lord kadang dapet pokoknya gejelas lah pokoknya kasih tim yang imbang,1,2026-07-27 06:52:59,gara ngasih tim gajelas minimal ngasih tim betul kek kasih lawan imbang minimal ngasih lawan jangan susah susah lah kalau tim musuh jago giliran tim dikasih bot mainnya tidak jelas kayak reng elit kamu padahal kan epik makanya kasih tip bagus kek makanya aku kasih rengking satu kar jengkel kesel gajelas aku main tim kadang mainnya bagus kadang gajelas keyemu jungel tidak dapet lord kadang dapet pokoknya gejelas lah pokoknya kasih tim imbang,gara ngasih tim gajelas minimal ngasih tim betul kek kasih lawan imbang minimal ngasih lawan jangan susah susah lah kalau tim musuh jago gilir tim kasih bot main tidak jelas kayak reng elit kamu padahal kan epik makanya kasih tip bagus kek makanya aku kasih rengking satu kar jengkel kesel gajelas aku main tim kadang main bagus kadang gajelas keyemu jungel tidak dapet lord kadang dapet pokok gejelas lah pokok kasih tim imbang,-55.0,Negatif,-45.0,Negatif,Negatif,train
masa rank gw stuck epik trs,1,2026-07-27 06:52:36,masa rank stuck epik terus,masa rank stuck epik terus,0.0,Negatif,0.0,Negatif,Negatif,train
Susah nak naik mythic immortal.rank legend tapi lawan dengan musuh mythic glory Susah betul,2,2026-07-27 06:52:04,susah nak naik mythic immortal rank legend lawan musuh mythic glory susah betul,susah nak naik mythic immortal rank legend lawan musuh mythic glory susah betul,-14.0,Negatif,-14.0,Negatif,Negatif,test
Janggan kasih gua ls lagi yaa,5,2026-07-27 06:51:41,janggan kasih losestreak yaa,janggan kasih losestreak yaa,1.0,Positif,1.0,Positif,Positif,test
geme gak ada gunanya gak adil,1,2026-07-27 06:51:24,geme tidak gunanya tidak adil,geme tidak guna tidak adil,-11.0,Negatif,-11.0,Negatif,Negatif,train
Ngeleg banget anj,1,2026-07-27 06:50:56,ngeleg banget anj,ngeleg banget anj,1.0,Positif,1.0,Positif,Positif,test
boss MONTON TOLONG SKIN KARINA DI ADAIIN YG PAKE DIAMOND PLISS YG DI ATAS 500 DIAMOND,5,2026-07-27 06:42:24,boss moonton skin karina adaiin pake diamond pliss atas diamond,boss moonton skin karina adaiin pake diamond pliss atas diamond,2.0,Positif,2.0,Positif,Positif,train
nggak bisa beri penilaian masak udah ngepush dapet coklat kocak tim Ama musuh nggak seimbang kocak benerin,1,2026-07-27 06:40:41,tidak beri penilaian masak udah ngepush dapet coklat kocak tim ama musuh tidak seimbang kocak benerin,tidak beri nilai masak udah ngepush dapet coklat kocak tim ama musuh tidak imbang kocak benerin,-20.0,Negatif,-20.0,Negatif,Negatif,train
"saya suka game ini jika saya kesepian saya selalu mainkan game ini, walaupun ngeleq sedikit tapi saya suka kepada game ini, dan saya suka hero lylia",5,2026-07-27 06:40:33,suka game kesepian selalu mainkan game walaupun ngeleq sedikit suka game suka hero lylia,suka game sepi selalu main game walaupun ngeleq sedikit suka game suka hero lylia,4.0,Positif,4.0,Positif,Positif,train
gemnya membuat aku kalah mulu di claccic di rank di brawel kalh mulu capek aku nama {[®=raihan=®]},1,2026-07-27 06:38:41,gemnya membuat aku kalah mulu claccic rank brawel kalh mulu capek aku nama raihan emoji_lain emoji_lain,gemnya buat aku kalah mulu claccic rank brawel kalh mulu capek aku nama raih emoji_lain emoji_lain,3.0,Positif,3.0,Positif,Positif,train
good,5,2026-07-27 06:38:39,good,good,5.0,Positif,5.0,Positif,Positif,train
Moonton tolong perbaiki lah supaya sinyal nya ga leg terus padahal d tempat saya sinyal nya bagus cuman pas main ML doang legg,5,2026-07-27 06:35:19,moonton perbaiki lah sinyal nya tidak leg terus padahal d tempat sinyal nya bagus cuman pas main ml doang legg,moonton baik lah sinyal nya tidak leg terus padahal d tempat sinyal nya bagus cuman pas main ml doang legg,-7.0,Negatif,-2.0,Negatif,Negatif,train
"sorry ml, mungkin ente telah mengisi banyak waktu luang ane tapi coba buat yang lebih mendidik, bukan yang mendatangkan emosi",1,2026-07-27 06:34:28,sorry ml mungkin ente mengisi banyak waktu luang ane coba buat lebih mendidik bukan mendatangkan emosi,sorry ml mungkin ente isi banyak waktu luang ane coba buat lebih didik bukan datang emosi,-2.0,Negatif,-2.0,Negatif,Negatif,train
tolong server ny di perbaiki lagi dong masa gw dh di dalam game tapi pas tiba tiba hp nya relog gw di lobby Mulu hal hasil afk trus menerus lama lama nih game makin ga seru,1,2026-07-27 06:33:36,server ny perbaiki dong masa dh game pas tiba tiba handphone nya relog lobby mulu hasil afk trus menerus lama lama nih game makin tidak seru,server ny baik dong masa dh game pas tiba tiba handphone nya relog lobby mulu hasil afk trus terus lama lama nih game makin tidak seru,0.0,Negatif,-5.0,Negatif,Negatif,train
game apalah baru mau naik rank sebagai solo player tpi dikasih tim beban terimakasih sekali moonton,1,2026-07-27 06:33:25,game apalah baru mau naik rank solo player tpi dikasih tim beban terimakasih sekali moonton,game apa baru mau naik rank solo player tpi kasih tim beban terimakasih sekali moonton,4.0,Positif,4.0,Positif,Positif,train
ya walaupun sering di kasih dark sistem game ini tetap the best sih menurut ku karena ga bisa buat berpaling ke game lain,5,2026-07-27 06:32:15,walaupun sering kasih dark sistem game tetap the best sih ku tidak buat berpaling game,walaupun sering kasih dark sistem game tetap the best sih ku tidak buat paling game,1.0,Positif,1.0,Positif,Positif,train
"saya waktu ingin memulihkan akun moonton yang lupa email sama pasword kok gagal terus ya? padahal sudah saya isi bukti topup dan lain lain dengan benar,tolong diperbaiki baru saya kasih bintang 5",1,2026-07-27 06:29:01,waktu memulihkan akun moonton lupa email sama pasword kok gagal terus padahal isi bukti topup benar diperbaiki baru kasih bintang,waktu pulih akun moonton lupa email sama pasword kok gagal terus padahal isi bukti topup benar baik baru kasih bintang,-10.0,Negatif,-10.0,Negatif,Negatif,train
game nya banyak dark sistem anj,1,2026-07-27 06:26:46,game nya banyak dark sistem anj,game nya banyak dark sistem anj,-2.0,Negatif,-2.0,Negatif,Negatif,train
GAME RUSAK. DIKIT DIKIT NGEBUG. SKIN ELITE SISTEM SULIT CUIH. game busuk,1,2026-07-27 06:24:10,game rusak dikit dikit ngebug skin elite sistem sulit cuih game busuk,game rusak dikit dikit ngebug skin elite sistem sulit cuih game busuk,-9.0,Negatif,-9.0,Negatif,Negatif,train
moonton tolong kasih menang gua,1,2026-07-27 06:23:57,moonton kasih menang,moonton kasih menang,0.0,Negatif,4.0,Positif,Positif,test
karena game nya seru,5,2026-07-27 06:23:12,game nya seru,game nya seru,2.0,Positif,5.0,Positif,Positif,train
"game kok isinya darksystem semua, mending gw uninstall, KECEWA",1,2026-07-27 06:19:17,game kok isinya darksystem semua mending uninstall kecewa,game kok isi darksystem semua mending uninstall kecewa,-2.0,Negatif,-2.0,Negatif,Negatif,train
game gj..katanya 5vs5..nyatanya 1vs9,1,2026-07-27 06:15:44,game gj katanya vs nyatanya vs,game gj kata vs nyata vs,1.0,Positif,1.0,Positif,Positif,train
Most people who really don't intend to play actually troll,1,2026-07-27 06:14:12,most people who really don t intend to play actually troll,most people who really don t intend to play actually troll,0.0,Negatif,-3.0,Negatif,Negatif,train
GAME BURUK SANGAT TIDAK REKOMENDASIKAN GAME INI SANGAT BURUK,1,2026-07-27 06:11:01,game buruk sangat tidak rekomendasikan game sangat buruk,game buruk sangat tidak rekomendasi game sangat buruk,-15.0,Negatif,-15.0,Negatif,Negatif,train
SERUUUUUUUUUUUUUUUUU!!!!!!!!! BANGETTTT!!!!,5,2026-07-27 06:09:44,seruu bangett,seruu bangett,-2.0,Negatif,-2.0,Negatif,Negatif,train
"jahat banget plis, ngasih tim sama musuh bot yg ga adil ny tuh bot di musuh jago sedangkan di tim kek gajelas banget, aku ngestuck di legend gara"" itu, tolong dong di benerin aku udh main bnr tapi wlwl terus gara"" itu, bikin stres jujur🥹",1,2026-07-27 06:09:19,jahat banget plis ngasih tim sama musuh bot tidak adil ny tuh bot musuh jago tim kek gajelas banget aku ngestuck legend gara dong benerin aku main bnr wlwl terus gara bikin stres jujur emoji_lain,jahat banget plis ngasih tim sama musuh bot tidak adil ny tuh bot musuh jago tim kek gajelas banget aku ngestuck legend gara dong benerin aku main bnr wlwl terus gara bikin stres jujur emoji_lain,-28.0,Negatif,-28.0,Negatif,Negatif,test
muntun bagi bagi dm😭😭😭,5,2026-07-27 06:08:34,moonton dm emoji_negatif emoji_negatif emoji_negatif,moonton dm emoji_negatif emoji_negatif emoji_negatif,0.0,Positif,0.0,Positif,Positif,train
sangat bagus geme ini tolong kasih dm 1000 iya,5,2026-07-27 06:07:00,sangat bagus geme kasih dm iya,sangat bagus geme kasih dm iya,-3.0,Negatif,2.0,Positif,Positif,train
"game gak jelas gua main 3jam naik kagak turun kagak, cuman bikin stress game ini tolong monton kasih gua tim yang waras ngpa giliran musuh tim nya jago² stress lama² main game ini",1,2026-07-27 06:06:07,game tidak jelas main jam naik kagak turun kagak cuman bikin stress game moonton kasih tim waras ngpa giliran musuh tim nya jago stress lama main game,game tidak jelas main jam naik kagak turun kagak cuman bikin stress game moonton kasih tim waras ngpa gilir musuh tim nya jago stress lama main game,-24.0,Negatif,-24.0,Negatif,Negatif,train
bug jaringannya min plis tolong help mohon,4,2026-07-27 06:02:39,bug jaringannya min plis help mohon,bug jaring min plis help mohon,2.0,Positif,0.0,Positif,Positif,train
game yang seru,5,2026-07-27 06:01:24,game seru,game seru,2.0,Positif,5.0,Positif,Positif,train
Game gila kana drk sistem muluu Nth apalah,1,2026-07-27 05:58:11,game gila kana drk sistem muluu nth apalah,game gila kana drk sistem muluu nth apa,-10.0,Negatif,-10.0,Negatif,Negatif,train
"dapat tim selalu jelek setiap solo rank, match making aneh, tdk kasih sanksi ke orang ngetrol, ngelag parah sudah pake kuota juga sama saja, uninstal sja capek",1,2026-07-27 05:58:03,tim selalu jelek solo rank match making aneh tdk kasih sanksi orang ngetrol ngelag parah pake kuota sama uninstal sja capek,tim selalu jelek solo rank match making aneh tdk kasih sanksi orang ngetrol ngelag parah pake kuota sama uninstal sja capek,-10.0,Negatif,-13.0,Negatif,Negatif,train
bagus sekali,1,2026-07-27 05:57:10,bagus sekali,bagus sekali,-3.0,Negatif,2.0,Positif,Positif,test
seru,5,2026-07-27 05:55:48,seru,seru,0.0,Positif,3.0,Positif,Positif,train
"Please, perbaiki bug singal, masa internet lancar main suka merah-merah",4,2026-07-27 05:55:08,please perbaiki bug singal masa internet lancar main suka merah merah,please baik bug singal masa internet lancar main suka merah merah,3.0,Positif,1.0,Positif,Positif,train
"manA nih arcade, Mayhem, dsb, adain juga lagi mode survival",1,2026-07-27 05:55:03,mana nih arcade mayhem adain mode survival,mana nih arcade mayhem adain mode survival,0.0,Negatif,0.0,Negatif,Negatif,train
This is the worst game application in Indonesia. Playing it five times never gives you a win in a long game and always gets bot friends and the worst thing is that every time you load the connection is always lost.,1,2026-07-27 05:53:07,this is the worst game application in indonesia playing it five times never gives you a win in a long game and always gets bot friends and the worst thing is that every time you load the connection is always lost,this is the worst game application in indonesia playing it five times never gives you a win in a long game and always gets bot friends and the worst thing is that every time you load the connection is always lost,2.0,Positif,2.0,Positif,Positif,train
jaringanselalu ngelag sekarang jelek banget ni game,1,2026-07-27 05:51:26,jaringanselalu ngelag sekarang jelek banget ni game,jaringanselalu ngelag sekarang jelek banget ni game,-2.0,Negatif,-5.0,Negatif,Negatif,train
kebanyakan server lag,2,2026-07-27 05:49:52,kebanyakan server lag,banyak server lag,2.0,Positif,-1.0,Negatif,Negatif,train
sangat suka ML,5,2026-07-27 05:48:29,sangat suka ml,sangat suka ml,0.0,Positif,0.0,Positif,Positif,test
makin kesini makin gila main ini game...dapat tim yang 100 % gak tau cara main dan bukan kebetulan ini sering terjadi...dari legend sampe turun ke epic 4 heran ko player separah itu bisa naik ke peringkat apes nasib solo rank mah,2,2026-07-27 05:46:07,makin kesini makin gila main game tim tidak tau cara main bukan kebetulan sering terjadi legend sampe turun epic heran ko player separah naik peringkat apes nasib solo rank mah,makin kesini makin gila main game tim tidak tau cara main bukan betul sering jadi legend sampe turun epic heran ko player parah naik peringkat apes nasib solo rank mah,-5.0,Negatif,-5.0,Negatif,Negatif,train
game rusak,1,2026-07-27 05:45:03,game rusak,game rusak,1.0,Positif,1.0,Positif,Positif,train
.nahh,1,2026-07-27 05:44:25,nahh,nahh,0.0,Negatif,0.0,Negatif,Negatif,train
game setan bikin stress,1,2026-07-27 05:44:19,game setan bikin stress,game setan bikin stress,-7.0,Negatif,-7.0,Negatif,Negatif,train
"gamenya semakian lama semakin ga bgus. jaringan merah,jelek,lag.",1,2026-07-27 05:43:58,gamenya semakian lama semakin tidak bgus jaringan merah jelek lag,gamenya maki lama makin tidak bgus jaring merah jelek lag,-12.0,Negatif,-15.0,Negatif,Negatif,train
yang bener kasih tim gw cape setiap hari gw main dapat tim dark sistem mulu mohon monton yang adil lah,1,2026-07-27 05:43:00,bener kasih tim cape hari main tim dark sistem mulu mohon moonton adil lah,bener kasih tim cape hari main tim dark sistem mulu mohon moonton adil lah,-11.0,Negatif,-11.0,Negatif,Negatif,test
bikin stres kalah terus dapat team bot semua nge lag pdhl sinyal bagus,2,2026-07-27 05:42:47,bikin stres kalah terus team bot semua nge lag pdhl sinyal bagus,bikin stres kalah terus team bot semua nge lag pdhl sinyal bagus,-14.0,Negatif,-12.0,Negatif,Negatif,train
gem rusak,1,2026-07-27 05:42:41,gem rusak,gem rusak,-1.0,Negatif,-1.0,Negatif,Negatif,train
game haram,1,2026-07-27 05:42:37,game haram,game haram,2.0,Positif,2.0,Positif,Positif,train
toxic,5,2026-07-27 05:37:20,toxic,toxic,0.0,Positif,-4.0,Negatif,Negatif,train
"KALAU MAU CARI KESENANGAN ,SARAN JANGAN DOWNLOAD NI GAME, SISTEMNY TERGOBLOK YANG PERNAH KU TEMUI DIANTARA SEMUA GAME ,",1,2026-07-27 05:36:24,kalau mau cari kesenangan saran jangan download ni game sistemny tergoblok pernah ku temui diantara semua game,kalau mau cari senang saran jangan download ni game sistemny goblok pernah ku temu antara semua game,-3.0,Negatif,-3.0,Negatif,Negatif,train
Jika masih ada cheater bintang ini gak akan berubah,1,2026-07-27 05:35:54,cheater bintang tidak berubah,cheater bintang tidak ubah,-5.0,Negatif,-9.0,Negatif,Negatif,train
gem burik bayank derak sistem sama kutukan bintang,1,2026-07-27 05:35:15,gem burik bayank derak sistem sama kutukan bintang,gem burik bayank derak sistem sama kutu bintang,-1.0,Negatif,-1.0,Negatif,Negatif,train
game ini sangat bagus tapi bisa kah kembalikan argus yang dulu,5,2026-07-27 05:32:56,game sangat bagus kembalikan argus dulu,game sangat bagus kembali argus dulu,-2.0,Negatif,3.0,Positif,Positif,train
game bagus,5,2026-07-27 05:27:28,game bagus,game bagus,0.0,Positif,5.0,Positif,Positif,train
kasih teman random yg sesuai dikit jgan bot semua,4,2026-07-27 05:24:46,kasih teman random sesuai dikit jgan bot semua,kasih teman random sesuai dikit jgan bot semua,-9.0,Negatif,-9.0,Negatif,Negatif,train
berat bgt..,2,2026-07-27 05:23:15,berat banget,berat banget,1.0,Positif,1.0,Positif,Positif,train
"akun gak pernah pake cheat malah di ban dengan tuduhan cheat, game gak jelas",1,2026-07-27 05:22:21,akun tidak pernah pake cheat malah ban tuduhan cheat game tidak jelas,akun tidak pernah pake cheat malah ban tuduh cheat game tidak jelas,-6.0,Negatif,-6.0,Negatif,Negatif,train
"kenapa setiap saya bermain exp saya selalu bertemu tim anak anak baik dan tidak bisa main, tolong doang sedikit adil apalagi untuk solo player seperti saya, sama ping hijau tapi tidak bisa gerak itu sangat merugikan tim.",1,2026-07-27 05:22:05,bermain exp selalu bertemu tim anak anak baik tidak main doang sedikit adil solo player sama ping hijau tidak gerak sangat merugikan tim,main exp selalu temu tim anak anak baik tidak main doang sedikit adil solo player sama ping hijau tidak gerak sangat rugi tim,-17.0,Negatif,-17.0,Negatif,Negatif,train
"emng moonton ini ,masa sinyal hijau tapi dilay,permainan sistem hah lagu lama",1,2026-07-27 05:20:59,emng moonton masa sinyal hijau dilay permainan sistem hah lagu lama,emng moonton masa sinyal hijau dilay main sistem hah lagu lama,-3.0,Negatif,-3.0,Negatif,Negatif,train
tambah isi waktu selagi jenuh... biar ada hiburan,5,2026-07-27 05:18:38,tambah isi waktu jenuh hiburan,tambah isi waktu jenuh hibur,0.0,Positif,0.0,Positif,Positif,train
game nya jelek bikin anak anak gila jadi jngn instal ini game,1,2026-07-27 05:17:47,game nya jelek bikin anak anak gila jadi jngn instal game,game nya jelek bikin anak anak gila jadi jngn instal game,-14.0,Negatif,-14.0,Negatif,Negatif,train
"sistem ranknya ga adil poll, udah kalah beberapa kali sama tim musuh yg lebih enak sinerginya, menang cuman dikasih sekali habis itu dikalahin terus, gimana mau naik ranknya kalo gini terus?",1,2026-07-27 05:16:22,sistem ranknya tidak adil poll udah kalah beberapa kali sama tim musuh lebih enak sinerginya menang cuman dikasih sekali habis dikalahin terus gimana mau naik ranknya kalau gini terus,sistem ranknya tidak adil poll udah kalah beberapa kali sama tim musuh lebih enak sinergi menang cuman kasih sekali habis dikalahin terus gimana mau naik ranknya kalau gin terus,-13.0,Negatif,-7.0,Negatif,Negatif,train
tolong lh monton coba kasihh tim ituu bagusss sekali GK usah ada yg dark sistem,1,2026-07-27 05:16:02,lh moonton coba kasihh tim ituu baguss sekali tidak usah dark sistem,lh moonton coba kasihh tim ituu baguss sekali tidak usah dark sistem,-8.0,Negatif,-8.0,Negatif,Negatif,train
game rusak gak bisa main solo ketemu drak sistem coba yang adill moontoon,1,2026-07-27 05:13:37,game rusak tidak main solo ketemu drak sistem coba adill moontoon,game rusak tidak main solo ketemu drak sistem coba adill moontoon,-4.0,Negatif,-4.0,Negatif,Negatif,train
"game seimbang dari mananya,kenapa setim gua selalu org yang baru maen atau bocil,dan lawan gua selalu orang"" yang jago,selalu gua mvp sedangkan teman gua coklat silver",1,2026-07-27 05:13:21,game seimbang mananya setim selalu org baru maen bocil lawan selalu orang jago selalu mvp teman coklat silver,game imbang mana tim selalu org baru maen bocil lawan selalu orang jago selalu mvp teman coklat silver,5.0,Positif,5.0,Positif,Positif,train
"jujur main di Mobile legends bikin stress aja, tim yang berat sebelah, lose streak mulu",1,2026-07-27 05:11:27,jujur main mobile legends bikin stress aja tim berat sebelah lose streak mulu,jujur main mobile legends bikin stress aja tim berat belah lose streak mulu,-8.0,Negatif,-8.0,Negatif,Negatif,train
apalah iya game nya bagus tapi minimal keseimbangan match nya di perbaiki setiap main ketemu tim yg tolol tapi musuh nya jago2 aneh,1,2026-07-27 05:10:44,apalah iya game nya bagus minimal keseimbangan match nya perbaiki main ketemu tim tolol musuh nya jago aneh,apa iya game nya bagus minimal imbang match nya baik main ketemu tim tolol musuh nya jago aneh,-10.0,Negatif,-5.0,Negatif,Negatif,train
Montoon mending hapus game ini aja gak guna dapetnya tim ngetrol mulu game kan harusnya bikin kita jadi releks ini malah bikin nambah pusing hapus aja gamenya montoon,1,2026-07-27 05:09:41,moonton mending hapus game aja tidak dapetnya tim ngetrol mulu game kan harusnya bikin jadi releks malah bikin nambah pusing hapus aja gamenya moonton,moonton mending hapus game aja tidak dapetnya tim ngetrol mulu game kan harus bikin jadi releks malah bikin nambah pusing hapus aja gamenya moonton,-14.0,Negatif,-14.0,Negatif,Negatif,train
"game rusak masa lagi main hp saya ngk sengaja mati saat login ulang masih aja ngestuck di lobby, udh lebih dari 5 lebih saya ngalamin hal bodoh ini, update doang gede bug aja masih banyak yg ngk hilang",1,2026-07-27 05:08:42,game rusak masa main handphone ngk sengaja mati login ulang aja ngestuck lobby lebih lebih ngalamin bodoh update doang gede bug aja banyak ngk hilang,game rusak masa main handphone ngk sengaja mati login ulang aja ngestuck lobby lebih lebih ngalamin bodoh update doang gede bug aja banyak ngk hilang,1.0,Positif,-1.0,Negatif,Negatif,train
game gk jelas musuh pro tim beban memang aneh game aneh burik pulak gk guna gw yg gendong tim gw padahal rank mereka lebih besar dari pada gw akhirnya y kalah lah game aneh,1,2026-07-27 05:07:09,game tidak jelas musuh pro tim beban memang aneh game aneh burik pulak tidak gendong tim padahal rank lebih besar akhirnya y kalah lah game aneh,game tidak jelas musuh pro tim beban memang aneh game aneh burik pulak tidak gendong tim padahal rank lebih besar akhir y kalah lah game aneh,-20.0,Negatif,-20.0,Negatif,Negatif,train
game nya bagus bangat aku sangat suka dengan game ml ini,5,2026-07-27 05:04:28,game nya bagus bangat aku sangat suka game ml,game nya bagus bangat aku sangat suka game ml,3.0,Positif,8.0,Positif,Positif,train
bagus banget kalo gabut aku udah jago 👍👍👍,5,2026-07-27 05:04:09,bagus banget kalau gabut aku udah jago emoji_positif emoji_positif emoji_positif,bagus banget kalau gabut aku udah jago emoji_positif emoji_positif emoji_positif,-3.0,Negatif,2.0,Positif,Positif,train
aplikasi nya keren,5,2026-07-27 05:04:05,aplikasi nya keren,aplikasi nya keren,-4.0,Negatif,0.0,Positif,Positif,train
saya menyukai ni gem tapi hapuskan draksistem,5,2026-07-27 04:59:47,menyukai ni gem hapuskan draksistem,suka ni gem hapus draksistem,3.0,Positif,3.0,Positif,Positif,train
Jangan pernah memainkan game ini. Semoga game ini di Boikot dari Play Store. Semoga game ini di Hapus dari Play Store.,1,2026-07-27 04:58:56,jangan pernah memainkan game semoga game boikot play store semoga game hapus play store,jangan pernah main game moga game boikot play store moga game hapus play store,0.0,Negatif,0.0,Negatif,Negatif,train
"Ahhh, bagus, tapi kok kamving... Wkwkkwk",4,2026-07-27 04:57:47,ahh bagus kok kamving wkwkkwk,ahh bagus kok kamving wkwkkwk,-2.0,Negatif,3.0,Positif,Positif,train
gem asu,1,2026-07-27 04:57:34,gem asu,gem asu,0.0,Negatif,0.0,Negatif,Negatif,train
game stres ntar win ntar deveat ga jelas team gw selalu cupu ga setara sama team musuh yg sana rank nya udh pada tinggi tinggi yg disini baru GM ga jelas lah,1,2026-07-27 04:56:10,game stres ntar win ntar deveat tidak jelas team selalu cupu tidak setara sama team musuh sana rank nya tinggi tinggi disini baru gm tidak jelas lah,game stres ntar win ntar deveat tidak jelas team selalu cupu tidak tara sama team musuh sana rank nya tinggi tinggi sini baru gm tidak jelas lah,-12.0,Negatif,-12.0,Negatif,Negatif,train
banyak dark sistem di high rank sangat tidak adil dalam matcmaking,3,2026-07-27 04:51:30,banyak dark sistem high rank sangat tidak adil matcmaking,banyak dark sistem high rank sangat tidak adil matcmaking,-12.0,Negatif,-12.0,Negatif,Negatif,test
game nya seru.,5,2026-07-27 04:50:38,game nya seru,game nya seru,2.0,Positif,5.0,Positif,Positif,train
banyak keluhan player tidak di dengar.para penjoki harusnya di tindak tegas.sebab karena mereka game jadi rusak banyak akun hasil joki yang kda dan winrate tidak sesuai dengan gameplay di match making,1,2026-07-27 04:50:33,banyak keluhan player tidak dengar penjoki harusnya tindak tegas game jadi rusak banyak akun hasil joki kda winrate tidak sesuai gameplay match making,banyak keluh player tidak dengar joki harus tindak tegas game jadi rusak banyak akun hasil joki kda winrate tidak sesuai gameplay match making,-15.0,Negatif,-15.0,Negatif,Negatif,train
terlalu banyak tutorial,1,2026-07-27 04:48:10,terlalu banyak tutorial,terlalu banyak tutorial,-3.0,Negatif,-3.0,Negatif,Negatif,train
game hewan menggonggong macth making nya gj gak seimbang perbaiki lagi macth making nya ama server nya juga ngelag padahal sinyal lancar,5,2026-07-27 04:46:08,game hewan menggonggong macth making nya gj tidak seimbang perbaiki macth making nya ama server nya ngelag padahal sinyal lancar,game hewan gonggong macth making nya gj tidak imbang baik macth making nya ama server nya ngelag padahal sinyal lancar,-1.0,Negatif,-4.0,Negatif,Negatif,train
udah imo belum,5,2026-07-27 04:46:07,udah imo belum,udah imo belum,0.0,Positif,0.0,Positif,Positif,test
game burik grapik sters,1,2026-07-27 04:40:54,game burik grapik sters,game burik grapik sters,2.0,Positif,2.0,Positif,Positif,train
"selalu dibikin kalah pas di moment krusial, ga jelas ni game. ga enak buat solo player yang selalu dapet tim ga kompak",1,2026-07-27 04:36:36,selalu dibikin kalah pas moment krusial tidak jelas ni game tidak enak buat solo player selalu dapet tim tidak kompak,selalu bikin kalah pas moment krusial tidak jelas ni game tidak enak buat solo player selalu dapet tim tidak kompak,-12.0,Negatif,-14.0,Negatif,Negatif,test
mantap,5,2026-07-27 04:36:29,mantap,mantap,5.0,Positif,5.0,Positif,Positif,train
ml hargai player solo kasik tim yg jelas bukan yg trol capek bodo,2,2026-07-27 04:34:40,ml hargai player solo kasik tim jelas bukan trol capek bodo,ml harga player solo kasik tim jelas bukan trol capek bodo,-12.0,Negatif,-12.0,Negatif,Negatif,train
untuk pemilihan role yang sangat buruk harus nya 1 role bukan 2 role neresahkan sangat meresahkan untuk penjuang solo,1,2026-07-27 04:29:01,pemilihan role sangat buruk nya role bukan role neresahkan sangat meresahkan penjuang solo,pilih role sangat buruk nya role bukan role neresahkan sangat resah juang solo,-14.0,Negatif,-14.0,Negatif,Negatif,train
karena kalau ngasih lawan tidak seimbang jadi bikin rugi bintang dan bikin stres/bikin emosi saya istirahat mau main game malah jadi stres,1,2026-07-27 04:26:38,kalau ngasih lawan tidak seimbang jadi bikin rugi bintang bikin stres bikin emosi istirahat mau main game malah jadi stres,kalau ngasih lawan tidak imbang jadi bikin rugi bintang bikin stres bikin emosi istirahat mau main game malah jadi stres,-20.0,Negatif,-20.0,Negatif,Negatif,train
bagus,4,2026-07-27 04:23:29,bagus,bagus,-2.0,Negatif,3.0,Positif,Positif,train
tidak menyenangkan,1,2026-07-27 04:23:23,tidak menyenangkan,tidak senang,-6.0,Negatif,-6.0,Negatif,Negatif,test
kembali kan ulti argus yng dulu sekarang ulti nya sangat singkat tidak masuk akal untuk team fight mohon diperbaiki ku uninstal kalau masih tidak diperbaiki,1,2026-07-27 04:21:14,kan ulti argus yng dulu sekarang ulti nya sangat singkat tidak masuk akal team fight mohon diperbaiki ku uninstal kalau tidak diperbaiki,kan ulti argus yng dulu sekarang ulti nya sangat singkat tidak masuk akal team fight mohon baik ku uninstal kalau tidak baik,-12.0,Negatif,-12.0,Negatif,Negatif,train
"Mach macking nya buruk, main solo ketemu trio bot semua, main rank glory/imo dapet tim trio ada legend nya, beban pula... mending kalok dapet tim bot musuhnya bot juga, ini dapet tim bot musuh jago² ... real enak pindah game sebelah",2,2026-07-27 04:07:56,mach macking nya buruk main solo ketemu trio bot semua main rank glory imo dapet tim trio legend nya beban mending kalok dapet tim bot musuhnya bot dapet tim bot musuh jago real enak pindah game sebelah,mach macking nya buruk main solo ketemu trio bot semua main rank glory imo dapet tim trio legend nya beban mending kalok dapet tim bot musuh bot dapet tim bot musuh jago real enak pindah game belah,-27.0,Negatif,-25.0,Negatif,Negatif,train
Sungguh Tidak Adill Ping jaringan Legs,1,2026-07-27 04:07:25,sungguh tidak adill ping jaringan legs,sungguh tidak adill ping jaring legs,-3.0,Negatif,-3.0,Negatif,Negatif,test
"plis moonton, tolong ubah slot afinitas lover jadi 5, aku ga puas karna lovernya cuma bisa 1",1,2026-07-27 04:04:11,plis moonton ubah slot afinitas lover jadi aku tidak puas lovernya cuma,plis moonton ubah slot afinitas lover jadi aku tidak puas lovernya cuma,-11.0,Negatif,-11.0,Negatif,Negatif,train
saya bertemu dg bot terus menerus sehingga saya ls,3,2026-07-27 04:03:37,bertemu dg bot terus menerus losestreak,temu dg bot terus terus losestreak,0.0,Negatif,0.0,Negatif,Negatif,train
game ML bagus. 👉🏻,5,2026-07-27 03:55:55,game ml bagus emoji_lain,game ml bagus emoji_lain,0.0,Positif,5.0,Positif,Positif,train
GAME SAMPAH. DI KASIH TIM JELEK TERUSSSSSSS.. GAME TERBURUK SE ASIA,1,2026-07-27 03:55:14,game sampah kasih tim jelek teruss game terburuk se asia,game sampah kasih tim jelek teruss game buruk se asia,-8.0,Negatif,-8.0,Negatif,Negatif,train
sinyal udah bagus masih aja ngelag apasih moonton ini,1,2026-07-27 03:52:06,sinyal udah bagus aja ngelag apasih moonton,sinyal udah bagus aja ngelag apasih moonton,-5.0,Negatif,-3.0,Negatif,Negatif,train
game nya seru kadang bisa bikin kesal tapi kalau main sama teman seru banget,5,2026-07-27 03:49:18,game nya seru kadang bikin kesal kalau main sama teman seru banget,game nya seru kadang bikin kesal kalau main sama teman seru banget,7.0,Positif,13.0,Positif,Positif,train
permainannya seru banget tapi grapik nya agak burik,5,2026-07-27 03:49:11,permainannya seru banget grapik nya burik,main seru banget grapik nya burik,1.0,Positif,4.0,Positif,Positif,test
mantap hero baru dan diamon gratis nya min,5,2026-07-27 03:48:50,mantap hero baru diamon gratis nya min,mantap hero baru diamon gratis nya min,9.0,Positif,9.0,Positif,Positif,train
Saya terkagum dgn game ini tapi hp saya saat main ini berat dan lag sekali akhirnya saya ada hp baru,5,2026-07-27 03:35:18,terkagum game handphone main berat lag sekali akhirnya handphone baru,kagum game handphone main berat lag sekali akhir handphone baru,1.0,Positif,-2.0,Negatif,Negatif,test
game ini seru untuk menghibur saya tetapi bikin saya stress doang karena ketemu tim yang darksistem Mulu 🗿🗿 monton ny pilih kasih jadinya gw kasih bintang 5 aja biar gk ada yang ejek gw lagi saat main ml lagi,5,2026-07-27 03:26:34,game seru menghibur bikin stress doang ketemu tim darksistem mulu moonton ny pilih kasih jadinya kasih bintang aja tidak ejek main ml emoji_netral emoji_netral,game seru hibur bikin stress doang ketemu tim darksistem mulu moonton ny pilih kasih jadi kasih bintang aja tidak ejek main ml emoji_netral emoji_netral,-5.0,Negatif,-2.0,Negatif,Negatif,train
Tim ny kek anjng,1,2026-07-27 03:26:07,tim ny kek anjng,tim ny kek anjng,-4.0,Negatif,-4.0,Negatif,Negatif,train
"server benerin dululah ,game nya dah bagus tapi server buruk percuma juga, sepanjang game sinyal merah mana pas kalah ga ada perlindungan jaringan buruk, padahal pas di lobby hijau lancar, kedepan nya moga bisa diperbaiki",2,2026-07-27 03:23:43,server benerin dululah game nya bagus server buruk percuma sepanjang game sinyal merah mana pas kalah tidak perlindungan jaringan buruk padahal pas lobby hijau lancar kedepan nya moga diperbaiki,server benerin dululah game nya bagus server buruk percuma panjang game sinyal merah mana pas kalah tidak lindung jaring buruk padahal pas lobby hijau lancar depan nya moga baik,-5.0,Negatif,0.0,Negatif,Negatif,train
game aneh dapet tim gak guna semua,1,2026-07-27 03:22:01,game aneh dapet tim tidak semua,game aneh dapet tim tidak semua,-2.0,Negatif,-2.0,Negatif,Negatif,train
matchmaking sangat tidak adil. player solo di pertemukan dengan player duo dan player trio sehingga kurang nya informasi strategi dengan satu tim karena player duo dan trio tersebut menggunakan fitur mic lobby sehingga yang player solo tidak bisa mengakses informasi dari mereka. semoga hal seperti ini harus di perhatikan dan tidak dicampur antara player solo dan player duo ataupun player trio,1,2026-07-27 03:18:29,matchmaking sangat tidak adil player solo pertemukan player duo player trio kurang nya informasi strategi satu tim player duo trio tersebut menggunakan fitur mic lobby player solo tidak mengakses informasi semoga perhatikan tidak dicampur player solo player duo ataupun player trio,matchmaking sangat tidak adil player solo temu player duo player trio kurang nya informasi strategi satu tim player duo trio sebut guna fitur mic lobby player solo tidak akses informasi moga perhati tidak campur player solo player duo atau player trio,-19.0,Negatif,-19.0,Negatif,Negatif,train
Saya kasih bintang 3 dulu. Tolong di baca ulasan saya! Dark sistem di ml sudah terlalu banyak tolong di beri sanksi ataupun hukuman jika saya melaporkan player tersebut karna sangat merugikan saya. Tolong di bereskan masalah matcmaking yang tidak adil!!!,3,2026-07-27 03:17:30,kasih bintang dulu baca ulasan dark sistem ml terlalu banyak beri sanksi ataupun hukuman melaporkan player tersebut sangat merugikan bereskan masalah matcmaking tidak adil,kasih bintang dulu baca ulas dark sistem ml terlalu banyak beri sanksi atau hukum lapor player sebut sangat rugi beres masalah matcmaking tidak adil,-13.0,Negatif,-13.0,Negatif,Negatif,train
Ini jaringan data bagus tapi ko mala ngelag delay gitu gimana ya? tolong dong perbaikin ngerugiin bangt,1,2026-07-27 03:15:32,jaringan data bagus ko mala ngelag delay gitu gimana dong perbaikin ngerugiin bangt,jaring data bagus ko mala ngelag delay gitu gimana dong perbaikin ngerugiin bangt,-14.0,Negatif,-12.0,Negatif,Negatif,train
minus sinyal tolong ya monton perbaiki sinyal game nya sebener nya bagus minus sinyal,3,2026-07-27 03:13:41,minus sinyal moonton perbaiki sinyal game nya sebener nya bagus minus sinyal,minus sinyal moonton baik sinyal game nya sebener nya bagus minus sinyal,-6.0,Negatif,-1.0,Negatif,Negatif,train
suka bngt,5,2026-07-27 03:12:51,suka banget,suka banget,3.0,Positif,3.0,Positif,Positif,train
"Moonton, Hari ini adalah perpisahan kita. sekarang aku sudah tidak bermain lagi karena di season ini banyak sekali pemain bot lawan pemain jago, kenapa setiap aku main dikasih tim yang gak jago, dark sistem, dan lain sebagainya. sekarang aku waktu nya menjadi dewasa. suatu hari nanti kita akan ketemu lagi. see you mobile legend😁😙",4,2026-07-27 03:12:49,moonton hari perpisahan sekarang aku tidak bermain season banyak sekali pemain bot lawan pemain jago aku main dikasih tim tidak jago dark sistem sebagainya sekarang aku waktu nya menjadi dewasa suatu hari ketemu see you mobile legend emoji_positif emoji_lain,moonton hari pisah sekarang aku tidak main season banyak sekali main bot lawan main jago aku main kasih tim tidak jago dark sistem bagai sekarang aku waktu nya jadi dewasa suatu hari ketemu see you mobile legend emoji_positif emoji_lain,-22.0,Negatif,-22.0,Negatif,Negatif,test
like it,5,2026-07-27 03:09:10,like it,like it,0.0,Positif,0.0,Positif,Positif,train
jaringan ping jlek,1,2026-07-27 03:08:41,jaringan ping jlek,jaring ping jlek,-1.0,Negatif,-1.0,Negatif,Negatif,train
mobile legend by koontol ini sistem play match nya udah ngga ketolong,1,2026-07-27 03:05:58,mobile legend by koontol sistem play match nya udah ngga ketolong,mobile legend by koontol sistem play match nya udah ngga tolong,-6.0,Negatif,-6.0,Negatif,Negatif,train
parah match nya ga sesuai masa di kasih tim gajelas terus.,1,2026-07-27 03:00:56,parah match nya tidak sesuai masa kasih tim gajelas terus,parah match nya tidak sesuai masa kasih tim gajelas terus,-16.0,Negatif,-16.0,Negatif,Negatif,train
"Kalo masalah title itu semisal otomatis naik tirun gimana ,, maksutnya jangan nunggu 1 minggu sekali baru dirubah 🙏🙏🙏",5,2026-07-27 02:58:52,kalau masalah title semisal otomatis naik tirun gimana maksutnya jangan nunggu minggu sekali baru dirubah emoji_netral emoji_netral emoji_netral,kalau masalah title misal otomatis naik tirun gimana maksutnya jangan nunggu minggu sekali baru rubah emoji_netral emoji_netral emoji_netral,-6.0,Negatif,-6.0,Negatif,Negatif,train
"game mantab, sangat bermanfaat, banyak sekali mahluk baik di sini, dan playernya sangat ramah dan baik hati, suka mengaji, dan suka mendoakan orang tua, game ini sangat saya rekomendasikan",1,2026-07-27 02:51:56,game mantab sangat bermanfaat banyak sekali mahluk baik sini playernya sangat ramah baik hati suka mengaji suka mendoakan orang tua game sangat rekomendasikan,game mantab sangat manfaat banyak sekali mahluk baik sini playernya sangat ramah baik hati suka aji suka doa orang tua game sangat rekomendasi,12.0,Positif,12.0,Positif,Positif,train
kalo ngasih tim itu yang adil,2,2026-07-27 02:50:05,kalau ngasih tim adil,kalau ngasih tim adil,-3.0,Negatif,-3.0,Negatif,Negatif,train
seru bet ini gim monton lebih seru kalo dapet Hero geratis hehehe,5,2026-07-27 02:47:23,seru bet gim moonton lebih seru kalau dapet hero geratis hehehe,seru bet gim moonton lebih seru kalau dapet hero gerat hehehe,2.0,Positif,8.0,Positif,Positif,train
"game rusak sistem erorr match meking aneh rank legen ketemu mitik glory , trio ketemu solo dan duo ketemu solo , solo ketemu solo lah duo baru bisa ketemu trio",1,2026-07-27 02:46:54,game rusak sistem erorr match meking aneh rank legen ketemu mitik glory trio ketemu solo duo ketemu solo solo ketemu solo lah duo baru ketemu trio,game rusak sistem erorr match meking aneh rank legen ketemu mitik glory trio ketemu solo duo ketemu solo solo ketemu solo lah duo baru ketemu trio,10.0,Positif,10.0,Positif,Positif,train
tingalkan aja game gak bener ini,1,2026-07-27 02:39:43,tingalkan aja game tidak bener,tingalkan aja game tidak bener,-4.0,Negatif,-4.0,Negatif,Negatif,train
"game ga jelas, sistemnya harus di perbaiki , ini ketemu legen 3 mabar sama mawi ketemu",1,2026-07-27 02:37:34,game tidak jelas sistemnya perbaiki ketemu legen mabar sama mawi ketemu,game tidak jelas sistem baik ketemu legen mabar sama mawi ketemu,4.0,Positif,4.0,Positif,Positif,test
game nya sangat seru,5,2026-07-27 02:30:12,game nya sangat seru,game nya sangat seru,0.0,Positif,3.0,Positif,Positif,train
it's bad apk,1,2026-07-27 02:30:03,it s bad apk,it s bad apk,-4.0,Negatif,-4.0,Negatif,Negatif,train
saya suka game seru,5,2026-07-27 02:22:09,suka game seru,suka game seru,4.0,Positif,7.0,Positif,Positif,train
gem seru tapi mungkin cuman tim aja yg gek setara tim kita bot tim musuh pro tapi kadang kadang,4,2026-07-27 02:18:34,gem seru mungkin cuman tim aja gek setara tim bot tim musuh pro kadang kadang,gem seru mungkin cuman tim aja gek tara tim bot tim musuh pro kadang kadang,-10.0,Negatif,-7.0,Negatif,Negatif,train
Bagus,5,2026-07-27 02:16:11,bagus,bagus,-2.0,Negatif,3.0,Positif,Positif,test
kasih saya mitik monton sdh saya kasih bintang 5 ini,5,2026-07-27 02:07:44,kasih mitik moonton sdh kasih bintang,kasih mitik moonton sdh kasih bintang,2.0,Positif,2.0,Positif,Positif,train
geme seru tapi kalo sekali main malah ketemu tim yang gak bisa main gitu banyak drak sistem nya.,1,2026-07-27 02:07:10,geme seru kalau sekali main malah ketemu tim tidak main gitu banyak drak sistem nya,geme seru kalau sekali main malah ketemu tim tidak main gitu banyak drak sistem nya,-14.0,Negatif,-11.0,Negatif,Negatif,test
bintang satu karena sistem jaringan yang tidak kompeten dan paling fatalnya sistem moonton melakukan pukul rata gak bisa bedain mana player afk dengan sengaja maupun murni karena ganguan,1,2026-07-27 02:05:39,bintang satu sistem jaringan tidak kompeten paling fatalnya sistem moonton melakukan pukul rata tidak bedain mana player afk sengaja maupun murni ganguan,bintang satu sistem jaring tidak kompeten paling fatal sistem moonton laku pukul rata tidak bedain mana player afk sengaja maupun murni ganguan,-25.0,Negatif,-27.0,Negatif,Negatif,test
"game bot , moonton tolong lah kasih team itu yg agak genah sikit . 5 bintang gw hangus jumpa team GK jelas !!! team bot semua yg di kasih, malahan jumpa lawan yg kompak + main nya agak mendingan. bukan ngilangin suntuk main game ML ini jadi tambah stresss kalau jumpa bot di team sendiri.",1,2026-07-27 02:03:18,game bot moonton lah kasih team genah sikit bintang hangus jumpa team tidak jelas team bot semua kasih malahan jumpa lawan kompak main nya mendingan bukan ngilangin suntuk main game ml jadi tambah stress kalau jumpa bot team sendiri,game bot moonton lah kasih team genah sikit bintang hangus jumpa team tidak jelas team bot semua kasih malah jumpa lawan kompak main nya mending bukan ngilangin suntuk main game ml jadi tambah stress kalau jumpa bot team sendiri,-26.0,Negatif,-26.0,Negatif,Negatif,train
malas,1,2026-07-27 02:01:42,malas,malas,-4.0,Negatif,-4.0,Negatif,Negatif,train
bagus si tapi bikin otak panas. ketemu tim bot,5,2026-07-27 02:01:13,bagus si bikin otak panas ketemu tim bot,bagus si bikin otak panas ketemu tim bot,-6.0,Negatif,-1.0,Negatif,Negatif,train
game Nye bagus dan seru monton plisss beri saya winstreak sampe imortal,1,2026-07-27 01:57:28,game nye bagus seru moonton pliss beri winstreak sampe imortal,game nye bagus seru moonton pliss beri winstreak sampe imortal,0.0,Negatif,8.0,Positif,Positif,train
tim nya drak sistem bodo,1,2026-07-27 01:47:58,tim nya drak sistem bodo,tim nya drak sistem bodo,-13.0,Negatif,-13.0,Negatif,Negatif,train
kode redem dari HP infinix masa ada kadaluarsa nya 👎,1,2026-07-27 01:47:51,kode redem handphone infinix masa kadaluarsa nya emoji_negatif,kode redem handphone infinix masa kadaluarsa nya emoji_negatif,-3.0,Negatif,-3.0,Negatif,Negatif,train
game tolol sistem draft lu perbaikin dapet tim bego tapi musuh sekelas penjoki,1,2026-07-27 01:46:43,game tolol sistem draft kamu perbaikin dapet tim bego musuh sekelas penjoki,game tolol sistem draft kamu perbaikin dapet tim bego musuh kelas joki,-13.0,Negatif,-13.0,Negatif,Negatif,train
good jop,5,2026-07-27 01:33:06,good jop,good jop,5.0,Positif,5.0,Positif,Positif,train
"kagura legend masukin magic wheel aja, bosen setiap keluar legend limit mulu, lagian legend limit terlalu murah",5,2026-07-27 01:28:36,kagura legend masukin magic wheel aja bosen keluar legend limit mulu lagian legend limit terlalu murah,kagura legend masukin magic wheel aja bosen keluar legend limit mulu lagi legend limit terlalu murah,-10.0,Negatif,-10.0,Negatif,Negatif,train
"game apaan.....kenyamanan player nggak pernah diperhatikan,cuma collab2 terus,matchmaking makin GK jelas,WR tinggi ketemu player busuk,1k match lebih 1 tim sama yg pertandingannya baru 100.game gak jelas,cuman mentingin cuan doang.gk heran kalo rating nya jelek,emang pantas game kayak gini di beri rate serendah ini.udah komplain di in game,sama aja,komplain berpuluh2 kali nggak digubris sama sekali.ping nggak stabil,server 4 digit 1 tim sama server 6 digit,emang rusak nih game.SADAR DIRI MOONTON",1,2026-07-27 01:21:09,game apaan kenyamanan player tidak pernah diperhatikan cuma collab terus matchmaking makin tidak jelas winrate tinggi ketemu player busuk k match lebih tim sama pertandingannya baru game tidak jelas cuman mentingin cuan doang tidak heran kalau rating nya jelek emang pantas game kayak gini beri rate serendah udah komplain in game sama aja komplain berpuluh kali tidak digubris sama sekali ping tidak stabil server digit tim sama server digit emang rusak nih game sadar diri moonton,game apa nyaman player tidak pernah perhati cuma collab terus matchmaking makin tidak jelas winrate tinggi ketemu player busuk k match lebih tim sama tanding baru game tidak jelas cuman mentingin cuan doang tidak heran kalau rating nya jelek emang pantas game kayak gin beri rate serendah udah komplain in game sama aja komplain puluh kali tidak gubris sama sekali ping tidak stabil server digit tim sama server digit emang rusak nih game sadar diri moonton,-33.0,Negatif,-33.0,Negatif,Negatif,test
jenis seru banget dan aku suka banget kalau lagi gabut aku suka banget sama game nya😀💓,5,2026-07-27 01:20:53,jenis seru banget aku suka banget kalau gabut aku suka banget sama game nya emoji_lain emoji_lain,jenis seru banget aku suka banget kalau gabut aku suka banget sama game nya emoji_lain emoji_lain,8.0,Positif,11.0,Positif,Positif,train
DIBIKIN KALAH MULUUU DEHHHH😠😠😠😠😠,1,2026-07-27 01:16:00,dibikin kalah muluu dehh emoji_negatif emoji_negatif emoji_negatif emoji_negatif emoji_negatif,bikin kalah muluu dehh emoji_negatif emoji_negatif emoji_negatif emoji_negatif emoji_negatif,-4.0,Negatif,-4.0,Negatif,Negatif,train
1. Bot sialan 2. Lagi War malam ngeleh 3. Moonton Perlu Banyak Evaluasi,1,2026-07-27 01:15:57,bot sialan war malam ngeleh moonton perlu banyak evaluasi,bot sial war malam ngeleh moonton perlu banyak evaluasi,-6.0,Negatif,-6.0,Negatif,Negatif,train
kasih aku skinnya yang terbaru dong,5,2026-07-27 00:56:05,kasih aku skinnya terbaru dong,kasih aku skinnya baru dong,6.0,Positif,6.0,Positif,Positif,train
"parah banget ya keamanan akun moontoon masak tiba2 kena hack. hati2 buat yg bikin akun moontoon pake email pribadi yg utama, aplikasi ini berbahaya",1,2026-07-27 00:52:30,parah banget keamanan akun moontoon masak tiba kena hack hati buat bikin akun moontoon pake email pribadi utama aplikasi berbahaya,parah banget aman akun moontoon masak tiba kena hack hati buat bikin akun moontoon pake email pribadi utama aplikasi bahaya,-18.0,Negatif,-18.0,Negatif,Negatif,train
banyak dark system,1,2026-07-27 00:35:12,banyak dark system,banyak dark system,0.0,Negatif,0.0,Negatif,Negatif,test
"gua kasih bintang satu karena ini game banyak bug sistem,bayangin wifi gua lancar tapi pas ke in game gabisa gerak sama sekali ping nya merah tolong lah benerin gimana player nya mau nyaman kalo game nya banyak bug kayak gini bikin emosi aja,emang lo sanggup tanggung dosa manusia yang marah marah gara gara sistem game lu ga bener",1,2026-07-27 00:29:01,kasih bintang satu game banyak bug sistem bayangin wifi lancar pas in game gabisa gerak sama sekali ping nya merah lah benerin gimana player nya mau nyaman kalau game nya banyak bug kayak gini bikin emosi aja emang kamu sanggup tanggung dosa manusia marah marah gara gara sistem game kamu tidak bener,kasih bintang satu game banyak bug sistem bayangin wifi lancar pas in game gabisa gerak sama sekali ping nya merah lah benerin gimana player nya mau nyaman kalau game nya banyak bug kayak gin bikin emosi aja emang kamu sanggup tanggung dosa manusia marah marah gara gara sistem game kamu tidak bener,-11.0,Negatif,-15.0,Negatif,Negatif,train
balikin survival mode please,4,2026-07-27 00:28:07,balikin survival mode please,balikin survival mode please,-3.0,Negatif,-3.0,Negatif,Negatif,train
"Bpk ML Tolong dong moonton perbaiki system draft pick sekarang susah Buat player solo rank dipaksa harus hero tertentu jadi sulit milih hero Utama ga Kaya Dulu. Bukan bermaksud troll atau apa, Cuma style player berbeda apalagi solo rank susah banget sekarang Buat menang kayak setiap match harus mabar ga jadi flexibility main ML Kaya dulu udah hilang. Klo player yg sering afk di match tindakan lanjut sendiri lah Dari admin moonton jgn merubah system dulu sekarang jd sulit banget buat solo rank",2,2026-07-27 00:24:37,bpk ml dong moonton perbaiki system draft pick sekarang susah buat player solo rank dipaksa hero tertentu jadi sulit milih hero utama tidak kaya dulu bukan bermaksud troll apa cuma style player berbeda solo rank susah banget sekarang buat menang kayak match mabar tidak jadi flexibility main ml kaya dulu udah hilang kalau player sering afk match tindakan lanjut sendiri lah admin moonton jangan merubah system dulu sekarang jadi sulit banget buat solo rank,bpk ml dong moonton baik system draft pick sekarang susah buat player solo rank paksa hero tentu jadi sulit milih hero utama tidak kaya dulu bukan maksud troll apa cuma style player beda solo rank susah banget sekarang buat menang kayak match mabar tidak jadi flexibility main ml kaya dulu udah hilang kalau player sering afk match tindak lanjut sendiri lah admin moonton jangan rubah system dulu sekarang jadi sulit banget buat solo rank,-34.0,Negatif,-35.0,Negatif,Negatif,train
Karena game ml sangat menyenangkan,5,2026-07-27 00:23:41,game ml sangat menyenangkan,game ml sangat senang,1.0,Positif,1.0,Positif,Positif,train
banyak dark system moonton game mu rusakk banyak orang dark system,1,2026-07-27 00:19:26,banyak dark system moonton game mu rusakk banyak orang dark system,banyak dark system moonton game mu rusakk banyak orang dark system,2.0,Positif,2.0,Positif,Positif,train
"game nya jelek bgt, jaringan ku pdhl fine² aja tapi pas di loading screen nya malah tiba² ngelag sendiri. Mohon diperbaiki lagi, bintang 1.",1,2026-07-27 00:19:16,game nya jelek banget jaringan ku pdhl fine aja pas loading screen nya malah tiba ngelag sendiri mohon diperbaiki bintang,game nya jelek banget jaring ku pdhl fine aja pas loading screen nya malah tiba ngelag sendiri mohon baik bintang,1.0,Positif,-2.0,Negatif,Negatif,train
🤬🤬,1,2026-07-27 00:16:47,emoji_negatif emoji_negatif,emoji_negatif emoji_negatif,0.0,Negatif,0.0,Negatif,Negatif,train
"mobile legend setingan,, Jagan pernah download aplikasi ini merugikan cuma mainan tipu2,,,ga ada untungnya main game ini dia jelek",1,2026-07-27 00:12:24,mobile legend setingan jagan pernah download aplikasi merugikan cuma mainan tipu tidak untungnya main game jelek,mobile legend ting jagan pernah download aplikasi rugi cuma main tipu tidak untung main game jelek,-15.0,Negatif,-15.0,Negatif,Negatif,train
semenjak di beli arap kenapa sangat beda makin sulit ya kebanyakan bot. gk wajar oi masa dr legen 1 kalah trus terusan gk ada menang nya sampe turun ke epik 1 lagi di kasih bot semua.,1,2026-07-27 00:05:46,semenjak beli arap sangat beda makin sulit kebanyakan bot tidak wajar oi masa legen kalah trus terusan tidak menang nya sampe turun epik kasih bot semua,semenjak beli arap sangat beda makin sulit banyak bot tidak wajar oi masa legen kalah trus terus tidak menang nya sampe turun epik kasih bot semua,-20.0,Negatif,-24.0,Negatif,Negatif,train
saya menyukai nya,5,2026-07-27 00:03:30,menyukai nya,suka nya,3.0,Positif,3.0,Positif,Positif,train
game hama ga jelas,1,2026-07-27 00:00:27,game hama tidak jelas,game hama tidak jelas,-4.0,Negatif,-4.0,Negatif,Negatif,train
game kuda poni samping salon aja buat males gua main ini bintang satu aja game ini sampai dulu,1,2026-07-26 23:55:40,game kuda poni samping salon aja buat males main bintang satu aja game dulu,game kuda poni samping salon aja buat males main bintang satu aja game dulu,1.0,Positif,1.0,Positif,Positif,train
matchmaking g imbang,1,2026-07-26 23:52:49,matchmaking g imbang,matchmaking g imbang,-1.0,Negatif,-1.0,Negatif,Negatif,test
"Teruntuk Moonton, saya punya saran yaitu mohon nerf item healer, kenapa? Saya merasa sangat dirugikan ketika bermain bukannya menemukan roam yang siap maju dan hadapi pertempuran malah ketemu roam support yang tidak objektif penuh dalam memenuhi role, ga pernah rotasi, stay di satu lane, terus nyalahin orang lain. tolonggg!!!!! nerf item heal biar peminat roam support tipis, sebagai user exp kek pesannya k.",1,2026-07-26 23:51:43,teruntuk moonton punya saran mohon nerf item healer merasa sangat dirugikan bermain bukannya menemukan roam siap maju hadapi pertempuran malah ketemu roam support tidak objektif penuh memenuhi role tidak pernah rotasi stay satu lane terus nyalahin orang tolongg nerf item heal peminat roam support tipis user exp kek pesannya k,untuk moonton punya saran mohon nerf item healer rasa sangat rugi main bukan temu roam siap maju hadap tempur malah ketemu roam support tidak objektif penuh penuh role tidak pernah rotasi stay satu lane terus nyalahin orang tolongg nerf item heal minat roam support tipis user exp kek pesan k,-20.0,Negatif,-20.0,Negatif,Negatif,train
"SERVER LAG, FIX DONG, UDAH MAU SEMINGGUAN MASI LAG, UDAH COBA PAKE VPN JUGA SAMA AJA, LAG LAG JUGA",2,2026-07-26 23:50:35,server lag fix dong udah mau semingguan masi lag udah coba pake vpn sama aja lag lag,server lag fix dong udah mau minggu mas lag udah coba pake vpn sama aja lag lag,9.0,Positif,-3.0,Negatif,Negatif,train
game dengan pemain yang begitu ramah,5,2026-07-26 23:49:52,game pemain ramah,game main ramah,1.0,Positif,1.0,Positif,Positif,train
4 bintang untuk game ini karna banyak yang toxic,4,2026-07-26 23:41:37,bintang game banyak toxic,bintang game banyak toxic,2.0,Positif,-2.0,Negatif,Negatif,test
"YG BENER AJA MOONTON MASA GUA KETEMU SAMA PAKISTAN LITERALLY BEDA SERVER,DAN MEREKA PADA NGELAG",1,2026-07-26 23:40:41,bener aja moonton masa ketemu sama pakistan literally beda server ngelag,bener aja moonton masa ketemu sama pakistan literally beda server ngelag,5.0,Positif,2.0,Positif,Positif,train
game cacat !! bnyakk dark sistem ktl !!,1,2026-07-26 23:28:04,game cacat bnyakk dark sistem ktl,game cacat bnyakk dark sistem ktl,-7.0,Negatif,-7.0,Negatif,Negatif,train
"gini ya! gua user support Estes,ngetroll juga gapernah! se ekor Estes terkena report (mengganggu rekan),kek WHAT DA HAIL!? abis spawn sepatu selalu roamer! skill 1&3 ya cuma buat buff health point, skill 2 buat ngasih debuff slow ke musuh! bisa-bisanya ituloh gw di report (mengganggu rekan)! kecuali disini saya pakai Franco emang bisa buat troll temen sendiri! lah ini tuh posisinya gw pakai Estes! coba pikir dimana logisnya? kalo dirusuh pas early si Jungler jg gw mesti bantu! kocak bet dah!",1,2026-07-26 23:21:48,gini user support estes ngetroll gapernah se ekor estes terkena report mengganggu rekan kek what da hail abis spawn sepatu selalu roamer skill cuma buat buff health point skill buat ngasih debuff slow musuh bisanya ituloh report mengganggu rekan disini pakai franco emang buat troll temen sendiri lah tuh posisinya pakai estes coba pikir logisnya kalau dirusuh pas early si jungler jg mesti bantu kocak bet,gin user support estes ngetroll gapernah se ekor estes kena report ganggu rekan kek what da hail abis spawn sepatu selalu roamer skill cuma buat buff health point skill buat ngasih debuff slow musuh bisa ituloh report ganggu rekan sini pakai franco emang buat troll temen sendiri lah tuh posisi pakai estes coba pikir logis kalau rusuh pas early si jungler jg mesti bantu kocak bet,-5.0,Negatif,-8.0,Negatif,Negatif,train
woi lu dendam sama gua? cape gua di kasih team drak sistem mulu,1,2026-07-26 23:19:23,woi kamu dendam sama cape kasih team drak sistem mulu,woi kamu dendam sama cape kasih team drak sistem mulu,-7.0,Negatif,-7.0,Negatif,Negatif,train
"bagus, tapi jangan untuk game penghilang stres, dan jangan juga main lebih dari 2x dalam sehari",3,2026-07-26 22:47:59,bagus jangan game penghilang stres jangan main lebih x sehari,bagus jangan game hilang stres jangan main lebih x hari,-13.0,Negatif,-8.0,Negatif,Negatif,test
hey moonton akuu main kok lag. se server semua lag gimana to moonton ngantuk kh . woy yg lihat ini jangan main jam 5:15 nanti lag parah sumpah ini aku harus keluar gm kerana servernya ngelag,1,2026-07-26 22:39:56,hey moonton akuu main kok lag se server semua lag gimana to moonton ngantuk kh woy lihat jangan main jam lag parah sumpah aku keluar gm kerana servernya ngelag,hey moonton akuu main kok lag se server semua lag gimana to moonton ngantuk kh woy lihat jangan main jam lag parah sumpah aku keluar gm rana servernya ngelag,-12.0,Negatif,-24.0,Negatif,Negatif,test
"muntun gantenk servernya benerin dlu donk, MASA DIKIT DIKIT SERVERNYA DOWN SI, jeleg",1,2026-07-26 22:39:44,moonton gantenk servernya benerin dlu donk masa dikit dikit servernya down si jeleg,moonton gantenk servernya benerin dlu donk masa dikit dikit servernya down si jeleg,-11.0,Negatif,-11.0,Negatif,Negatif,test
moonton mohon maaf bisa baff Hero argus udah ga laku jadi aku dibilang beban main argus padahal dulu itu ga baff ku kasih bintang satu kalen,5,2026-07-26 22:33:58,moonton mohon maaf baff hero argus udah tidak laku jadi aku dibilang beban main argus padahal dulu tidak baff ku kasih bintang satu kalen,moonton mohon maaf baff hero argus udah tidak laku jadi aku bilang beban main argus padahal dulu tidak baff ku kasih bintang satu kalen,-13.0,Negatif,-13.0,Negatif,Negatif,train
"main akun 1 kaga pernah ganti, dari 2021 sampai sekarang, malah kaga pernah dapet draw gratis, intinya setiap invent kaga pernah dapet kecewa, akhirnya ya sekarang jarang main",2,2026-07-26 22:27:35,main akun tidak pernah ganti sekarang malah tidak pernah dapet draw gratis intinya invent tidak pernah dapet kecewa akhirnya sekarang jarang main,main akun tidak pernah ganti sekarang malah tidak pernah dapet draw gratis inti invent tidak pernah dapet kecewa akhir sekarang jarang main,-10.0,Negatif,-10.0,Negatif,Negatif,train
moonton kenapa aku selalu mvp tapi kok kalah terus capek banget ketemu player drak sistem Mulu plis kasi keringan bagi kami lah moonton,4,2026-07-26 22:26:05,moonton aku selalu mvp kok kalah terus capek banget ketemu player drak sistem mulu plis kasi keringan lah moonton,moonton aku selalu mvp kok kalah terus capek banget ketemu player drak sistem mulu plis kasi kering lah moonton,-7.0,Negatif,-7.0,Negatif,Negatif,train
JANGAN DOWNLOAD GUYS GAME TIDAK RAMAH,1,2026-07-26 22:25:06,jangan download guys game tidak ramah,jangan download guys game tidak ramah,-7.0,Negatif,-7.0,Negatif,Negatif,train
"gamenya asik sih ya, tapi kadang sebel banget kalo ketemu rekan tim yang bloon sedangkan musuhnya mantan imo, overall game ini enjoyable dengan banyak event menarik. sekalian buatin biar chat di pertandingan bisa ngirim emoji dong, kadang perlu itu juga, makasih! 💓",4,2026-07-26 22:11:37,gamenya asik sih kadang sebel banget kalau ketemu rekan tim bloon musuhnya mantan imo overall game enjoyable banyak event menarik sekalian buatin chat pertandingan ngirim emoji dong kadang perlu makasih emoji_lain,gamenya asik sih kadang sebel banget kalau ketemu rekan tim bloon musuh mantan imo overall game enjoyable banyak event tarik sekali buatin chat tanding ngirim emoji dong kadang perlu makasih emoji_lain,9.0,Positif,9.0,Positif,Positif,train
game nya seru tapi gak ada pintu sama rumah kenangan di hapus juga mau apalagi hero? lu kan udah batalin Hero yang lu sebut gimana sih 8 bit game nya gak seru player nya tolong di hapus,1,2026-07-26 22:00:58,game nya seru tidak pintu sama rumah kenangan hapus mau hero kamu kan udah batalin hero kamu sebut gimana sih bit game nya tidak seru player nya hapus,game nya seru tidak pintu sama rumah kenang hapus mau hero kamu kan udah batalin hero kamu sebut gimana sih bit game nya tidak seru player nya hapus,1.0,Positif,1.0,Positif,Positif,train
"sering laq,dan sering dapat musuh yg mabar ,padahal tim saya solo semua",1,2026-07-26 21:39:17,sering laq sering musuh mabar padahal tim solo semua,sering laq sering musuh mabar padahal tim solo semua,-3.0,Negatif,-3.0,Negatif,Negatif,train
game aneh masa iya dapet tim yang cupu cupu trus giliran musuh jago trus dan dapet mvp pula tolong perbaiki game,1,2026-07-26 21:27:16,game aneh masa iya dapet tim cupu cupu trus giliran musuh jago trus dapet mvp perbaiki game,game aneh masa iya dapet tim cupu cupu trus gilir musuh jago trus dapet mvp baik game,6.0,Positif,6.0,Positif,Positif,train
good game,5,2026-07-26 21:12:38,good game,good game,7.0,Positif,7.0,Positif,Positif,test
game MOBA terburuk sepanjang masa sistem match making ga adil masa di kasih teman bot terus padahal gua ex imo solo buat kalian mending ga usah download nih game!! bikin stress,1,2026-07-26 21:07:00,game moba terburuk sepanjang masa sistem match making tidak adil masa kasih teman bot terus padahal ex imo solo buat kalian mending tidak usah download nih game bikin stress,game moba buruk panjang masa sistem match making tidak adil masa kasih teman bot terus padahal ex imo solo buat kalian mending tidak usah download nih game bikin stress,-11.0,Negatif,-11.0,Negatif,Negatif,train
keren,5,2026-07-26 20:57:42,keren,keren,0.0,Positif,4.0,Positif,Positif,train
aku suka,5,2026-07-26 20:52:17,aku suka,aku suka,3.0,Positif,3.0,Positif,Positif,test
"update besar' an kirain sinyal makin bagus, eh malah sinyal ga jelas kek lampu merah, match juga gajelas, di tim kadang setim ma legend, eh musuh ex immo 300/600 di kira keren apa, minimal perbaikin bug bug nya tuh ha💜",1,2026-07-26 20:51:03,update besar an kirain sinyal makin bagus eh malah sinyal tidak jelas kek lampu merah match gajelas tim kadang setim ma legend eh musuh ex immo kira keren apa minimal perbaikin bug bug nya tuh ha emoji_positif,update besar an kirain sinyal makin bagus eh malah sinyal tidak jelas kek lampu merah match gajelas tim kadang tim ma legend eh musuh ex immo kira keren apa minimal perbaikin bug bug nya tuh ha emoji_positif,-8.0,Negatif,-3.0,Negatif,Negatif,train
"selama season baru di mulai selalu di kasih tim sampah terus, stak di legend 5",1,2026-07-26 20:47:23,selama season baru mulai selalu kasih tim sampah terus stak legend,lama season baru mulai selalu kasih tim sampah terus stak legend,-6.0,Negatif,-6.0,Negatif,Negatif,test
good.,5,2026-07-26 20:44:59,good,good,5.0,Positif,5.0,Positif,Positif,train
"dari pengalaman gw ngintal ml 2017 perlu 3tahun buat bisa mitik,. winstrek-losetrek memang hal biasa. tapi mulu mh yang d dapet ajg bgt. ntah akun gw yg busuk, soalnya sering d jokiin org yg lebih jago dibanding gw pun kalah terus,. gw main 2 akun, d akun yg satunya normal kalah menang seimbang bahkan bintang bisa naik,. tp d akun utama gw parahh busuk,. sangat tidak adil awal season jd epic, untuk bisa balik mitik lg kye harus bgt d ahir pengujung season,, najis ajig selalu kye bgitu,.",1,2026-07-26 20:35:53,pengalaman ngintal ml perlu tahun buat mitik winstrek losetrek memang biasa mulu mh d dapet ajg banget ntah akun busuk soalnya sering d jokiin org lebih jago dibanding kalah terus main akun d akun satunya normal kalah menang seimbang bahkan bintang naik d akun utama parahh busuk sangat tidak adil awal season jadi epic balik mitik lg kye banget d ahir pengujung season najis ajig selalu kye bgitu,alam ngintal ml perlu tahun buat mitik winstrek losetrek memang biasa mulu mh d dapet ajg banget ntah akun busuk soal sering d jokiin org lebih jago banding kalah terus main akun d akun satu normal kalah menang imbang bahkan bintang naik d akun utama parahh busuk sangat tidak adil awal season jadi epic balik mitik lg kye banget d ahir ujung season najis ajig selalu kye bgitu,-17.0,Negatif,-13.0,Negatif,Negatif,test
"main game ini kalo tidak Mabar berlima, teamnya bot semua, bukan musuhnya yang hebat tapi teamnya sama developer nya di setting biar losetreak, jadi fikir² lagi kalo mau main game ini kalo solo rank kalo tidak kalian bisa stress sama game ini.",2,2026-07-26 20:33:40,main game kalau tidak mabar berlima teamnya bot semua bukan musuhnya hebat teamnya sama developer nya setting losetreak jadi fikir kalau mau main game kalau solo rank kalau tidak kalian stress sama game,main game kalau tidak mabar lima teamnya bot semua bukan musuh hebat teamnya sama developer nya setting losetreak jadi fikir kalau mau main game kalau solo rank kalau tidak kalian stress sama game,-10.0,Negatif,-10.0,Negatif,Negatif,train
"Game ga guna buang2 waktu saja , main solo atau Mabar matc making selalu tidak adil , kapan naek imortal kalau gitu . pensi 27 07 2026 . APLIKASI TIDAK BERMUTU .",1,2026-07-26 20:26:51,game tidak buang waktu main solo mabar matc making selalu tidak adil kapan naek imortal kalau gitu pensi aplikasi tidak bermutu,game tidak buang waktu main solo mabar matc making selalu tidak adil kapan naek imortal kalau gitu pensi aplikasi tidak mutu,-16.0,Negatif,-16.0,Negatif,Negatif,train
dikasih lose treak trus,1,2026-07-26 20:26:18,dikasih lose treak trus,kasih lose treak trus,2.0,Positif,2.0,Positif,Positif,train
"Terimakasih mobile legends karna mengingat ulang tahun saya, karna tidak ada seorangpun yang mengingatnya :')",5,2026-07-26 20:25:49,terimakasih mobile legends mengingat ulang tahun tidak seorangpun mengingatnya,terimakasih mobile legends ingat ulang tahun tidak orang ingat,0.0,Positif,0.0,Positif,Positif,test
sistem matchmaking ga jelas,1,2026-07-26 20:19:30,sistem matchmaking tidak jelas,sistem matchmaking tidak jelas,-7.0,Negatif,-7.0,Negatif,Negatif,train
"game kutukan sesason 41 kaya di sengaja menang kalah menang kalah ganti gantian kapan naik nya, aneh developer nya, udah tau banyak player solo malah di bikin susah buat player solo, sinyal anjlok terus stuck kuning gk ijo padahal sinyal ijo rumah deket sama tower BTS tetep aja server nya anjlok bikin seneng nggak bikin stres iya",1,2026-07-26 20:16:46,game kutukan sesason kaya sengaja menang kalah menang kalah ganti gantian kapan naik nya aneh developer nya udah tau banyak player solo malah bikin susah buat player solo sinyal anjlok terus stuck kuning tidak ijo padahal sinyal ijo rumah deket sama tower bts tetep aja server nya anjlok bikin seneng tidak bikin stres iya,game kutu sesason kaya sengaja menang kalah menang kalah ganti ganti kapan naik nya aneh developer nya udah tau banyak player solo malah bikin susah buat player solo sinyal anjlok terus stuck kuning tidak ijo padahal sinyal ijo rumah deket sama tower bts tetep aja server nya anjlok bikin neng tidak bikin stres iya,-25.0,Negatif,-17.0,Negatif,Negatif,train
game burik,1,2026-07-26 20:13:24,game burik,game burik,2.0,Positif,2.0,Positif,Positif,train
"YANG BENER AJA INI GAME UDAH PULUHAN TAHUN MATCH MAKING NYA MASIH GA DI BENERIN JUGA, GIMANA GA PADA PINDAH GAME MOBA SEBELAH!. AYOLAH BENERIN BIAR PLAYER NYA PADA GA MALES MAEN GAME NYA!!!!!!!!!",1,2026-07-26 20:00:27,bener aja game udah puluhan tahun match making nya tidak benerin gimana tidak pindah game moba sebelah ayolah benerin player nya tidak males maen game nya,bener aja game udah puluh tahun match making nya tidak benerin gimana tidak pindah game moba belah ayo benerin player nya tidak males maen game nya,-1.0,Negatif,-1.0,Negatif,Negatif,test
ini sih gem kesukaan kuu,5,2026-07-26 19:44:54,sih gem kesukaan kuu,sih gem suka kuu,0.0,Positif,0.0,Positif,Positif,train
sistem gk adil bnget musuh orang asli timku bott kebanyakkan mati teruss timku matchting gak adil gak seimbang betull kaya gini truss orang2 pada pindah game baru tau rasa sepi gak main mobile legendas lagi kalo matchting gak seimbang atau gak adil tim match nya makanya rating rendah kaya gitu duit cepat muntun kasih gak tim gak adil cape tangan udah perjuang2nya malah kalah teruss,1,2026-07-26 19:44:07,sistem tidak adil bnget musuh orang asli timku bott kebanyakkan mati teruss timku matchting tidak adil tidak seimbang betull kaya gini truss orang pindah game baru tau rasa sepi tidak main mobile legendas kalau matchting tidak seimbang tidak adil tim match nya makanya rating rendah kaya gitu duit cepat moonton kasih tidak tim tidak adil cape tangan udah perjuang nya malah kalah teruss,sistem tidak adil bnget musuh orang asli tim bott banyak mati teruss tim matchting tidak adil tidak imbang betull kaya gin truss orang pindah game baru tau rasa sepi tidak main mobile legendas kalau matchting tidak imbang tidak adil tim match nya makanya rating rendah kaya gitu duit cepat moonton kasih tidak tim tidak adil cape tangan udah juang nya malah kalah teruss,-72.0,Negatif,-72.0,Negatif,Negatif,train
kenapa saat di in game potret skin musuh tidak terlihat. bahkan skin teman sendiri tidak keliatan efek recal teman juga gak keliatan.,4,2026-07-26 19:43:14,in game potret skin musuh tidak terlihat bahkan skin teman sendiri tidak keliatan efek recal teman tidak keliatan,in game potret skin musuh tidak lihat bahkan skin teman sendiri tidak liat efek recal teman tidak liat,-19.0,Negatif,-19.0,Negatif,Negatif,train
"matchmaking tidak adil dari segi rata2 rank lawan dan tim, SELALU DAPET TEAMMATE BOT, FYI ciri2 bot : mondar mandir jarak singkat, tidak ada interaksi, pola jalan sudutnya tajam, tidak sesuai draft, recent play nya selalu di lobby, di tier tinggi bot tau keberadaan kita di bush. tidak hanya role roamer diisibot, jika solo bahkan jungler / gold di isi bot",1,2026-07-26 19:40:09,matchmaking tidak adil segi rata rank lawan tim selalu dapet teammate bot fyi ciri bot mondar mandir jarak singkat tidak interaksi pola jalan sudutnya tajam tidak sesuai draft recent play nya selalu lobby tier tinggi bot tau keberadaan bush tidak role roamer diisibot solo bahkan jungler gold isi bot,matchmaking tidak adil segi rata rank lawan tim selalu dapet teammate bot fyi ciri bot mondar mandir jarak singkat tidak interaksi pola jalan sudut tajam tidak sesuai draft recent play nya selalu lobby tier tinggi bot tau ada bush tidak role roamer diisibot solo bahkan jungler gold isi bot,-47.0,Negatif,-47.0,Negatif,Negatif,train
sangat merekomendasi👍,5,2026-07-26 19:38:53,sangat merekomendasi emoji_positif,sangat rekomendasi emoji_positif,-5.0,Negatif,-5.0,Negatif,Negatif,train
"parah banget sistem moonton skrng, UPDATE SKIN STIAP BULAN PASTI ADA AJA SKIN TERBARU YANG BAGUS BAGUS GILIRAN SISTEM MATCHING BOBROK PARAH GW MAEN DARI SORE JAM 3 SAMPE JAM 2 MALEM WIN 1 LOSE 6 KETEMUNYA TEAM TEAM GA NGERTI APA APA, MASALAH BEGINI DARI DULU GAPERNAH DI PERBAIKI GILIRAN SKIN TERUS TERUSAN DI UPDATE",1,2026-07-26 19:38:00,parah banget sistem moonton skrng update skin stiap bulan aja skin terbaru bagus bagus giliran sistem matching bobrok parah maen sore jam sampe jam malem win lose ketemunya team team tidak ngerti apa apa masalah begini dulu gapernah perbaiki giliran skin terus terusan update,parah banget sistem moonton skrng update skin stiap bulan aja skin baru bagus bagus gilir sistem matching bobrok parah maen sore jam sampe jam malem win lose ketemu team team tidak ngerti apa apa masalah begini dulu gapernah baik gilir skin terus terus update,-31.0,Negatif,-21.0,Negatif,Negatif,train
tolong kalo macthmaking nya di perbaiki lagii yaa developer game nyaa.masa saya udah mythical glory bisa se tim sama yang rank nya legend ini gimana konsepnya???.lama lama stres aku di buat ni game.kalo emang game adil setidaknya berikan lah tim yang rank nya sepadan,3,2026-07-26 19:35:00,kalau macthmaking nya perbaiki lagii yaa developer game nyaa masa udah mythical glory se tim sama rank nya legend gimana konsepnya lama lama stres aku buat ni game kalau emang game adil berikan lah tim rank nya sepadan,kalau macthmaking nya baik lagi yaa developer game nyaa masa udah mythical glory se tim sama rank nya legend gimana konsep lama lama stres aku buat ni game kalau emang game adil ikan lah tim rank nya padan,-10.0,Negatif,-10.0,Negatif,Negatif,train
"sbnrnya game bagus, cuma sistem lu ga ketat bang alias aja aja yang ngecheat. gw udh berkali kali nemu musuh yg ngecheat mau lag, aim, posisi ketahuan co masa tim lu kagak bs ngedetect? ngetik lol aja kena peringatan, masa hal sesepele kimmy taptap n yve keluar kotak lu gbs musnahin? itu ajasih bg",3,2026-07-26 19:34:39,sbnrnya game bagus cuma sistem kamu tidak ketat bang alias aja aja ngecheat berkali kali nemu musuh ngecheat mau lag aim posisi ketahuan co masa tim kamu kagak ngedetect ngetik lol aja kena peringatan masa sesepele kimmy taptap n yve keluar kotak kamu gbs musnahin ajasih bg,sbnrnya game bagus cuma sistem kamu tidak ketat bang alias aja aja ngecheat kali kali nemu musuh ngecheat mau lag aim posisi tahu co masa tim kamu kagak ngedetect ngetik lol aja kena ingat masa sepele kimmy taptap n yve keluar kotak kamu gbs musnahin ajasih bg,-31.0,Negatif,-29.0,Negatif,Negatif,train
"GAME JELEKKK JARINGAN BURIKKKKKKKK, JANGAN DI DOWNLOAD",1,2026-07-26 19:34:19,game jelekk jaringan burikk jangan download,game jelekk jaring burikk jangan download,-2.0,Negatif,-2.0,Negatif,Negatif,train
"bisa2nya akun udah di kaitkan ke email pribadi bisa di hack/di login perangkat/hp laennya gx bisa di logout pula pleyer laen juga gx bisa memahami arti role & pemahaman hero kurang bisa menguasai dari segi pemilihan hero , tier udah tinggi masih BOOT pleyer",1,2026-07-26 19:33:41,nya akun udah kaitkan email pribadi hack login perangkat handphone laennya gx logout pleyer laen gx memahami arti role pemahaman hero kurang menguasai segi pemilihan hero tier udah tinggi boot pleyer,nya akun udah kait email pribadi hack login perangkat handphone laennya gx logout pleyer laen gx paham arti role paham hero kurang kuasa segi pilih hero tier udah tinggi boot pleyer,-6.0,Negatif,-6.0,Negatif,Negatif,train
"gaada otak makin kesini ngasih tim ga seimbang sama sekali... ibaratnya musuh maen partyan gw maen berjuang sendirian yg Laen pada kaya epic... gaperna sepadan ngasih tim apalagi maen solo, mytick imortal disatuin sama legend/ honor udah gitu ada yg Mabar...kasian player lain yg kena imbasnya apalagi maen solo niat mau cari hiburan buat hilangin stres justru malah tambah bikin stres karena selalu dikasih tim yg ga sepadan dengan lawan. next update tlng lbih di seimbangkan lagi dalam matchmaking.",2,2026-07-26 19:26:33,gaada otak makin kesini ngasih tim tidak seimbang sama sekali ibaratnya musuh maen partyan maen berjuang sendirian laen kaya epic gaperna sepadan ngasih tim maen solo mytick imortal disatuin sama legend honor udah gitu mabar kasian player kena imbasnya maen solo niat mau cari hiburan buat hilangin stres justru malah tambah bikin stres selalu dikasih tim tidak sepadan lawan next update tlng lbih seimbangkan matchmaking,gaada otak makin kesini ngasih tim tidak imbang sama sekali ibarat musuh maen partyan maen juang sendiri laen kaya epic gaperna padan ngasih tim maen solo mytick imortal disatuin sama legend honor udah gitu mabar kasi player kena imbas maen solo niat mau cari hibur buat hilangin stres justru malah tambah bikin stres selalu kasih tim tidak padan lawan next update tlng lbih imbang matchmaking,-19.0,Negatif,-19.0,Negatif,Negatif,train
game ga jelas!,1,2026-07-26 19:19:38,game tidak jelas,game tidak jelas,-1.0,Negatif,-1.0,Negatif,Negatif,train
game mobile legend ini membuat player2 nya bikin brisik para tetangga di malam hari yg mau istirahat...,1,2026-07-26 19:12:30,game mobile legend membuat player nya bikin brisik tetangga malam hari mau istirahat,game mobile legend buat player nya bikin brisik tetangga malam hari mau istirahat,4.0,Positif,4.0,Positif,Positif,train
"Game keren nih guys, main dari sore sampai malem menang 2 kalah 7",1,2026-07-26 19:11:18,game keren nih guys main sore malem menang kalah,game keren nih guys main sore malem menang kalah,-3.0,Negatif,5.0,Positif,Positif,train
GAME DGN STYLE MATCHMAKING SAMPAHNYA.. PENUH DGN PLAYER TOLOL SIANG & MALAM.. SUPER DARKSYSTEM..,1,2026-07-26 19:10:25,game style matchmaking sampahnya penuh player tolol siang malam super darksystem,game style matchmaking sampah penuh player tolol siang malam super darksystem,-3.0,Negatif,-3.0,Negatif,Negatif,train
"makin parah game kelen,dri mytik bintang 5,defeat terus sampai legends 4,udah ga masuk akal,game kck ga berguna top up banyak",1,2026-07-26 19:09:07,makin parah game kelen dri mytik bintang defeat terus legends udah tidak masuk akal game kck tidak berguna top up banyak,makin parah game kelen dri mytik bintang defeat terus legends udah tidak masuk akal game kck tidak guna top up banyak,-6.0,Negatif,-6.0,Negatif,Negatif,train
game nya bagus moonton tapi kalau kasih musuh yang setara sama timnya ini mah musuhnya jago timnya dongo tolong di perbaiki yah moonton,4,2026-07-26 18:56:03,game nya bagus moonton kalau kasih musuh setara sama timnya mah musuhnya jago timnya dongo perbaiki yah moonton,game nya bagus moonton kalau kasih musuh tara sama tim mah musuh jago tim dongo baik yah moonton,4.0,Positif,9.0,Positif,Positif,train
"KASIIH TIM YG BENAR, JGN MUSUH ADA GLORY HONOR, DITIM DIKASIH LEGEND MYTHIC.",2,2026-07-26 18:53:38,kasiih tim benar jangan musuh glory honor ditim dikasih legend mythic,kasiih tim benar jangan musuh glory honor tim kasih legend mythic,-3.0,Negatif,-3.0,Negatif,Negatif,train
game jelek.,1,2026-07-26 18:49:47,game jelek,game jelek,-3.0,Negatif,-3.0,Negatif,Negatif,train
montoon skrg begini banget memang game nya bagus dari segi fitur atau yg lainnya..tapi kendala nya adalah setiap bermain biarpun rank sudah Mytik dapet tim nya selalu ga adil selalu dapat drak sistem..ga sesuaii harusnya game buat bikin seru malah jadi emosii tolong di perbaiki lagi biar yg main nyaman,1,2026-07-26 18:49:32,moonton skrg begini banget memang game nya bagus segi fitur lainnya kendala nya bermain biarpun rank mytik dapet tim nya selalu tidak adil selalu drak sistem tidak sesuaii harusnya game buat bikin seru malah jadi emosii perbaiki main nyaman,moonton skrg begini banget memang game nya bagus segi fitur lain kendala nya main biarpun rank mytik dapet tim nya selalu tidak adil selalu drak sistem tidak sesuai harus game buat bikin seru malah jadi emosi baik main nyaman,-16.0,Negatif,-8.0,Negatif,Negatif,train
Matchmaking tidak seimbang dan player yang dapat score 3.0 seharusnya bisa dikategorikan 'Tidak Mau Berkontribusi untuk Tim' karena score rendah sudah pasti player tersebut tidak bermain secara maksimal.,1,2026-07-26 18:46:48,matchmaking tidak seimbang player score dikategorikan tidak mau berkontribusi tim score rendah player tersebut tidak bermain maksimal,matchmaking tidak imbang player score kategori tidak mau kontribusi tim score rendah player sebut tidak main maksimal,-25.0,Negatif,-25.0,Negatif,Negatif,train
"bilangin sama yang poke"" jangan login jam 12 ke atas nyusahin bikin pengalaman bermain jadi ampas",2,2026-07-26 18:43:02,bilangin sama poke jangan login jam atas nyusahin bikin pengalaman bermain jadi ampas,bilangin sama poke jangan login jam atas nyusahin bikin alam main jadi ampas,-6.0,Negatif,-6.0,Negatif,Negatif,train
gem nya seru tapi gw sedikit gila gw kalah 8 kali menag 1 kali gm mmk hpus aja lah gak guna gem haram🗿,1,2026-07-26 18:34:04,gem nya seru sedikit gila kalah kali menag kali gm mmk hpus aja lah tidak gem haram emoji_netral,gem nya seru sedikit gila kalah kali menag kali gm mmk hpus aja lah tidak gem haram emoji_netral,-18.0,Negatif,-15.0,Negatif,Negatif,train
"game ga adil, kalo ngasi tim yang adil dong jangan berat sebelah, musuh serius tim sendiri malah ngetroll, kasian orang lain yang mau push rank kalo dapet tim gitu terus, kasih tim yang adil dong moonton kesel juga lama"" setiap ngerank dapet tim troll terus yang bener dikit ke ngasih tim yang bijak lah",1,2026-07-26 18:29:16,game tidak adil kalau ngasi tim adil dong jangan berat sebelah musuh serius tim sendiri malah ngetroll kasian orang mau push rank kalau dapet tim gitu terus kasih tim adil dong moonton kesel lama ngerank dapet tim troll terus bener dikit ngasih tim bijak lah,game tidak adil kalau ngasi tim adil dong jangan berat belah musuh serius tim sendiri malah ngetroll kasi orang mau push rank kalau dapet tim gitu terus kasih tim adil dong moonton kesel lama ngerank dapet tim troll terus bener dikit ngasih tim bijak lah,-52.0,Negatif,-55.0,Negatif,Negatif,test
kurang gcor moonton tim gw,1,2026-07-26 18:25:51,kurang gcor moonton tim,kurang gcor moonton tim,-7.0,Negatif,-7.0,Negatif,Negatif,test
game cacat,1,2026-07-26 18:25:13,game cacat,game cacat,-3.0,Negatif,-3.0,Negatif,Negatif,train
"Main ml buat apaa,,bikin kita setres,,main kalah menang buat apa monton, kita mau cari hiburan aja, bukan buat setres monton,",1,2026-07-26 18:25:07,main ml buat apaa bikin setres main kalah menang buat apa moonton mau cari hiburan aja bukan buat setres moonton,main ml buat apaa bikin tres main kalah menang buat apa moonton mau cari hibur aja bukan buat tres moonton,-8.0,Negatif,-4.0,Negatif,Negatif,test
game busuk sistem matchingnya GK ngotak terus kasih timnya GK seimbang tolong yah gw sebagai player kecewa berat lama lama kalo gini terus bisa pada pindah game sabelah nih siapa yang setuju,1,2026-07-26 18:20:13,game busuk sistem matchingnya tidak ngotak terus kasih timnya tidak seimbang yah player kecewa berat lama lama kalau gini terus pindah game sabelah nih siapa setuju,game busuk sistem matchingnya tidak ngotak terus kasih tim tidak imbang yah player kecewa berat lama lama kalau gin terus pindah game sabelah nih siapa tuju,-25.0,Negatif,-25.0,Negatif,Negatif,train
"game busuk bgo di kasih tim ga sesuai mulu,udh banyak keluhan bukanya di perbaiki malah makin bego",1,2026-07-26 18:20:00,game busuk bgo kasih tim tidak sesuai mulu banyak keluhan bukanya perbaiki malah makin bego,game busuk bgo kasih tim tidak sesuai mulu banyak keluh buka baik malah makin bego,-14.0,Negatif,-14.0,Negatif,Negatif,train
"2 kali lose, lose terus nasib pemain solo",1,2026-07-26 18:18:05,kali lose lose terus nasib pemain solo,kali lose lose terus nasib main solo,-1.0,Negatif,-1.0,Negatif,Negatif,train
MOONTON ASUUUUUU!!!!!,1,2026-07-26 18:05:18,moonton asuu,moonton asuu,0.0,Negatif,0.0,Negatif,Negatif,train
"game apa ini di curang"" kitaa🤣",1,2026-07-26 18:04:52,game apa curang kitaa emoji_netral,game apa curang kitaa emoji_netral,-6.0,Negatif,-6.0,Negatif,Negatif,train
apalahh setiapp adaa warr pasti ngeleq padahal jaringan nyaa baguss gajelas banget ga masuk akal,1,2026-07-26 18:03:48,apalahh setiapp adaa warr ngeleq padahal jaringan nyaa baguss gajelas banget tidak masuk akal,apalahh setiapp adaa warr ngeleq padahal jaring nyaa baguss gajelas banget tidak masuk akal,-2.0,Negatif,-2.0,Negatif,Negatif,train
gem yang sangat baik,5,2026-07-26 18:03:38,gem sangat baik,gem sangat baik,0.0,Positif,0.0,Positif,Positif,train
"game ngga jelas, draf pick anehh isinya cuma dark system",1,2026-07-26 18:02:25,game ngga jelas draf pick anehh isinya cuma dark system,game ngga jelas draf pick anehh isi cuma dark system,-5.0,Negatif,-5.0,Negatif,Negatif,train
Suka,5,2026-07-26 18:02:14,suka,suka,2.0,Positif,2.0,Positif,Positif,train
"Matchmaking tolol, perbaiki lah kontll",4,2026-07-26 18:02:08,matchmaking tolol perbaiki lah kontll,matchmaking tolol baik lah kontll,-5.0,Negatif,-5.0,Negatif,Negatif,test
ga pernah bener kalo milih tim kebanyakan drak sistem terus juga kalo akhir match selalu salah,3,2026-07-26 18:00:08,tidak pernah bener kalau milih tim kebanyakan drak sistem terus kalau akhir match selalu salah,tidak pernah bener kalau milih tim banyak drak sistem terus kalau akhir match selalu salah,-17.0,Negatif,-17.0,Negatif,Negatif,train
"jujur keren, tp gw ga jago"" mainnya. sampe kalo kalah pcr aku jadi bete karna poke bgt😭😭",5,2026-07-26 17:55:07,jujur keren tidak jago mainnya sampe kalau kalah pcr aku jadi bete poke banget emoji_negatif emoji_negatif,jujur keren tidak jago main sampe kalau kalah pcr aku jadi bete poke banget emoji_negatif emoji_negatif,-14.0,Negatif,-10.0,Negatif,Negatif,train
game udh ga ketolong. isi publicnya player player dongok semua,1,2026-07-26 17:54:06,game tidak ketolong isi publicnya player player dongok semua,game tidak tolong isi publicnya player player dongok semua,-14.0,Negatif,-14.0,Negatif,Negatif,test
bagus banget keren mantap enak buat dimainkan suka.,5,2026-07-26 17:52:56,bagus banget keren mantap enak buat dimainkan suka,bagus banget keren mantap enak buat main suka,8.0,Positif,19.0,Positif,Positif,train
"game aneh,dapat teman gajelas terus tong perbaiki",1,2026-07-26 17:50:39,game aneh teman gajelas terus tong perbaiki,game aneh teman gajelas terus tong baik,2.0,Positif,2.0,Positif,Positif,train
kebanyakan tim feeder masa main dari pagi sampai ga ad nambah bintang naik turun,1,2026-07-26 17:49:43,kebanyakan tim feeder masa main pagi tidak ad nambah bintang naik turun,banyak tim feeder masa main pagi tidak ad nambah bintang naik turun,-10.0,Negatif,-10.0,Negatif,Negatif,test
game paling seru,3,2026-07-26 17:47:09,game paling seru,game paling seru,2.0,Positif,5.0,Positif,Positif,train
ngasih tim gajelas,1,2026-07-26 17:46:45,ngasih tim gajelas,ngasih tim gajelas,-3.0,Negatif,-3.0,Negatif,Negatif,test
"cukup moonton cukup, capek aku kau kasi tim yg ga waras yg gada otak mending pensiun klo gini gini terusss lu pertimbangkan lagi soal pembagian tim moonton stres orang yg main klo kek gitu tim yg lu kasi",1,2026-07-26 17:46:05,cukup moonton cukup capek aku kau kasi tim tidak waras gada otak mending pensiun kalau gini gini teruss kamu pertimbangkan soal pembagian tim moonton stres orang main kalau kek gitu tim kamu kasi,cukup moonton cukup capek aku kau kasi tim tidak waras gada otak mending pensiun kalau gin gin teruss kamu timbang soal bagi tim moonton stres orang main kalau kek gitu tim kamu kasi,-42.0,Negatif,-42.0,Negatif,Negatif,train
😠,5,2026-07-26 17:41:47,emoji_negatif,emoji_negatif,0.0,Positif,0.0,Positif,Positif,test
"bagus banget gamenya sama matchmakingnya gaadil banget ya glory 77 dikasih tim mawi tapi musuhnya imo dimana letak keadilan itu? event banyak matchmakingnya gaadil game pay to win emng lagi susah ditambah cape malah dikasih tim dark sistem musuhnya top global, pas beres top up dikasih tim bagus musuh bot padahal mau have fun giliran serius dikasih tim ga bener, sama masa gara gara id server baru dikasih tim yg baru main ga ngerti item,build,emblem,counter cape gw tiap hari kaya main sendiri",5,2026-07-26 17:38:45,bagus banget gamenya sama matchmakingnya gaadil banget glory dikasih tim mawi musuhnya imo letak keadilan event banyak matchmakingnya gaadil game pay to win emng susah ditambah cape malah dikasih tim dark sistem musuhnya top global pas beres top up dikasih tim bagus musuh bot padahal mau have fun giliran serius dikasih tim tidak bener sama masa gara gara id server baru dikasih tim baru main tidak ngerti item build emblem counter cape tiap hari kaya main sendiri,bagus banget gamenya sama matchmakingnya gaadil banget glory kasih tim mawi musuh imo letak adil event banyak matchmakingnya gaadil game pay to win emng susah tambah cape malah kasih tim dark sistem musuh top global pas beres top up kasih tim bagus musuh bot padahal mau have fun gilir serius kasih tim tidak bener sama masa gara gara id server baru kasih tim baru main tidak ngerti item build emblem counter cape tiap hari kaya main sendiri,-37.0,Negatif,-27.0,Negatif,Negatif,train
kece,5,2026-07-26 17:33:41,kece,kece,2.0,Positif,3.0,Positif,Positif,train
"moonton pairing tim ga pernah bener, dapet tim juga ga waras semua. lag semua. afk semua.",1,2026-07-26 17:21:03,moonton pairing tim tidak pernah bener dapet tim tidak waras semua lag semua afk semua,moonton pairing tim tidak pernah bener dapet tim tidak waras semua lag semua afk semua,-22.0,Negatif,-27.0,Negatif,Negatif,test
"Monyet, sistem gajelas, tim lawan high ranknya jauh di banding tim random, musuh sama random yang setim ga sesuai, benerin tuh sistem event mulu event, kalo honor sama nawi ya temuin sama yang sama ranknya, ini tim gw random legend mawi musuh glory, global, ex imo 200++",1,2026-07-26 17:18:54,monyet sistem gajelas tim lawan high ranknya jauh banding tim random musuh sama random setim tidak sesuai benerin tuh sistem event mulu event kalau honor sama nawi temuin sama sama ranknya tim random legend mawi musuh glory global ex imo,monyet sistem gajelas tim lawan high ranknya jauh banding tim random musuh sama random tim tidak sesuai benerin tuh sistem event mulu event kalau honor sama nawi temuin sama sama ranknya tim random legend mawi musuh glory global ex imo,-47.0,Negatif,-47.0,Negatif,Negatif,test
"saya sangat kecewa bermain game ini karna bertemu dengan dark system terus, ga adil matchmakingnya tolong benerin lagi lah ni game,cape² push Nemunya team system Mulu,dari glory sampe turun ke honor B27,ga masuk akal banget ngasih LS nya,tolong lah benerin lgi ni game adiling lahi",1,2026-07-26 17:18:39,sangat kecewa bermain game bertemu dark system terus tidak adil matchmakingnya benerin lah ni game cape push nemunya team system mulu glory sampe turun honor b tidak masuk akal banget ngasih losestreak nya lah benerin lgi ni game adiling lahi,sangat kecewa main game temu dark system terus tidak adil matchmakingnya benerin lah ni game cape push nemunya team system mulu glory sampe turun honor b tidak masuk akal banget ngasih losestreak nya lah benerin lgi ni game adiling lah,-4.0,Negatif,-4.0,Negatif,Negatif,test
"matchmaking ga adil ketemu nya orang ga bisa main, sedangkan tim musuh bisa main semua game tidak adil",1,2026-07-26 17:17:49,matchmaking tidak adil ketemu nya orang tidak main tim musuh main semua game tidak adil,matchmaking tidak adil ketemu nya orang tidak main tim musuh main semua game tidak adil,-25.0,Negatif,-25.0,Negatif,Negatif,train
"ini tim kenapa gak ada yang bener,sya bermain di renket tier honor kenapa selalu di kasih tim yang legenn Meraka tidak mengerti tatacara maenn di renkk tier tingii mereka lebih persis ia yang hanya ngerti matiii ....., tolong perbaiki sistem kalian yaa mohon sekalii sayaa bisa gilaaa gara gara game inii kalo tidak niat membuat pemain senang jangan buat game yaaa dasarrrrrrr",1,2026-07-26 17:14:29,tim tidak bener sya bermain renket tier honor selalu kasih tim legenn meraka tidak mengerti tatacara maenn renkk tier tingii lebih persis ngerti matii perbaiki sistem kalian yaa mohon sekalii sayaa gilaa gara gara game inii kalau tidak niat membuat pemain senang jangan buat game yaa dasarr,tim tidak bener sya main renket tier honor selalu kasih tim legenn raka tidak erti tatacara maenn renkk tier tingi lebih persis ngerti mati baik sistem kalian yaa mohon sekali sayaa gilaa gara gara game ini kalau tidak niat buat main senang jangan buat game yaa dasarr,-37.0,Negatif,-37.0,Negatif,Negatif,train
setelah update login akun malah bermasalah padahal Gmail Ama sandi betul di buat tapi malah ngk bisa login game rusak,1,2026-07-26 17:10:45,update login akun malah bermasalah padahal gmail ama sandi betul buat malah ngk login game rusak,update login akun malah masalah padahal gmail ama sandi betul buat malah ngk login game rusak,0.0,Negatif,0.0,Negatif,Negatif,train
server rusak ga rekomen untuk di mainin,1,2026-07-26 17:07:51,server rusak tidak rekomen mainin,server rusak tidak rekomen mainin,-8.0,Negatif,-8.0,Negatif,Negatif,train
"Gamenya bagus sekalii Playernya kbanyakan ank-ank di bwah umur yg sngat TIDAK BISA BERMAIN di game ini, bnyak juga org-org dewasa yg brmain game ini dngan sngat TIDAK pintar dlam mmilih hero sesuai role, cntohny EXP: Miya, GOLD: Cyclops, & lbih pintarny ad player yg pick saber roam di saat tim tdk ad hero yg tebal, dan saat player² itu di nasehati mlah nyalahin tim yg main dngn benar dan sewajarnya. aku sngat snang brmain mobile legends ini, udah 3 thun main game ini dan syukurlah sya msih wras",1,2026-07-26 17:06:49,gamenya bagus sekalii playernya kbanyakan ank ank bwah umur sngat tidak bermain game bnyak org org dewasa brmain game dngan sngat tidak pintar dlam mmilih hero sesuai role cntohny exp miya gold cyclops lbih pintarny ad player pick saber roam tim tdk ad hero tebal player nasehati mlah nyalahin tim main dngn benar sewajarnya aku sngat snang brmain mobile legends udah thun main game syukurlah sya msih wras,gamenya bagus sekali playernya kbanyakan ank ank bwah umur sngat tidak main game bnyak org org dewasa brmain game dngan sngat tidak pintar dlam mmilih hero sesuai role cntohny exp miya gold cyclops lbih pintarny ad player pick saber roam tim tdk ad hero tebal player nasehat mlah nyalahin tim main dngn benar wajar aku sngat snang brmain mobile legends udah thun main game syukur sya msih wras,-10.0,Negatif,-5.0,Negatif,Negatif,train
kereen,5,2026-07-26 17:05:44,kereen,kereen,0.0,Positif,0.0,Positif,Positif,test
ga pake ap² di banned,1,2026-07-26 17:04:55,tidak pake ap banned,tidak pake ap banned,-5.0,Negatif,-5.0,Negatif,Negatif,train
MOONTON SARAN AJA NI YA LU JANGAN TERLALU BANYAK ADAIN EVENT SKIN GRATIS HERO BARU LAH APA LAH TAPI PERBAIKI DULU GAME LU TU SINYAL NGELAG TERUS DAPAT TIM GA BENER STRESS GUE PERBAIKI DULU GAMENYA BARU UPDATE YANG LAIN KARNA ITU LEBIH PENTING,1,2026-07-26 16:59:45,moonton saran aja ni kamu jangan terlalu banyak adain event skin gratis hero baru lah apa lah perbaiki dulu game kamu tu sinyal ngelag terus tim tidak bener stress perbaiki dulu gamenya baru update lebih penting,moonton saran aja ni kamu jangan terlalu banyak adain event skin gratis hero baru lah apa lah baik dulu game kamu tu sinyal ngelag terus tim tidak bener stress baik dulu gamenya baru update lebih penting,-13.0,Negatif,-16.0,Negatif,Negatif,train
"WOI, KALAU MATCHMAKING BUAT JADI SAMA SEMUA ANJ RANKNYA",1,2026-07-26 16:53:01,woi kalau matchmaking buat jadi sama semua anj ranknya,woi kalau matchmaking buat jadi sama semua anj ranknya,-1.0,Negatif,-1.0,Negatif,Negatif,train
"tolong perbaiki macmaking montoon saya bermain selalu kalah Mulu dan karna permainan yg tidak seimbang saya sudah capekkkkkk menggendong drak sistem, menang 1 kali terus di kasih kalah 4 kali, kalo begini terus kapan rank saya akan naik💔💔💔 dan player akan bosan dan berpindah game lain, mohon di perbaiki toonn.",1,2026-07-26 16:51:45,perbaiki macmaking moonton bermain selalu kalah mulu permainan tidak seimbang capekk menggendong drak sistem menang kali terus kasih kalah kali kalau begini terus kapan rank naik player bosan berpindah game mohon perbaiki toonn emoji_negatif emoji_negatif emoji_negatif,baik macmaking moonton main selalu kalah mulu main tidak imbang capekk gendong drak sistem menang kali terus kasih kalah kali kalau begini terus kapan rank naik player bosan pindah game mohon baik toonn emoji_negatif emoji_negatif emoji_negatif,-15.0,Negatif,-11.0,Negatif,Negatif,test
gw hapus ini gem sistem nya buru Tim sama lawak ga seimbang banyan lostrek nya sistem nya buruk bgt ga seimbang bgt sistem nya banyan lostrek nya 4 tahun maen gem ini banyak lostrek nya ush muak gw,1,2026-07-26 16:51:13,hapus gem sistem nya buru tim sama lawak tidak seimbang banyan lostrek nya sistem nya buruk banget tidak seimbang banget sistem nya banyan lostrek nya tahun maen gem banyak lostrek nya ush muak,hapus gem sistem nya buru tim sama lawak tidak imbang banyan lostrek nya sistem nya buruk banget tidak imbang banget sistem nya banyan lostrek nya tahun maen gem banyak lostrek nya ush muak,-33.0,Negatif,-33.0,Negatif,Negatif,train
oke,5,2026-07-26 16:49:45,oke,oke,2.0,Positif,2.0,Positif,Positif,train
gamenya sangat seru tapi tolong player egois sama minus akhlas,1,2026-07-26 16:47:55,gamenya sangat seru player egois sama minus akhlas,gamenya sangat seru player egois sama minus akhlas,-7.0,Negatif,-4.0,Negatif,Negatif,train
"Game Rusak. Sistem blaklist jangan di batasin lah moontod banyak draksistem isi nya, dan di benerin dong sistem blacklist nya masa udh di blacklist masih aja ketemu setim. Gmn mau pada main kalau sistem match making blm dibenerin. Dan matchmaking terlalu lama 5 menit sy tungguin malah dapat tim yg hasil jokian mulu, skill nya dmna tier nya dmn",1,2026-07-26 16:47:24,game rusak sistem blaklist jangan batasin lah moontod banyak draksistem isi nya benerin dong sistem blacklist nya masa blacklist aja ketemu setim bagaimana mau main kalau sistem match making belum dibenerin matchmaking terlalu lama menit tungguin malah tim hasil jokian mulu skill nya dmna tier nya dmn,game rusak sistem blaklist jangan batasin lah moontod banyak draksistem isi nya benerin dong sistem blacklist nya masa blacklist aja ketemu tim bagaimana mau main kalau sistem match making belum dibenerin matchmaking terlalu lama menit tungguin malah tim hasil joki mulu skill nya dmna tier nya dmn,-19.0,Negatif,-19.0,Negatif,Negatif,test
"gunanya musuh bot apa masak ls 6 gak di kasih bot , dari glory 50 ke 45 gini konsep nya itu moonton gw mau pensi dah kalok kalah mulu",1,2026-07-26 16:42:52,gunanya musuh bot apa masak losestreak tidak kasih bot glory gini konsep nya moonton mau pensi kalok kalah mulu,guna musuh bot apa masak losestreak tidak kasih bot glory gin konsep nya moonton mau pensi kalok kalah mulu,-16.0,Negatif,-16.0,Negatif,Negatif,train
game rusak ngak di jamin untuk bermain game tolol ini,1,2026-07-26 16:41:45,game rusak ngak jamin bermain game tolol,game rusak ngak jamin main game tolol,-7.0,Negatif,-7.0,Negatif,Negatif,train
why does it get worse the longer it goes on?,1,2026-07-26 16:34:37,why does it get worse the longer it goes on,why does it get worse the longer it goes on,-2.0,Negatif,-2.0,Negatif,Negatif,train
lama lama makin muak gw macthmaking makin gk jelas dpt mm hanabi mulu padahal dah mytic udah gitu asal maju gk lagi,1,2026-07-26 16:33:36,lama lama makin muak macthmaking makin tidak jelas matchmaking hanabi mulu padahal mytic udah gitu asal maju tidak,lama lama makin muak macthmaking makin tidak jelas matchmaking hanabi mulu padahal mytic udah gitu asal maju tidak,-16.0,Negatif,-16.0,Negatif,Negatif,train
gem ini bagus tapi kekurangan nya tolong pertandingan nya bikin siibang,5,2026-07-26 16:32:17,gem bagus kekurangan nya pertandingan nya bikin siibang,gem bagus kurang nya tanding nya bikin siibang,-5.0,Negatif,0.0,Positif,Positif,train
"game nya bagus,tapi kalau kasih tim yang bner jangan yang dark sistem,ini malah ngasih tim yang ga setara pas ngasih musuh yang jago benr Etdah,katanya ngasih tim yg adil kok gua ketemu sama tim dark sistem,terus musuh nya jago banget,stres bngt ini pala ku Min",1,2026-07-26 16:32:06,game nya bagus kalau kasih tim bner jangan dark sistem malah ngasih tim tidak setara pas ngasih musuh jago benr etdah katanya ngasih tim adil kok ketemu sama tim dark sistem terus musuh nya jago banget stres banget pala ku min,game nya bagus kalau kasih tim bner jangan dark sistem malah ngasih tim tidak tara pas ngasih musuh jago benr etdah kata ngasih tim adil kok ketemu sama tim dark sistem terus musuh nya jago banget stres banget pala ku min,-28.0,Negatif,-23.0,Negatif,Negatif,train
"match making mu bnerin npa, bisa pulak di tim musuh mitik, tim sendri lu gabungin epik sama legend, ko pikir kita evos pa nyet, coba ko bnerin tu kasian yg main solo udah stress, sampe liat teman ja yg main udah gk da, game bangkrut ntr lagi kyk nya",1,2026-07-26 16:32:05,match making mu bnerin npa pulak tim musuh mitik tim sendri kamu gabungin epik sama legend ko pikir evos pa nyet coba ko bnerin tu kasian main solo udah stress sampe liat teman ja main udah tidak da game bangkrut ntr kyk nya,match making mu bnerin npa pulak tim musuh mitik tim sendri kamu gabungin epik sama legend ko pikir evos pa nyet coba ko bnerin tu kasi main solo udah stress sampe liat teman ja main udah tidak da game bangkrut ntr kyk nya,-33.0,Negatif,-33.0,Negatif,Negatif,test
"bnyak pemain tolol di tim ku,gak seimbang sama lawan nya",1,2026-07-26 16:30:53,bnyak pemain tolol tim ku tidak seimbang sama lawan nya,bnyak main tolol tim ku tidak imbang sama lawan nya,-17.0,Negatif,-17.0,Negatif,Negatif,train
ini game mudah monton tapi bayak yang cit,3,2026-07-26 16:28:04,game mudah moonton bayak cheater,game mudah moonton bayak cheater,5.0,Positif,1.0,Positif,Positif,train
gem bagus tapi drak sistem ilang kan lah,5,2026-07-26 16:25:54,gem bagus drak sistem ilang kan lah,gem bagus drak sistem ilang kan lah,-11.0,Negatif,-6.0,Negatif,Negatif,train
bagus...!!,5,2026-07-26 16:23:37,bagus,bagus,-2.0,Negatif,3.0,Positif,Positif,train
ml makin hari makin gak jelas di kasih tim buruk terus menerus menang 1 kali kalah 10 kali apa kah ini yg di namakan gem yg adil monton tolong jelaskan ada apa sebenarnya dengan gem ini makin di main makin gak jelas pembagian tim nya.,3,2026-07-26 16:23:15,ml makin hari makin tidak jelas kasih tim buruk terus menerus menang kali kalah kali apa namakan gem adil moonton jelaskan apa sebenarnya gem makin main makin tidak jelas pembagian tim nya,ml makin hari makin tidak jelas kasih tim buruk terus terus menang kali kalah kali apa nama gem adil moonton jelas apa benar gem makin main makin tidak jelas bagi tim nya,-16.0,Negatif,-12.0,Negatif,Negatif,train
ini maksud gimana ton gw mau main game buat ngilangin stress malah nambah stress gw 😭😭😭😭😭😭😭😭😭😭,5,2026-07-26 16:23:07,maksud gimana ton mau main game buat ngilangin stress malah nambah stress emoji_negatif emoji_negatif emoji_negatif emoji_negatif emoji_negatif emoji_negatif emoji_negatif emoji_negatif emoji_negatif emoji_negatif,maksud gimana ton mau main game buat ngilangin stress malah nambah stress emoji_negatif emoji_negatif emoji_negatif emoji_negatif emoji_negatif emoji_negatif emoji_negatif emoji_negatif emoji_negatif emoji_negatif,-1.0,Negatif,-1.0,Negatif,Negatif,test
"game gajelas, matchmaking gak pernah dibenerin",1,2026-07-26 16:22:45,game gajelas matchmaking tidak pernah dibenerin,game gajelas matchmaking tidak pernah dibenerin,-3.0,Negatif,-3.0,Negatif,Negatif,test
Game nya bagus kok,5,2026-07-26 16:22:22,game nya bagus kok,game nya bagus kok,0.0,Positif,5.0,Positif,Positif,test
"Tolong untuk tim pengembang, hapus AI Bot di mode Rank. Saat bermain solo sering sekali saya bertemu dengan tim atau lawan dengan foto profil yang aneh, dan rata-rata jago jago, saat saya mengecek profilnya saya menemukan bahwa profil tersebut seperti bukan manusia yang bermain. Oleh karena itu, keluh kesah para pemain ini segera ditanggapi, jika tidak ditangani saya tidak akan mengubah rating",1,2026-07-26 16:21:14,tim pengembang hapus ai bot mode rank bermain solo sering sekali bertemu tim lawan foto profil aneh rata rata jago jago mengecek profilnya menemukan profil tersebut bukan manusia bermain keluh kesah pemain segera ditanggapi tidak ditangani tidak mengubah rating,tim kembang hapus ai bot mode rank main solo sering sekali temu tim lawan foto profil aneh rata rata jago jago ecek profil temu profil sebut bukan manusia main keluh kesah main segera tanggap tidak tangan tidak ubah rating,-22.0,Negatif,-22.0,Negatif,Negatif,train
"I don't know why I never feel happy every time I play this MOBA game, which wastes my time. If only this game made me happy every time I played it. my rating 2.7/10",2,2026-07-26 16:19:59,i don t know why i never feel happy every time i play this moba game which wastes my time if only this game made me happy every time i played it my rating,i don t know why i never feel happy every time i play this moba game which wastes my time if only this game made me happy every time i played it my rating,13.0,Positif,13.0,Positif,Positif,train
plis ubah sistem itemnya dong. masak beli item defend tidak pengaruh sama sekali.,1,2026-07-26 16:15:02,plis ubah sistem itemnya dong masak beli item defend tidak pengaruh sama sekali,plis ubah sistem item dong masak beli item defend tidak pengaruh sama sekali,-13.0,Negatif,-13.0,Negatif,Negatif,train
game te,1,2026-07-26 16:14:56,game te,game te,2.0,Positif,2.0,Positif,Positif,train
monton tolong sistem selalu tim classic ngawur dan rank selalu hina gua tolong perbaiki sistem dulu monton tolong,2,2026-07-26 16:10:04,moonton sistem selalu tim classic ngawur rank selalu hina perbaiki sistem dulu moonton,moonton sistem selalu tim classic ngawur rank selalu hina baik sistem dulu moonton,-17.0,Negatif,-17.0,Negatif,Negatif,train
"dapet tim bego terus, saat selesai match tim yg coklat feed gabisa kena peringatan padahal sudah 07,kocak bgt ini game, ga asik tim kita bego tim musuh jago, tidak disarankan main saat sedang stres tambah stres, gw tadi baru main tim gw ada yg 07,09 masih aja bli sky piercer cokk yg kek gitu harusnya bisa di report kan ehh ini g dikasih peringatan aneh bgt, GAME ANEH",1,2026-07-26 16:09:31,dapet tim bego terus selesai match tim coklat feed gabisa kena peringatan padahal kocak banget game tidak asik tim bego tim musuh jago tidak disarankan main sedang stres tambah stres tadi baru main tim aja bli sky piercer cokk kek gitu harusnya report kan ehh g dikasih peringatan aneh banget game aneh,dapet tim bego terus selesai match tim coklat feed gabisa kena ingat padahal kocak banget game tidak asik tim bego tim musuh jago tidak saran main sedang stres tambah stres tadi baru main tim aja bli sky piercer cokk kek gitu harus report kan ehh g kasih ingat aneh banget game aneh,-37.0,Negatif,-37.0,Negatif,Negatif,train
"masih jelek, gila lose streak 5 kali ga dikasih main gw game sakit",1,2026-07-26 16:09:08,jelek gila lose streak kali tidak dikasih main game sakit,jelek gila lose streak kali tidak kasih main game sakit,-21.0,Negatif,-21.0,Negatif,Negatif,train
game burik lebih bagus Free fire,5,2026-07-26 16:05:32,game burik lebih bagus free fire,game burik lebih bagus free fire,4.0,Positif,9.0,Positif,Positif,train
"Game nya sangat bagussss, game terbaik yang pernah ada",5,2026-07-26 16:04:45,game nya sangat baguss game terbaik pernah,game nya sangat baguss game baik pernah,7.0,Positif,7.0,Positif,Positif,train
tim busuk teross,1,2026-07-26 16:02:43,tim busuk teross,tim busuk teross,-9.0,Negatif,-9.0,Negatif,Negatif,train
"tiba tiba tekeluar karna notif pas mau masuk ke pertandingan ga bisa, di paksa afk Game aneh",1,2026-07-26 16:01:51,tiba tiba tekeluar notif pas mau masuk pertandingan tidak paksa afk game aneh,tiba tiba tekeluar notif pas mau masuk tanding tidak paksa afk game aneh,5.0,Positif,3.0,Positif,Positif,train
"game bosok, cuma buat orang ingin rilex jadi stres, gak ngotak",1,2026-07-26 16:00:46,game bosok cuma buat orang rilex jadi stres tidak ngotak,game bosok cuma buat orang rilex jadi stres tidak ngotak,-10.0,Negatif,-10.0,Negatif,Negatif,train
jadi rusak anak saya main gm gak jelas ini tolong di hapus aja gem nya dari play store. dari pada nyebar ke anak lain kan mending cukup anak saya aja yang kenak sama gem gak jelas ini saldo saya habis 2juta cuman buat gem gak guna ini tolong la di hapus gem nya,1,2026-07-26 15:58:22,jadi rusak anak main gm tidak jelas hapus aja gem nya play store nyebar anak kan mending cukup anak aja kenak sama gem tidak jelas saldo habis juta cuman buat gem tidak la hapus gem nya,jadi rusak anak main gm tidak jelas hapus aja gem nya play store nyebar anak kan mending cukup anak aja nak sama gem tidak jelas saldo habis juta cuman buat gem tidak la hapus gem nya,-24.0,Negatif,-24.0,Negatif,Negatif,train
gw kasih bintang 5 bukan berarti gw puas sama kerja game lu gw cuman minta di ini game itu di kasih tim yg imbang gw seneng kalau main ml tim imbang dan semoga game lu berkembang pesat di next years,5,2026-07-26 15:58:12,kasih bintang bukan berarti puas sama kerja game kamu cuman minta game kasih tim imbang seneng kalau main ml tim imbang semoga game kamu berkembang pesat next years,kasih bintang bukan arti puas sama kerja game kamu cuman minta game kasih tim imbang neng kalau main ml tim imbang moga game kamu kembang pesat next years,3.0,Positif,3.0,Positif,Positif,train
matching lu benerin ajg,3,2026-07-26 15:57:58,matching kamu benerin ajg,matching kamu benerin ajg,0.0,Negatif,0.0,Negatif,Negatif,train
"game aneh, match making ga seimbang,nerff buff hero ga jelas, cuma menang 3x di bales kalah 10x, pdhl voice line hero nya ""keadilan di tegakan"" ga ada yang adil, match making,winstrike dikit losestrike nya banyak, bot di mana mana, player toxic, kebanyakan orang main, dark sistem nya juga bangat wkw",1,2026-07-26 15:56:36,game aneh match making tidak seimbang nerff buff hero tidak jelas cuma menang x bales kalah x pdhl voice line hero nya keadilan tegakan tidak adil match making winstrike dikit losestrike nya banyak bot mana mana player toxic kebanyakan orang main dark sistem nya bangat wkw,game aneh match making tidak imbang nerff buff hero tidak jelas cuma menang x bales kalah x pdhl voice line hero nya adil tega tidak adil match making winstrike dikit losestrike nya banyak bot mana mana player toxic banyak orang main dark sistem nya bangat wkw,-31.0,Negatif,-31.0,Negatif,Negatif,train
monton kasi tim yang gak ngetrol lah kapan saya ke honor nya,1,2026-07-26 15:56:36,moonton kasi tim tidak ngetrol lah kapan honor nya,moonton kasi tim tidak ngetrol lah kapan honor nya,-12.0,Negatif,-12.0,Negatif,Negatif,test
perbaiki server dan sistem matchmaking,1,2026-07-26 15:56:14,perbaiki server sistem matchmaking,baik server sistem matchmaking,-4.0,Negatif,-4.0,Negatif,Negatif,train
gak pelit menang + drak sistem nya,1,2026-07-26 15:52:29,tidak pelit menang drak sistem nya,tidak pelit menang drak sistem nya,-9.0,Negatif,-5.0,Negatif,Negatif,train
ini sistem montoon gimanasih katanya user roam dapet protection 1× kok tetep turun bintangnya tolong dijelaskan montoon ini gimana,1,2026-07-26 15:51:55,sistem moonton gimanasih katanya user roam dapet protection kok tetep turun bintangnya dijelaskan moonton gimana,sistem moonton gimanasih kata user roam dapet protection kok tetep turun bintang jelas moonton gimana,-5.0,Negatif,-5.0,Negatif,Negatif,train
"jangan pernah main game ini, ini game yang paling tidak adil sejagat raya... ini benar benar bukan permainan yang adil",1,2026-07-26 15:51:21,jangan pernah main game game paling tidak adil sejagat raya benar benar bukan permainan adil,jangan pernah main game game paling tidak adil jagat raya benar benar bukan main adil,-11.0,Negatif,-11.0,Negatif,Negatif,train
jangan download game ini kalo gak mau gila,1,2026-07-26 15:48:01,jangan download game kalau tidak mau gila,jangan download game kalau tidak mau gila,-17.0,Negatif,-17.0,Negatif,Negatif,test
kren,5,2026-07-26 15:48:00,kren,kren,0.0,Positif,0.0,Positif,Positif,test
game haram dikasi tim kayak anak balita capek gua ls Mulu tiap hari gara gara team apacoba kalo ngasih team yg bener Napa sih jgn kyk org bego gini Mulu dapet nya bikin males mending gausah main gua lama lama stress doang dikasi team egois semua,1,2026-07-26 15:46:48,game haram dikasi tim kayak anak balita capek losestreak mulu tiap hari gara gara team apacoba kalau ngasih team bener napa sih jangan kyk org bego gini mulu dapet nya bikin males mending gausah main lama lama stress doang dikasi team egois semua,game haram kasi tim kayak anak balita capek losestreak mulu tiap hari gara gara team apacoba kalau ngasih team bener napa sih jangan kyk org bego gin mulu dapet nya bikin males mending gausah main lama lama stress doang kasi team egois semua,-42.0,Negatif,-42.0,Negatif,Negatif,train
pemilihan musuh ga sesuai dan juga kalo pull bintang pasti curang jaringan di kasi lag parah 1 tim biar kalah war. selama gua main game mobail ni game paling busuk yg aku mainin . ini devilover nya niat ga sih bikin pemain nya betah. tolong di perbaiki.,1,2026-07-26 15:46:42,pemilihan musuh tidak sesuai kalau pull bintang curang jaringan kasi lag parah tim kalah war selama main game mobail ni game paling busuk aku mainin devilover nya niat tidak sih bikin pemain nya betah perbaiki,pilih musuh tidak sesuai kalau pull bintang curang jaring kasi lag parah tim kalah war lama main game mobail ni game paling busuk aku mainin devilover nya niat tidak sih bikin main nya betah baik,-45.0,Negatif,-48.0,Negatif,Negatif,train
"tolong tambahkah versi lite, karena game nya udah mulai berat untuk spek low device",2,2026-07-26 15:45:42,tambahkah versi lite game nya udah mulai berat spek low device,tambah versi lite game nya udah mulai berat spek low device,3.0,Positif,3.0,Positif,Positif,train
server sering down buruk sering bug pada jaringan,1,2026-07-26 15:44:46,server sering down buruk sering bug jaringan,server sering down buruk sering bug jaring,-3.0,Negatif,-5.0,Negatif,Negatif,train
lag parah bikin emosi aja,1,2026-07-26 15:44:20,lag parah bikin emosi aja,lag parah bikin emosi aja,-5.0,Negatif,-8.0,Negatif,Negatif,train
stuck dilogo truss !!!!!!! gajelas moonton,1,2026-07-26 15:42:22,stuck dilogo truss gajelas moonton,stuck logo truss gajelas moonton,0.0,Negatif,0.0,Negatif,Negatif,train
"game gk bener, game merusak moral, game pembodohan, main game untuk hiburan tapi di kasih team yang gk bener melulu",1,2026-07-26 15:39:17,game tidak bener game merusak moral game pembodohan main game hiburan kasih team tidak bener melulu,game tidak bener game rusak moral game bodoh main game hibur kasih team tidak bener melulu,-3.0,Negatif,-3.0,Negatif,Negatif,test
"aku gak tau ini di aku aja atau yang lain juga. aku tuh main setiap loading 80% kalau udah muncul notif loading"" gtu gak bakal gerak stack aja di 80, coba relog tetap gak bisa masuk game alhasil afk dan gara"" bug lag ini wr ku hancur total. yang paling parah lusa kemarin aku bug pas mau match game, loading"" di lobby coba relog tetap loading jadi ku coba download ulang berharap bug nya udah gak ada. tapi barusan aku baru mau main habis download tapi malah buggggg loading game lagi ajggggggg capek",1,2026-07-26 15:38:06,aku tidak tau aku aja aku tuh main loading kalau udah muncul notif loading gtu tidak bakal gerak stack aja coba relog tetap tidak masuk game alhasil afk gara bug lag winrate ku hancur total paling parah lusa kemarin aku bug pas mau match game loading lobby coba relog tetap loading jadi ku coba download ulang berharap bug nya udah tidak barusan aku baru mau main habis download malah bugg loading game ajgg capek,aku tidak tau aku aja aku tuh main loading kalau udah muncul notif loading gtu tidak bakal gerak stack aja coba relog tetap tidak masuk game alhasil afk gara bug lag winrate ku hancur total paling parah lusa kemarin aku bug pas mau match game loading lobby coba relog tetap loading jadi ku coba download ulang harap bug nya udah tidak barusan aku baru mau main habis download malah bugg loading game ajgg capek,8.0,Positif,-3.0,Negatif,Negatif,test
"pliss 10 kali mi sya kalah terus, baru nd di ksh menang² .... ksh tim ndd yang beres",1,2026-07-26 15:37:06,pliss kali mi sya kalah terus baru nd ksh menang ksh tim ndd beres,pliss kali mi sya kalah terus baru nd ksh menang ksh tim ndd beres,-9.0,Negatif,-5.0,Negatif,Negatif,train
"ml sepi kah? gw setiap main ketemu bot ml trus aneh banget padahal main rank, yang lebih anehnya lagi tim musuh gada bot ml nya ini kenapa dah, mending kalo bot nya jago bot nya ga bisa main ga ngerti mundur, war terus padahal kalah gold",1,2026-07-26 15:34:17,ml sepi main ketemu bot ml trus aneh banget padahal main rank lebih anehnya tim musuh gada bot ml nya mending kalau bot nya jago bot nya tidak main tidak ngerti mundur war terus padahal kalah gold,ml sepi main ketemu bot ml trus aneh banget padahal main rank lebih aneh tim musuh gada bot ml nya mending kalau bot nya jago bot nya tidak main tidak ngerti mundur war terus padahal kalah gold,-29.0,Negatif,-29.0,Negatif,Negatif,train
sistem macth makingnya sampah,1,2026-07-26 15:34:01,sistem macth makingnya sampah,sistem macth making sampah,-8.0,Negatif,-8.0,Negatif,Negatif,train
game rusak main 3 kali kalah kalo ngasih tim yang ngotak lah anjir,1,2026-07-26 15:33:46,game rusak main kali kalah kalau ngasih tim ngotak lah anjir,game rusak main kali kalah kalau ngasih tim ngotak lah anjir,-9.0,Negatif,-9.0,Negatif,Negatif,train
"matchmaking dibenerin lah moontonnnnnnn, kasih tim yang seimbang rank tertingginyaaaa",1,2026-07-26 15:32:24,matchmaking dibenerin lah moontonn kasih tim seimbang rank tertingginyaa,matchmaking dibenerin lah moontonn kasih tim imbang rank tertingginyaa,-3.0,Negatif,-3.0,Negatif,Negatif,train
saya sangat senang bermain game ini,5,2026-07-26 15:32:22,sangat senang bermain game,sangat senang main game,1.0,Positif,1.0,Positif,Positif,train
game kikir,1,2026-07-26 15:32:20,game kikir,game kikir,6.0,Positif,6.0,Positif,Positif,train
"ping hijau tapi lag parah, buka app lain sinyal normal (aku pake wifi), apalagi kalo lagi war ping hijau tapi lag banget, pas udahan war nya atau ke kill musuh game nya kembali normal ngga lah sama sekali, tolong di perbaiki",2,2026-07-26 15:31:11,ping hijau lag parah buka app sinyal normal aku pake wifi kalau war ping hijau lag banget pas udahan war nya kill musuh game nya normal ngga lah sama sekali perbaiki,ping hijau lag parah buka app sinyal normal aku pake wifi kalau war ping hijau lag banget pas udahan war nya kill musuh game nya normal ngga lah sama sekali baik,1.0,Positif,-5.0,Negatif,Negatif,train
"Hello Moonton, I would like to offer a suggestion to improve the game. Please remove the account recovery feature, as accounts are easily stolen via MLBB Customer Service, or alternatively, limit the maximum number of times a Moonton account can be switched to just three.",2,2026-07-26 15:30:29,hello moonton i would like to offer a suggestion to improve the game please remove the account recovery feature as accounts are easily stolen via mlbb customer service or alternatively limit the maximum number of times a moonton account can be switched to just three,hello moonton i would like to offer a suggestion to improve the game please remove the account recovery feature as accounts are easily stolen via mlbb customer service or alternatively limit the maximum number of times a moonton account can be switched to just three,1.0,Positif,1.0,Positif,Positif,train
jaringan yg bener jangan sengaja dirusak giliran posisi lagi menag eror ga stabil tapi kalo posisi kalah ga pernah ngeleg !!! kasih bener dong sistemnya jangan lawannya kelewat pinter giliran timnya sendiri rusak + bot,1,2026-07-26 15:29:16,jaringan bener jangan sengaja dirusak giliran posisi menag eror tidak stabil kalau posisi kalah tidak pernah ngeleg kasih bener dong sistemnya jangan lawannya kelewat pinter giliran timnya sendiri rusak bot,jaring bener jangan sengaja rusak gilir posisi menag eror tidak stabil kalau posisi kalah tidak pernah ngeleg kasih bener dong sistem jangan lawan lewat pinter gilir tim sendiri rusak bot,-18.0,Negatif,-18.0,Negatif,Negatif,train
tim musuh jago sedangkan tim ku gak bisa maen,1,2026-07-26 15:28:43,tim musuh jago tim ku tidak maen,tim musuh jago tim ku tidak maen,-17.0,Negatif,-17.0,Negatif,Negatif,train
Game haram di main kan bikin emosi,1,2026-07-26 15:28:11,game haram main kan bikin emosi,game haram main kan bikin emosi,1.0,Positif,1.0,Positif,Positif,test
sistem matchmaking lu sistem judi,1,2026-07-26 15:28:06,sistem matchmaking kamu sistem judi,sistem matchmaking kamu sistem judi,-8.0,Negatif,-8.0,Negatif,Negatif,test
saya suka,5,2026-07-26 15:27:34,suka,suka,2.0,Positif,2.0,Positif,Positif,train
"gem perusak hp,sinyal server nya sering hilang ,main pata pata ,,paslagi war ilang jaringan ,,sedangkan penggunaan aplikasi lain kgk ada ilang sinyal ,,,makin gedek ajah penggunaan RM ini gem,dari 500 mb,2 gb ,sampai 9gb,,,tinggal ,unstal apa guna main ML ,dapat apa apa kgk dapat emos iya",1,2026-07-26 15:27:13,gem perusak handphone sinyal server nya sering hilang main pata pata paslagi war ilang jaringan penggunaan aplikasi kgk ilang sinyal makin gedek ajah penggunaan rm gem mb gb gb tinggal unstal apa main ml apa apa kgk emos iya,gem usak handphone sinyal server nya sering hilang main pata pata paslagi war ilang jaring guna aplikasi kgk ilang sinyal makin gedek ajah guna rm gem mb gb gb tinggal unstal apa main ml apa apa kgk emos iya,-26.0,Negatif,-26.0,Negatif,Negatif,train
"game bdh, baru win 5 di ksi tim pekok",1,2026-07-26 15:26:52,game bdh baru win ksi tim pekok,game bdh baru win ksi tim kok,-2.0,Negatif,-2.0,Negatif,Negatif,train
"kalau gabisa misahin darksystem wr 40 40 60/legend mawi honor, mending system block player nya jangan di batasin moonton tlol, mau block orang harus lepas block darksystem yng lainnya sama ajaa tlol gada bedanya, kayak game lain noh system block nya gak terbatas biar ga ketemu darksystem secara terus meneruss, syatem bobrok gabisa nyelesai in masalah playerny minimal jangan mempersulit",1,2026-07-26 15:24:12,kalau gabisa misahin darksystem winrate legend mawi honor mending system block player nya jangan batasin moonton tlol mau block orang lepas block darksystem yng lainnya sama ajaa tlol gada bedanya kayak game noh system block nya tidak terbatas tidak ketemu darksystem terus meneruss syatem bobrok gabisa nyelesai in masalah playerny minimal jangan mempersulit,kalau gabisa misahin darksystem winrate legend mawi honor mending system block player nya jangan batasin moonton tlol mau block orang lepas block darksystem yng lain sama ajaa tlol gada beda kayak game noh system block nya tidak batas tidak ketemu darksystem terus meneruss syatem bobrok gabisa nyelesai in masalah playerny minimal jangan sulit,-46.0,Negatif,-46.0,Negatif,Negatif,train
permainan bagus walau kadang berat sebelah🤣🤣 asik buat waktu santai,5,2026-07-26 15:20:58,permainan bagus kadang berat sebelah asik buat waktu santai emoji_netral emoji_netral,main bagus kadang berat belah asik buat waktu santai emoji_netral emoji_netral,4.0,Positif,9.0,Positif,Positif,test
kekurangan player yang toleransi kebanyakan player sering mementingkan diri sendiri tanpa sadar bahwa ini adalah game yang mengandalkan tim dear player for monton,1,2026-07-26 15:20:19,kekurangan player toleransi kebanyakan player sering mementingkan diri sendiri tanpa sadar game mengandalkan tim dear player for moonton,kurang player toleransi banyak player sering penting diri sendiri tanpa sadar game andal tim dear player for moonton,1.0,Positif,1.0,Positif,Positif,train
"tolong diperbaiki masalah jaringan , saat diluar game jaringan bagus,tp saat mulai game atau war jaringan jd jelek dan tidak stabil.",4,2026-07-26 15:18:43,diperbaiki masalah jaringan diluar game jaringan bagus mulai game war jaringan jadi jelek tidak stabil,baik masalah jaring luar game jaring bagus mulai game war jaring jadi jelek tidak stabil,-18.0,Negatif,-13.0,Negatif,Negatif,train
kadang ngelag padahal jaringan hijau suka ga enak di gemplay nya jadi kacauu parah padahal pake wifi baik baik aja tiba tiba ga bisa.di pencet ah kacau,2,2026-07-26 15:18:37,kadang ngelag padahal jaringan hijau suka tidak enak gemplay nya jadi kacauu parah padahal pake wifi baik baik aja tiba tiba tidak pencet ah kacau,kadang ngelag padahal jaring hijau suka tidak enak gemplay nya jadi kacauu parah padahal pake wifi baik baik aja tiba tiba tidak pencet ah kacau,-3.0,Negatif,-8.0,Negatif,Negatif,train
"matchmaking yg payah , jauh dari kata adil , hanya yg dipikir event doang",1,2026-07-26 15:18:32,matchmaking payah jauh kata adil dipikir event doang,matchmaking payah jauh kata adil pikir event doang,-4.0,Negatif,-4.0,Negatif,Negatif,train
ngenthod,5,2026-07-26 15:18:25,ngenthod,ngenthod,0.0,Positif,0.0,Positif,Positif,train
waw game yang sangat anj*g memberikan kita tim yang sangat bisa di andalkan aku suka game gobl*k satu ini developer adil dan bngs*t,2,2026-07-26 15:18:25,waw game sangat anj g memberikan tim sangat andalkan aku suka game gobl k satu developer adil bngs t,waw game sangat anj g beri tim sangat andal aku suka game gobl k satu developer adil bngs t,2.0,Positif,2.0,Positif,Positif,train
gooodd,5,2026-07-26 15:18:22,goodd,goodd,0.0,Positif,0.0,Positif,Positif,train
"skarang mobile legends parah main solo ketemu trio atau duo, sangat membosankan... perbaikilah kalo player solo ketemu solo biar ver",1,2026-07-26 15:17:41,skarang mobile legends parah main solo ketemu trio duo sangat membosankan perbaikilah kalau player solo ketemu solo ver,skarang mobile legends parah main solo ketemu trio duo sangat bosan baik kalau player solo ketemu solo ver,-3.0,Negatif,-3.0,Negatif,Negatif,test
"apaan dah masa wifi gua lancar tapi pas main ml dapet sinyal di 200 San, udah muak gua,main yang lain aja lancar apalagi Genshin impact sinyal nya lancar"" aja, sebisanya update depan di perbaiki saya udah 3 hari sinyal dapetnya gitu"" terus",2,2026-07-26 15:15:06,apaan masa wifi lancar pas main ml dapet sinyal san udah muak main aja lancar genshin impact sinyal nya lancar aja sebisanya update depan perbaiki udah hari sinyal dapetnya gitu terus,apa masa wifi lancar pas main ml dapet sinyal san udah muak main aja lancar genshin impact sinyal nya lancar aja bisa update depan baik udah hari sinyal dapetnya gitu terus,4.0,Positif,4.0,Positif,Positif,test
perusahaan gak guna sok bikin game,1,2026-07-26 15:14:26,perusahaan tidak sok bikin game,usaha tidak sok bikin game,0.0,Negatif,0.0,Negatif,Negatif,train
bheee bheeee good,5,2026-07-26 15:13:51,bhee bhee good,bhee bhee good,5.0,Positif,5.0,Positif,Positif,train
moonton kalau kasih tim yang bener lah capek gua main exp dikasih tim yang gak mau rotasi sama sekali padahal dah jelas kalah level gua plisss lah lain kali match in Ama yang bener bosen guanya gitu gitu terus tim kagak faham rotasi exp juga butuh dirotasiin gua pen rotasi aja susah kalo dah kalah level pliss lah moonton muak banget gua kasih tim tuh yang bener lah Jan kasih jungler retri Indomaret juga muak gua ngeselin banget dah ketemu player kek gitu apa lagi gold lanenya yg gak bisa main,2,2026-07-26 15:12:54,moonton kalau kasih tim bener lah capek main exp dikasih tim tidak mau rotasi sama sekali padahal jelas kalah level pliss lah kali match in ama bener bosen guanya gitu gitu terus tim kagak faham rotasi exp butuh dirotasiin pen rotasi aja susah kalau kalah level pliss lah moonton muak banget kasih tim tuh bener lah jan kasih jungler retri indomaret muak ngeselin banget ketemu player kek gitu apa gold lanenya tidak main,moonton kalau kasih tim bener lah capek main exp kasih tim tidak mau rotasi sama sekali padahal jelas kalah level pliss lah kali match in ama bener bosen gua gitu gitu terus tim kagak faham rotasi exp butuh dirotasiin pen rotasi aja susah kalau kalah level pliss lah moonton muak banget kasih tim tuh bener lah jan kasih jungler retri indomaret muak ngeselin banget ketemu player kek gitu apa gold lanenya tidak main,-58.0,Negatif,-58.0,Negatif,Negatif,train
gem nya seru tapi kenapa monton tim musuh setara pro pelayer tapi timkita kaya baru pegang hp sumpah ga adil banget yang punya darah tinggi setres jangan main gem ini lah saran gue,2,2026-07-26 15:10:17,gem nya seru moonton tim musuh setara pro pelayer timkita kaya baru pegang handphone sumpah tidak adil banget punya darah tinggi setres jangan main gem lah saran,gem nya seru moonton tim musuh tara pro layer timkita kaya baru pegang handphone sumpah tidak adil banget punya darah tinggi tres jangan main gem lah saran,-10.0,Negatif,-7.0,Negatif,Negatif,train
"game bozok, internet bozok, pengaturan bozok, dibuat kalah teruzz, males maen...",1,2026-07-26 15:10:08,game bozok internet bozok pengaturan bozok dibuat kalah teruzz males maen,game bozok internet bozok atur bozok buat kalah teruzz males maen,-3.0,Negatif,-3.0,Negatif,Negatif,train
dari system jangan tolol banget kek,1,2026-07-26 15:06:14,system jangan tolol banget kek,system jangan tolol banget kek,3.0,Positif,3.0,Positif,Positif,train
banyak bet DARKSISTEM nya,3,2026-07-26 15:04:45,banyak bet darksistem nya,banyak bet darksistem nya,0.0,Negatif,0.0,Negatif,Negatif,train
game hebat,5,2026-07-26 15:00:22,game hebat,game hebat,2.0,Positif,2.0,Positif,Positif,test
"matchmakingnya jelek banget asli, kalah menang terus, giliran menang 3x kalahnya juga 3x, yang bener aja lah moonton. udah banyak yang ngasih kritik dan saran soal matchmaking tetep aja ga dibenerin, bikin stress aja ini game. sumpah ngeselin, nyebelin, sistem matchmaking jelek.",1,2026-07-26 15:00:12,matchmakingnya jelek banget asli kalah menang terus giliran menang x kalahnya x bener aja lah moonton udah banyak ngasih kritik saran soal matchmaking tetep aja tidak dibenerin bikin stress aja game sumpah ngeselin nyebelin sistem matchmaking jelek,matchmakingnya jelek banget asli kalah menang terus gilir menang x kalah x bener aja lah moonton udah banyak ngasih kritik saran soal matchmaking tetep aja tidak dibenerin bikin stress aja game sumpah ngeselin nyebelin sistem matchmaking jelek,-32.0,Negatif,-24.0,Negatif,Negatif,train
moonton emang pelit bjirr kasih musuhnya yg susah asalkan tim gw masih epik semua udah dark sistem pula makanya jng mainin game ini atau kalian akan stress kaya gw sekian terimakasih,1,2026-07-26 15:00:06,moonton emang pelit bjirr kasih musuhnya susah asalkan tim epik semua udah dark sistem makanya jng mainin game kalian stress kaya sekian terimakasih,moonton emang pelit bjirr kasih musuh susah asal tim epik semua udah dark sistem makanya jng mainin game kalian stress kaya sekian terimakasih,-14.0,Negatif,-14.0,Negatif,Negatif,test
Game tololl,1,2026-07-26 15:00:02,game tololl,game tololl,2.0,Positif,2.0,Positif,Positif,test
seru banget kalo lawan nya seimbang Ama tim,5,2026-07-26 14:59:19,seru banget kalau lawan nya seimbang ama tim,seru banget kalau lawan nya imbang ama tim,-7.0,Negatif,-4.0,Negatif,Negatif,train
"6×main menang 1×, emang gokil, dapet tim pada buta, data masih banyak juga pingnya naik turun, kocak.",1,2026-07-26 14:56:33,main menang emang gokil dapet tim buta data banyak pingnya naik turun kocak,main menang emang gokil dapet tim buta data banyak pingnya naik turun kocak,-12.0,Negatif,-8.0,Negatif,Negatif,train
woi monton kapan kasih win monton ud 2 minggu wlwl,2,2026-07-26 14:55:42,woi moonton kapan kasih win moonton ud minggu wlwl,woi moonton kapan kasih win moonton ud minggu wlwl,1.0,Positif,1.0,Positif,Positif,train
"tolong dong moonton sinyal nya di perbaiki dulu, saya di loby sinyal nya normal, trus di in game sinyal berubah drastis sampe merah merah sinyal nya, jadi tolong moonton perbaiki sinyal nya, trus ada lagi soal mactmaking tim nya gak seimbang, di tim musuh pada bagus, lah ini di kasih tim dark sistem, dah gitu aja sinyal sinyal sinyal perbaiki yah.",5,2026-07-26 14:54:44,dong moonton sinyal nya perbaiki dulu loby sinyal nya normal trus in game sinyal berubah drastis sampe merah merah sinyal nya jadi moonton perbaiki sinyal nya trus soal mactmaking tim nya tidak seimbang tim musuh bagus lah kasih tim dark sistem gitu aja sinyal sinyal sinyal perbaiki yah,dong moonton sinyal nya baik dulu loby sinyal nya normal trus in game sinyal ubah drastis sampe merah merah sinyal nya jadi moonton baik sinyal nya trus soal mactmaking tim nya tidak imbang tim musuh bagus lah kasih tim dark sistem gitu aja sinyal sinyal sinyal baik yah,-22.0,Negatif,-17.0,Negatif,Negatif,test
selalu dikasih tim drak sistem,1,2026-07-26 14:52:44,selalu dikasih tim drak sistem,selalu kasih tim drak sistem,-6.0,Negatif,-6.0,Negatif,Negatif,train
"game apaan nih masa lose sampe 7X gw roam nya suport terus pliss monton hapus Hero anjela,sama floryn pliss itu Hero gak guna bgt sumpah",1,2026-07-26 14:52:23,game apaan nih masa lose sampe x roam nya suport terus pliss moonton hapus hero anjela sama floryn pliss hero tidak banget sumpah,game apa nih masa lose sampe x roam nya suport terus pliss moonton hapus hero anjela sama floryn pliss hero tidak banget sumpah,-8.0,Negatif,-8.0,Negatif,Negatif,train
gem nya sangat seru dan menarik setiap saat ini,5,2026-07-26 14:50:44,gem nya sangat seru menarik,gem nya sangat seru tarik,-2.0,Negatif,1.0,Positif,Positif,train
game apa ini login pakai akun google yang sama aja ngga bisa alasannya (akun tidak terkait dengan game) padahal kemaren segala proteksi keamanan akun di aktifkan,1,2026-07-26 14:50:27,game apa login pakai akun google sama aja ngga alasannya akun tidak terkait game padahal kemaren segala proteksi keamanan akun aktifkan,game apa login pakai akun google sama aja ngga alas akun tidak kait game padahal kemaren segala proteksi aman akun aktif,1.0,Positif,1.0,Positif,Positif,test
game taiiii maen nge lag muluu.. pakai WiFi atau data juga sama aja,1,2026-07-26 14:50:21,game taii maen nge lag muluu pakai wifi data sama aja,game taii maen nge lag muluu pakai wifi data sama aja,6.0,Positif,3.0,Positif,Positif,train
"game gila, ngasi time tidak setara dengan musuh",1,2026-07-26 14:49:56,game gila ngasi time tidak setara musuh,game gila ngasi time tidak tara musuh,-15.0,Negatif,-15.0,Negatif,Negatif,train
sampah,1,2026-07-26 14:48:14,sampah,sampah,-4.0,Negatif,-4.0,Negatif,Negatif,test
malas main game ini dapat Drake sistem mlu,5,2026-07-26 14:47:30,malas main game drake sistem mlu,malas main game drake sistem mlu,-6.0,Negatif,-6.0,Negatif,Negatif,train
game pembuatt stresssssss bukann pembuat gilaaaaaa kalo ga timnya aneh sinyalnya full merah,1,2026-07-26 14:45:01,game pembuatt stress bukann pembuat gilaa kalau tidak timnya aneh sinyalnya full merah,game pembuatt stress bukann buat gilaa kalau tidak tim aneh sinyal full merah,-8.0,Negatif,-8.0,Negatif,Negatif,train
terlalu oferpoworrrrrrrrr,5,2026-07-26 14:43:34,terlalu oferpoworr,terlalu oferpoworr,-3.0,Negatif,-3.0,Negatif,Negatif,train
bagus tapi kesal banyak dark sistem,5,2026-07-26 14:42:57,bagus kesal banyak dark sistem,bagus kesal banyak dark sistem,-7.0,Negatif,-2.0,Negatif,Negatif,train
"game apa ini, matchmakingnya ga seimbang saya solo ketemu partyan terus, belum lagi tim yg ga jelas dan jaringan yg merah ketika akan menang alhasil kekombek terus 👎🏼cuih",1,2026-07-26 14:42:05,game apa matchmakingnya tidak seimbang solo ketemu partyan terus belum tim tidak jelas jaringan merah menang alhasil kekombek terus cuih emoji_negatif emoji_lain,game apa matchmakingnya tidak imbang solo ketemu partyan terus belum tim tidak jelas jaring merah menang alhasil kekombek terus cuih emoji_negatif emoji_lain,-3.0,Negatif,1.0,Positif,Positif,train
game dongo matchmaking tidak jelas,1,2026-07-26 14:41:34,game dongo matchmaking tidak jelas,game dongo matchmaking tidak jelas,-1.0,Negatif,-1.0,Negatif,Negatif,test
"hari hari masalah di jaringan, padahal bagus aja jaringan gw, skill tiba-tiba keluar sendiri,delay, masih mending jaringan gw bemasalah, dan lagi untuk system pemilihan lane. Padahal match terbanyak mid tapi tetep aja yang dipilih pasti bukan di mid. disuruh ganti jaringan? jaringan bagus saya sudah bagus banget tetap aja ngelag main game game lain lancar lancar aja padahal better MLA or MCGG",1,2026-07-26 14:41:03,hari hari masalah jaringan padahal bagus aja jaringan skill tiba tiba keluar sendiri delay mending jaringan bemasalah system pemilihan lane padahal match terbanyak mid tetep aja dipilih bukan mid disuruh ganti jaringan jaringan bagus bagus banget tetap aja ngelag main game game lancar lancar aja padahal better mla or mcgg,hari hari masalah jaring padahal bagus aja jaring skill tiba tiba keluar sendiri delay mending jaring basa system pilih lane padahal match banyak mid tetep aja pilih bukan mid suruh ganti jaring jaring bagus bagus banget tetap aja ngelag main game game lancar lancar aja padahal better mla or mcgg,-13.0,Negatif,-1.0,Negatif,Negatif,train
game yang cuma bisa bikin stres doang sekali kala ya kalah terus dapat MVP kalah doang gw,1,2026-07-26 14:40:38,game cuma bikin stres doang sekali kala kalah terus mvp kalah doang,game cuma bikin stres doang sekali kala kalah terus mvp kalah doang,-14.0,Negatif,-14.0,Negatif,Negatif,train
kenapa jaringan ku lag tiap main? dalam satu match mau sampai 4 kali lag. apa tanggapan Klian?,1,2026-07-26 14:40:25,jaringan ku lag tiap main satu match mau kali lag apa tanggapan klian,jaring ku lag tiap main satu match mau kali lag apa tanggap klian,5.0,Positif,-1.0,Negatif,Negatif,train
tolong kurang i map baru yang menambah kegampangan ini game,3,2026-07-26 14:39:44,kurang i map baru menambah kegampangan game,kurang i map baru tambah gampang game,2.0,Positif,2.0,Positif,Positif,train
montoon bang--- selalu ngasih tim sampah mentok epic dikasih lawan mantan immortal,1,2026-07-26 14:39:23,moonton bang selalu ngasih tim sampah mentok epic dikasih lawan mantan immortal,moonton bang selalu ngasih tim sampah mentok epic kasih lawan mantan immortal,-16.0,Negatif,-16.0,Negatif,Negatif,train
bodo x dapat masuk game,1,2026-07-26 14:38:43,bodo x masuk game,bodo x masuk game,-6.0,Negatif,-6.0,Negatif,Negatif,test
game hebad,5,2026-07-26 14:37:48,game hebad,game hebad,2.0,Positif,2.0,Positif,Positif,train
game kont setiap main ls bnyk epic pantesan di plagiat orang game sebelah lebih adil,1,2026-07-26 14:37:48,game kont main losestreak bnyk epic pantesan plagiat orang game sebelah lebih adil,game kont main losestreak bnyk epic pantesan plagiat orang game belah lebih adil,0.0,Negatif,0.0,Negatif,Negatif,train
busuk game busuk main solo dapet team kyak monyet semua,1,2026-07-26 14:36:19,busuk game busuk main solo dapet team kyak monyet semua,busuk game busuk main solo dapet team kyak monyet semua,-9.0,Negatif,-9.0,Negatif,Negatif,test
"suka tiba-tiba ngelag padahal ping hijau terus main mode rank musuh tim jago sedangkan tim sendiri hancur, di report cuma pengurangan kredit skor padahal itu yg sy report melakukan kesalahan fatal dan bukan cuma satu kadang 2 orang yg melakukan feed dgn sengaja",1,2026-07-26 14:36:12,suka tiba tiba ngelag padahal ping hijau terus main mode rank musuh tim jago tim sendiri hancur report cuma pengurangan kredit skor padahal report melakukan kesalahan fatal bukan cuma satu kadang orang melakukan feed sengaja,suka tiba tiba ngelag padahal ping hijau terus main mode rank musuh tim jago tim sendiri hancur report cuma kurang kredit skor padahal report laku salah fatal bukan cuma satu kadang orang laku feed sengaja,-17.0,Negatif,-20.0,Negatif,Negatif,train
game hama anj,1,2026-07-26 14:32:19,game hama anj,game hama anj,-1.0,Negatif,-1.0,Negatif,Negatif,train
satu kata aja muntun kalo ngasih tim yang bener,5,2026-07-26 14:31:56,satu kata aja moonton kalau ngasih tim bener,satu kata aja moonton kalau ngasih tim bener,0.0,Positif,0.0,Positif,Positif,train
"game paling gak adil. katanya udah diperbaiki sistem draftnya nyatanya 0 gak berubah dari dulu, game dengan sistem terburuk sepanjang masa, ""jangan pernah download game ini"", ayo bareng2 kasih bintang 1",1,2026-07-26 14:31:46,game paling tidak adil katanya udah diperbaiki sistem draftnya nyatanya tidak berubah dulu game sistem terburuk sepanjang masa jangan pernah download game ayo bareng kasih bintang,game paling tidak adil kata udah baik sistem draftnya nyata tidak ubah dulu game sistem buruk panjang masa jangan pernah download game ayo bareng kasih bintang,-12.0,Negatif,-12.0,Negatif,Negatif,train
kasih kalah teruss nih game kasih lawan gak ngotak jir,1,2026-07-26 14:31:03,kasih kalah teruss nih game kasih lawan tidak ngotak jir,kasih kalah teruss nih game kasih lawan tidak ngotak jir,-11.0,Negatif,-11.0,Negatif,Negatif,train
"sinyal gk stabil padahal ping hijau ditambah matchmaking tidak seimbang udah sering kali saya kirim perbandingan masih saja begitu, pikirkan kebahagiaan para player saya anaknya yg punya play store saya suruh hapus ini game nanti",1,2026-07-26 14:31:00,sinyal tidak stabil padahal ping hijau ditambah matchmaking tidak seimbang udah sering kali kirim perbandingan pikirkan kebahagiaan player anaknya punya play store suruh hapus game,sinyal tidak stabil padahal ping hijau tambah matchmaking tidak imbang udah sering kali kirim banding pikir bahagia player anak punya play store suruh hapus game,-1.0,Negatif,-1.0,Negatif,Negatif,train
bagus sih,5,2026-07-26 14:29:57,bagus sih,bagus sih,-2.0,Negatif,3.0,Positif,Positif,train
Bagus Game a.,5,2026-07-26 14:29:47,bagus game a,bagus game a,0.0,Positif,5.0,Positif,Positif,train
banyak pemain yg gk jelas dan menyebabkan kan lag,1,2026-07-26 14:29:35,banyak pemain tidak jelas menyebabkan kan lag,banyak main tidak jelas sebab kan lag,-6.0,Negatif,-9.0,Negatif,Negatif,train
game jeleq mnding main babybus,1,2026-07-26 14:29:29,game jeleq mnding main babybus,game jeleq mnding main babybus,2.0,Positif,2.0,Positif,Positif,train
"akun saya tiba-tiba hilang, padahal sore tanggal 24 juli 2026 masih maen, ketika login lagi malam nya malah di suruh bikin akun baru, saya udah 3 akun hilang semua ntah gara-gara apa, sedangkan saya tidak pernah memakai cheat, dan transaksi legal, tolong kerjasamanya ini akun saya yang terakhir malah ikut ilang, MOONTON MAKIN LAMA MAKIN GAK JELAS, MAU PEMULIHAN AKUN AJA HARUS TAU KAPAN PERTAMA MENDOWNLOAD MLBB SEDANGKAN AKUN GUA DI KASIH SAMA TEMEN DAN AKUN GOOGLE NYA JUGA SUDAH DI HAPUS.",1,2026-07-26 14:29:22,akun tiba tiba hilang padahal sore tanggal juli maen login malam nya malah suruh bikin akun baru udah akun hilang semua ntah gara gara apa tidak pernah memakai cheat transaksi legal kerjasamanya akun terakhir malah ikut ilang moonton makin lama makin tidak jelas mau pemulihan akun aja tau kapan pertama mendownload mlbb akun kasih sama temen akun google nya hapus,akun tiba tiba hilang padahal sore tanggal juli maen login malam nya malah suruh bikin akun baru udah akun hilang semua ntah gara gara apa tidak pernah pakai cheat transaksi legal kerjasamanya akun akhir malah ikut ilang moonton makin lama makin tidak jelas mau pulih akun aja tau kapan pertama mendownload mlbb akun kasih sama temen akun google nya hapus,-30.0,Negatif,-30.0,Negatif,Negatif,train
"muntun mw tanya disuru sena nanya, kenapa recal guin kof(king of fighter) nungging?",1,2026-07-26 14:28:55,moonton mw tanya disuru sena nanya recal guin kof king of fighter nungging,moonton mw tanya disuru sena nanya recal guin kof king of fighter nungging,-1.0,Negatif,-1.0,Negatif,Negatif,train
"ngelaggg sinyallll nya tooqqqqqqq,",5,2026-07-26 14:28:55,ngelagg sinyall nya tooqq,ngelagg sinyall nya tooqq,0.0,Positif,0.0,Positif,Positif,train
game gk jelas tidak adil banyak dark sistem sengaja monton gila,1,2026-07-26 14:25:45,game tidak jelas tidak adil banyak dark sistem sengaja moonton gila,game tidak jelas tidak adil banyak dark sistem sengaja moonton gila,-19.0,Negatif,-19.0,Negatif,Negatif,train
saya belajar dari kekalahan dan saya bisa mencapai impian saya,5,2026-07-26 14:24:53,belajar kekalahan mencapai impian,ajar kalah capai impi,6.0,Positif,6.0,Positif,Positif,train
"nggak jelas sering dapat teman drak sistem pokoknya nggak jelas main sendiri kalah gara gara teman drak sistem nggak jelas memegang padahal renk masih mythic Mawi tapi dapat musuh mythic honor kadang imo emang ga jelas coba tuh kasih teman sama musuh yang setara renk gitu nah gimana sih ini hadehhhh ,mana time yang di kasihh to*** semua lagiii emang g****",1,2026-07-26 14:24:34,tidak jelas sering teman drak sistem pokoknya tidak jelas main sendiri kalah gara gara teman drak sistem tidak jelas memegang padahal renk mythic mawi musuh mythic honor kadang imo emang tidak jelas coba tuh kasih teman sama musuh setara renk gitu nah gimana sih hadehh mana time kasihh to semua lagii emang g,tidak jelas sering teman drak sistem pokok tidak jelas main sendiri kalah gara gara teman drak sistem tidak jelas pegang padahal renk mythic mawi musuh mythic honor kadang imo emang tidak jelas coba tuh kasih teman sama musuh tara renk gitu nah gimana sih hadehh mana time kasihh to semua lagi emang g,-40.0,Negatif,-40.0,Negatif,Negatif,train
terlalu banyak anak' binatang yang bermain game ini jadi saya selalu emosi tolong Ben anak' binatang dari game ini🙏,2,2026-07-26 14:23:55,terlalu banyak anak binatang bermain game jadi selalu emosi ben anak binatang game emoji_netral,terlalu banyak anak binatang main game jadi selalu emosi ben anak binatang game emoji_netral,-7.0,Negatif,-7.0,Negatif,Negatif,train
"knp setiap malam mau main tidak bisa login, sedangkan waktu siang pas jam kerja malah bsa. sumpah kesel banget, tolong dong ini harus di gimanain biar bsa main malem hari, jaringan lancar banget bsa di pake buat ap saja tpi buat login doang g bsa.",3,2026-07-26 14:23:21,malam mau main tidak login waktu siang pas jam kerja malah bsa sumpah kesel banget dong gimanain bsa main malem hari jaringan lancar banget bsa pake buat ap tpi buat login doang g bsa,malam mau main tidak login waktu siang pas jam kerja malah bsa sumpah kesel banget dong gimanain bsa main malem hari jaring lancar banget bsa pake buat ap tpi buat login doang g bsa,2.0,Positif,2.0,Positif,Positif,train
"game gila kalah terus, apa coba Miya roam 😡😡",1,2026-07-26 14:22:12,game gila kalah terus apa coba miya roam emoji_negatif emoji_negatif,game gila kalah terus apa coba miya roam emoji_negatif emoji_negatif,-10.0,Negatif,-10.0,Negatif,Negatif,train
"game apa ini, temen dsek system semua, sekali nya di tim musuh jago banget, sekali dapat tim jago malah ada yang afk, sumpah gajelas banget",1,2026-07-26 14:21:03,game apa temen dsek system semua sekali nya tim musuh jago banget sekali tim jago malah afk sumpah gajelas banget,game apa temen dsek system semua sekali nya tim musuh jago banget sekali tim jago malah afk sumpah gajelas banget,-10.0,Negatif,-12.0,Negatif,Negatif,train
boloe gadue utek kabeh,1,2026-07-26 14:20:15,boloe gadue utek kabeh,boloe gadue utek kabeh,-2.0,Negatif,-2.0,Negatif,Negatif,train
"game seru, bisa buat nengin pikiran",5,2026-07-26 14:18:04,game seru buat nengin pikiran,game seru buat nengin pikir,3.0,Positif,6.0,Positif,Positif,test
"tolong monton lu kasi temen epick Mulu , sdngkan musuh dah di legend semua . lu bisa kasi game yg se imbang ga babi . cape 3 game ktmu darksistem Mulu .",1,2026-07-26 14:17:46,moonton kamu kasi temen epick mulu sdngkan musuh legend semua kamu kasi game se imbang tidak babi cape game ktmu darksistem mulu,moonton kamu kasi temen epick mulu sdngkan musuh legend semua kamu kasi game se imbang tidak babi cape game ktmu darksistem mulu,-13.0,Negatif,-13.0,Negatif,Negatif,train
sangat seru!!,5,2026-07-26 14:16:31,sangat seru,sangat seru,-2.0,Negatif,1.0,Positif,Positif,train
game lol gajelas ngelag,1,2026-07-26 14:16:16,game lol gajelas ngelag,game lol gajelas ngelag,2.0,Positif,-1.0,Negatif,Negatif,train
"assalamualaikum, kalo dijawab aku kasih bintang 5",1,2026-07-26 14:14:39,assalamualaikum kalau dijawab aku kasih bintang,assalamualaikum kalau jawab aku kasih bintang,4.0,Positif,4.0,Positif,Positif,test
"Gw kurangi 1 bintang, game moba terencana system, yg mana draftpick hero diatur system sehingga yg sering jam main akan digabung dgn pemula yg hanya sekedar main, untuk naik tingkat rank harus stress karena 76%kalah menangnya 24%. Gw yakin semakin banyak yg pindah game. Karena game ini bukan moba player tapi moba system. Darkpicksystem so bad. Gameyg akan bikin stress buat solo player. Komentar ke pemain yg jelek skillnya aja kenak ban 2 jam 4 pertandingan. Jadi komentar sekarang dibatasi ya.",1,2026-07-26 14:13:45,kurangi bintang game moba terencana system mana draftpick hero diatur system sering jam main digabung pemula sekedar main naik tingkat rank stress kalah menangnya yakin semakin banyak pindah game game bukan moba player moba system darkpicksystem so bad gameyg bikin stress buat solo player komentar pemain jelek skillnya aja kenak ban jam pertandingan jadi komentar sekarang dibatasi,kurang bintang game moba rencana system mana draftpick hero atur system sering jam main gabung mula dar main naik tingkat rank stress kalah menang yakin makin banyak pindah game game bukan moba player moba system darkpicksystem so bad gameyg bikin stress buat solo player komentar main jelek skillnya aja nak ban jam tanding jadi komentar sekarang batas,-10.0,Negatif,-10.0,Negatif,Negatif,train
game terbaik,5,2026-07-26 14:12:23,game terbaik,game baik,7.0,Positif,7.0,Positif,Positif,train
tolong bersikan draksistem plis saya Uda muak sampai hp saya pecahin Karna tim draksistem semua tolong berikan petunjuk,1,2026-07-26 14:11:47,bersikan draksistem plis uda muak handphone pecahin tim draksistem semua berikan petunjuk,bersikan draksistem plis uda muak handphone pecahin tim draksistem semua ikan tunjuk,-12.0,Negatif,-12.0,Negatif,Negatif,train
"GG nih game, gak akan pernah mati, gak kayak game sebelah yang isinya cuma event tapi sistem gamenya gak di benerin",5,2026-07-26 14:11:45,gg nih game tidak pernah mati tidak kayak game sebelah isinya cuma event sistem gamenya tidak benerin,gg nih game tidak pernah mati tidak kayak game belah isi cuma event sistem gamenya tidak benerin,-20.0,Negatif,-17.0,Negatif,Negatif,train
Menurut saya game ya sangat bagus dan cukup menghibur untuk waktu luwang ku tapik sulit untuk naik ki reng,2,2026-07-26 14:11:23,game sangat bagus cukup menghibur waktu luwang ku tapik sulit naik ki reng,game sangat bagus cukup hibur waktu luwang ku tapik sulit naik ki reng,-6.0,Negatif,-1.0,Negatif,Negatif,test
gem tolol,1,2026-07-26 14:10:36,gem tolol,gem tolol,-5.0,Negatif,-5.0,Negatif,Negatif,train
baguss banget tapi kurang nya kalau misal waktu main ada urusan penting bgt tapi Gabole afk dikit pun itu bikin ribet banget sumpah bikin suatu mode agar kita bisa afk dengan aman dong kek waktu kita mengaktifkan mode afk ada bot (AI) yang memainkan player kita dan saat kita mematikan mode tersebut bot (AI) akan hilang itu aja sih saran ku :),5,2026-07-26 14:09:37,baguss banget kurang nya kalau misal waktu main urusan penting banget gabole afk dikit bikin ribet banget sumpah bikin suatu mode afk aman dong kek waktu mengaktifkan mode afk bot ai memainkan player mematikan mode tersebut bot ai hilang aja sih saran ku,baguss banget kurang nya kalau misal waktu main urus penting banget gabole afk dikit bikin ribet banget sumpah bikin suatu mode afk aman dong kek waktu aktif mode afk bot ai main player mati mode sebut bot ai hilang aja sih saran ku,-17.0,Negatif,-23.0,Negatif,Negatif,test
game jelek,1,2026-07-26 14:08:00,game jelek,game jelek,-3.0,Negatif,-3.0,Negatif,Negatif,train
tolong masalah jaringan di perbaiki ....masak wifiku bagus ping naik turun,1,2026-07-26 14:07:47,masalah jaringan perbaiki masak wifiku bagus ping naik turun,masalah jaring baik masak wifiku bagus ping naik turun,-8.0,Negatif,-3.0,Negatif,Negatif,train
seru banget mobil legenda bang bang gamenya lumayan sulit tapi seru banget,5,2026-07-26 14:06:31,seru banget mobil legenda bang bang gamenya lumayan sulit seru banget,seru banget mobil legenda bang bang gamenya lumayan sulit seru banget,2.0,Positif,8.0,Positif,Positif,train
game bodoh. ngasi musuh ga seimbang. Nemu tim bodoh Mulu. emang montoon ga layak di kasi bintang 5,1,2026-07-26 14:06:21,game bodoh ngasi musuh tidak seimbang nemu tim bodoh mulu emang moonton tidak layak kasi bintang,game bodoh ngasi musuh tidak imbang nemu tim bodoh mulu emang moonton tidak layak kasi bintang,-18.0,Negatif,-18.0,Negatif,Negatif,train
wah moonton kapan aku ws panjang lagii,1,2026-07-26 14:04:56,wah moonton kapan aku winstreak panjang lagii,wah moonton kapan aku winstreak panjang lagi,3.0,Positif,3.0,Positif,Positif,train
ketemu beban tim terus Meding hapus aja ini game di hp kalian,1,2026-07-26 14:04:13,ketemu beban tim terus meding hapus aja game handphone kalian,ketemu beban tim terus meding hapus aja game handphone kalian,-8.0,Negatif,-8.0,Negatif,Negatif,train
syah sngat suka,5,2026-07-26 14:03:23,syah sngat suka,syah sngat suka,2.0,Positif,2.0,Positif,Positif,test
game game beta,1,2026-07-26 14:03:05,game game beta,game game beta,1.0,Positif,1.0,Positif,Positif,train
"gajelas match making Nya selalu di kasih dari system, minimal benerin dulu system match sebelum event, kasian player solo kaya saya",1,2026-07-26 14:02:27,gajelas match making nya selalu kasih system minimal benerin dulu system match event kasian player solo kaya,gajelas match making nya selalu kasih system minimal benerin dulu system match event kasi player solo kaya,-3.0,Negatif,-3.0,Negatif,Negatif,train
"game ramah, baik",5,2026-07-26 14:02:06,game ramah baik,game ramah baik,6.0,Positif,6.0,Positif,Positif,train
gamenya bagus cuma timnya aja yang ga pernah bagus,5,2026-07-26 14:00:28,gamenya bagus cuma timnya aja tidak pernah bagus,gamenya bagus cuma tim aja tidak pernah bagus,-11.0,Negatif,-1.0,Negatif,Negatif,train
Hirara Hero ampas gw jadinya kena report,1,2026-07-26 13:59:03,hirara hero ampas jadinya kena report,hirara hero ampas jadi kena report,-6.0,Negatif,-6.0,Negatif,Negatif,train
"game buat emosi,saya diberi musuh jago tim saya malah gk bisa main",1,2026-07-26 13:56:14,game buat emosi diberi musuh jago tim malah tidak main,game buat emosi beri musuh jago tim malah tidak main,-8.0,Negatif,-8.0,Negatif,Negatif,train
"kalau main solo sangat berat sekali naik bintangnyaa,,banyak banget player anomalinya,,memang harus main party baru bisa cepat naik bintang,,minimal trio,,",5,2026-07-26 13:56:03,kalau main solo sangat berat sekali naik bintangnyaa banyak banget player anomalinya memang main party baru cepat naik bintang minimal trio,kalau main solo sangat berat sekali naik bintangnyaa banyak banget player anomali memang main party baru cepat naik bintang minimal trio,0.0,Positif,0.0,Positif,Positif,train
game nya seru banget jadi ketagihannnnnn,5,2026-07-26 13:53:58,game nya seru banget jadi ketagihann,game nya seru banget jadi ketagihann,2.0,Positif,5.0,Positif,Positif,train
server nya ga jelas tiba² ngelag,1,2026-07-26 13:53:03,server nya tidak jelas tiba ngelag,server nya tidak jelas tiba ngelag,-3.0,Negatif,-6.0,Negatif,Negatif,train
jangan donlod game ini game ny bikin orng gila soalnya tim sama musuhnya gak setara,1,2026-07-26 13:51:46,jangan donlod game game ny bikin orng gila soalnya tim sama musuhnya tidak setara,jangan donlod game game ny bikin orng gila soal tim sama musuh tidak tara,-14.0,Negatif,-14.0,Negatif,Negatif,train
kalian masih di epik Nemu team GK jelas dan jika di legend Nemu team dark sistem mendingan jangan main ini game,1,2026-07-26 13:51:26,kalian epik nemu team tidak jelas legend nemu team dark sistem mendingan jangan main game,kalian epik nemu team tidak jelas legend nemu team dark sistem mending jangan main game,-13.0,Negatif,-13.0,Negatif,Negatif,train
sangat seru dan membuat orang sangat tenang,5,2026-07-26 13:50:26,sangat seru membuat orang sangat tenang,sangat seru buat orang sangat tenang,1.0,Positif,4.0,Positif,Positif,test
moonton game tolol dikasih nya musuh jago Mulu sedangkan team gua dikasih yang dark system bloon Udah uninstall aja 👿👿👿,1,2026-07-26 13:50:22,moonton game tolol dikasih nya musuh jago mulu team dikasih dark system bloon udah uninstall aja emoji_lain emoji_lain emoji_lain,moonton game tolol kasih nya musuh jago mulu team kasih dark system bloon udah uninstall aja emoji_lain emoji_lain emoji_lain,0.0,Negatif,0.0,Negatif,Negatif,train
GAME SAMPAAHH!! matchmaking gak jelass!,1,2026-07-26 13:49:48,game sampaahh matchmaking tidak jelass,game sampaahh matchmaking tidak jelass,-3.0,Negatif,-3.0,Negatif,Negatif,test
"selama saya bermain game ini saya jujur merasa tidak nyaman akibat banyak nya player yg toxic,suka berkata kasar sampai ke orang tua dan martabat keluarga perkara 1 tombol retribusi saya tau ini tidak akan di gubris dan di jawab",1,2026-07-26 13:49:47,selama bermain game jujur merasa tidak nyaman akibat banyak nya player toxic suka berkata kasar orang tua martabat keluarga perkara tombol retribusi tau tidak gubris jawab,lama main game jujur rasa tidak nyaman akibat banyak nya player toxic suka kata kasar orang tua martabat keluarga perkara tombol retribusi tau tidak gubris jawab,-20.0,Negatif,-24.0,Negatif,Negatif,train
kenapa disarankan hapus ML: 1. server sering down 2. banyak player joki ga bisa main 3. moonton kikir,1,2026-07-26 13:48:52,disarankan hapus ml server sering down banyak player joki tidak main moonton kikir,saran hapus ml server sering down banyak player joki tidak main moonton kikir,-3.0,Negatif,-3.0,Negatif,Negatif,train
"min tolong game mobile legend ini , jagan terlalu berat karena bagi hp yang ram 3 suka patah-patah dan leg",3,2026-07-26 13:47:50,min game mobile legend jagan terlalu berat handphone ram suka patah patah leg,min game mobile legend jagan terlalu berat handphone ram suka patah patah leg,-7.0,Negatif,-7.0,Negatif,Negatif,train
"ini kok pas hp mau login ulang ketiga didalam game malah gabisa masuk lagi kegame? perasaan kemaren kemaren kgk gini, benerin dong moonton soal ini, gaenak afk terus kredit score ngurang",5,2026-07-26 13:47:45,kok pas handphone mau login ulang ketiga didalam game malah gabisa masuk kegame perasaan kemaren kemaren kgk gini benerin dong moonton soal gaenak afk terus kredit score ngurang,kok pas handphone mau login ulang tiga dalam game malah gabisa masuk kegame asa kemaren kemaren kgk gin benerin dong moonton soal gaenak afk terus kredit score ngurang,-1.0,Negatif,-3.0,Negatif,Negatif,train
game ga jelas lag terus mending ff,1,2026-07-26 13:45:47,game tidak jelas lag terus mending ff,game tidak jelas lag terus mending ff,-2.0,Negatif,-5.0,Negatif,Negatif,train
bagus tapi susah,5,2026-07-26 13:45:37,bagus susah,bagus susah,-5.0,Negatif,0.0,Positif,Positif,train
game banyak bot ga adil,1,2026-07-26 13:45:28,game banyak bot tidak adil,game banyak bot tidak adil,-6.0,Negatif,-6.0,Negatif,Negatif,train
seru banget tapi aku pengen skin bagus gratis dong moonton,5,2026-07-26 13:43:29,seru banget aku pengen skin bagus gratis dong moonton,seru banget aku ken skin bagus gratis dong moonton,5.0,Positif,13.0,Positif,Positif,train
woi mending game ini gausa di download karna. banyak bug yg belum di perbaiki dari dulu sampai sekarang seperti bug jaringan yg sangat merugikan player sehingga mengurangi kredit skor.karna moonton lebih fokus ke citer atau pengguna skin yg tidak di punya jadi jangan download dulu tunggu sampai di perbaiki baru di download,5,2026-07-26 13:42:28,woi mending game gausa download banyak bug belum perbaiki dulu sekarang bug jaringan sangat merugikan player mengurangi kredit skor moonton lebih fokus cheater pengguna skin tidak punya jadi jangan download dulu tunggu perbaiki baru download,woi mending game gausa download banyak bug belum baik dulu sekarang bug jaring sangat rugi player kurang kredit skor moonton lebih fokus cheater guna skin tidak punya jadi jangan download dulu tunggu baik baru download,-15.0,Negatif,-23.0,Negatif,Negatif,test
Game play not fair.. too much bot and feeder ini this game.. not recommend,1,2026-07-26 13:42:12,game play not fair too much bot and feeder this game not recommend,game play not fair too much bot and feeder this game not recommend,5.0,Positif,5.0,Positif,Positif,test
"kocak game kebanyakan event bukannya di benerin matchmaking lu, kebanyakan bot di tim ngasi lawan yg rank nya jauh aneh bet lu moonton game gajelas",1,2026-07-26 13:40:37,kocak game kebanyakan event bukannya benerin matchmaking kamu kebanyakan bot tim ngasi lawan rank nya jauh aneh bet kamu moonton game gajelas,kocak game banyak event bukan benerin matchmaking kamu banyak bot tim ngasi lawan rank nya jauh aneh bet kamu moonton game gajelas,-10.0,Negatif,-10.0,Negatif,Negatif,train
kenapa aku kasih kalah Mulu padahal udah dukung,5,2026-07-26 13:39:59,aku kasih kalah mulu padahal udah dukung,aku kasih kalah mulu padahal udah dukung,3.0,Positif,3.0,Positif,Positif,train
game makin rusak di kasih tim bot² giliran lawanya hebat²,1,2026-07-26 13:39:05,game makin rusak kasih tim bot giliran lawanya hebat,game makin rusak kasih tim bot gilir lawa hebat,1.0,Positif,1.0,Positif,Positif,test
"bagusin dikit Napa monton bugnya itu ,,ngelag lah ,tim kerenlah ,ini itulah......salah satu yg bikin aneh itu kyk ngelag KLO udah menang sekali lanjut matchmaking,,, behh,, jaringannya lgsung kumat lgi kek di setting KLO pertandingan ini harus kalah ....kan jadi kek "" woy ..... ,....,...ini jaringan gua atau gamenya sih yg lgi kumat ....terimakasih kasih telah mendengarkan keluhan player...sekian.",1,2026-07-26 13:38:20,bagusin dikit napa moonton bugnya ngelag lah tim kerenlah salah satu bikin aneh kyk ngelag kalau udah menang sekali lanjut matchmaking behh jaringannya lgsung kumat lgi kek setting kalau pertandingan kalah kan jadi kek woy jaringan gamenya sih lgi kumat terimakasih kasih mendengarkan keluhan player sekian,bagusin dikit napa moonton bugnya ngelag lah tim keren salah satu bikin aneh kyk ngelag kalau udah menang sekali lanjut matchmaking behh jaring lgsung kumat lgi kek setting kalau tanding kalah kan jadi kek woy jaring gamenya sih lgi kumat terimakasih kasih dengar keluh player sekian,-30.0,Negatif,-32.0,Negatif,Negatif,train
mau sampai kapan mobile legend memelihara player maphack only apa? nga kasihan player yang kalah terus menerus solusinya apa? dibanned Kah di beri peringatan ? nga juga tapi player tersebut tetap main ml,4,2026-07-26 13:38:08,mau kapan mobile legend memelihara player maphack only apa nga kasihan player kalah terus menerus solusinya apa dibanned beri peringatan nga player tersebut tetap main ml,mau kapan mobile legend pelihara player maphack only apa nga kasihan player kalah terus terus solusi apa dibanned beri ingat nga player sebut tetap main ml,2.0,Positif,2.0,Positif,Positif,train
jangan main ini game game soalnya gak adil pembagian pemain nya yang musuh jago sedangkan tim sendiri bott males banget ini game,1,2026-07-26 13:37:40,jangan main game game soalnya tidak adil pembagian pemain nya musuh jago tim sendiri bott males banget game,jangan main game game soal tidak adil bagi main nya musuh jago tim sendiri bott males banget game,-18.0,Negatif,-18.0,Negatif,Negatif,train
"kurangin bot mlnya,bot ml bikin match ga seimbang",1,2026-07-26 13:35:32,kurangin bot mlnya bot ml bikin match tidak seimbang,rangin bot mlnya bot ml bikin match tidak imbang,-9.0,Negatif,-9.0,Negatif,Negatif,train
moonton tolong beri saya kemenangan saya sudah pake hero power tapi tim nya beban sampe saya epic bintang nol ya walau saya ga terlalu jago/beban tapi sudah berusaha jadi tolong kasih saya tim yang bagus,4,2026-07-26 13:35:16,moonton beri kemenangan pake hero power tim nya beban sampe epic bintang nol tidak terlalu jago beban berusaha jadi kasih tim bagus,moonton beri menang pake hero power tim nya beban sampe epic bintang nol tidak terlalu jago beban usaha jadi kasih tim bagus,-22.0,Negatif,-17.0,Negatif,Negatif,train
"sistemnya jelek, timnya di ksik yang aneh banget, giliran menang pasti match berikutnya kalah, dan dapat tim yang aneh seperti bot mainnya",1,2026-07-26 13:33:30,sistemnya jelek timnya ksik aneh banget giliran menang match berikutnya kalah tim aneh bot mainnya,sistem jelek tim ksik aneh banget gilir menang match ikut kalah tim aneh bot main,-12.0,Negatif,-8.0,Negatif,Negatif,test
sangat memuaskan,5,2026-07-26 13:33:26,sangat memuaskan,sangat muas,-2.0,Negatif,-2.0,Negatif,Negatif,train
good sangat kak,5,2026-07-26 13:32:57,good sangat kak,good sangat kak,3.0,Positif,3.0,Positif,Positif,test
"suka lag tiba2 pdhl sinyal hijau, matchnya juga gajelas lama. isinya bot semua",1,2026-07-26 13:31:50,suka lag tiba pdhl sinyal hijau matchnya gajelas lama isinya bot semua,suka lag tiba pdhl sinyal hijau matchnya gajelas lama isi bot semua,-4.0,Negatif,-7.0,Negatif,Negatif,test
Saran gw yang Mabar 5 boleh tuh rank beda nah kalo solo glory ktmu glory Mabar lima baru perbedaan jauh bebas KLO solo setara lah minimal x imo ktmu x imo lah ini dark system smua g ada benr dari dlu game tolol rating 1 smua aja woi g guna ni game buat stres doang,1,2026-07-26 13:31:40,saran mabar tuh rank beda nah kalau solo glory ktmu glory mabar lima baru perbedaan jauh bebas kalau solo setara lah minimal x imo ktmu x imo lah dark system smua g benr dlu game tolol rating smua aja woi g ni game buat stres doang,saran mabar tuh rank beda nah kalau solo glory ktmu glory mabar lima baru beda jauh bebas kalau solo tara lah minimal x imo ktmu x imo lah dark system smua g benr dlu game tolol rating smua aja woi g ni game buat stres doang,-15.0,Negatif,-15.0,Negatif,Negatif,train
game dongo monton bngst gua main 7 kali sekali doang menang nya bangke stres gua lama lama,1,2026-07-26 13:31:39,game dongo moonton bngst main kali sekali doang menang nya bangke stres lama lama,game dongo moonton bngst main kali sekali doang menang nya bangke stres lama lama,-12.0,Negatif,-8.0,Negatif,Negatif,train
gem bikin sttess,1,2026-07-26 13:31:33,gem bikin sttess,gem bikin sttess,0.0,Negatif,0.0,Negatif,Negatif,train
sehat sehat dah player nya😍,5,2026-07-26 13:31:09,sehat sehat player nya emoji_positif,sehat sehat player nya emoji_positif,6.0,Positif,6.0,Positif,Positif,train
"MATCHMAKINGNYA JELEK BANGET. jaringannya jelek bangetttt, bahkan match gabisa masuk. gabisa matchmaking, jadi kredit skorku turun terus, padahal kalo dipake main sosmed aman lancar jaya. BENERIN LAH! MANA PAS MAIN TEAMNYA JUGA GABENER, TEAMKY WR NYA UNDER 50 SEMUA, MUSUH 60+. MASA SOLO KETEMU TRIO DUO? YANG BENER AJAAAA LAAHHHH!!!",1,2026-07-26 13:27:33,matchmakingnya jelek banget jaringannya jelek bangett bahkan match gabisa masuk gabisa matchmaking jadi kredit skorku turun terus padahal kalau dipake main sosmed aman lancar jaya benerin lah mana pas main teamnya gabener teamky winrate nya under semua musuh masa solo ketemu trio duo bener ajaa laahh,matchmakingnya jelek banget jaring jelek bangett bahkan match gabisa masuk gabisa matchmaking jadi kredit skor turun terus padahal kalau dipake main sosmed aman lancar jaya benerin lah mana pas main teamnya gabener teamky winrate nya under semua musuh masa solo ketemu trio duo bener ajaa laahh,-11.0,Negatif,-11.0,Negatif,Negatif,train
sangat seru,5,2026-07-26 13:25:39,sangat seru,sangat seru,-2.0,Negatif,1.0,Positif,Positif,test
monton ini ada masukan saya bernama pandi ingin laporan saya ls terus dan saya ketemu drak sistem mulu dan saya sudah cape dan setres mohon untuk ws nya nama akun panxzdi tolong ws ya geme ini bagus tetapi saya mengalami ls Mulu tolong untuk ws terus ya nama akun panxzdi,4,2026-07-26 13:22:59,moonton masukan bernama pandi laporan losestreak terus ketemu drak sistem mulu cape setres mohon winstreak nya nama akun panxzdi winstreak geme bagus mengalami losestreak mulu winstreak terus nama akun panxzdi,moonton masuk nama pandi lapor losestreak terus ketemu drak sistem mulu cape tres mohon winstreak nya nama akun panxzdi winstreak geme bagus alami losestreak mulu winstreak terus nama akun panxzdi,-8.0,Negatif,-3.0,Negatif,Negatif,train
game lol moonton ga guna ngasih tim kek lolot,1,2026-07-26 13:22:10,game lol moonton tidak ngasih tim kek lolot,game lol moonton tidak ngasih tim kek lolot,-8.0,Negatif,-8.0,Negatif,Negatif,train
"game gajelas, draf gaadil musuh pro giliran tim dikasih bot semua",1,2026-07-26 13:21:34,game gajelas draf gaadil musuh pro giliran tim dikasih bot semua,game gajelas draf gaadil musuh pro gilir tim kasih bot semua,-6.0,Negatif,-6.0,Negatif,Negatif,train
"game burik,gk setara tim ama lawannya,jaringan ngeleg,kikir",5,2026-07-26 13:19:55,game burik tidak setara tim ama lawannya jaringan ngeleg kikir,game burik tidak tara tim ama lawan jaring ngeleg kikir,-6.0,Negatif,-6.0,Negatif,Negatif,train
bagus bos ini jasjosjis,5,2026-07-26 13:18:48,bagus bos jasjosjis,bagus bos jasjosjis,1.0,Positif,6.0,Positif,Positif,train
game sampah,1,2026-07-26 13:18:45,game sampah,game sampah,-2.0,Negatif,-2.0,Negatif,Negatif,train
MOONTON jangan kasih season lah udah capek ² malah turun aku dari kelas 1 sampai kelas 3 loh pus rank mikir lu yang main sama bot terus musuh lu jago gimana rasanya kesel kalo season sekali lagi aku pensiun aku sudah pensiun FF sekarang ML.,3,2026-07-26 13:18:02,moonton jangan kasih season lah udah capek malah turun aku kelas kelas loh pus rank mikir kamu main sama bot terus musuh kamu jago gimana rasanya kesel kalau season sekali aku pensiun aku pensiun ff sekarang ml,moonton jangan kasih season lah udah capek malah turun aku kelas kelas loh pus rank mikir kamu main sama bot terus musuh kamu jago gimana rasa kesel kalau season sekali aku pensiun aku pensiun ff sekarang ml,-23.0,Negatif,-23.0,Negatif,Negatif,train
game tai,1,2026-07-26 13:14:34,game tai,game tai,-3.0,Negatif,-3.0,Negatif,Negatif,train
"game ampas banyak lag, dikasih tim bot terus (musuh jago+player semua)",1,2026-07-26 13:14:20,game ampas banyak lag dikasih tim bot terus musuh jago player semua,game ampas banyak lag kasih tim bot terus musuh jago player semua,-9.0,Negatif,-12.0,Negatif,Negatif,train
seru ml nya,5,2026-07-26 13:13:49,seru ml nya,seru ml nya,0.0,Positif,3.0,Positif,Positif,train
tim kayak peli musuh spek kairi ga rekomen buat kakek-kakek main game kek gini,1,2026-07-26 13:13:04,tim kayak peli musuh spek kairi tidak rekomen buat kakek kakek main game kek gini,tim kayak pel musuh spek kairi tidak rekomen buat kakek kakek main game kek gin,-7.0,Negatif,-7.0,Negatif,Negatif,train
saya suka ml,5,2026-07-26 13:11:56,suka ml,suka ml,2.0,Positif,2.0,Positif,Positif,train
populersihh tapi susah maenin nyahh,5,2026-07-26 13:11:34,populersihh susah maenin nyahh,populersihh susah maenin nyahh,-3.0,Negatif,-3.0,Negatif,Negatif,train
"Moonton jahat nggak di kasih musuh yang bot selama 1000 kali daritadi dark system mulu dan moonton nggak kasih aku kesempatan menang dari tadi kalah trus kalo sampai moonton nggak kasih musuh yang bot, saya akan report mobile legends dan tidak ada kesempatan lagi untuk moonton dan akun moonton akan aku hack",1,2026-07-26 13:10:49,moonton jahat tidak kasih musuh bot selama kali daritadi dark system mulu moonton tidak kasih aku kesempatan menang tadi kalah trus kalau moonton tidak kasih musuh bot report mobile legends tidak kesempatan moonton akun moonton aku hack,moonton jahat tidak kasih musuh bot lama kali daritadi dark system mulu moonton tidak kasih aku sempat menang tadi kalah trus kalau moonton tidak kasih musuh bot report mobile legends tidak sempat moonton akun moonton aku hack,-46.0,Negatif,-42.0,Negatif,Negatif,train
"matchmaking ga sepadan, padahal dpt tim ga bener malah di report. ga adil banget sumpah. mending ga usah pengajuan banding kalo ga menerima alasan. paling yang di terima cuma masalah gangguan sinyal doang!!",3,2026-07-26 13:10:27,matchmaking tidak sepadan padahal tim tidak bener malah report tidak adil banget sumpah mending tidak usah pengajuan banding kalau tidak menerima alasan paling terima cuma masalah gangguan sinyal doang,matchmaking tidak padan padahal tim tidak bener malah report tidak adil banget sumpah mending tidak usah aju banding kalau tidak terima alas paling terima cuma masalah ganggu sinyal doang,-36.0,Negatif,-36.0,Negatif,Negatif,train
"game bikin emosi, masa dapet tim gitu gitu melulu, bot banget,gimana sih moonton masa kasih gua lostreak terus, gak asik",2,2026-07-26 13:10:23,game bikin emosi masa dapet tim gitu gitu melulu bot banget gimana sih moonton masa kasih lostreak terus tidak asik,game bikin emosi masa dapet tim gitu gitu melulu bot banget gimana sih moonton masa kasih lostreak terus tidak asik,-13.0,Negatif,-13.0,Negatif,Negatif,train
banyak kalahnya....kalau kita gak belain top up susah naiknya.sistem sudah di seting siapa yg sering top up pasti sering menang mudah naik rank dan sebaliknya....payah lingkungan game yg membosankan....,1,2026-07-26 13:09:50,banyak kalahnya kalau tidak belain top up susah naiknya sistem seting siapa sering top up sering menang mudah naik rank sebaliknya payah lingkungan game membosankan,banyak kalah kalau tidak bain top up susah naik sistem ting siapa sering top up sering menang mudah naik rank balik payah lingkung game bosan,9.0,Positif,13.0,Positif,Positif,train
game apaan ls trus gj,1,2026-07-26 13:09:41,game apaan losestreak trus gj,game apa losestreak trus gj,-2.0,Negatif,-2.0,Negatif,Negatif,train
solo player tidak akan berkembang main game ini,1,2026-07-26 13:08:29,solo player tidak berkembang main game,solo player tidak kembang main game,-1.0,Negatif,-1.0,Negatif,Negatif,train
Niat gak sih ngasih tim nya gj semua udah banyak drak sistem sama yang pake cheat gak ada yang diban akun nya game rusak kayak negara konoha,1,2026-07-26 13:08:16,niat tidak sih ngasih tim nya gj semua udah banyak drak sistem sama pake cheat tidak diban akun nya game rusak kayak negara konoha,niat tidak sih ngasih tim nya gj semua udah banyak drak sistem sama pake cheat tidak ban akun nya game rusak kayak negara konoha,-19.0,Negatif,-19.0,Negatif,Negatif,train
moonton pilih kasih tim sendiri bot tim musuh di kasih yang jago semua jaringan bagus pun tetap lag tim yang tidak seimbang,1,2026-07-26 13:07:29,moonton pilih kasih tim sendiri bot tim musuh kasih jago semua jaringan bagus tetap lag tim tidak seimbang,moonton pilih kasih tim sendiri bot tim musuh kasih jago semua jaring bagus tetap lag tim tidak imbang,-26.0,Negatif,-24.0,Negatif,Negatif,train
game penambah stress y,5,2026-07-26 13:07:15,game penambah stress y,game tambah stress y,-3.0,Negatif,-3.0,Negatif,Negatif,train
"entah kenapa setiap war nih pake skill malah delay padahal sinyal aman gk gerak, bikin war jadi kalah sama skil gk tepat.. pliss lah bikin malu itu saya sudah mengeluh puluhan kali season ini tentang hal ini khususnya, kualitas pembagian tim sangat tidak adil, dibanding season sebelumnya saya rasa ini yang paling parah, bukannya saya tidak bisa bermain dengan benar, tapi meta sekarang sangat menuntut kerja sama tim dibanding season sebelumnya, mohon perhatiannya agar sistem matchmaking lebih te",1,2026-07-26 13:06:42,entah war nih pake skill malah delay padahal sinyal aman tidak gerak bikin war jadi kalah sama skil tidak tepat pliss lah bikin malu mengeluh puluhan kali season khususnya kualitas pembagian tim sangat tidak adil dibanding season sebelumnya rasa paling parah bukannya tidak bermain benar meta sekarang sangat menuntut kerja sama tim dibanding season sebelumnya mohon perhatiannya sistem matchmaking lebih te,entah war nih pake skill malah delay padahal sinyal aman tidak gerak bikin war jadi kalah sama skil tidak tepat pliss lah bikin malu keluh puluh kali season khusus kualitas bagi tim sangat tidak adil banding season belum rasa paling parah bukan tidak main benar meta sekarang sangat tuntut kerja sama tim banding season belum mohon perhati sistem matchmaking lebih te,-52.0,Negatif,-52.0,Negatif,Negatif,train
9/10 ini gem bagus banget bisa melatih otak dan kecerdasan terbukti dari profesor zilong,4,2026-07-26 13:06:29,gem bagus banget melatih otak kecerdasan terbukti profesor zilong,gem bagus banget latih otak cerdas bukti profesor zilong,2.0,Positif,7.0,Positif,Positif,train
gim ini bagus cuma satu tolong perbaiki bug ban orang yg chit dan kalau bisa jangan tiba-tiba server nya leg,5,2026-07-26 13:05:44,gim bagus cuma satu perbaiki bug ban orang chit kalau jangan tiba tiba server nya leg,gim bagus cuma satu baik bug ban orang chit kalau jangan tiba tiba server nya leg,-7.0,Negatif,-4.0,Negatif,Negatif,train
monton buat game tapi kasih tim drak sistem ngotak. lu aja kalo di suruh main game mu sendiri ketemu drak sistem juga stres cok. buat game nya lain kali sistem tim nya di benerin tmasak groly nabrak tim epic,1,2026-07-26 13:05:26,moonton buat game kasih tim drak sistem ngotak kamu aja kalau suruh main game mu sendiri ketemu drak sistem stres cok buat game nya kali sistem tim nya benerin tmasak groly nabrak tim epic,moonton buat game kasih tim drak sistem ngotak kamu aja kalau suruh main game mu sendiri ketemu drak sistem stres cok buat game nya kali sistem tim nya benerin tmasak groly nabrak tim epic,-27.0,Negatif,-27.0,Negatif,Negatif,train
geme nya jelek masak gw di kasih tim yang jelek terus sampe kalah 7x saran ku jangan main geme ini soal nya bikin stres,5,2026-07-26 13:05:20,geme nya jelek masak kasih tim jelek terus sampe kalah x saran ku jangan main geme soal nya bikin stres,geme nya jelek masak kasih tim jelek terus sampe kalah x saran ku jangan main geme soal nya bikin stres,-26.0,Negatif,-26.0,Negatif,Negatif,train
"game nia bagus hero nia juga dan semua efek nia bagus sih di lihat lihat gan di main,tapi masih kurang di jarigan dan kalo kita main di mode rank,classic selalu bertemu player troll drak sistem dan lawan pun sama kayak yang kau bilang,aku mohon di balas notes aku biar aku puas karena aku kalo main selalu di match 1 atau 3 selalu kala atau win streak.Dan terima kasih untuk balasan nya.mohon di balas oleh pihak berwajip moonton*.",5,2026-07-26 13:04:39,game nia bagus hero nia semua efek nia bagus sih lihat lihat gan main kurang jarigan kalau main mode rank classic selalu bertemu player troll drak sistem lawan sama kayak kau bilang aku mohon balas notes aku aku puas aku kalau main selalu match selalu kala win streak terima kasih balasan nya mohon balas pihak berwajip moonton,game nia bagus hero nia semua efek nia bagus sih lihat lihat gan main kurang jarigan kalau main mode rank classic selalu temu player troll drak sistem lawan sama kayak kau bilang aku mohon balas notes aku aku puas aku kalau main selalu match selalu kala win streak terima kasih balas nya mohon balas pihak berwajip moonton,0.0,Positif,7.0,Positif,Positif,train
game yg sangat bagus.aku kasih bintang 5 deh,5,2026-07-26 13:04:09,game sangat bagus aku kasih bintang deh,game sangat bagus aku kasih bintang deh,0.0,Positif,5.0,Positif,Positif,train
game nya bagus udh imo gw monton,5,2026-07-26 13:01:59,game nya bagus imo moonton,game nya bagus imo moonton,0.0,Positif,5.0,Positif,Positif,train
game ny bagus bisa maber,5,2026-07-26 13:01:45,game ny bagus maber,game ny bagus maber,0.0,Positif,5.0,Positif,Positif,train
asal main kalah terus tim ny kyk myt,1,2026-07-26 13:01:33,asal main kalah terus tim ny kyk myt,asal main kalah terus tim ny kyk myt,-8.0,Negatif,-8.0,Negatif,Negatif,train
biar gak ngeleg pas main dan login,5,2026-07-26 13:01:25,tidak ngeleg pas main login,tidak ngeleg pas main login,-2.0,Negatif,-2.0,Negatif,Negatif,train
montoon plss buff argus😭😭😭,1,2026-07-26 12:59:01,moonton plss buff argus emoji_negatif emoji_negatif emoji_negatif,moonton plss buff argus emoji_negatif emoji_negatif emoji_negatif,0.0,Negatif,0.0,Negatif,Negatif,train
"coba bagi tim yang bener dikit, masa musuh glory imo, tim gua legend mawi. main game bukannya ngilangin stress malah bkin nambah stress. main rank kebanyakan pada nge troll. buat player tukang troll di rank, please lah mikirin orang lain, jangan mikirin kesenangan lu aja. gua main 5 game cuma nambah 2bintang gara' setim sm player kek kalian.",1,2026-07-26 12:58:59,coba tim bener dikit masa musuh glory imo tim legend mawi main game bukannya ngilangin stress malah bkin nambah stress main rank kebanyakan nge troll buat player tukang troll rank please lah mikirin orang jangan mikirin kesenangan kamu aja main game cuma nambah bintang gara setim sama player kek kalian,coba tim bener dikit masa musuh glory imo tim legend mawi main game bukan ngilangin stress malah bkin nambah stress main rank banyak nge troll buat player tukang troll rank please lah mikirin orang jangan mikirin senang kamu aja main game cuma nambah bintang gara tim sama player kek kalian,-30.0,Negatif,-36.0,Negatif,Negatif,train
game taek,5,2026-07-26 12:57:50,game taek,game taek,2.0,Positif,2.0,Positif,Positif,test
"hai moonton ml, gue liat para ml keberatan soal jaringan tim bot atau apalah saran gue yang login ml hapusin orang yang gbsa main ml nyusahin orang ml lainnya",2,2026-07-26 12:57:17,hai moonton ml liat ml keberatan soal jaringan tim bot apalah saran login ml hapusin orang gbsa main ml nyusahin orang ml lainnya,hai moonton ml liat ml berat soal jaring tim bot apa saran login ml hapusin orang gbsa main ml nyusahin orang ml lain,-7.0,Negatif,-7.0,Negatif,Negatif,train
hapus draksistem,1,2026-07-26 12:57:16,hapus draksistem,hapus draksistem,-3.0,Negatif,-3.0,Negatif,Negatif,train
game yang sangat bagus berperang,5,2026-07-26 12:55:53,game sangat bagus berperang,game sangat bagus perang,-3.0,Negatif,2.0,Positif,Positif,train
kebanyakan di kasih tim g jelas dari glory 55 turun ke honor 43,1,2026-07-26 12:54:57,kebanyakan kasih tim g jelas glory turun honor,banyak kasih tim g jelas glory turun honor,-5.0,Negatif,-5.0,Negatif,Negatif,test
lumayan lah,4,2026-07-26 12:54:57,lumayan lah,lumayan lah,-1.0,Negatif,-1.0,Negatif,Negatif,test
game stressss,1,2026-07-26 12:53:09,game stress,game stress,-3.0,Negatif,-3.0,Negatif,Negatif,train
gem kikir dapet tim lol semua musuh mantan imo kont,1,2026-07-26 12:52:37,gem kikir dapet tim lol semua musuh mantan imo kont,gem kikir dapet tim lol semua musuh mantan imo kont,-8.0,Negatif,-8.0,Negatif,Negatif,train
Cuih,1,2026-07-26 12:52:01,cuih,cuih,0.0,Negatif,0.0,Negatif,Negatif,train
iloveu mobile legends,5,2026-07-26 12:50:57,iloveu mobile legends,iloveu mobile legends,0.0,Positif,0.0,Positif,Positif,train
gamenya seru tapi losetreak terus!! timnya beban semua😡 dan musuh jago banget sumpah bikin aku gila plis moonton winstrek kin plis😢,5,2026-07-26 12:49:47,gamenya seru losetreak terus timnya beban semua musuh jago banget sumpah bikin aku gila plis moonton winstrek kin plis emoji_negatif emoji_negatif,gamenya seru losetreak terus tim beban semua musuh jago banget sumpah bikin aku gila plis moonton winstrek kin plis emoji_negatif emoji_negatif,-13.0,Negatif,-10.0,Negatif,Negatif,train
"tempik tempik, ga guna hapus aja ni game hama",1,2026-07-26 12:49:45,tempik tempik tidak hapus aja ni game hama,tempik tempik tidak hapus aja ni game hama,-10.0,Negatif,-10.0,Negatif,Negatif,test
"kalau mau rame game nya entengin biar semua semangat main, kurangi lag",1,2026-07-26 12:49:38,kalau mau rame game nya entengin semua semangat main kurangi lag,kalau mau rame game nya entengin semua semangat main kurang lag,5.0,Positif,2.0,Positif,Positif,test
malah dikasih dark sistem gua montoon sat,1,2026-07-26 12:47:51,malah dikasih dark sistem moonton sat,malah kasih dark sistem moonton sat,-2.0,Negatif,-2.0,Negatif,Negatif,test
"matching yg g adil bner, sinyal gua bgus tapi ga gerak ga ngotak bner",2,2026-07-26 12:43:57,matching g adil bner sinyal bgus tidak gerak tidak ngotak bner,matching g adil bner sinyal bgus tidak gerak tidak ngotak bner,-9.0,Negatif,-9.0,Negatif,Negatif,train
gokil dapat tim full sky,5,2026-07-26 12:42:21,gokil tim full sky,gokil tim full sky,-4.0,Negatif,-4.0,Negatif,Negatif,test
"Monton tolong lah kasih tim yang bagus,kalah Mulu gara-gara dapat tim tolol",1,2026-07-26 12:41:15,moonton lah kasih tim bagus kalah mulu gara gara tim tolol,moonton lah kasih tim bagus kalah mulu gara gara tim tolol,-25.0,Negatif,-20.0,Negatif,Negatif,train
"game sampa udah ngabisin ruang banyak tapi jaringannya ngelag trus merah trus pake wifi sama Kouta sma aja,udah team nya gblok semua ketemunya.",1,2026-07-26 12:41:07,game sampa udah ngabisin ruang banyak jaringannya ngelag trus merah trus pake wifi sama kouta sma aja udah team nya gblok semua ketemunya,game sampa udah ngabisin ruang banyak jaring ngelag trus merah trus pake wifi sama kouta sma aja udah team nya gblok semua ketemu,2.0,Positif,-1.0,Negatif,Negatif,train
sering leg akhir 2 ini,4,2026-07-26 12:41:00,sering leg akhir,sering leg akhir,3.0,Positif,3.0,Positif,Positif,train
Good jop good ning,5,2026-07-26 12:39:47,good jop good ning,good jop good ning,10.0,Positif,10.0,Positif,Positif,train
"sistem gajelas, tim pada ga bisa main, musuh imo 10000",1,2026-07-26 12:39:47,sistem gajelas tim tidak main musuh imo,sistem gajelas tim tidak main musuh imo,-17.0,Negatif,-17.0,Negatif,Negatif,train
di game ga adil banget dari Rank ke rank ga jelas bngt masa dah 5 match Nemu legend Mawi terus cape cukk gw sama temen gw dah glory 90+ masa masih ketemu rank kayak gitu game apa dah kalo ngasih tim kadang waras kadang kgk pusing orang orang yg ketemu kayak gini TOLONG BANGET DI BENERIN PEMBAGIAN RANK LEGEND SAMA LEGEND BUKAN LEGEND SAMA GLORY ANEHH,1,2026-07-26 12:39:43,game tidak adil banget rank rank tidak jelas banget masa match nemu legend mawi terus cape cukk sama temen glory masa ketemu rank kayak gitu game apa kalau ngasih tim kadang waras kadang kgk pusing orang orang ketemu kayak gini banget benerin pembagian rank legend sama legend bukan legend sama glory anehh,game tidak adil banget rank rank tidak jelas banget masa match nemu legend mawi terus cape cukk sama temen glory masa ketemu rank kayak gitu game apa kalau ngasih tim kadang waras kadang kgk pusing orang orang ketemu kayak gin banget benerin bagi rank legend sama legend bukan legend sama glory anehh,-15.0,Negatif,-15.0,Negatif,Negatif,test
"setiap hari selalu saja satu tim sama bot sementara musuh nya jago jago, saya sangat kurang puas dengan game ini dari matchmaking nya yg sangat tidak adil akun saya selalu saja kalah 8 kali berturut turut karena 1 tim sama computer sementara menang hanya sekali saja saya mohon untuk perbaiki matchmaking nya",1,2026-07-26 12:39:15,hari selalu satu tim sama bot musuh nya jago jago sangat kurang puas game matchmaking nya sangat tidak adil akun selalu kalah kali berturut turut tim sama computer menang sekali mohon perbaiki matchmaking nya,hari selalu satu tim sama bot musuh nya jago jago sangat kurang puas game matchmaking nya sangat tidak adil akun selalu kalah kali turut turut tim sama computer menang sekali mohon baik matchmaking nya,-23.0,Negatif,-19.0,Negatif,Negatif,test
"tim poke, ping merah ketika hidup ping hijau kalo mati 😹",1,2026-07-26 12:39:00,tim poke ping merah hidup ping hijau kalau mati emoji_netral,tim poke ping merah hidup ping hijau kalau mati emoji_netral,-4.0,Negatif,-4.0,Negatif,Negatif,train
benerin match makin dlu lah jangan sibuk sama skin trus,3,2026-07-26 12:38:39,benerin match makin dlu lah jangan sibuk sama skin trus,benerin match makin dlu lah jangan sibuk sama skin trus,1.0,Positif,1.0,Positif,Positif,train
Sebagai Solo Player Game ini sangat buruk karena banyak tim ampas. SEGERA PERBAIKI JIKA TIDAK INGIN GAME INI SEPI!!! 👎,1,2026-07-26 12:37:04,solo player game sangat buruk banyak tim ampas segera perbaiki tidak game sepi emoji_negatif,solo player game sangat buruk banyak tim ampas segera baik tidak game sepi emoji_negatif,-20.0,Negatif,-20.0,Negatif,Negatif,train
game nya bikin emosi punya temen bego tim musuh jagoo jangan download game ini game nya rusak bikin mata sakit dan bikin gak waras,1,2026-07-26 12:37:03,game nya bikin emosi punya temen bego tim musuh jagoo jangan download game game nya rusak bikin mata sakit bikin tidak waras,game nya bikin emosi punya temen bego tim musuh jagoo jangan download game game nya rusak bikin mata sakit bikin tidak waras,-15.0,Negatif,-15.0,Negatif,Negatif,train
B aja tapi seru🤭🤭,4,2026-07-26 12:36:24,b aja seru emoji_lain emoji_lain,b aja seru emoji_lain emoji_lain,1.0,Positif,4.0,Positif,Positif,train
game nya asik bisa dapat temen mabar,4,2026-07-26 12:36:05,game nya asik temen mabar,game nya asik temen mabar,6.0,Positif,6.0,Positif,Positif,train
Hay gamemku tercintah jika ada yang ngelaporin aku terus aku pakek Miya itu sepupu aku yang yang mainin bukan aku jadi maaf kalo jadi noob 💜🥰 tapi tolong yang chit bisa cepat di tangani ya🥰,5,2026-07-26 12:35:40,hay gamemku tercintah ngelaporin aku terus aku pakek miya sepupu aku mainin bukan aku jadi maaf kalau jadi noob chit cepat tangani emoji_positif emoji_positif emoji_positif,hay gamemku tercintah ngelaporin aku terus aku pakek miya sepupu aku mainin bukan aku jadi maaf kalau jadi noob chit cepat tangan emoji_positif emoji_positif emoji_positif,-6.0,Negatif,-6.0,Negatif,Negatif,train
monton kok aku gak bisa mode offline yang ada extreme nya kenapa ya😭😭😭😭,1,2026-07-26 12:34:04,moonton kok aku tidak mode offline extreme nya emoji_negatif emoji_negatif emoji_negatif emoji_negatif,moonton kok aku tidak mode offline extreme nya emoji_negatif emoji_negatif emoji_negatif emoji_negatif,-4.0,Negatif,-4.0,Negatif,Negatif,test
"banyak yang omong kotor, Burik",1,2026-07-26 12:32:25,banyak omong kotor burik,banyak omong kotor burik,-9.0,Negatif,-9.0,Negatif,Negatif,train
montoon aku beri bintang 5 soalnya aku suka mobil legend terus 1 kalau bisa hiro nya gratis dan tim nya mau dia ajak kerja sama itu saran dari saya makasih),5,2026-07-26 12:31:03,moonton aku beri bintang soalnya aku suka mobil legend terus kalau hiro nya gratis tim nya mau ajak kerja sama saran makasih,moonton aku beri bintang soal aku suka mobil legend terus kalau hiro nya gratis tim nya mau ajak kerja sama saran makasih,16.0,Positif,16.0,Positif,Positif,test
bagus ramah baik,5,2026-07-26 12:30:02,bagus ramah baik,bagus ramah baik,2.0,Positif,7.0,Positif,Positif,test
padagabisamain semua tim ya,1,2026-07-26 12:28:22,padagabisamain semua tim,padagabisamain semua tim,-7.0,Negatif,-7.0,Negatif,Negatif,train
game apa ini masak epic di masukin ke legends yg bener aja,1,2026-07-26 12:27:45,game apa masak epic masukin legends bener aja,game apa masak epic masukin legends bener aja,2.0,Positif,2.0,Positif,Positif,train
tolong di perbaiki lagi ya,5,2026-07-26 12:27:24,perbaiki,baik,0.0,Positif,0.0,Positif,Positif,train
"singkat ajah lah ya, sukakkk bangettt samau update nyaaa",5,2026-07-26 12:27:19,singkat ajah lah sukakk bangett samau update nyaa,singkat ajah lah sukakk bangett samau update nyaa,-5.0,Negatif,-5.0,Negatif,Negatif,test
terima kasih moontoon sudah merayakan ulang tahunnya di ml,5,2026-07-26 12:27:17,terima kasih moontoon merayakan ulang tahunnya ml,terima kasih moontoon raya ulang tahun ml,3.0,Positif,3.0,Positif,Positif,train
gem Ny kaya anji gw tim Ny di kasih draksistem mulu walaupun udah glory juga,2,2026-07-26 12:26:45,gem ny kaya anji tim ny kasih draksistem mulu walaupun udah glory,gem ny kaya anji tim ny kasih draksistem mulu walaupun udah glory,-2.0,Negatif,-2.0,Negatif,Negatif,test
woy kenapa gua ga bisa menghubungkan ulang hilang terus kredit gua cape gua sama game ini tidak pernah berkembang yang ada makin menurun,1,2026-07-26 12:23:31,woy tidak menghubungkan ulang hilang terus kredit cape sama game tidak pernah berkembang makin menurun,woy tidak hubung ulang hilang terus kredit cape sama game tidak pernah kembang makin turun,-11.0,Negatif,-11.0,Negatif,Negatif,test
bagus bisa di coba untuk menghilang kan stress😊☺,5,2026-07-26 12:22:45,bagus coba menghilang kan stress emoji_positif emoji_lain,bagus coba hilang kan stress emoji_positif emoji_lain,-9.0,Negatif,-4.0,Negatif,Negatif,test
game ampas,1,2026-07-26 12:20:47,game ampas,game ampas,-1.0,Negatif,-1.0,Negatif,Negatif,train
menghilang stres😄,5,2026-07-26 12:20:47,menghilang stres emoji_positif,hilang stres emoji_positif,-7.0,Negatif,-7.0,Negatif,Negatif,train
jujur kadang ngeselin kadang juga bikin bahagia. tapi thank you ya monton karna game ini gua ga sepian lagi dan bikin gua ga merasa sendiri lagi 😙😗,5,2026-07-26 12:19:38,jujur kadang ngeselin kadang bikin bahagia thank you moonton game tidak sepian bikin tidak merasa sendiri emoji_lain emoji_lain,jujur kadang ngeselin kadang bikin bahagia thank you moonton game tidak sepi bikin tidak rasa sendiri emoji_lain emoji_lain,2.0,Positif,2.0,Positif,Positif,train
JANGAN ADA YANG INSTAL GAME INI GAME INI BANYAK PLAYER BEBAN,1,2026-07-26 12:19:12,jangan instal game game banyak player beban,jangan instal game game banyak player beban,-4.0,Negatif,-4.0,Negatif,Negatif,test
sebelum update gamenya udah bagus bisa main walau jaringan nya jelek abis ku update ke versi terbaru malah jelekkkk banget gak bisa main kalau jaringannya gak seimbang sering keluar dari game pas main,1,2026-07-26 12:18:42,update gamenya udah bagus main jaringan nya jelek abis ku update versi terbaru malah jelekk banget tidak main kalau jaringannya tidak seimbang sering keluar game pas main,update gamenya udah bagus main jaring nya jelek abis ku update versi baru malah jelekk banget tidak main kalau jaring tidak imbang sering keluar game pas main,-10.0,Negatif,-5.0,Negatif,Negatif,train
game grafik doang megah tapi sistem nya masa gw imo ketemu tim honor mawi dark sistem utusan moonton,1,2026-07-26 12:18:16,game grafik doang megah sistem nya masa imo ketemu tim honor mawi dark sistem utusan moonton,game grafik doang megah sistem nya masa imo ketemu tim honor mawi dark sistem utus moonton,-9.0,Negatif,-9.0,Negatif,Negatif,train
sering dikasi sama monton yg ngentrol temen nya tapi gpp lah mudahan mulai dari besok dapat temen yg jago amin kalian juga yg main ml mudahan dapat temen yg jago amin🤲,4,2026-07-26 12:17:14,sering dikasi sama moonton ngentrol temen nya gpp lah mudahan mulai besok temen jago amin kalian main ml mudahan temen jago amin emoji_lain,sering kasi sama moonton ngentrol temen nya gpp lah mudah mulai besok temen jago amin kalian main ml mudah temen jago amin emoji_lain,15.0,Positif,15.0,Positif,Positif,train
pas aku lagi main tiba-tiba leq padahal jaringan bagus,1,2026-07-26 12:16:37,pas aku main tiba tiba leq padahal jaringan bagus,pas aku main tiba tiba leq padahal jaring bagus,1.0,Positif,6.0,Positif,Positif,train
saya dulu suka ff tapi karena ff makin burik aku ganti ke ml😛,5,2026-07-26 12:16:03,dulu suka ff ff makin burik aku ganti ml emoji_lain,dulu suka ff ff makin burik aku ganti ml emoji_lain,5.0,Positif,5.0,Positif,Positif,train
monton pileg dongo,1,2026-07-26 12:15:39,moonton pileg dongo,moonton pileg dongo,0.0,Negatif,0.0,Negatif,Negatif,train
game ini sangat seru,5,2026-07-26 12:15:03,game sangat seru,game sangat seru,0.0,Positif,3.0,Positif,Positif,test
gemes gak masuk akal untuk plyer solo,1,2026-07-26 12:14:56,gemes tidak masuk akal plyer solo,gemes tidak masuk akal plyer solo,-2.0,Negatif,-2.0,Negatif,Negatif,train
Uninstall,1,2026-07-26 12:10:17,uninstall,uninstall,0.0,Negatif,0.0,Negatif,Negatif,train
geme apalah gua di kasi tim tolol terus ayo lah montton kasi guq winstrek,1,2026-07-26 12:10:05,geme apalah kasi tim tolol terus ayo lah montton kasi guq winstrek,geme apa kasi tim tolol terus ayo lah montton kasi guq winstrek,-13.0,Negatif,-13.0,Negatif,Negatif,train
"oi moonton lu kasih tim serius dikit lah gw dari honor bintang 37 lose streak ke mawi bintang 2, kalo musuhnya jago + timnya juga jago masih oke lah, ini udh timnya di honor kaya warior trus musuhnya imortal bintang 370+ ga adil cok!!",2,2026-07-26 12:09:34,oi moonton kamu kasih tim serius dikit lah honor bintang lose streak mawi bintang kalau musuhnya jago timnya jago oke lah timnya honor kaya warior trus musuhnya imortal bintang tidak adil cok,oi moonton kamu kasih tim serius dikit lah honor bintang lose streak mawi bintang kalau musuh jago tim jago oke lah tim honor kaya warior trus musuh imortal bintang tidak adil cok,-11.0,Negatif,-11.0,Negatif,Negatif,train
"cheater masih tergolong banyak dan terus ada player solo, player f2p dan player pemula terus mendapatkan tekanan",1,2026-07-26 12:08:59,cheater tergolong banyak terus player solo player f p player pemula terus mendapatkan tekanan,cheater golong banyak terus player solo player f p player mula terus dapat tekan,-4.0,Negatif,-8.0,Negatif,Negatif,train
"sialan game ga ramah lingkungan awal rank si bagus ya cuman semakin tinggi rank nya gw dikasih ream dark system mulu bayangin aja posisi gw udh menang lane tapi jungler nya dongo gamau rotasi,terus gw main lose streak mulu capek game stresss",1,2026-07-26 12:06:50,sialan game tidak ramah lingkungan awal rank si bagus cuman semakin tinggi rank nya dikasih ream dark system mulu bayangin aja posisi menang lane jungler nya dongo gamau rotasi terus main lose streak mulu capek game stress,sial game tidak ramah lingkung awal rank si bagus cuman makin tinggi rank nya kasih ream dark system mulu bayangin aja posisi menang lane jungler nya dongo gamau rotasi terus main lose streak mulu capek game stress,-9.0,Negatif,0.0,Negatif,Negatif,train
game terbaik muntun banyak sistem gelapnya,5,2026-07-26 12:05:49,game terbaik moonton banyak sistem gelapnya,game baik moonton banyak sistem gelap,3.0,Positif,3.0,Positif,Positif,train
tolong bedakan min orang yang baru main sama player lama dan seimbang antara 2 tim,1,2026-07-26 12:04:56,bedakan min orang baru main sama player lama seimbang tim,beda min orang baru main sama player lama imbang tim,-5.0,Negatif,-5.0,Negatif,Negatif,train
"hmm ini Mimin yang balesin komentar soal jaringan ada, tapi soal matchmaking kok ga pernah adil ya, super sus aja sistem matchmaking nya aja adil (contoh super sus noh)",1,2026-07-26 12:04:02,hmm mimin balesin komentar soal jaringan soal matchmaking kok tidak pernah adil super sus aja sistem matchmaking nya aja adil contoh super sus noh,hmm mimin balesin komentar soal jaring soal matchmaking kok tidak pernah adil super sus aja sistem matchmaking nya aja adil contoh super sus noh,-6.0,Negatif,-6.0,Negatif,Negatif,train
game nya seru saya aja sampai winstreak 100 kali,1,2026-07-26 12:03:43,game nya seru aja winstreak kali,game nya seru aja winstreak kali,3.0,Positif,6.0,Positif,Positif,train
main nya oke banget sama Hero nya jago banget saya suka,5,2026-07-26 12:01:18,main nya oke banget sama hero nya jago banget suka,main nya oke banget sama hero nya jago banget suka,12.0,Positif,12.0,Positif,Positif,train
main 5 jam gak naik gk turun,1,2026-07-26 12:00:56,main jam tidak naik tidak turun,main jam tidak naik tidak turun,-9.0,Negatif,-9.0,Negatif,Negatif,test
gamenya gajelas masa cuman bisa lawna AI,2,2026-07-26 12:00:06,gamenya gajelas masa cuman lawna ai,gamenya gajelas masa cuman lawna ai,0.0,Negatif,0.0,Negatif,Negatif,train
"makasih buat montoon yang memberikan saya team yang ngetroll,",5,2026-07-26 11:59:45,makasih buat moonton memberikan team ngetroll,makasih buat moonton beri team ngetroll,6.0,Positif,6.0,Positif,Positif,train
suka sama game ini ramah sekali ya bun sampe di saranin game pou sama di katain ayam baik sakali player ml🥰,5,2026-07-26 11:58:44,suka sama game ramah sekali bun sampe saranin game pou sama katain ayam baik sakali player ml emoji_positif,suka sama game ramah sekali bun sampe saranin game pou sama katain ayam baik sakal player ml emoji_positif,15.0,Positif,15.0,Positif,Positif,test
"game rusak, dikasih dark sistem mulu padahal maen dh bener malah dapat temen gajelas",1,2026-07-26 11:58:21,game rusak dikasih dark sistem mulu padahal maen dh bener malah temen gajelas,game rusak kasih dark sistem mulu padahal maen dh bener malah temen gajelas,5.0,Positif,5.0,Positif,Positif,train
sumpah aku kayak kesatet kalo main ml kayak menang mau main lagi kalah juga mau main lagi tapi ml itu game terbaik menurut aku.,5,2026-07-26 11:56:46,sumpah aku kayak kesatet kalau main ml kayak menang mau main kalah mau main ml game terbaik aku,sumpah aku kayak kesatet kalau main ml kayak menang mau main kalah mau main ml game baik aku,5.0,Positif,9.0,Positif,Positif,train
"game buat orang stress,sistem matcmaking rosak.satu bintang lagi ehh dia bagi losetreak",1,2026-07-26 11:56:20,game buat orang stress sistem matcmaking rosak satu bintang ehh losetreak,game buat orang stress sistem matcmaking rosak satu bintang ehh losetreak,-7.0,Negatif,-7.0,Negatif,Negatif,train
"game GK jelas ngebug Mulu heran gw, walupun game nya seru tapi banyak bug sama banyak draksistem",3,2026-07-26 11:55:35,game tidak jelas ngebug mulu heran walupun game nya seru banyak bug sama banyak draksistem,game tidak jelas ngebug mulu heran walupun game nya seru banyak bug sama banyak draksistem,6.0,Positif,7.0,Positif,Positif,train
soal grafik ok lahh tapi musuhnya pas rank gak ngotak semua asemmm,1,2026-07-26 11:55:35,soal grafik lahh musuhnya pas rank tidak ngotak semua asemm,soal grafik lahh musuh pas rank tidak ngotak semua asemm,-6.0,Negatif,-6.0,Negatif,Negatif,train
cpe banyak dark sistem nya 🗿,1,2026-07-26 11:54:07,cpe banyak dark sistem nya emoji_netral,cpe banyak dark sistem nya emoji_netral,-4.0,Negatif,-4.0,Negatif,Negatif,train
"sistem match ga karuan tim musuh & tim tidak seimbang, game aneh",1,2026-07-26 11:54:03,sistem match tidak karuan tim musuh tim tidak seimbang game aneh,sistem match tidak karuan tim musuh tim tidak imbang game aneh,-24.0,Negatif,-24.0,Negatif,Negatif,train
server jelek ping ga stabil engine lawas,1,2026-07-26 11:53:57,server jelek ping tidak stabil engine lawas,server jelek ping tidak stabil engine lawas,-16.0,Negatif,-16.0,Negatif,Negatif,train
ok mantap,5,2026-07-26 11:53:19,mantap,mantap,5.0,Positif,5.0,Positif,Positif,train
sepertinya game ini kerja sama dengan akun joki... banyak pemain yang tidak bisa main sudah ranking tinggi dan dari pengembang game tidak ada tindakan anti sipasi permainan yang sehat dan adil sesuai kemampuan apalagi tim random makin parah sistemnya contoh 10 kali main tim random 6 sampai 7 kali mengalami kekalahan apakah memang di buat sistem seperti itu..? jadi seperti menang kalah sudah di tentukan sistem,1,2026-07-26 11:53:18,sepertinya game kerja sama akun joki banyak pemain tidak main ranking tinggi pengembang game tidak tindakan anti sipasi permainan sehat adil sesuai kemampuan tim random makin parah sistemnya contoh kali main tim random kali mengalami kekalahan memang buat sistem jadi menang kalah tentukan sistem,seperti game kerja sama akun joki banyak main tidak main ranking tinggi kembang game tidak tindak anti sipasi main sehat adil sesuai mampu tim random makin parah sistem contoh kali main tim random kali alami kalah memang buat sistem jadi menang kalah tentu sistem,-29.0,Negatif,-25.0,Negatif,Negatif,train
bagus e pooooll minta diamon kali ton monton,5,2026-07-26 11:51:51,bagus e pooll minta diamon kali ton moonton,bagus e pooll minta diamon kali ton moonton,-3.0,Negatif,2.0,Positif,Positif,train
min coba skinnya di gatisin 5 menit aja,1,2026-07-26 11:50:30,min coba skinnya gatisin menit aja,min coba skinnya gatisin menit aja,2.0,Positif,2.0,Positif,Positif,test
singkat saja sinyal nya tiba tiba jelek tapi pas main game lain lancar,1,2026-07-26 11:47:34,singkat sinyal nya tiba tiba jelek pas main game lancar,singkat sinyal nya tiba tiba jelek pas main game lancar,-1.0,Negatif,-1.0,Negatif,Negatif,train
"saya melihat bocoran skin kadita terbaru, saya kecewa karna sudah lama user kadita menunggunya ujung-ujungnya jadi skin elite, tolong moonton Naikkanlah tier kadita elite ini menjadi epic pun gapapa.",1,2026-07-26 11:47:28,melihat bocoran skin kadita terbaru kecewa lama user kadita menunggunya ujung ujungnya jadi skin elite moonton naikkanlah tier kadita elite menjadi epic gapapa,lihat bocor skin kadita baru kecewa lama user kadita tunggu ujung ujung jadi skin elite moonton naik tier kadita elite jadi epic gapapa,7.0,Positif,7.0,Positif,Positif,train
"apa coba kalah 4 kali,pantas rating 1",1,2026-07-26 11:47:25,apa coba kalah kali pantas rating,apa coba kalah kali pantas rating,-10.0,Negatif,-10.0,Negatif,Negatif,train
plis lah kalo ngasih tim jangan komputer males banget kalo jago gapapa . dibuat kalah Mulu mending gua hapus aja ni game,1,2026-07-26 11:46:50,plis lah kalau ngasih tim jangan komputer males banget kalau jago gapapa dibuat kalah mulu mending hapus aja ni game,plis lah kalau ngasih tim jangan komputer males banget kalau jago gapapa buat kalah mulu mending hapus aja ni game,-12.0,Negatif,-12.0,Negatif,Negatif,train
saya sangat suka dengan game ini saya sudah mencapai tingkat yang lebih besar,5,2026-07-26 11:46:16,sangat suka game mencapai tingkat lebih besar,sangat suka game capai tingkat lebih besar,6.0,Positif,6.0,Positif,Positif,test
waktu dalam game sinyal nya merah mulu terus padahal jaringan udh pake wifi data ttp ajah leg tolong perbiki,1,2026-07-26 11:45:46,waktu game sinyal nya merah mulu terus padahal jaringan pake wifi data ttp ajah leg perbiki,waktu game sinyal nya merah mulu terus padahal jaring pake wifi data ttp ajah leg bik,0.0,Negatif,0.0,Negatif,Negatif,train
"game yang bagus dan seru, tapi match making nya kadang tidak seimbang, dan banyak player yang melakukan troll tolong tindak player yang melakukan troll dengan lebih keras, dan buat match making nya lebih seimbang, di mode MRO lebih baik Avatar player disembunyikan, pengalaman saya bertemu orang yang sama di MRO hero power saya di ban karena lawan sudah melihat kemampuan saya di game sebelumnya. Terimakasih",5,2026-07-26 11:43:58,game bagus seru match making nya kadang tidak seimbang banyak player melakukan troll tindak player melakukan troll lebih keras buat match making nya lebih seimbang mode mro lebih baik avatar player disembunyikan pengalaman bertemu orang sama mro hero power ban lawan melihat kemampuan game sebelumnya terimakasih,game bagus seru match making nya kadang tidak imbang banyak player laku troll tindak player laku troll lebih keras buat match making nya lebih imbang mode mro lebih baik avatar player sembunyi alam temu orang sama mro hero power ban lawan lihat mampu game belum terimakasih,22.0,Positif,24.0,Positif,Positif,train
lumayan tapi bayak yang trol,4,2026-07-26 11:42:51,lumayan bayak trol,lumayan bayak trol,-1.0,Negatif,-1.0,Negatif,Negatif,train
tolong monton tim oon tambah GK tau main di banned aja dari game udah jadi dark sistem,2,2026-07-26 11:41:00,moonton tim oon tambah tidak tau main banned aja game udah jadi dark sistem,moonton tim oon tambah tidak tau main banned aja game udah jadi dark sistem,-9.0,Negatif,-9.0,Negatif,Negatif,train
"agak agak susah ya, aku juga liat orang orang stuk di epic, tapi overall seru, buat isi waktu luang❤️",4,2026-07-26 11:40:52,susah aku liat orang orang stuk epic overall seru buat isi waktu luang emoji_positif,susah aku liat orang orang stuk epic overall seru buat isi waktu luang emoji_positif,-4.0,Negatif,-1.0,Negatif,Negatif,train
"wow bagus banget...paling paling muak pas di rank epic,ls terus ls 3 kali ws 1 kali doang!! please...ini game bagus banget cuma bikin tambah stres aja",5,2026-07-26 11:40:03,wow bagus banget paling paling muak pas rank epic losestreak terus losestreak kali winstreak kali doang please game bagus banget cuma bikin tambah stres aja,wow bagus banget paling paling muak pas rank epic losestreak terus losestreak kali winstreak kali doang please game bagus banget cuma bikin tambah stres aja,-8.0,Negatif,2.0,Positif,Positif,train
gem tak jelas setiap orang mau naik dia malah turun kan lagi tambah kawan yang entah kayak mana sark sistem nya sedang kan lawan nya kayak semua top player ples geleg parah hapus aja gem ni dari pelestor,1,2026-07-26 11:38:55,gem tak jelas orang mau naik malah turun kan tambah kawan entah kayak mana sark sistem nya sedang kan lawan nya kayak semua top player ples geleg parah hapus aja gem ni pelestor,gem tak jelas orang mau naik malah turun kan tambah kawan entah kayak mana sark sistem nya sedang kan lawan nya kayak semua top player ples geleg parah hapus aja gem ni pelestor,-17.0,Negatif,-17.0,Negatif,Negatif,train
menyerukan dan bikin gak bosen,5,2026-07-26 11:37:16,menyerukan bikin tidak bosen,seru bikin tidak bosen,-1.0,Negatif,-1.0,Negatif,Negatif,train
aku kurang suka sama mode rank pdhl jaringan ijo tpi pas ada musuh lag bgt pdhl udah lancar jaringan nya pas lgi war lag bgt giliran mode brawl sama cl lancar sehat walafiat mohon diperbaiki ya MONTOON jangan pilih kasih mode,3,2026-07-26 11:36:39,aku kurang suka sama mode rank pdhl jaringan ijo tpi pas musuh lag banget pdhl udah lancar jaringan nya pas lgi war lag banget giliran mode brawl sama cl lancar sehat walafiat mohon diperbaiki moonton jangan pilih kasih mode,aku kurang suka sama mode rank pdhl jaring ijo tpi pas musuh lag banget pdhl udah lancar jaring nya pas lgi war lag banget gilir mode brawl sama cl lancar sehat walafiat mohon baik moonton jangan pilih kasih mode,14.0,Positif,8.0,Positif,Positif,train
nyesel download,1,2026-07-26 11:35:42,nyesel download,nyesel download,-5.0,Negatif,-5.0,Negatif,Negatif,train
kurangin bikin gw naik turu,4,2026-07-26 11:35:15,kurangin bikin naik turu,rangin bikin naik turu,1.0,Positif,1.0,Positif,Positif,train
"game SAMPAH main game bukan nya buat hiburan malah setres, matchmaking tidak seimbang",1,2026-07-26 11:34:23,game sampah main game bukan nya buat hiburan malah setres matchmaking tidak seimbang,game sampah main game bukan nya buat hibur malah tres matchmaking tidak imbang,-7.0,Negatif,-7.0,Negatif,Negatif,train
waktu loading screen susah banget sering ngeleg padahal jaringan full memori udh di bersihin ttp aja ngeleg,1,2026-07-26 11:32:35,waktu loading screen susah banget sering ngeleg padahal jaringan full memori bersihin ttp aja ngeleg,waktu loading screen susah banget sering ngeleg padahal jaring full memori bersihin ttp aja ngeleg,1.0,Positif,1.0,Positif,Positif,train
1 bintang lagi mau mytik malah di kasih tim yg tolol jadi gagal mytik moonton sengaja ya😭,1,2026-07-26 11:31:50,bintang mau mytik malah kasih tim tolol jadi gagal mytik moonton sengaja emoji_negatif,bintang mau mytik malah kasih tim tolol jadi gagal mytik moonton sengaja emoji_negatif,-11.0,Negatif,-11.0,Negatif,Negatif,test
game Nia bagus banget bisa menjadi rekomendasi sat lagi kesepian,5,2026-07-26 11:31:48,game nia bagus banget menjadi rekomendasi sat kesepian,game nia bagus banget jadi rekomendasi sat sepi,-3.0,Negatif,2.0,Positif,Positif,train
game seru tapi harus di warrior sampai grandmaster,5,2026-07-26 11:30:16,game seru warrior grandmaster,game seru warrior grandmaster,2.0,Positif,5.0,Positif,Positif,train
game nya lumayan bagus tapi game ini semakin berat grafik nya untuk hp kentang,4,2026-07-26 11:30:01,game nya lumayan bagus game semakin berat grafik nya handphone kentang,game nya lumayan bagus game makin berat grafik nya handphone kentang,3.0,Positif,8.0,Positif,Positif,train
jujur game ini ga sulit jika lawanya 5 orang bukan 9orang malah seru banget jika lawanya sepadan bukan dikasih tim 4orang dongok lawanya penjoki rip akal sehat #player solo;),1,2026-07-26 11:27:04,jujur game tidak sulit lawanya orang bukan orang malah seru banget lawanya sepadan bukan dikasih tim orang dongok lawanya penjoki rip akal sehat player solo,jujur game tidak sulit lawa orang bukan orang malah seru banget lawa padan bukan kasih tim orang dongok lawa joki rip akal sehat player solo,-16.0,Negatif,-13.0,Negatif,Negatif,train
meskipun kadang buat stres tapi seru,5,2026-07-26 11:25:17,meskipun kadang buat stres seru,meski kadang buat stres seru,-2.0,Negatif,1.0,Positif,Positif,train
game ini sangat ramah dan mainnya gak bikin bosen apalagi ketika Mabar sama temen behh.. enak pokoknya,3,2026-07-26 11:22:22,game sangat ramah mainnya tidak bikin bosen mabar sama temen behh enak pokoknya,game sangat ramah main tidak bikin bosen mabar sama temen behh enak pokok,-6.0,Negatif,-4.0,Negatif,Negatif,train
"JANGAN DOWNLOAD GAME INI MENDING HOK, server gk jelas, pembagian team yang gakk setara, game idiot",1,2026-07-26 11:22:18,jangan download game mending hok server tidak jelas pembagian team gakk setara game idiot,jangan download game mending hok server tidak jelas bagi team gakk tara game idiot,-5.0,Negatif,-5.0,Negatif,Negatif,train
"Game ga adil, pembagian tim tidak seimbang",1,2026-07-26 11:19:54,game tidak adil pembagian tim tidak seimbang,game tidak adil bagi tim tidak imbang,-13.0,Negatif,-13.0,Negatif,Negatif,test
"Game nya baguss, namun sebagian ada yang drag sistem, tapi okey game nya juga gak terlalu kikir",5,2026-07-26 11:18:15,game nya baguss sebagian drag sistem okey game nya tidak terlalu kikir,game nya baguss bagi drag sistem okey game nya tidak terlalu kikir,2.0,Positif,2.0,Positif,Positif,test
"game kebanyakan bocil lawak,banyak draksistem game apaan kek gini,di report masih nunggu berproses udah jelas"" tuh orng draksistem hapus aja game kek gini lawak",1,2026-07-26 11:18:15,game kebanyakan bocil lawak banyak draksistem game apaan kek gini report nunggu berproses udah jelas tuh orng draksistem hapus aja game kek gini lawak,game banyak bocil lawak banyak draksistem game apa kek gin report nunggu proses udah jelas tuh orng draksistem hapus aja game kek gin lawak,-1.0,Negatif,-1.0,Negatif,Negatif,train
game dengan matchmaking buruk!!! seolah2 olah yang menentukan win sistem bukan play game!!! sering lag di late game padahal jaringan bagus!! semoga sistem nya di perbaiki!! bahkan saya sudah tidak percaya dengan kompetisi game ini!!,1,2026-07-26 11:15:17,game matchmaking buruk olah menentukan win sistem bukan play game sering lag late game padahal jaringan bagus semoga sistem nya perbaiki bahkan tidak percaya kompetisi game,game matchmaking buruk olah tentu win sistem bukan play game sering lag late game padahal jaring bagus moga sistem nya baik bahkan tidak percaya kompetisi game,-15.0,Negatif,-13.0,Negatif,Negatif,train
susah,5,2026-07-26 11:12:58,susah,susah,-3.0,Negatif,-3.0,Negatif,Negatif,train
"gara ml gua dapet temen banyak makasih monton boleh lah 50k dm nya kiw""",5,2026-07-26 11:12:57,gara ml dapet temen banyak makasih moonton lah k dm nya kiw,gara ml dapet temen banyak makasih moonton lah k dm nya kiw,2.0,Positif,2.0,Positif,Positif,test
jaringan bagus dibilang jelek ini sangat mengganggu mana saat war ngeleg jaringan nya gerak dikit lag mana di rank,5,2026-07-26 11:10:20,jaringan bagus dibilang jelek sangat mengganggu mana war ngeleg jaringan nya gerak dikit lag mana rank,jaring bagus bilang jelek sangat ganggu mana war ngeleg jaring nya gerak dikit lag mana rank,-15.0,Negatif,-13.0,Negatif,Negatif,train
"saya sarankan pemain ml segera pensi, karena MATCHMAKING MANIPULASI",1,2026-07-26 11:09:32,sarankan pemain ml segera pensi matchmaking manipulasi,saran main ml segera pensi matchmaking manipulasi,-3.0,Negatif,-3.0,Negatif,Negatif,train
bagus lahh seru juga tapi sekarang mahal mahal skin nya dan jarang yg gratis padahal waktu tahun 2024 pas udah selesai main 2 kali atau beberapa kali dapet skin sekarang beda lebih suka yg dulu,4,2026-07-26 11:09:19,bagus lahh seru sekarang mahal mahal skin nya jarang gratis padahal waktu tahun pas udah selesai main kali beberapa kali dapet skin sekarang beda lebih suka dulu,bagus lahh seru sekarang mahal mahal skin nya jarang gratis padahal waktu tahun pas udah selesai main kali beberapa kali dapet skin sekarang beda lebih suka dulu,8.0,Positif,16.0,Positif,Positif,test
moonton tolong lah kalo ngasih server yang jelas gua cape,5,2026-07-26 11:09:06,moonton lah kalau ngasih server jelas cape,moonton lah kalau ngasih server jelas cape,-6.0,Negatif,-6.0,Negatif,Negatif,train
lag bngt setiap main bngst,1,2026-07-26 11:08:04,lag banget main bngst,lag banget main bngst,1.0,Positif,-2.0,Negatif,Negatif,train
tolong berikan lingkungan yg adil yah saya udh hampir sepuluh kali bilang tapi tidak di tanggapi tolong lah yah moonton gk ada masalah nya sama jaringan tapi tolong berikan lingkungan yg adil terimakasih,1,2026-07-26 11:06:16,berikan lingkungan adil yah hampir sepuluh kali bilang tidak tanggapi lah yah moonton tidak masalah nya sama jaringan berikan lingkungan adil terimakasih,ikan lingkung adil yah hampir puluh kali bilang tidak tanggap lah yah moonton tidak masalah nya sama jaring ikan lingkung adil terimakasih,9.0,Positif,9.0,Positif,Positif,train
"gua top up diamond pakai dana,uang sudah masuk tapi dm nya gak ada tolong kembaliin uang ku tonn montonn",1,2026-07-26 11:03:48,top up diamond pakai dana uang masuk dm nya tidak kembaliin uang ku tonn montonn,top up diamond pakai dana uang masuk dm nya tidak kembaliin uang ku tonn montonn,4.0,Positif,4.0,Positif,Positif,test
tolong batasi umur pemain banyak bocah yang bermain game ini,1,2026-07-26 11:03:15,batasi umur pemain banyak bocah bermain game,batas umur main banyak bocah main game,1.0,Positif,1.0,Positif,Positif,train
"gamenya seru bgt, tabrakan gw ama top global",5,2026-07-26 11:03:00,gamenya seru banget tabrakan ama top global,gamenya seru banget tabrak ama top global,6.0,Positif,9.0,Positif,Positif,train
md aku kasih rating 8/10,4,2026-07-26 11:02:58,md aku kasih rating,md aku kasih rating,2.0,Positif,2.0,Positif,Positif,test
tolong dong yang mode offline semua hp bisa ada levelnya,4,2026-07-26 11:01:37,dong mode offline semua handphone levelnya,dong mode offline semua handphone level,-3.0,Negatif,-3.0,Negatif,Negatif,train
gemnya bagus tetapi orang umur10/7 aku mohon monton kami cape,5,2026-07-26 11:00:56,gemnya bagus orang umur aku mohon moonton cape,gemnya bagus orang umur aku mohon moonton cape,-3.0,Negatif,2.0,Positif,Positif,train
"ton ton bisa"" lagi loding screen game lu malah nge frez mana lagi main rank kredit skor jdi turun dah ini",2,2026-07-26 10:59:09,ton ton loding screen game kamu malah nge frez mana main rank kredit skor jdi turun,ton ton loding screen game kamu malah nge frez mana main rank kredit skor jdi turun,0.0,Negatif,0.0,Negatif,Negatif,train
bagus tapi saya selalu bertemu dengan yang afk dan ngak ngerti cara main nya tolong di kasi peringatan,5,2026-07-26 10:57:50,bagus selalu bertemu afk ngak ngerti cara main nya kasi peringatan,bagus selalu temu afk ngak ngerti cara main nya kasi ingat,-3.0,Negatif,0.0,Positif,Positif,train
kasih tim yang bener bbi,1,2026-07-26 10:55:41,kasih tim bener bbi,kasih tim bener bbi,-1.0,Negatif,-1.0,Negatif,Negatif,train
"sistem pembodohan, sistem rusak, dari dulu maen ketemu tim kadang sehat kadang tolol minimal seimbangin laa dongo!!! game rusak",1,2026-07-26 10:54:56,sistem pembodohan sistem rusak dulu maen ketemu tim kadang sehat kadang tolol minimal seimbangin laa dongo game rusak,sistem bodoh sistem rusak dulu maen ketemu tim kadang sehat kadang tolol minimal seimbangin laa dongo game rusak,-7.0,Negatif,-7.0,Negatif,Negatif,test
balikin waktu akuu anjingggg,1,2026-07-26 10:54:23,balikin waktu akuu anjingg,balikin waktu akuu anjingg,0.0,Negatif,0.0,Negatif,Negatif,train
"menang kalah terussss buang2 waktu aja.abis menang 1x kalah 2x. satu hal lagi buat pembagian tim makin parah.makin sini bukan makin seru,malah makin jelek.parah",1,2026-07-26 10:54:18,menang kalah teruss buang waktu aja abis menang x kalah x satu buat pembagian tim makin parah makin sini bukan makin seru malah makin jelek parah,menang kalah teruss buang waktu aja abis menang x kalah x satu buat bagi tim makin parah makin sini bukan makin seru malah makin jelek parah,-28.0,Negatif,-17.0,Negatif,Negatif,train
tambah lama g tambh bgus Mlah isinya tim bot mlu lama² JD sepi lu moonton,1,2026-07-26 10:50:20,tambah lama g tambh bgus mlah isinya tim bot mlu lama jadi sepi kamu moonton,tambah lama g tambh bgus mlah isi tim bot mlu lama jadi sepi kamu moonton,-15.0,Negatif,-15.0,Negatif,Negatif,test
"matchmaking gak masuk akal gak sesuai role, bahkan palyernya layaknya bot, hightier pun gak luput dapet macth yang gak sesuai role yg di pilih, benar2 sangat merugikan player",1,2026-07-26 10:49:27,matchmaking tidak masuk akal tidak sesuai role bahkan palyernya layaknya bot hightier tidak luput dapet macth tidak sesuai role pilih benar sangat merugikan player,matchmaking tidak masuk akal tidak sesuai role bahkan palyernya layak bot hightier tidak luput dapet macth tidak sesuai role pilih benar sangat rugi player,-26.0,Negatif,-26.0,Negatif,Negatif,train
game nya bagus tapi minusnya sinyalnya bagus tapi berubah jadi ping suka ngebug tim afk semu pernah ketemu tim yg 4 nya afk semua monton tolong di perbaiki kadang ketemu map hack cheat damage one hit padahal musuh nya lvl 1 tapi damage nya gak ngotak tolong perbaiki ya MONTOON,2,2026-07-26 10:49:05,game nya bagus minusnya sinyalnya bagus berubah jadi ping suka ngebug tim afk semu pernah ketemu tim nya afk semua moonton perbaiki kadang ketemu map hack cheat damage one hit padahal musuh nya lvl damage nya tidak ngotak perbaiki moonton,game nya bagus minus sinyal bagus ubah jadi ping suka ngebug tim afk semu pernah ketemu tim nya afk semua moonton baik kadang ketemu map hack cheat damage one hit padahal musuh nya lvl damage nya tidak ngotak baik moonton,-17.0,Negatif,-11.0,Negatif,Negatif,train
terima kasih atas kemenangan yang kau beriikan,5,2026-07-26 10:46:56,terima kasih atas kemenangan kau beriikan,terima kasih atas menang kau beriikan,-1.0,Negatif,-1.0,Negatif,Negatif,train
ngasih tim sama musuh yang ngotak dong monton ga setara bet ngasih musuhnya,2,2026-07-26 10:45:04,ngasih tim sama musuh ngotak dong moonton tidak setara bet ngasih musuhnya,ngasih tim sama musuh ngotak dong moonton tidak tara bet ngasih musuh,-10.0,Negatif,-10.0,Negatif,Negatif,test
bagus banget udah main ml sejak 2023 tapi sering ketemu tim ngetroll coba dong moonton orang yang ngetroll langsung kasih peringatan 1 2 3 bulan atau lebih,5,2026-07-26 10:44:52,bagus banget udah main ml sejak sering ketemu tim ngetroll coba dong moonton orang ngetroll langsung kasih peringatan bulan lebih,bagus banget udah main ml sejak sering ketemu tim ngetroll coba dong moonton orang ngetroll langsung kasih ingat bulan lebih,4.0,Positif,9.0,Positif,Positif,train
Masak iya maen game los streak trus udah 10X kagak di kasih menang sama sekali selalu dapet tim ampas. dan parahnya saat maen damage kagak berasa sepertinya game ini sudah di setting contohnya saya sendiri kenak dark sytem. jelek banget ML sekarang,2,2026-07-26 10:44:08,masak iya maen game los streak trus udah x kagak kasih menang sama sekali selalu dapet tim ampas parahnya maen damage kagak berasa sepertinya game setting contohnya sendiri kenak dark sytem jelek banget ml sekarang,masak iya maen game los streak trus udah x kagak kasih menang sama sekali selalu dapet tim ampas parah maen damage kagak asa seperti game setting contoh sendiri nak dark sytem jelek banget ml sekarang,-10.0,Negatif,-6.0,Negatif,Negatif,train
"ml jelek, padahal wifi lancar"" aja tapi kalo main ml lag",1,2026-07-26 10:42:45,ml jelek padahal wifi lancar aja kalau main ml lag,ml jelek padahal wifi lancar aja kalau main ml lag,-3.0,Negatif,-6.0,Negatif,Negatif,train
ini game bikin stres anak saya tolong ini hapus aja game nya,1,2026-07-26 10:41:40,game bikin stres anak hapus aja game nya,game bikin stres anak hapus aja game nya,-5.0,Negatif,-5.0,Negatif,Negatif,train
"aku kecewa banget hai developer, padahal aku udah kumpulin lucky point untuk Aurora summon, trus dapet skin greenflash Layla tapi karna udah punya skin itu, katanya diganti rare skin fragments 250×, tapi udah berhari"" masih ga masuk 🥹 mogok ml aku!!",3,2026-07-26 10:41:39,aku kecewa banget hai developer padahal aku udah kumpulin lucky point aurora summon trus dapet skin greenflash layla udah punya skin katanya diganti rare skin fragments udah berhari tidak masuk mogok ml aku emoji_lain,aku kecewa banget hai developer padahal aku udah kumpulin lucky point aurora summon trus dapet skin greenflash layla udah punya skin kata ganti rare skin fragments udah hari tidak masuk mogok ml aku emoji_lain,4.0,Positif,4.0,Positif,Positif,train
apa apaan gabisa login via monton,1,2026-07-26 10:41:31,apa apaan gabisa login via moonton,apa apa gabisa login via moonton,-7.0,Negatif,-7.0,Negatif,Negatif,test
"gem burik isinya drak sistem masak iya 400 pertandingan nyestak epic sama lejen,padahal kawan aku dah Sampek Mawi cuma 89 pertandingan Mendi main gem hok daripada main ml",4,2026-07-26 10:41:03,gem burik isinya drak sistem masak iya pertandingan nyestak epic sama lejen padahal kawan aku sampek mawi cuma pertandingan mendi main gem hok main ml,gem burik isi drak sistem masak iya tanding nyestak epic sama lejen padahal kawan aku sampek mawi cuma tanding mendi main gem hok main ml,-3.0,Negatif,-3.0,Negatif,Negatif,train
Seru....... Banget Aku pangen mengucapakan Tuempekkkkkkkk saat kalah,5,2026-07-26 10:39:51,seru banget aku pangen mengucapakan tuempekk kalah,seru banget aku pangen mengucapakan tuempekk kalah,-2.0,Negatif,1.0,Positif,Positif,train
sering terjadi mslah jaringn,1,2026-07-26 10:39:43,sering terjadi mslah jaringn,sering jadi mslah jaringn,6.0,Positif,6.0,Positif,Positif,test
benerin dulu matchmakingnya,1,2026-07-26 10:37:29,benerin dulu matchmakingnya,benerin dulu matchmakingnya,0.0,Negatif,0.0,Negatif,Negatif,train
"game nya gak jelas kbnyakan yg main Boca yang g ngerti, Uda gitu kalau di report krna beban malah gak kena pelanggaran",1,2026-07-26 10:37:21,game nya tidak jelas kbnyakan main boca g ngerti uda gitu kalau report krna beban malah tidak kena pelanggaran,game nya tidak jelas kbnyakan main boca g ngerti uda gitu kalau report krna beban malah tidak kena langgar,-9.0,Negatif,-9.0,Negatif,Negatif,test
min!! Tolong dong Revem skin Selena Thunder Flash Lockybox nya Bosen efek skin nya itu itu aja,4,2026-07-26 10:36:15,min dong revem skin selena thunder flash lockybox nya bosen efek skin nya aja,min dong revem skin lena thunder flash lockybox nya bosen efek skin nya aja,0.0,Positif,0.0,Positif,Positif,train
woo game nya seru banget gameplay nya baguss Hero nya banyak,5,2026-07-26 10:35:54,woo game nya seru banget gameplay nya baguss hero nya banyak,woo game nya seru banget gameplay nya baguss hero nya banyak,3.0,Positif,6.0,Positif,Positif,test
game ini bikin stress,1,2026-07-26 10:35:40,game bikin stress,game bikin stress,-3.0,Negatif,-3.0,Negatif,Negatif,train
game bagus tapi kasi lawan yang keras 💀💀💀🤝,5,2026-07-26 10:35:33,game bagus kasi lawan keras emoji_netral emoji_netral emoji_netral emoji_lain,game bagus kasi lawan keras emoji_netral emoji_netral emoji_netral emoji_lain,-6.0,Negatif,-1.0,Negatif,Negatif,train
knp ini setiap main ml mesti ada hubungkan hubungkan,1,2026-07-26 10:34:51,main ml mesti hubungkan hubungkan,main ml mesti hubung hubung,-3.0,Negatif,-3.0,Negatif,Negatif,test
"apa jadinya jika owe memberikan saran untuk papi montoon tercinta supaya mlbb memiliki fitur barter nahhhh di fitur itu kita bisa barter skin,Hero,emote, recall,efek spawn dan lain lain dgn syarat barang yg kita barter itu memiliki poin koleksi yg sama misalnya gua chou kof barter dgn player lain dgn guin kof atau skin collector kan bagus kalau ada fitur kyk begituan",4,2026-07-26 10:34:51,apa jadinya owe memberikan saran papi moonton tercinta mlbb memiliki fitur barter nahh fitur barter skin hero emote recall efek spawn syarat barang barter memiliki poin koleksi sama misalnya chou kof barter player guin kof skin collector kan bagus kalau fitur kyk begituan,apa jadi owe beri saran papi moonton cinta mlbb milik fitur barter nahh fitur barter skin hero emote recall efek spawn syarat barang barter milik poin koleksi sama misal chou kof barter player guin kof skin collector kan bagus kalau fitur kyk begitu,6.0,Positif,11.0,Positif,Positif,train
game bagus playernya juga ramah,5,2026-07-26 10:33:57,game bagus playernya ramah,game bagus playernya ramah,2.0,Positif,7.0,Positif,Positif,train
tolong jgn suka kasih tim bapuk,5,2026-07-26 10:33:00,jangan suka kasih tim bapuk,jangan suka kasih tim bapuk,-8.0,Negatif,-8.0,Negatif,Negatif,train
game rusak banyak dari sistem bot team sistem rusak kaga jelas banyak cheater lol,1,2026-07-26 10:32:42,game rusak banyak sistem bot team sistem rusak tidak jelas banyak cheater lol,game rusak banyak sistem bot team sistem rusak tidak jelas banyak cheater lol,-12.0,Negatif,-16.0,Negatif,Negatif,train
sampai sekarang jaringannya gak benar padahal saat gua main ff atau pubg aman aman aja bikin emosi aja nih game,1,2026-07-26 10:32:37,sekarang jaringannya tidak benar padahal main ff pubg aman aman aja bikin emosi aja nih game,sekarang jaring tidak benar padahal main ff pubg aman aman aja bikin emosi aja nih game,0.0,Negatif,0.0,Negatif,Negatif,test
game gila,1,2026-07-26 10:30:50,game gila,game gila,-4.0,Negatif,-4.0,Negatif,Negatif,train
GAME BABI INI,1,2026-07-26 10:29:57,game babi,game babi,-2.0,Negatif,-2.0,Negatif,Negatif,test
"game kocakk main mulai isya sampe subuh bintang ga nambah jg gak kurang,gitu aja tiap hari.buang""waktu",2,2026-07-26 10:28:58,game kocakk main mulai isya sampe subuh bintang tidak nambah jg tidak kurang gitu aja tiap hari buang waktu,game kocakk main mulai isya sampe subuh bintang tidak nambah jg tidak kurang gitu aja tiap hari buang waktu,-6.0,Negatif,-6.0,Negatif,Negatif,train
game buruk dari tadi saya ls mulu gk dikasih menang nih game mending jangan di download,1,2026-07-26 10:28:31,game buruk tadi losestreak mulu tidak dikasih menang nih game mending jangan download,game buruk tadi losestreak mulu tidak kasih menang nih game mending jangan download,-12.0,Negatif,-8.0,Negatif,Negatif,train
sangat kecewa los streak tersu,1,2026-07-26 10:27:39,sangat kecewa los streak tersu,sangat kecewa los streak tersu,-2.0,Negatif,-2.0,Negatif,Negatif,train
Jaringan ngelek btul gak ngotak betul aneh,1,2026-07-26 10:27:18,jaringan ngelek btul tidak ngotak betul aneh,jaring ngelek btul tidak ngotak betul aneh,-8.0,Negatif,-8.0,Negatif,Negatif,train
sinyal lu perbaiki gblok tll,1,2026-07-26 10:26:53,sinyal kamu perbaiki gblok tll,sinyal kamu baik gblok tll,0.0,Negatif,0.0,Negatif,Negatif,train
P aja,5,2026-07-26 10:26:42,p aja,p aja,1.0,Positif,1.0,Positif,Positif,train
"Hilangin bocil"" plis",5,2026-07-26 10:21:59,hilangin bocil plis,hilangin bocil plis,0.0,Positif,0.0,Positif,Positif,train
matchmaking gajelas,1,2026-07-26 10:18:57,matchmaking gajelas,matchmaking gajelas,0.0,Negatif,0.0,Negatif,Negatif,train
game bagus tapi banyak yang ngetroll,3,2026-07-26 10:18:50,game bagus banyak ngetroll,game bagus banyak ngetroll,0.0,Negatif,5.0,Positif,Positif,train
"dasarr gamee apaan si timnyaa g bisa main, musuhnya ke prolayer gimna dah, ngasih tim yang seimbang niat bikin game g si moonton plis lah gw juga pengin imo, TPI dpet tim gjlas teruss aplah kadang midnya kadang roamnya kadang goldanenyaa kadang expinyaa gmn si tolong lah",1,2026-07-26 10:18:45,dasarr gamee apaan si timnyaa g main musuhnya prolayer gimna ngasih tim seimbang niat bikin game g si moonton plis lah pengin imo tpi dpet tim gjlas teruss aplah kadang midnya kadang roamnya kadang goldanenyaa kadang expinyaa bagaimana si lah,dasarr gamee apa si timnyaa g main musuh prolayer gimna ngasih tim imbang niat bikin game g si moonton plis lah pengin imo tpi dpet tim gjlas teruss aplah kadang midnya kadang roamnya kadang goldanenyaa kadang expinyaa bagaimana si lah,3.0,Positif,3.0,Positif,Positif,test
lu Maya enak si di maenin tapi kadang kalo lagi login kadang kaga bisa lama banget,1,2026-07-26 10:18:39,kamu maya enak si maenin kadang kalau login kadang tidak lama banget,kamu maya enak si maenin kadang kalau login kadang tidak lama banget,6.0,Positif,8.0,Positif,Positif,train
"selalu dikasih lawan yang susah walaupun mvp terus, banyak tim bot kalau main solo",1,2026-07-26 10:18:13,selalu dikasih lawan susah walaupun mvp terus banyak tim bot kalau main solo,selalu kasih lawan susah walaupun mvp terus banyak tim bot kalau main solo,-9.0,Negatif,-9.0,Negatif,Negatif,train
Makin lemot,1,2026-07-26 10:17:29,makin lemot,makin lot,-3.0,Negatif,-3.0,Negatif,Negatif,train
parah banget sih lu montoon lagi enak2 war malah tiba2 keluar sendiri masuk lagi gk bisa parah bgt sumpah,1,2026-07-26 10:16:40,parah banget sih kamu moonton enak war malah tiba keluar sendiri masuk tidak parah banget sumpah,parah banget sih kamu moonton enak war malah tiba keluar sendiri masuk tidak parah banget sumpah,-11.0,Negatif,-9.0,Negatif,Negatif,train
"aku menyukainya tetapi,saya tidak menyukai saat bug, pas saya mangalah kan lawan. mengapa saya yang mati?.itu aneh sekali...",4,2026-07-26 10:16:39,aku menyukainya tidak menyukai bug pas mangalah kan lawan mati aneh sekali,aku suka tidak suka bug pas mangalah kan lawan mati aneh sekali,-9.0,Negatif,-11.0,Negatif,Negatif,test
gam setingan @nj9 dapet tim bot semua PP blur gam scam sejauh ini gw kecewa bet si mau gw di server indo sama di server luar sama aj main Cl full ws pas main Reng full ls setingan nya itu loh Ama sistem lu ton aduh kecewa asli gw aj main ni gam sampe hampir ilang akal sampe ke psikolog gw buat terapi gara gara gam lu,1,2026-07-26 10:16:25,gam setingan nj dapet tim bot semua pp blur gam scam sejauh kecewa bet si mau server indo sama server luar sama aj main cl full winstreak pas main reng full losestreak setingan nya loh ama sistem kamu ton aduh kecewa asli aj main ni gam sampe hampir ilang akal sampe psikolog buat terapi gara gara gam kamu,gam ting nj dapet tim bot semua pp blur gam scam jauh kecewa bet si mau server indo sama server luar sama aj main cl full winstreak pas main reng full losestreak ting nya loh ama sistem kamu ton aduh kecewa asli aj main ni gam sampe hampir ilang akal sampe psikolog buat terapi gara gara gam kamu,-17.0,Negatif,-17.0,Negatif,Negatif,train
game konyol,1,2026-07-26 10:16:06,game konyol,game konyol,-1.0,Negatif,-1.0,Negatif,Negatif,train
game asu bukan penghilang stres malah tambah stres,1,2026-07-26 10:15:55,game asu bukan penghilang stres malah tambah stres,game asu bukan hilang stres malah tambah stres,-6.0,Negatif,-6.0,Negatif,Negatif,train
"matching classic lama banget, death game",1,2026-07-26 10:15:28,matching classic lama banget death game,matching classic lama banget death game,-4.0,Negatif,-4.0,Negatif,Negatif,test
tolong skin legend dan lainnya digratiskan,5,2026-07-26 10:15:10,skin legend lainnya digratiskan,skin legend lain gratis,0.0,Positif,0.0,Positif,Positif,train
timnya jelek mulu main nya buta map,1,2026-07-26 10:14:28,timnya jelek mulu main nya buta map,tim jelek mulu main nya buta map,-7.0,Negatif,-7.0,Negatif,Negatif,train
𝙜𝙖𝙢𝙚 𝙞𝙣𝙞 𝙨𝙖𝙣𝙜𝙖𝙩 𝙢𝙚𝙣𝙮𝙚𝙣𝙖𝙣𝙜𝙠𝙖𝙣 𝙩𝙖𝙥𝙞 𝙜𝙖𝙠 𝙗𝙞𝙨𝙖 𝙥𝙞𝙡𝙞𝙝𝙖𝙣 𝙤𝙛𝙛𝙡𝙞𝙣𝙚,5,2026-07-26 10:14:26,game sangat menyenangkan tidak pilihan offline,game sangat senang tidak pilih offline,-9.0,Negatif,-9.0,Negatif,Negatif,train
gw suka grafik game soalnya mudah dan anak anak juga bisa main gk kayak game sebelah fomo buat,5,2026-07-26 10:13:35,suka grafik game soalnya mudah anak anak main tidak kayak game sebelah fomo buat,suka grafik game soal mudah anak anak main tidak kayak game belah fomo buat,-3.0,Negatif,-3.0,Negatif,Negatif,train
"Tolong ciptakan hukuman yang sangat berat bagi player player yang tidak bermain sesuai role , tolong perbaiki draft match agar jangan memberikan tim yang tidak bisa main, karena sangat merugikan waktu",1,2026-07-26 10:12:12,ciptakan hukuman sangat berat player player tidak bermain sesuai role perbaiki draft match jangan memberikan tim tidak main sangat merugikan waktu,cipta hukum sangat berat player player tidak main sesuai role baik draft match jangan beri tim tidak main sangat rugi waktu,-18.0,Negatif,-18.0,Negatif,Negatif,test
"game ini menurutku ga guna mending hapus malah pelit skin Hero,padahal Hero yang lama masa ga dikasih plus rank nya ga diperbaiki mana dapat tim troll terus terus event nya kadang pelit kadang ga menarik aku berharap game ini hapus atau perbaiki kesalahan",1,2026-07-26 10:11:32,game menurutku tidak mending hapus malah pelit skin hero padahal hero lama masa tidak dikasih plus rank nya tidak diperbaiki mana tim troll terus terus event nya kadang pelit kadang tidak menarik aku berharap game hapus perbaiki kesalahan,game turut tidak mending hapus malah pelit skin hero padahal hero lama masa tidak kasih plus rank nya tidak baik mana tim troll terus terus event nya kadang pelit kadang tidak tarik aku harap game hapus baik salah,-28.0,Negatif,-31.0,Negatif,Negatif,train
"Kerjaaan ny bikin skin doang, Urusan MATCHMAKING sampah, hukuman player ga bikin jera orang yang ga niat main di Rank, MVP di tim yang kalah tetap hilang bintang kerja keras main serius ga di hargai, orang yang ga niat main malah di lindungi dan di manjakan, memang harus jadi pro player dulu ya biar MATCHMAKING nya bagus, Baca nih, jangan cuma pengen cari duit nya aja dari skin sama diamond, mata duitan",1,2026-07-26 10:11:29,kerjaan ny bikin skin doang urusan matchmaking sampah hukuman player tidak bikin jera orang tidak niat main rank mvp tim kalah tetap hilang bintang kerja keras main serius tidak hargai orang tidak niat main malah lindungi manjakan memang jadi pro player dulu matchmaking nya bagus baca nih jangan cuma pengen cari duit nya aja skin sama diamond mata duitan,kerja ny bikin skin doang urus matchmaking sampah hukum player tidak bikin jera orang tidak niat main rank mvp tim kalah tetap hilang bintang kerja keras main serius tidak harga orang tidak niat main malah lindung manja memang jadi pro player dulu matchmaking nya bagus baca nih jangan cuma ken cari duit nya aja skin sama diamond mata duit,-30.0,Negatif,-25.0,Negatif,Negatif,train
montoon plis tolong kenapa habis ws mesti langsung LS.ws 2kali Ls 4kali gak adil lah,1,2026-07-26 10:11:20,moonton plis habis winstreak mesti langsung losestreak winstreak kali losestreak kali tidak adil lah,moonton plis habis winstreak mesti langsung losestreak winstreak kali losestreak kali tidak adil lah,-6.0,Negatif,-6.0,Negatif,Negatif,train
i like this game,5,2026-07-26 10:08:14,i like this game,i like this game,2.0,Positif,2.0,Positif,Positif,train
game nya keren,5,2026-07-26 10:07:39,game nya keren,game nya keren,2.0,Positif,6.0,Positif,Positif,train
game ya makin jelek,1,2026-07-26 10:07:25,game makin jelek,game makin jelek,-1.0,Negatif,-1.0,Negatif,Negatif,train
game nya bikin orang stress nambah streess,5,2026-07-26 10:06:28,game nya bikin orang stress nambah streess,game nya bikin orang stress nambah streess,-3.0,Negatif,-3.0,Negatif,Negatif,train
seru bgt,5,2026-07-26 10:04:54,seru banget,seru banget,1.0,Positif,4.0,Positif,Positif,test
susah bet naik mitik GAME KUTUKAN UNTUK PEMULA,1,2026-07-26 10:04:36,susah bet naik mitik game kutukan pemula,susah bet naik mitik game kutu mula,0.0,Negatif,0.0,Negatif,Negatif,train
saran gw kalo udh menang 2 kali mending lanjut besok🥰kalo ga sehari bisa menderita🥰💜,1,2026-07-26 10:04:20,saran kalau menang kali mending lanjut besok kalau tidak sehari menderita emoji_positif emoji_positif emoji_positif,saran kalau menang kali mending lanjut besok kalau tidak hari derita emoji_positif emoji_positif emoji_positif,-18.0,Negatif,-14.0,Negatif,Negatif,train
"ini sistem moonton rusak atau bagaimana? lawan saya terlalu berat,tidak setara rank musuh dengan rank tim saya (jika tidak segera di perbaiki mending saya download honor of kings)",5,2026-07-26 10:03:59,sistem moonton rusak bagaimana lawan terlalu berat tidak setara rank musuh rank tim tidak segera perbaiki mending download honor of kings,sistem moonton rusak bagaimana lawan terlalu berat tidak tara rank musuh rank tim tidak segera baik mending download honor of kings,-32.0,Negatif,-32.0,Negatif,Negatif,train
tolong beriakan tim yang adil,1,2026-07-26 10:03:48,beriakan tim adil,ria tim adil,-3.0,Negatif,-3.0,Negatif,Negatif,train
mantp,5,2026-07-26 10:03:47,mantp,mantp,0.0,Positif,0.0,Positif,Positif,train
permainan yang seruh dan seruh banget,5,2026-07-26 10:01:03,permainan seruh seruh banget,main seruh seruh banget,1.0,Positif,1.0,Positif,Positif,train
ga jelas pas relog gabisa kembali ke in game malah stuck di loby benerin dong buang buang credit skor doang dan pas game nya menang tidak dapat bintang nyusahin banget,1,2026-07-26 09:59:55,tidak jelas pas relog gabisa in game malah stuck loby benerin dong buang buang credit skor doang pas game nya menang tidak bintang nyusahin banget,tidak jelas pas relog gabisa in game malah stuck loby benerin dong buang buang credit skor doang pas game nya menang tidak bintang nyusahin banget,-4.0,Negatif,0.0,Negatif,Negatif,test
seruu bangett siii😍😍,5,2026-07-26 09:59:47,seruu bangett sii emoji_positif emoji_positif,seruu bangett sii emoji_positif emoji_positif,-2.0,Negatif,-2.0,Negatif,Negatif,train
Tambah lag setelah update?,3,2026-07-26 09:59:24,tambah lag update,tambah lag update,3.0,Positif,0.0,Negatif,Negatif,train
the best,5,2026-07-26 09:58:52,the best,the best,0.0,Positif,0.0,Positif,Positif,train
"tolong di benerin mactmaking nya ton nonton.. dan lihat di game nya terlalu gk seimbang kadang""..terlalu banyak BOT yang masuk dan menjadikan game nya terlalu membosankan dan menjengkelkan..seimbangkan dari poin rank biar game nya seimbang",2,2026-07-26 09:58:02,benerin mactmaking nya ton nonton lihat game nya terlalu tidak seimbang kadang terlalu banyak bot masuk menjadikan game nya terlalu membosankan menjengkelkan seimbangkan poin rank game nya seimbang,benerin mactmaking nya ton nonton lihat game nya terlalu tidak imbang kadang terlalu banyak bot masuk jadi game nya terlalu bosan jengkel imbang poin rank game nya imbang,-8.0,Negatif,-8.0,Negatif,Negatif,train
aplikasi nya GK sebagus dulu banyak curangnya dari pengembangnya,1,2026-07-26 09:57:51,aplikasi nya tidak sebagus dulu banyak curangnya pengembangnya,aplikasi nya tidak bagus dulu banyak curang kembang,-9.0,Negatif,-9.0,Negatif,Negatif,train
tolongg lh Moonton sayaa mainn rank kalahh terusss masalahnya ada di tim gak adil banget pokoknya tim saya gak bisa main sedangkan tim musuh jago jago sayaa capekk bangett kalahh muluu jadii tolong lah moonton beri musuh yangg adil lah capekk kalahh teruss rasanya ingin saya hapus ini game MLBB,1,2026-07-26 09:56:11,tolongg lh moonton sayaa mainn rank kalahh teruss masalahnya tim tidak adil banget pokoknya tim tidak main tim musuh jago jago sayaa capekk bangett kalahh muluu jadii lah moonton beri musuh yangg adil lah capekk kalahh teruss rasanya hapus game mlbb,tolongg lh moonton sayaa mainn rank kalahh teruss masalah tim tidak adil banget pokok tim tidak main tim musuh jago jago sayaa capekk bangett kalahh muluu jadi lah moonton beri musuh yangg adil lah capekk kalahh teruss rasa hapus game mlbb,-29.0,Negatif,-29.0,Negatif,Negatif,train
"matchmaking ngga masuk akal, mikirw lah kasi lawan dan tim lu moontonn",1,2026-07-26 09:54:59,matchmaking ngga masuk akal mikirw lah kasi lawan tim kamu moontonn,matchmaking ngga masuk akal mikirw lah kasi lawan tim kamu moontonn,-15.0,Negatif,-15.0,Negatif,Negatif,test
Revamp skin beneddetta Collector Dong udah tipis bet efek nya kalah ama skin covenant yg murah,5,2026-07-26 09:54:26,revamp skin beneddetta collector dong udah tipis bet efek nya kalah ama skin covenant murah,revamp skin beneddetta collector dong udah tipis bet efek nya kalah ama skin covenant murah,0.0,Positif,0.0,Positif,Positif,test
Good,5,2026-07-26 09:53:57,good,good,5.0,Positif,5.0,Positif,Positif,train
"main cuma kebagian kalah doang , begini rasanya jadi npc............",4,2026-07-26 09:53:50,main cuma kebagian kalah doang begini rasanya jadi npc,main cuma bagi kalah doang begini rasa jadi npc,-9.0,Negatif,-9.0,Negatif,Negatif,test
"Moonton tolong lah magic dust nya seenggaknya buat bisa di tuker sama kupon atau poin kek, gaguna anjirr. udh hampir 75rb magic dust gua ga kepake samsek. sama Lucky spin juga itu batu ga guna lgi anjirrr udh seratus lebih di gua ga kepake",4,2026-07-26 09:53:48,moonton lah magic dust nya seenggaknya buat tuker sama kupon poin kek gaguna anjirr hampir rb magic dust tidak kepake samsek sama lucky spin batu tidak lgi anjirr seratus lebih tidak kepake,moonton lah magic dust nya enggak buat tuker sama kupon poin kek gaguna anjirr hampir rb magic dust tidak kepake samsek sama lucky spin batu tidak lgi anjirr ratus lebih tidak kepake,-2.0,Negatif,-2.0,Negatif,Negatif,test
"macthmaking aneh, laporan lamban",1,2026-07-26 09:52:16,macthmaking aneh laporan lamban,macthmaking aneh lapor lamban,-5.0,Negatif,-5.0,Negatif,Negatif,train
PLEASE COLLAB WITH DANDADAN!!!,5,2026-07-26 09:51:36,please collab with dandadan,please collab with dandadan,-3.0,Negatif,-3.0,Negatif,Negatif,train
lama lama main ni game kaga ada nambah bintang di kasih tim kaya sampah mulu,1,2026-07-26 09:50:34,lama lama main ni game tidak nambah bintang kasih tim kaya sampah mulu,lama lama main ni game tidak nambah bintang kasih tim kaya sampah mulu,-17.0,Negatif,-17.0,Negatif,Negatif,train
kenapa saat saya ingin naik rank menag kalah menag kalah terus menerus,1,2026-07-26 09:50:00,naik rank menag kalah menag kalah terus menerus,naik rank menag kalah menag kalah terus terus,-7.0,Negatif,-7.0,Negatif,Negatif,train
KENAPA KASIH SAYA MUSUH YANG SUSAH,1,2026-07-26 09:49:33,kasih musuh susah,kasih musuh susah,-6.0,Negatif,-6.0,Negatif,Negatif,train
"sangat bagus game terpercaya dan menghibur, pokonya the besst",5,2026-07-26 09:48:09,sangat bagus game terpercaya menghibur pokonya the besst,sangat bagus game percaya hibur poko the besst,-4.0,Negatif,1.0,Positif,Positif,train
game busuk ngasih tim ga bener aja,1,2026-07-26 09:47:16,game busuk ngasih tim tidak bener aja,game busuk ngasih tim tidak bener aja,-12.0,Negatif,-12.0,Negatif,Negatif,train
Setelah update kok malah makin ngeleg setiap war sebelumnya aman aman ajah sekarang malah makin parah ajah nih.,4,2026-07-26 09:46:24,update kok malah makin ngeleg war sebelumnya aman aman ajah sekarang malah makin parah ajah nih,update kok malah makin ngeleg war belum aman aman ajah sekarang malah makin parah ajah nih,-1.0,Negatif,-1.0,Negatif,Negatif,train
game sampahh,1,2026-07-26 09:41:43,game sampahh,game sampahh,2.0,Positif,2.0,Positif,Positif,train
makin lama makin jelek game nya ngeleg parah lagi,1,2026-07-26 09:39:55,makin lama makin jelek game nya ngeleg parah,makin lama makin jelek game nya ngeleg parah,-8.0,Negatif,-8.0,Negatif,Negatif,train
"main solo susah menangnya main 5 kli menang cuma 1 kli bnyak ngetrol nya,,,,masa team mainya ke anak TK biasanya mm, hyper,xp",2,2026-07-26 09:37:52,main solo susah menangnya main kli menang cuma kli bnyak ngetrol nya masa team mainya anak tk biasanya matchmaking hyper xp,main solo susah menang main kli menang cuma kli bnyak ngetrol nya masa team mai anak tk biasa matchmaking hyper xp,-7.0,Negatif,-3.0,Negatif,Negatif,train
suka tapi yg ga suka nya bikin kesel padahal setiap hari main ini tau nya yg naik satu bintang yg turun 4 bintang kesel bnget,3,2026-07-26 09:36:46,suka tidak suka nya bikin kesel padahal hari main tau nya naik satu bintang turun bintang kesel bnget,suka tidak suka nya bikin kesel padahal hari main tau nya naik satu bintang turun bintang kesel bnget,-18.0,Negatif,-18.0,Negatif,Negatif,test
moonton kikir,1,2026-07-26 09:36:07,moonton kikir,moonton kikir,4.0,Positif,4.0,Positif,Positif,train
game mantap,5,2026-07-26 09:35:20,game mantap,game mantap,7.0,Positif,7.0,Positif,Positif,test
ram nya kecilin lagi min berat bet untuk HP saya yg kentang ini😭😭😭,5,2026-07-26 09:33:34,ram nya kecilin min berat bet handphone kentang emoji_negatif emoji_negatif emoji_negatif,ram nya kecilin min berat bet handphone kentang emoji_negatif emoji_negatif emoji_negatif,0.0,Positif,0.0,Positif,Positif,train
"game bikin stres ngasi tim ga ngotak bikin males buat login, gua uninstall aja lah banyak game lain kok",3,2026-07-26 09:33:27,game bikin stres ngasi tim tidak ngotak bikin males buat login uninstall aja lah banyak game kok,game bikin stres ngasi tim tidak ngotak bikin males buat login uninstall aja lah banyak game kok,-11.0,Negatif,-11.0,Negatif,Negatif,train
game tolol,1,2026-07-26 09:32:56,game tolol,game tolol,-3.0,Negatif,-3.0,Negatif,Negatif,train
jaringan nggk jelas pdahal warna hijau,1,2026-07-26 09:32:37,jaringan nggk jelas pdahal warna hijau,jaring nggk jelas pdahal warna hijau,0.0,Negatif,0.0,Negatif,Negatif,train
jelek banget sekarang bugnya. Tiba-tiba nge yang terus gk bisa masuk lagi. padahal biasanya gk kek gitu,1,2026-07-26 09:32:11,jelek banget sekarang bugnya tiba tiba nge terus tidak masuk padahal biasanya tidak kek gitu,jelek banget sekarang bugnya tiba tiba nge terus tidak masuk padahal biasa tidak kek gitu,-11.0,Negatif,-11.0,Negatif,Negatif,test
"Game gajelas di kasih tim yang rank nya jauh banget sya rank tertinggi glory an, tpi pas awal season di kasih tim rank tertinggi nya cuma epic 3 gimana ga setres 🥺",1,2026-07-26 09:32:00,game gajelas kasih tim rank nya jauh banget sya rank tertinggi glory an tpi pas awal season kasih tim rank tertinggi nya cuma epic gimana tidak setres emoji_lain,game gajelas kasih tim rank nya jauh banget sya rank tinggi glory an tpi pas awal season kasih tim rank tinggi nya cuma epic gimana tidak tres emoji_lain,-6.0,Negatif,-6.0,Negatif,Negatif,train
"Game anehh, main solo rank mytic 15 ketemu lawan 3 honor 38, sedangkan timku dibawah honor semua, malahan 1 legend, ni game makin ancurr",1,2026-07-26 09:31:47,game anehh main solo rank mytic ketemu lawan honor timku dibawah honor semua malahan legend ni game makin ancurr,game anehh main solo rank mytic ketemu lawan honor tim bawah honor semua malah legend ni game makin ancurr,3.0,Positif,3.0,Positif,Positif,train
unistal aja nih game gaes. gak guna sumpah udah duit habis tenaga habis buat nih game. tapi hasilnya nol. padahal aku top up banyak banget hampir kolektor Sultan. tapi ngak tau kenapa yang buat nih game ngerasa ngak bersyukur. padahal uang dia yang dapat apa susahnya kasih tim yang jago ngapa tim musuh jago semua. sedangkan tim aku kayak baru main ml.,1,2026-07-26 09:31:33,unistal aja nih game gaes tidak sumpah udah duit habis tenaga habis buat nih game hasilnya nol padahal aku top up banyak banget hampir kolektor sultan ngak tau buat nih game ngerasa ngak bersyukur padahal uang apa susahnya kasih tim jago ngapa tim musuh jago semua tim aku kayak baru main ml,unistal aja nih game gaes tidak sumpah udah duit habis tenaga habis buat nih game hasil nol padahal aku top up banyak banget hampir kolektor sultan ngak tau buat nih game ngerasa ngak syukur padahal uang apa susah kasih tim jago ngapa tim musuh jago semua tim aku kayak baru main ml,-10.0,Negatif,-10.0,Negatif,Negatif,train
monton kasih drak sistem mulu capek gua emosi dan gak kasih skin gratis lagi,1,2026-07-26 09:31:19,moonton kasih drak sistem mulu capek emosi tidak kasih skin gratis,moonton kasih drak sistem mulu capek emosi tidak kasih skin gratis,-5.0,Negatif,-5.0,Negatif,Negatif,train
"moontoon tolong buat fitur perlindungan bintang untuk orang yang mainnya hebat tapi timmnya kalah,sering banget udah gendong gendong tapi kalah bintang ngurang itu gaenak banget TOON🫩 gua kasih bintang 3 dulu sementara",3,2026-07-26 09:30:18,moontoon buat fitur perlindungan bintang orang mainnya hebat timmnya kalah sering banget udah gendong gendong kalah bintang ngurang gaenak banget toon kasih bintang dulu emoji_lain,moontoon buat fitur lindung bintang orang main hebat timmnya kalah sering banget udah gendong gendong kalah bintang ngurang gaenak banget toon kasih bintang dulu emoji_lain,-4.0,Negatif,-4.0,Negatif,Negatif,train
kasih tim yg waras Napa,1,2026-07-26 09:30:11,kasih tim waras napa,kasih tim waras napa,-6.0,Negatif,-6.0,Negatif,Negatif,train
ketemu dark sistem terus kalo mau naik legends,1,2026-07-26 09:29:35,ketemu dark sistem terus kalau mau naik legends,ketemu dark sistem terus kalau mau naik legends,1.0,Positif,1.0,Positif,Positif,train
"game jelek, minimal benerin dlu matching nya bukan di banyakin skinnya hadeh",1,2026-07-26 09:29:18,game jelek minimal benerin dlu matching nya bukan banyakin skinnya hadeh,game jelek minimal benerin dlu matching nya bukan banyakin skinnya hadeh,-13.0,Negatif,-13.0,Negatif,Negatif,train
"game gj,dapat tim dark sistem trus",1,2026-07-26 09:28:17,game gj tim dark sistem trus,game gj tim dark sistem trus,-6.0,Negatif,-6.0,Negatif,Negatif,train
"game ga jelas ini ga tau gua dah ngeluh berapa kali,machmaki ga adil dari dulu sampe sekarang,di kasih tim itu itu aja dah 2 hari gua lose mulu gagal naik mytic dari kemarin nge stuck di legend karna dark sistem game ga jelas cok cok,katanya main biar ga stres nyatanya cuma tambah stres aja",1,2026-07-26 09:27:45,game tidak jelas tidak tau ngeluh berapa kali machmaki tidak adil dulu sampe sekarang kasih tim aja hari lose mulu gagal naik mytic kemarin nge stuck legend dark sistem game tidak jelas cok cok katanya main tidak stres nyatanya cuma tambah stres aja,game tidak jelas tidak tau ngeluh berapa kali machmaki tidak adil dulu sampe sekarang kasih tim aja hari lose mulu gagal naik mytic kemarin nge stuck legend dark sistem game tidak jelas cok cok kata main tidak stres nyata cuma tambah stres aja,-26.0,Negatif,-26.0,Negatif,Negatif,train
game ini bagus sekali,5,2026-07-26 09:27:32,game bagus sekali,game bagus sekali,-1.0,Negatif,4.0,Positif,Positif,train
"matching ga seimbang, rank ga rata, masih banyak cheater, masih banyak bot, aneh bgt honor bisa ketemu legend, sedangkan musuhnya full glory, main solo ketemu duo atau trio harusnya solo ya solo, masih banyak yang suka troll dan hukumannya ringan bgt, gajelas",1,2026-07-26 09:25:46,matching tidak seimbang rank tidak rata banyak cheater banyak bot aneh banget honor ketemu legend musuhnya full glory main solo ketemu duo trio harusnya solo solo banyak suka troll hukumannya ringan banget gajelas,matching tidak imbang rank tidak rata banyak cheater banyak bot aneh banget honor ketemu legend musuh full glory main solo ketemu duo trio harus solo solo banyak suka troll hukum ringan banget gajelas,4.0,Positif,-3.0,Negatif,Negatif,train
sayakuka,5,2026-07-26 09:25:29,sayakuka,sayakuka,0.0,Positif,0.0,Positif,Positif,train
lag suka ngebuff,1,2026-07-26 09:22:56,lag suka ngebuff,lag suka ngebuff,2.0,Positif,-1.0,Negatif,Negatif,train
server benerin kampung masa beda pulau aja nvelag kampung2,1,2026-07-26 09:22:52,server benerin kampung masa beda pulau aja nvelag kampung,server benerin kampung masa beda pulau aja nvelag kampung,-1.0,Negatif,-1.0,Negatif,Negatif,train
montonnnn tolong lahh kalau kasih lawan yang bener lahhh,1,2026-07-26 09:22:29,montonn lahh kalau kasih lawan bener lahh,montonn lahh kalau kasih lawan bener lahh,-1.0,Negatif,-1.0,Negatif,Negatif,train
sistem macking yang gak adil malasss main lagi,1,2026-07-26 09:22:24,sistem macking tidak adil malass main,sistem macking tidak adil malass main,-10.0,Negatif,-10.0,Negatif,Negatif,train
SAYA SELALU LOST STREK ANJI**,1,2026-07-26 09:22:06,selalu lost strek anji,selalu lost strek anji,-3.0,Negatif,-3.0,Negatif,Negatif,train
game ngnetod,1,2026-07-26 09:21:45,game ngnetod,game ngnetod,2.0,Positif,2.0,Positif,Positif,test
matchmaking sekarang ancur parah.. selalu dapet tim gak jelas,1,2026-07-26 09:21:27,matchmaking sekarang ancur parah selalu dapet tim tidak jelas,matchmaking sekarang ancur parah selalu dapet tim tidak jelas,-10.0,Negatif,-10.0,Negatif,Negatif,train
seru tida membosan kan,5,2026-07-26 09:20:41,seru tida membosan kan,seru tida bos kan,0.0,Positif,3.0,Positif,Positif,train
aku kecewa karena kalah terus aku ingin leged tapi kalah terus !!!!!!!!!!!!!!!!,1,2026-07-26 09:20:11,aku kecewa kalah terus aku leged kalah terus,aku kecewa kalah terus aku leged kalah terus,-6.0,Negatif,-6.0,Negatif,Negatif,test
"minimal ngasih tim yang bener ton monton, jangan musuhnyaa aja yang bener tim jga yang bener atuh ton monton",1,2026-07-26 09:19:50,minimal ngasih tim bener ton moonton jangan musuhnyaa aja bener tim jga bener atuh ton moonton,minimal ngasih tim bener ton moonton jangan musuhnyaa aja bener tim jga bener atuh ton moonton,-7.0,Negatif,-7.0,Negatif,Negatif,train
gem rusak rusak,1,2026-07-26 09:19:18,gem rusak rusak,gem rusak rusak,-2.0,Negatif,-2.0,Negatif,Negatif,train
"bagus banget kak, seru lagiiii",5,2026-07-26 09:18:43,bagus banget kak seru lagii,bagus banget kak seru lagi,-1.0,Negatif,7.0,Positif,Positif,train
"game nya padahal bagus, TPI kalo maen mode rank selalu dikasi tim beban dan selalu musuh yang jago GG montonn",3,2026-07-26 09:17:09,game nya padahal bagus tpi kalau maen mode rank selalu dikasi tim beban selalu musuh jago gg montonn,game nya padahal bagus tpi kalau maen mode rank selalu kasi tim beban selalu musuh jago gg montonn,-8.0,Negatif,0.0,Negatif,Negatif,train
permainan tidak seru mayak yang citer bayak yang serakah aku gak mau gem ini jelek aku gak suka gem ini kualitas jelek 👹👺👹👺,1,2026-07-26 09:17:05,permainan tidak seru mayak cheater bayak serakah aku tidak mau gem jelek aku tidak suka gem kualitas jelek emoji_negatif emoji_negatif emoji_negatif emoji_negatif,main tidak seru mayak cheater bayak serakah aku tidak mau gem jelek aku tidak suka gem kualitas jelek emoji_negatif emoji_negatif emoji_negatif emoji_negatif,-25.0,Negatif,-32.0,Negatif,Negatif,train
"maaf sebelumnya moonton tolong perbaiki sistem dalam matchmaking dikarenakan hal tersebut saya kalah dalam match 10x jujur sebenarnya mobile lagends adalah game seru tapi tolong perbaiki sistem tersebut, terimakasih",4,2026-07-26 09:15:16,maaf sebelumnya moonton perbaiki sistem matchmaking dikarenakan tersebut kalah match x jujur sebenarnya mobile lagends game seru perbaiki sistem tersebut terimakasih,maaf belum moonton baik sistem matchmaking karena sebut kalah match x jujur benar mobile lagends game seru baik sistem sebut terimakasih,1.0,Positif,4.0,Positif,Positif,train
kerennn kelas tunnnnn,5,2026-07-26 09:14:30,kerenn kelas tunn,kerenn kelas tunn,-3.0,Negatif,-3.0,Negatif,Negatif,train
Bisa di bilang game paling seru dan menarik,5,2026-07-26 09:11:08,bilang game paling seru menarik,bilang game paling seru tarik,2.0,Positif,5.0,Positif,Positif,test
kalau bisa kasih tim yang normal dikit dong moonton capek gw bro,1,2026-07-26 09:10:47,kalau kasih tim normal dikit dong moonton capek bro,kalau kasih tim normal dikit dong moonton capek bro,-7.0,Negatif,-7.0,Negatif,Negatif,train
"ok lah... sekarang udah gk terlalu kikir, tapi kasih tim yg bener lah, dikira gw gak cape ngeliat mm maju² kagak jelas terus mati 10 kali",3,2026-07-26 09:10:47,lah sekarang udah tidak terlalu kikir kasih tim bener lah dikira tidak cape ngeliat matchmaking maju kagak jelas terus mati kali,lah sekarang udah tidak terlalu kikir kasih tim bener lah kira tidak cape ngeliat matchmaking maju kagak jelas terus mati kali,-9.0,Negatif,-9.0,Negatif,Negatif,train
kangen akun lama,5,2026-07-26 09:08:43,kangen akun lama,kangen akun lama,-4.0,Negatif,-4.0,Negatif,Negatif,train
Matchmaking ga jelas dapet tim poke mulu sial tim sendiri pada baru naik mythic ketemunya imo 400 gila lama lama main ni game,1,2026-07-26 09:07:14,matchmaking tidak jelas dapet tim poke mulu sial tim sendiri baru naik mythic ketemunya imo gila lama lama main ni game,matchmaking tidak jelas dapet tim poke mulu sial tim sendiri baru naik mythic ketemu imo gila lama lama main ni game,-27.0,Negatif,-27.0,Negatif,Negatif,train
"sinyalllll ndes Tek mu pie maksude wifi apik"" sinyal mleset",1,2026-07-26 09:06:52,sinyall ndes tek mu pie maksude wifi apik sinyal mleset,sinyall ndes tek mu pie maksude wifi apik sinyal mleset,0.0,Negatif,0.0,Negatif,Negatif,test
game ini sangat menghibur apa lagi kalau lagi gabut,5,2026-07-26 09:06:40,game sangat menghibur apa kalau gabut,game sangat hibur apa kalau gabut,-9.0,Negatif,-9.0,Negatif,Negatif,train
game rusak..gak pernah dapat tim bagus..pasti darksystem..GK adil monton,5,2026-07-26 09:06:15,game rusak tidak pernah tim bagus darksystem tidak adil moonton,game rusak tidak pernah tim bagus darksystem tidak adil moonton,-16.0,Negatif,-11.0,Negatif,Negatif,train
"game g jelas ajg, ngelag trs",1,2026-07-26 09:06:03,game g jelas ajg ngelag terus,game g jelas ajg ngelag terus,0.0,Negatif,-3.0,Negatif,Negatif,train
game nya bagus bgt pertengkatkan lagi ya moonton izinn:),5,2026-07-26 09:03:53,game nya bagus banget pertengkatkan moonton izinn,game nya bagus banget pertengkatkan moonton izinn,1.0,Positif,6.0,Positif,Positif,train
"apaa apaan mentok di loading screen , tapi ini kejadian ga sekali doang tapi berurutan padahal aku pake wifi+kuota itupun garis nya full semua batre jugaa full",1,2026-07-26 09:02:57,apaa apaan mentok loading screen kejadian tidak sekali doang berurutan padahal aku pake wifi kuota itupun garis nya full semua batre jugaa full,apaa apa mentok loading screen jadi tidak sekali doang rurut padahal aku pake wifi kuota itu garis nya full semua batre jugaa full,-19.0,Negatif,-19.0,Negatif,Negatif,train
"game sampah, banyak dark sistem, Matchmaking nya selalu tidak adil , sampah",1,2026-07-26 09:02:40,game sampah banyak dark sistem matchmaking nya selalu tidak adil sampah,game sampah banyak dark sistem matchmaking nya selalu tidak adil sampah,-16.0,Negatif,-16.0,Negatif,Negatif,train
game nya seru banget aku sampai ketagihan mainnya,5,2026-07-26 09:02:09,game nya seru banget aku ketagihan mainnya,game nya seru banget aku tagih main,1.0,Positif,4.0,Positif,Positif,train
saat di download tidak bisa,1,2026-07-26 09:01:41,download tidak,download tidak,-5.0,Negatif,-5.0,Negatif,Negatif,test
"benerin, pertandingan di temukan tapi gk bisa masuk, game oon",1,2026-07-26 08:58:42,benerin pertandingan temukan tidak masuk game oon,benerin tanding temu tidak masuk game oon,-5.0,Negatif,-5.0,Negatif,Negatif,train
jangan mainnin gem ini kalo ga mau stres,1,2026-07-26 08:58:19,jangan mainnin gem kalau tidak mau stres,jangan mainnin gem kalau tidak mau stres,-17.0,Negatif,-17.0,Negatif,Negatif,train
"elok, lan nggumunakke sanget",5,2026-07-26 08:54:18,elok lan nggumunakke sanget,elok lan nggumunakke sanget,0.0,Positif,0.0,Positif,Positif,train
monton plis ke-i aku satu bintang plosa monton cuma mau naik ke epic😭,3,2026-07-26 08:53:54,moonton plis i aku satu bintang plosa moonton cuma mau naik epic emoji_negatif,moonton plis i aku satu bintang plosa moonton cuma mau naik epic emoji_negatif,5.0,Positif,5.0,Positif,Positif,train
game GK becus rating 1/10 bad,1,2026-07-26 08:53:27,game tidak becus rating bad,game tidak becus rating bad,-4.0,Negatif,-4.0,Negatif,Negatif,train
"game rusak isinya bug jaringan mulu giliran realog aja malah ga masuk ke battle game nya, kolaborasi di banyakin giliran bug di anggurin",1,2026-07-26 08:51:29,game rusak isinya bug jaringan mulu giliran realog aja malah tidak masuk battle game nya kolaborasi banyakin giliran bug anggurin,game rusak isi bug jaring mulu gilir realog aja malah tidak masuk battle game nya kolaborasi banyakin gilir bug anggurin,8.0,Positif,4.0,Positif,Positif,train
"jelek!! aku disconnect tapi gak bisa join pertandingan lagi, malah di lobi terus sampe pertandingan nya siap. 👎👎👎",1,2026-07-26 08:50:44,jelek aku disconnect tidak join pertandingan malah lobi terus sampe pertandingan nya siap emoji_negatif emoji_negatif emoji_negatif,jelek aku disconnect tidak join tanding malah lobi terus sampe tanding nya siap emoji_negatif emoji_negatif emoji_negatif,-9.0,Negatif,-9.0,Negatif,Negatif,train
"draft cacat gajelas, tier atas setemu tier bawah, kekurangan player kah developer??? lawak banget",1,2026-07-26 08:50:06,draft cacat gajelas tier atas setemu tier bawah kekurangan player developer lawak banget,draft cacat gajelas tier atas temu tier bawah kurang player developer lawak banget,-11.0,Negatif,-11.0,Negatif,Negatif,train
"matchmaking selalu ga adil, team ga ada yang immortal malah ketemu musuh immortal, top global lagi. sampah banget asli. terus di in game padahal udah ikutan nge bantu, malah ga dapat assist sama sekali, bikin rugi doang jadinya. berkali kali kayak gini, ga usah bikin game kalo ga bisa adil sesama player nya.",1,2026-07-26 08:48:42,matchmaking selalu tidak adil team tidak immortal malah ketemu musuh immortal top global sampah banget asli terus in game padahal udah ikutan nge bantu malah tidak assist sama sekali bikin rugi doang jadinya berkali kali kayak gini tidak usah bikin game kalau tidak adil sesama player nya,matchmaking selalu tidak adil team tidak immortal malah ketemu musuh immortal top global sampah banget asli terus in game padahal udah ikut nge bantu malah tidak assist sama sekali bikin rugi doang jadi kali kali kayak gin tidak usah bikin game kalau tidak adil sama player nya,-23.0,Negatif,-23.0,Negatif,Negatif,test
tolong di perbaiki karena akun saya hilang saya juga tidak penyebab nya apa tolong di perbaiki ya mooton,1,2026-07-26 08:46:36,perbaiki akun hilang tidak penyebab nya apa perbaiki moonton,baik akun hilang tidak sebab nya apa baik moonton,-6.0,Negatif,-6.0,Negatif,Negatif,test
"suka nya sukaa bgt sihh seru, walaupun gw gak terlalu tau banyak dari game ini ya oke lah Yap udah itu aja",4,2026-07-26 08:45:15,suka nya sukaa banget sihh seru walaupun tidak terlalu tau banyak game oke lah yap udah aja,suka nya sukaa banget sihh seru walaupun tidak terlalu tau banyak game oke lah yap udah aja,0.0,Positif,3.0,Positif,Positif,train
"jujur game nya bagus banget, terus gampang menang, lalu aku dapat tim yang sepadan sama musuh,sampai sampai kalau sepupu ku kesini aku selalu main bareng sama dia, pokoknya seru banget, sampai ketagihan, kalau mau dapet skin juga peluang nya besar, skin gratis aku sering dapat dan bangus lagi, pokok nya bagus banget👍🏻👍🏻",5,2026-07-26 08:44:45,jujur game nya bagus banget terus gampang menang lalu aku tim sepadan sama musuh kalau sepupu ku kesini aku selalu main bareng sama pokoknya seru banget ketagihan kalau mau dapet skin peluang nya besar skin gratis aku sering bangus pokok nya bagus banget emoji_positif emoji_positif emoji_lain emoji_lain,jujur game nya bagus banget terus gampang menang lalu aku tim padan sama musuh kalau sepupu ku kesini aku selalu main bareng sama pokok seru banget tagih kalau mau dapet skin peluang nya besar skin gratis aku sering bangus pokok nya bagus banget emoji_positif emoji_positif emoji_lain emoji_lain,15.0,Positif,32.0,Positif,Positif,test
banyak kali kendala jaringan ininya game vvk inimah,1,2026-07-26 08:44:24,banyak kali kendala jaringan ininya game vvk inimah,banyak kali kendala jaring ini game vvk inimah,1.0,Positif,1.0,Positif,Positif,train
saya menyukainya,5,2026-07-26 08:43:20,menyukainya,suka,0.0,Positif,0.0,Positif,Positif,test
"pink nya slalu merah pdhl sinyal di sini nya bagus, tolong deh perbaiki",1,2026-07-26 08:42:58,pink nya slalu merah pdhl sinyal sini nya bagus deh perbaiki,pink nya slalu merah pdhl sinyal sini nya bagus deh baik,-1.0,Negatif,4.0,Positif,Positif,train
"GUA 70+ MATCH DAPET TIM AMPAS, TAPI TIM MUSUH BAHKAN ADA YANG MANTAN GLORY, TOLONGGG BANGET DI SEIMBANG KAN KOMPOSISI TIMNYA/SISTEM MATCHMAKING BIAR PEMAIN MOBILE LEGEND SEMAKIN RAMAI DAN BETAH BERMAIN MOBILE LEGEND 🙏",4,2026-07-26 08:42:57,match dapet tim ampas tim musuh bahkan mantan glory tolongg banget seimbang kan komposisi timnya sistem matchmaking pemain mobile legend semakin ramai betah bermain mobile legend emoji_netral,match dapet tim ampas tim musuh bahkan mantan glory tolongg banget imbang kan komposisi tim sistem matchmaking main mobile legend makin ramai betah main mobile legend emoji_netral,-22.0,Negatif,-22.0,Negatif,Negatif,test
game yang sangat kont,1,2026-07-26 08:42:37,game sangat kont,game sangat kont,0.0,Negatif,0.0,Negatif,Negatif,test
anj bngt bkn kesel😇,1,2026-07-26 08:41:12,anj banget bkn kesel emoji_positif,anj banget bkn kesel emoji_positif,-4.0,Negatif,-4.0,Negatif,Negatif,train
tolong oerbaikin lagi server nya soal nya saya sering stak di loding habis drafpikc klo 1/2× gapapa tapi ini ber kali kali sering bangetvloh ngurang truss skor kredit saya tolong perbaikin lagi ya server nya,2,2026-07-26 08:40:39,oerbaikin server nya soal nya sering stak loding habis drafpikc kalau gapapa ber kali kali sering bangetvloh ngurang truss skor kredit perbaikin server nya,oerbaikin server nya soal nya sering stak loding habis drafpikc kalau gapapa ber kali kali sering bangetvloh ngurang truss skor kredit perbaikin server nya,4.0,Positif,4.0,Positif,Positif,train
PLEASE NERF GORD MOONTON DIA PUNYA DAMAGE SUDAH GA NGOTAK!.,1,2026-07-26 08:38:37,please nerf gord moonton punya damage tidak ngotak,please nerf gord moonton punya damage tidak ngotak,-5.0,Negatif,-5.0,Negatif,Negatif,train
mantap muntun,5,2026-07-26 08:37:58,mantap moonton,mantap moonton,5.0,Positif,5.0,Positif,Positif,train
"moonton ga adil, masa tim sendiri dikasih bot sedangkan musuh dikasih team jago, ga adil, + pas dapet star protection udah di aktifkan tapi tetep ngurang bintangnya, balikin legend 3!!",1,2026-07-26 08:37:31,moonton tidak adil masa tim sendiri dikasih bot musuh dikasih team jago tidak adil pas dapet star protection udah aktifkan tetep ngurang bintangnya balikin legend,moonton tidak adil masa tim sendiri kasih bot musuh kasih team jago tidak adil pas dapet star protection udah aktif tetep ngurang bintang balikin legend,-12.0,Negatif,-12.0,Negatif,Negatif,train
"game ini sekarang kog rusak disconnect sendiri udah di relog berulang kali,hapus apk download lagi masi sama,,posisi mabar sama temenku uda in game.aku ga masuk in game",1,2026-07-26 08:37:02,game sekarang kog rusak disconnect sendiri udah relog berulang kali hapus apk download masi sama posisi mabar sama temenku uda in game aku tidak masuk in game,game sekarang kog rusak disconnect sendiri udah relog ulang kali hapus apk download mas sama posisi mabar sama temenku uda in game aku tidak masuk in game,4.0,Positif,4.0,Positif,Positif,train
gk rekomendasi,1,2026-07-26 08:36:58,tidak rekomendasi,tidak rekomendasi,-5.0,Negatif,-5.0,Negatif,Negatif,train
game ramah,1,2026-07-26 08:35:13,game ramah,game ramah,4.0,Positif,4.0,Positif,Positif,train
epic sedunia,5,2026-07-26 08:33:48,epic sedunia,epic dunia,0.0,Positif,0.0,Positif,Positif,test
game kurang rekomended 3/10 . main game ko di atur siapa yg menang dengan cara di bikin lag jaringan kalo gk di kasih tim dark sistem ??,5,2026-07-26 08:32:33,game kurang rekomended main game ko atur siapa menang cara bikin lag jaringan kalau tidak kasih tim dark sistem,game kurang rekomended main game ko atur siapa menang cara bikin lag jaring kalau tidak kasih tim dark sistem,-17.0,Negatif,-16.0,Negatif,Negatif,train
"benerin bug server buat tim apa lawan sepadan jangan berat sebelah,ada beberapa Hero yang harus di nerf contohnya:sun,Angela dll",2,2026-07-26 08:32:26,benerin bug server buat tim apa lawan sepadan jangan berat sebelah beberapa hero nerf contohnya sun angela,benerin bug server buat tim apa lawan padan jangan berat belah beberapa hero nerf contoh sun angela,-19.0,Negatif,-21.0,Negatif,Negatif,train
"bagus sih gamenya, tpi kusarankan jangan main ini... karena bikin mental down, selain habisin waktu",1,2026-07-26 08:30:10,bagus sih gamenya tpi kusarankan jangan main bikin mental down habisin waktu,bagus sih gamenya tpi saran jangan main bikin mental down habisin waktu,-8.0,Negatif,-3.0,Negatif,Negatif,train
ga masuk akal gila,1,2026-07-26 08:29:59,tidak masuk akal gila,tidak masuk akal gila,-8.0,Negatif,-8.0,Negatif,Negatif,train
banyak bot Ai nya,4,2026-07-26 08:29:35,banyak bot ai nya,banyak bot ai nya,-2.0,Negatif,-2.0,Negatif,Negatif,train
perbaiki lah bug jaringan nya masa main jaringan nya merah terus,3,2026-07-26 08:28:25,perbaiki lah bug jaringan nya masa main jaringan nya merah terus,baik lah bug jaring nya masa main jaring nya merah terus,-1.0,Negatif,-3.0,Negatif,Negatif,train
5 jan gue main ml gak ada bintang gue yang naik gak ada yang turun menang kalah terus anjir balikin waktu gue yang 5 jam itu moonton,1,2026-07-26 08:27:25,jan main ml tidak bintang naik tidak turun menang kalah terus anjir balikin waktu jam moonton,jan main ml tidak bintang naik tidak turun menang kalah terus anjir balikin waktu jam moonton,-14.0,Negatif,-10.0,Negatif,Negatif,train
"ini game seru, tapi kalau ngasih tim yang bener lah lagi los streak ini😭",4,2026-07-26 08:26:44,game seru kalau ngasih tim bener lah los streak emoji_negatif,game seru kalau ngasih tim bener lah los streak emoji_negatif,0.0,Positif,3.0,Positif,Positif,train
omg i not have diamonddd,5,2026-07-26 08:25:15,omg i not have diamondd,omg i not have diamondd,0.0,Positif,0.0,Positif,Positif,train
"laporan digamenya gak didenger. tim tidak seimbang monton tidak seimbang. tim lawan lebih jago tim gua beban, minimal tim lawan sama tim gua seimbang ex honor ketemu ex honor. walaupun kalah jika permainan seimbang itu sangat menyenangkan.",1,2026-07-26 08:24:47,laporan digamenya tidak didenger tim tidak seimbang moonton tidak seimbang tim lawan lebih jago tim beban minimal tim lawan sama tim seimbang ex honor ketemu ex honor walaupun kalah permainan seimbang sangat menyenangkan,lapor digamenya tidak didenger tim tidak imbang moonton tidak imbang tim lawan lebih jago tim beban minimal tim lawan sama tim imbang ex honor ketemu ex honor walaupun kalah main imbang sangat senang,-53.0,Negatif,-53.0,Negatif,Negatif,test
"benerin dulu sistem game nya, masak main di honor awal season ketemu mawi+dark sistem",1,2026-07-26 08:22:44,benerin dulu sistem game nya masak main honor awal season ketemu mawi dark sistem,benerin dulu sistem game nya masak main honor awal season ketemu mawi dark sistem,-5.0,Negatif,-5.0,Negatif,Negatif,train
"kirain bakal seru,ehh bikin stres",1,2026-07-26 08:22:30,kirain bakal seru ehh bikin stres,kirain bakal seru ehh bikin stres,-4.0,Negatif,-1.0,Negatif,Negatif,train
game bosok banyak cheater,1,2026-07-26 08:22:09,game bosok banyak cheater,game bosok banyak cheater,2.0,Positif,-2.0,Negatif,Negatif,train
game paling gajelas didunia jingkontodsu,1,2026-07-26 08:21:36,game paling gajelas didunia jingkontodsu,game paling gajelas dunia jingkontodsu,2.0,Positif,2.0,Positif,Positif,train
gg seru amat,5,2026-07-26 08:20:02,gg seru,gg seru,0.0,Positif,6.0,Positif,Positif,train
"jaringan bagus tp lag mulu, kocak.",1,2026-07-26 08:18:20,jaringan bagus lag mulu kocak,jaring bagus lag mulu kocak,-4.0,Negatif,-2.0,Negatif,Negatif,train
apk nya keren banget,5,2026-07-26 08:18:10,apk nya keren banget,apk nya keren banget,1.0,Positif,5.0,Positif,Positif,train
"game ini harus di perbarui, gua pemain solo sangat sulit naik rank, musuh mantan glory tim gua baru naik legen, bintang satu dulu, bulan ini 1 bintang aja sangat sulit naik,",1,2026-07-26 08:18:01,game perbarui pemain solo sangat sulit naik rank musuh mantan glory tim baru naik legen bintang satu dulu bulan bintang aja sangat sulit naik,game baru main solo sangat sulit naik rank musuh mantan glory tim baru naik legen bintang satu dulu bulan bintang aja sangat sulit naik,-9.0,Negatif,-9.0,Negatif,Negatif,train
"Bosan, permainan tidak pernah sesuai tidak ada keseimbangan bermain belum lagi lag nya terlalu parah padahal untuk yang lain jaringan aman",1,2026-07-26 08:16:03,bosan permainan tidak pernah sesuai tidak keseimbangan bermain belum lag nya terlalu parah padahal jaringan aman,bosan main tidak pernah sesuai tidak imbang main belum lag nya terlalu parah padahal jaring aman,-20.0,Negatif,-17.0,Negatif,Negatif,train
"kasih tim yang betul woi, bot mulu lo kasih, sampah ni aplikasi",1,2026-07-26 08:14:00,kasih tim betul woi bot mulu kamu kasih sampah ni aplikasi,kasih tim betul woi bot mulu kamu kasih sampah ni aplikasi,-13.0,Negatif,-13.0,Negatif,Negatif,train
bagus banget monton gif aku skin Kagura exorsis,5,2026-07-26 08:13:31,bagus banget moonton gif aku skin kagura exorsis,bagus banget moonton gif aku skin kagura exorsis,0.0,Positif,5.0,Positif,Positif,test
"ml burik,masa aku baru masuk ke game langsung di keluarkan,pdhl bntr lagi imo(boonk)",1,2026-07-26 08:12:50,ml burik masa aku baru masuk game langsung keluarkan pdhl bntr imo boonk,ml burik masa aku baru masuk game langsung keluar pdhl bntr imo boonk,0.0,Negatif,0.0,Negatif,Negatif,train
"game gajelas, padahal jaringan bagus malah pas main ngeleg""",1,2026-07-26 08:12:37,game gajelas padahal jaringan bagus malah pas main ngeleg,game gajelas padahal jaring bagus malah pas main ngeleg,2.0,Positif,7.0,Positif,Positif,train
game seru tapi bikin darah tinggi,3,2026-07-26 08:12:10,game seru bikin darah tinggi,game seru bikin darah tinggi,6.0,Positif,9.0,Positif,Positif,test
kalo dikasi ls trus aku uninstal,4,2026-07-26 08:09:03,kalau dikasi losestreak trus aku uninstal,kalau kasi losestreak trus aku uninstal,0.0,Positif,0.0,Positif,Positif,train
saya pemain glo kok gloo saya pas ulti gak masuk ke Hero lawan Mala di Diam di tempat saya saja gak mengerti kenapa kok bisa diam di tempat jaringan saya saya aja bagus lancar ini kenapa coba kasi penjelasan ko bisa gitu ?,5,2026-07-26 08:07:36,pemain glo kok gloo pas ulti tidak masuk hero lawan mala diam tempat tidak mengerti kok diam tempat jaringan aja bagus lancar coba kasi penjelasan ko gitu,main glo kok gloo pas ulti tidak masuk hero lawan mala diam tempat tidak erti kok diam tempat jaring aja bagus lancar coba kasi jelas ko gitu,-24.0,Negatif,-19.0,Negatif,Negatif,test
seru bener,5,2026-07-26 08:07:27,seru bener,seru bener,2.0,Positif,5.0,Positif,Positif,train
moonton punya dendam ama gua.... setiap mau naik rank pasti di kasih tim dongo,1,2026-07-26 08:07:20,moonton punya dendam ama mau naik rank kasih tim dongo,moonton punya dendam ama mau naik rank kasih tim dongo,0.0,Negatif,0.0,Negatif,Negatif,train
suka😋,5,2026-07-26 08:06:50,suka emoji_lain,suka emoji_lain,2.0,Positif,2.0,Positif,Positif,test
sistem nya aneh setiap gua match pasti ada anomali drak system kadang 1 rolenya anomali game sampah,1,2026-07-26 08:06:47,sistem nya aneh match anomali drak system kadang rolenya anomali game sampah,sistem nya aneh match anomali drak system kadang rolenya anomali game sampah,-3.0,Negatif,-3.0,Negatif,Negatif,train
gak usah dibaikin udah bagus game ya kak nonton udah bagus lagi🙏👍,5,2026-07-26 08:06:46,tidak usah dibaikin udah bagus game kak nonton udah bagus emoji_positif emoji_netral,tidak usah dibaikin udah bagus game kak nonton udah bagus emoji_positif emoji_netral,-2.0,Negatif,8.0,Positif,Positif,train
match nya gak adil sini kasi draksistem lawan nya jago jangan download game ini sepiin aja,1,2026-07-26 08:06:33,match nya tidak adil sini kasi draksistem lawan nya jago jangan download game sepiin aja,match nya tidak adil sini kasi draksistem lawan nya jago jangan download game sepiin aja,-9.0,Negatif,-9.0,Negatif,Negatif,train
pokoknya game yang bagus,5,2026-07-26 08:06:08,pokoknya game bagus,pokok game bagus,-3.0,Negatif,2.0,Positif,Positif,train
monton tolong mode offline nya ditambahiya monton,4,2026-07-26 08:05:03,moonton mode offline nya ditambahiya moonton,moonton mode offline nya ditambahiya moonton,0.0,Positif,0.0,Positif,Positif,train
"apasi ini game ngasi gw lose mulu, match juga ga jelas dapet tim jg ga jelas😡",1,2026-07-26 08:04:20,apasi game ngasi lose mulu match tidak jelas dapet tim jg tidak jelas emoji_negatif,apas game ngasi lose mulu match tidak jelas dapet tim jg tidak jelas emoji_negatif,-8.0,Negatif,-8.0,Negatif,Negatif,train
game stress,1,2026-07-26 08:04:20,game stress,game stress,-3.0,Negatif,-3.0,Negatif,Negatif,train
Karena bagus lebih gampang dari pada ff,5,2026-07-26 08:02:56,bagus lebih gampang ff,bagus lebih gampang ff,0.0,Positif,5.0,Positif,Positif,train
game sampahh terus dapat kawan bot,1,2026-07-26 08:02:52,game sampahh terus kawan bot,game sampahh terus kawan bot,0.0,Negatif,0.0,Negatif,Negatif,test
"kalau uda sepi bagus lawannya bot aja, jangan kau buat emosi yang main",1,2026-07-26 08:02:05,kalau uda sepi bagus lawannya bot aja jangan kau buat emosi main,kalau uda sepi bagus lawan bot aja jangan kau buat emosi main,-10.0,Negatif,-5.0,Negatif,Negatif,train
"Ini game sumpah dah gaje bet, gini biar gw jelasin jadi kan setiap kali kita lose streak pasti kan kita main sama bot moonton, biar kita bisa lebih cepat win, tapi ada juga ini spesies bot moonton gak tau item, sudah tau Hero lawan healer malah gak mau beli item anti heal, sudah ku kasih tau beli ini², tapi yah akhirnya apa gak di beli² juga sama tuh bot, kalau misalnya sistem bot nya aja kek gini mending gak usah ada dari dulu, lawan manusia asli juga gpp kok, malah akhirnya menang kalah² Mulu",1,2026-07-26 08:01:23,game sumpah gaje bet gini jelasin jadi kan kali lose streak kan main sama bot moonton lebih cepat win spesies bot moonton tidak tau item tau hero lawan healer malah tidak mau beli item anti heal ku kasih tau beli yah akhirnya apa tidak beli sama tuh bot kalau misalnya sistem bot nya aja kek gini mending tidak usah dulu lawan manusia asli gpp kok malah akhirnya menang kalah mulu,game sumpah gaje bet gin jelasin jadi kan kali lose streak kan main sama bot moonton lebih cepat win spesies bot moonton tidak tau item tau hero lawan healer malah tidak mau beli item anti heal ku kasih tau beli yah akhir apa tidak beli sama tuh bot kalau misal sistem bot nya aja kek gin mending tidak usah dulu lawan manusia asli gpp kok malah akhir menang kalah mulu,-49.0,Negatif,-45.0,Negatif,Negatif,train
capek ketemu tim ngetrol,1,2026-07-26 08:01:07,capek ketemu tim ngetrol,capek ketemu tim ngetrol,-3.0,Negatif,-3.0,Negatif,Negatif,train
"game play bagus, tampilan hero² nya juga bagus, tapi ngasih tim sama lawan ga sepadan, ga ngotak jirr. masa tim musuh ada yang mantan glory sama honor, tim gua di kasih warrior tiga, ga ngotak. ga adil juga, ga sya uninstall Masi untung",3,2026-07-26 07:58:38,game play bagus tampilan hero nya bagus ngasih tim sama lawan tidak sepadan tidak ngotak jirr masa tim musuh mantan glory sama honor tim kasih warrior tiga tidak ngotak tidak adil tidak sya uninstall masi untung,game play bagus tampil hero nya bagus ngasih tim sama lawan tidak padan tidak ngotak jirr masa tim musuh mantan glory sama honor tim kasih warrior tiga tidak ngotak tidak adil tidak sya uninstall mas untung,-39.0,Negatif,-29.0,Negatif,Negatif,train
Login ulang Mulu karena saya config sesudah di hapus apk confignya tetep login ulang,1,2026-07-26 07:58:16,login ulang mulu config hapus apk confignya tetep login ulang,login ulang mulu config hapus apk confignya tetep login ulang,-2.0,Negatif,-2.0,Negatif,Negatif,train
3 minggu ngepus bintang bolak balik kasih musuh yg masuk akal lahh moontonn,1,2026-07-26 07:58:07,minggu ngepus bintang bolak balik kasih musuh masuk akal lahh moontonn,minggu ngepus bintang bolak balik kasih musuh masuk akal lahh moontonn,-9.0,Negatif,-9.0,Negatif,Negatif,train
"match gak adil, ketemu musuh yang lebih baik dalam bermain tapi giliran tim malah kayak epic, gak paham Hero counter, build sama gak bisa bermain di role yang dipilih. Pokoknya hama pengurang bintang, udah lapor CS tetap aja tidak ditanggapi dan diperbaiki emang moonton ini dev hama,bisa baca gk? gw udah lapor CS tetap aja ngalamin hal itu, bahkan gw ngalamin hampir setiap season kayak gitu. Ini Moonton paham gk si? gk liat itu segede gaban ""SUDAH MENGHUBUNGI CS"" Dan tetep aja kejadian",1,2026-07-26 07:57:46,match tidak adil ketemu musuh lebih baik bermain giliran tim malah kayak epic tidak paham hero counter build sama tidak bermain role dipilih pokoknya hama pengurang bintang udah lapor cs tetap aja tidak ditanggapi diperbaiki emang moonton dev hama baca tidak udah lapor cs tetap aja ngalamin bahkan ngalamin hampir season kayak gitu moonton paham tidak si tidak liat segede gaban menghubungi cs tetep aja kejadian,match tidak adil ketemu musuh lebih baik main gilir tim malah kayak epic tidak paham hero counter build sama tidak main role pilih pokok hama kurang bintang udah lapor cs tetap aja tidak tanggap baik emang moonton dev hama baca tidak udah lapor cs tetap aja ngalamin bahkan ngalamin hampir season kayak gitu moonton paham tidak si tidak liat gede gaban hubung cs tetep aja jadi,-33.0,Negatif,-33.0,Negatif,Negatif,train
tim dark sistem semua lah jadi males,1,2026-07-26 07:56:33,tim dark sistem semua lah jadi males,tim dark sistem semua lah jadi males,-16.0,Negatif,-16.0,Negatif,Negatif,test
Selalu di kasih tim dark sistem mau ngepus rank aja gak bisa sama kayak gacha tidak selalu hoki,5,2026-07-26 07:56:11,selalu kasih tim dark sistem mau ngepus rank aja tidak sama kayak gacha tidak selalu hoki,selalu kasih tim dark sistem mau ngepus rank aja tidak sama kayak gacha tidak selalu hoki,-18.0,Negatif,-18.0,Negatif,Negatif,train
jaringan gak stabil padahal uda pakai wifi,1,2026-07-26 07:55:58,jaringan tidak stabil padahal uda pakai wifi,jaring tidak stabil padahal uda pakai wifi,-9.0,Negatif,-9.0,Negatif,Negatif,train
hilangkan para darksistem di akun gw yaa ton,5,2026-07-26 07:55:28,hilangkan darksistem akun yaa ton,hilang darksistem akun yaa ton,0.0,Positif,0.0,Positif,Positif,train
ahaha what a pity your game has gone quiet 😅😅,1,2026-07-26 07:54:28,ahaha what a pity your game has gone quiet emoji_netral emoji_netral,ahaha what a pity your game has gone quiet emoji_netral emoji_netral,0.0,Negatif,0.0,Negatif,Negatif,train
"dapet timnya selalu jelek, tapi, musuhnya selalu bagus",1,2026-07-26 07:54:00,dapet timnya selalu jelek musuhnya selalu bagus,dapet tim selalu jelek musuh selalu bagus,-5.0,Negatif,0.0,Negatif,Negatif,train
gak bisa login stuck doang gajelas,1,2026-07-26 07:53:48,tidak login stuck doang gajelas,tidak login stuck doang gajelas,-5.0,Negatif,-5.0,Negatif,Negatif,train
banyak bot,1,2026-07-26 07:53:21,banyak bot,banyak bot,-2.0,Negatif,-2.0,Negatif,Negatif,train
game seru dan menantang tolong berikan saya dark system lagi saya ksi bintang 5,5,2026-07-26 07:52:03,game seru menantang berikan dark system ksi bintang,game seru tantang ikan dark system ksi bintang,-2.0,Negatif,1.0,Positif,Positif,test
"kasih musuh GK adil ,tim musuh jago sementara tim sendiri malah dikasih beban, sering ngetroll pas lagi main rank.tolong match maling nya benerin dulu masa pas main di rank rendah nabrak musuh yg rank tertinggi nya imortall, sementara tim sendiri rank tertinggi nya cuma mythic dan legend. tolonglah kasih lawan yg adil🙏🏻🙏🏻🙏🏻",3,2026-07-26 07:51:01,kasih musuh tidak adil tim musuh jago tim sendiri malah dikasih beban sering ngetroll pas main rank match maling nya benerin dulu masa pas main rank rendah nabrak musuh rank tertinggi nya imortall tim sendiri rank tertinggi nya cuma mythic legend tolonglah kasih lawan adil emoji_netral emoji_netral emoji_netral emoji_lain emoji_lain emoji_lain,kasih musuh tidak adil tim musuh jago tim sendiri malah kasih beban sering ngetroll pas main rank match maling nya benerin dulu masa pas main rank rendah nabrak musuh rank tinggi nya imortall tim sendiri rank tinggi nya cuma mythic legend tolong kasih lawan adil emoji_netral emoji_netral emoji_netral emoji_lain emoji_lain emoji_lain,-33.0,Negatif,-33.0,Negatif,Negatif,train
Lag terus pas war,1,2026-07-26 07:50:30,lag terus pas war,lag terus pas war,3.0,Positif,0.0,Negatif,Negatif,test
"Game busuk, banyak dark sistem. tidak recommended❗️",1,2026-07-26 07:49:44,game busuk banyak dark sistem tidak recommended emoji_lain,game busuk banyak dark sistem tidak recommended emoji_lain,-12.0,Negatif,-12.0,Negatif,Negatif,train
"kasih lagi dong tim rank legend , enak banget buat nurunin bintang, bayangkan rank glory ketemu trio yang salah satu nya masih legend,mainnya ya ampun , mau banting hp deh rasanya, apalah nasip kalo player solo ketemu trio kek gitu, dahlah muak².ditambah tim musuh pakai title provinsi . beeeh enak nya nurunin bintang. banyakin aja kayak gitu biar cepat ganti HP baru.",5,2026-07-26 07:49:42,kasih dong tim rank legend enak banget buat nurunin bintang bayangkan rank glory ketemu trio salah satu nya legend mainnya ampun mau banting handphone deh rasanya apalah nasip kalau player solo ketemu trio kek gitu dahlah muak ditambah tim musuh pakai title provinsi beeh enak nya nurunin bintang banyakin aja kayak gitu cepat ganti handphone baru,kasih dong tim rank legend enak banget buat nurunin bintang bayang rank glory ketemu trio salah satu nya legend main ampun mau banting handphone deh rasa apa nasip kalau player solo ketemu trio kek gitu dah muak tambah tim musuh pakai title provinsi beeh enak nya nurunin bintang banyakin aja kayak gitu cepat ganti handphone baru,-18.0,Negatif,-14.0,Negatif,Negatif,train
"gw kan suka banget tuh cl wr SOLO TAPI KENAPA GW SELALU DAPET TIM BELAJAR HERO DAPET MUSUH SERIUS KEJAR WR JUGA , tapi tim gw malah belajar Hero, mau heran tapi ini monton, ini bukan sekali dua kali kalo sekali dua kali gw masih maklumin, lah ini setiap gw maen cl serius dapet musuh push wr dapet tim belajar Hero, tolong lah di perbaiki matchmaking nya, kalo di cl juga harus adil",1,2026-07-26 07:49:27,kan suka banget tuh cl winrate solo selalu dapet tim belajar hero dapet musuh serius kejar winrate tim malah belajar hero mau heran moonton bukan sekali kali kalau sekali kali maklumin lah maen cl serius dapet musuh push winrate dapet tim belajar hero lah perbaiki matchmaking nya kalau cl adil,kan suka banget tuh cl winrate solo selalu dapet tim ajar hero dapet musuh serius kejar winrate tim malah ajar hero mau heran moonton bukan sekali kali kalau sekali kali maklumin lah maen cl serius dapet musuh push winrate dapet tim ajar hero lah baik matchmaking nya kalau cl adil,-7.0,Negatif,-7.0,Negatif,Negatif,train
"GA PERNAH BENER NGASI TIMNYA, TIMNYA YANG GAJELAS DI KASI, LAWANNYA JAGO JAGO",1,2026-07-26 07:48:50,tidak pernah bener ngasi timnya timnya gajelas kasi lawannya jago jago,tidak pernah bener ngasi tim tim gajelas kasi lawan jago jago,0.0,Negatif,0.0,Negatif,Negatif,test
perbaiki ngeleknya,5,2026-07-26 07:47:46,perbaiki ngeleknya,baik ngeleknya,0.0,Positif,0.0,Positif,Positif,test
"Gamenya bagus dan keren, tapi masih bagus Roblox🙃",5,2026-07-26 07:47:28,gamenya bagus keren bagus roblox emoji_lain,gamenya bagus keren bagus roblox emoji_lain,-4.0,Negatif,10.0,Positif,Positif,train
"monton macam mana ini tim kok gak jelas, los streak gua pusinggg, pliss kasih gua win streak",1,2026-07-26 07:46:57,moonton macam mana tim kok tidak jelas los streak pusingg pliss kasih win streak,moonton macam mana tim kok tidak jelas los streak pusingg pliss kasih win streak,-6.0,Negatif,-6.0,Negatif,Negatif,train
najis dapet tim aneh semua gajelas pengen naek ke mitic malah di kasih tik draksistem,1,2026-07-26 07:46:38,najis dapet tim aneh semua gajelas pengen naek mitic malah kasih tik draksistem,najis dapet tim aneh semua gajelas ken naek mitic malah kasih tik draksistem,-7.0,Negatif,-7.0,Negatif,Negatif,train
makasi ML udah nemenin aku dari aku masih kecil sampai udah besar terimakasih ML,5,2026-07-26 07:45:51,makasi ml udah nemenin aku aku kecil udah besar terimakasih ml,makas ml udah nemenin aku aku kecil udah besar terimakasih ml,8.0,Positif,8.0,Positif,Positif,train
tolong win strek terus masak main di epic lawan nya mantan imortal.,1,2026-07-26 07:43:33,win strek terus masak main epic lawan nya mantan imortal,win strek terus masak main epic lawan nya mantan imortal,-6.0,Negatif,-6.0,Negatif,Negatif,train
game hiburan❌ game perusak mental✅,1,2026-07-26 07:41:45,game hiburan game perusak mental emoji_lain emoji_lain,game hibur game usak mental emoji_lain emoji_lain,4.0,Positif,4.0,Positif,Positif,train
ngasih musuh yang setara lah,1,2026-07-26 07:38:56,ngasih musuh setara lah,ngasih musuh tara lah,-1.0,Negatif,-1.0,Negatif,Negatif,train
"( UNINSTALL AJA DARIPADA LU SETRES GEGARA NI GAME GAJELAS)game setres dari honor 41 sampe Mawi 12 dapet tim gajelas Mulu,draft pick gajelas matchmaking ga adil berat sebelah, GW UNINSTALL NI GAME",5,2026-07-26 07:38:34,uninstall aja kamu setres gegara ni game gajelas game setres honor sampe mawi dapet tim gajelas mulu draft pick gajelas matchmaking tidak adil berat sebelah uninstall ni game,uninstall aja kamu tres gegara ni game gajelas game tres honor sampe mawi dapet tim gajelas mulu draft pick gajelas matchmaking tidak adil berat belah uninstall ni game,-7.0,Negatif,-7.0,Negatif,Negatif,train
aku kamal mulu,1,2026-07-26 07:37:50,aku kamal mulu,aku kamal mulu,2.0,Positif,2.0,Positif,Positif,test
"tolong banget ya buat cs nya jangan pake bot Napa,susah banget ini mau memulihkan akun yang google nya dihack",1,2026-07-26 07:37:06,banget buat cs nya jangan pake bot napa susah banget mau memulihkan akun google nya dihack,banget buat cs nya jangan pake bot napa susah banget mau pulih akun google nya dihack,-3.0,Negatif,-3.0,Negatif,Negatif,train
"game terburuk yang pernah gw mainin, sistem matchmaking buruk, sinyal anjlok, ngasih tim ga sesuai tier. niat pengen seneng-seneng malah marah-marah.",1,2026-07-26 07:37:03,game terburuk pernah mainin sistem matchmaking buruk sinyal anjlok ngasih tim tidak sesuai tier niat pengen seneng seneng malah marah marah,game buruk pernah mainin sistem matchmaking buruk sinyal anjlok ngasih tim tidak sesuai tier niat ken neng neng malah marah marah,-25.0,Negatif,-25.0,Negatif,Negatif,train
udh top up 30.000 malah diamondnya GK masuk,1,2026-07-26 07:36:26,top up malah diamondnya tidak masuk,top up malah diamondnya tidak masuk,3.0,Positif,3.0,Positif,Positif,train
ml ini bagus tapi kasih tim yg jago dong jangan yg bot Mulu cape turun Mulu kasih tim bagus yang jago Napa kasih yg bot Mulu dah ni gem cape gendong gua kalah Mulu tim nya bot plis kasih tim jago,2,2026-07-26 07:36:05,ml bagus kasih tim jago dong jangan bot mulu cape turun mulu kasih tim bagus jago napa kasih bot mulu ni gem cape gendong kalah mulu tim nya bot plis kasih tim jago,ml bagus kasih tim jago dong jangan bot mulu cape turun mulu kasih tim bagus jago napa kasih bot mulu ni gem cape gendong kalah mulu tim nya bot plis kasih tim jago,-24.0,Negatif,-14.0,Negatif,Negatif,train
sangat bagus,5,2026-07-26 07:35:59,sangat bagus,sangat bagus,-4.0,Negatif,1.0,Positif,Positif,train
balikin akun gw dong,1,2026-07-26 07:34:51,balikin akun dong,balikin akun dong,0.0,Negatif,0.0,Negatif,Negatif,train
game jahannam main game ini bukan ngilangin stress.malah tambah stress,5,2026-07-26 07:34:21,game jahannam main game bukan ngilangin stress malah tambah stress,game jahannam main game bukan ngilangin stress malah tambah stress,-6.0,Negatif,-6.0,Negatif,Negatif,train
setiap main ml tim ya dars sistem semua bikin steres,5,2026-07-26 07:34:09,main ml tim dars sistem semua bikin steres,main ml tim dars sistem semua bikin steres,-11.0,Negatif,-11.0,Negatif,Negatif,test
"kecewa banget sama ini game mlbb, makin hari makin gak jelas, dengan ping awal 30 langsung berubah drastis mnjadi 300 pas mati balik ke 30 hidup langsung brubah lagi dan itu bukan cuman 1 kali sampek beberapa pertandingan",1,2026-07-26 07:34:07,kecewa banget sama game mlbb makin hari makin tidak jelas ping awal langsung berubah drastis mnjadi pas mati balik hidup langsung brubah bukan cuman kali sampek beberapa pertandingan,kecewa banget sama game mlbb makin hari makin tidak jelas ping awal langsung ubah drastis mnjadi pas mati balik hidup langsung brubah bukan cuman kali sampek beberapa tanding,7.0,Positif,7.0,Positif,Positif,test
very lag one star,1,2026-07-26 07:34:01,very lag one star,very lag one star,0.0,Negatif,-3.0,Negatif,Negatif,train
sangat menyenangkan,3,2026-07-26 07:32:12,sangat menyenangkan,sangat senang,-1.0,Negatif,-1.0,Negatif,Negatif,train
game nya bagus Hero nya bagus dan kuat,5,2026-07-26 07:30:24,game nya bagus hero nya bagus kuat,game nya bagus hero nya bagus kuat,-3.0,Negatif,7.0,Positif,Positif,train
draksistem semua sistemnya rusak ni game,1,2026-07-26 07:30:02,draksistem semua sistemnya rusak ni game,draksistem semua sistem rusak ni game,-2.0,Negatif,-2.0,Negatif,Negatif,train
bagus sih game nya,4,2026-07-26 07:29:54,bagus sih game nya,bagus sih game nya,0.0,Positif,5.0,Positif,Positif,test
mengisi kegabutan,5,2026-07-26 07:29:52,mengisi kegabutan,isi kegabutan,2.0,Positif,2.0,Positif,Positif,test
SETAN GAME BOSOK RA ATURAN,1,2026-07-26 07:28:14,setan game bosok ra aturan,setan game bosok ra atur,-2.0,Negatif,-2.0,Negatif,Negatif,test
game ga masuk akal game butrik main bot,1,2026-07-26 07:26:38,game tidak masuk akal game butrik main bot,game tidak masuk akal game butrik main bot,0.0,Negatif,0.0,Negatif,Negatif,train
"komunitas tidak baik, match macking tidar pernah diperbaiki. Semoga saja gamenya cepat runtuh dan hancur sebab pura-pura tidak melihat.",1,2026-07-26 07:26:35,komunitas tidak baik match macking tidar pernah diperbaiki semoga gamenya cepat runtuh hancur pura pura tidak melihat,komunitas tidak baik match macking tidar pernah baik moga gamenya cepat runtuh hancur pura pura tidak lihat,-21.0,Negatif,-21.0,Negatif,Negatif,train
menarik,5,2026-07-26 07:26:07,menarik,tarik,0.0,Positif,0.0,Positif,Positif,test
MONTOON TAIK MINIMAL SINYAL DI BENERIN DULU BARU SKIN DI UTAMAIN KONCILLL,1,2026-07-26 07:24:54,moonton taik minimal sinyal benerin dulu baru skin utamain koncill,moonton taik minimal sinyal benerin dulu baru skin utamain koncill,-8.0,Negatif,-8.0,Negatif,Negatif,train
gw kalah mulu dan musuh nya tengil,1,2026-07-26 07:24:10,kalah mulu musuh nya tengil,kalah mulu musuh nya tengil,-7.0,Negatif,-7.0,Negatif,Negatif,train
"2 minggu yg lalu poin bintang saya mencapai 24, hanya tingal 1 lagi untuk mencapai honor, akan tetapi selalu di pertemukan dengan tim rank tinggi hingga poin bintang saya habis semua dan akan mencapai legend, DASAR GAME RUSAK",1,2026-07-26 07:23:15,minggu lalu poin bintang mencapai tingal mencapai honor selalu pertemukan tim rank tinggi hingga poin bintang habis semua mencapai legend dasar game rusak,minggu lalu poin bintang capai tingal capai honor selalu temu tim rank tinggi hingga poin bintang habis semua capai legend dasar game rusak,2.0,Positif,2.0,Positif,Positif,test
ml game untuk orang dewasa,1,2026-07-26 07:22:41,ml game orang dewasa,ml game orang dewasa,4.0,Positif,4.0,Positif,Positif,train
"he moonton, aku dianggap afk sedangkan wifi dan server lu yang bermasalah di loading match, mana keadilan nya?",1,2026-07-26 07:22:03,he moonton aku dianggap afk wifi server kamu bermasalah loading match mana keadilan nya,he moonton aku anggap afk wifi server kamu masalah loading match mana adil nya,1.0,Positif,-1.0,Negatif,Negatif,test
tolong hapus di perbaiki buat mode custume ini saya di jebak di custem di pause,3,2026-07-26 07:21:00,hapus perbaiki buat mode custume jebak custem pause,hapus baik buat mode custume jebak custem pause,-2.0,Negatif,-2.0,Negatif,Negatif,train
alah kook jadi tambah parah. apalah loading pas gw pake thamuz gak mau keisi. baikin nih kalau kagak gw pensi aja dari nih game gak bakal gw on selagi belum lu benerin ini,3,2026-07-26 07:20:21,alah kook jadi tambah parah apalah loading pas pake thamuz tidak mau keisi baikin nih kalau kagak pensi aja nih game tidak bakal on belum kamu benerin,alah kook jadi tambah parah apa loading pas pake thamuz tidak mau isi baikin nih kalau kagak pensi aja nih game tidak bakal on belum kamu benerin,-21.0,Negatif,-21.0,Negatif,Negatif,train
"Geme bego. match making ga adil, ngelag""kan kadang ngecrash sendiri. game gblok",1,2026-07-26 07:20:13,geme bego match making tidak adil ngelag kan kadang ngecrash sendiri game gblok,geme bego match making tidak adil ngelag kan kadang ngecrash sendiri game gblok,-4.0,Negatif,-7.0,Negatif,Negatif,train
"game ini sangat bagus, saya sering mendapatkan banyak kekalahan dan tim yang bobrok. Di samping itu game ini membuat saya memiliki ganguan serta tekanan mental karena sering terkena cyberbullying.",5,2026-07-26 07:19:14,game sangat bagus sering mendapatkan banyak kekalahan tim bobrok samping game membuat memiliki ganguan tekanan mental sering terkena cyberbullying,game sangat bagus sering dapat banyak kalah tim bobrok samping game buat milik ganguan tekan mental sering kena cyberbullying,-9.0,Negatif,-4.0,Negatif,Negatif,train
mantappppp BANGGGGGGGGG,5,2026-07-26 07:17:55,mantapp bangg,mantapp bangg,0.0,Positif,0.0,Positif,Positif,test
game ramah baik hati dan sering ngasih motivasi pokonya the best banget suka ml bagussssssssss. pengen di kasih motivasi sama yang pro player,5,2026-07-26 07:16:51,game ramah baik hati sering ngasih motivasi pokonya the best banget suka ml baguss pengen kasih motivasi sama pro player,game ramah baik hati sering ngasih motivasi poko the best banget suka ml baguss ken kasih motivasi sama pro player,16.0,Positif,16.0,Positif,Positif,train
gamenya bagus tapi HP saya ngelag terus karena ML update terus,5,2026-07-26 07:16:02,gamenya bagus handphone ngelag terus ml update terus,gamenya bagus handphone ngelag terus ml update terus,-2.0,Negatif,0.0,Positif,Positif,train
keren asik,5,2026-07-26 07:15:22,keren asik,keren asik,4.0,Positif,8.0,Positif,Positif,test
karena dikasih nya yg susah padahal Reng nya epik emang moonton ktl,1,2026-07-26 07:15:12,dikasih nya susah padahal reng nya epik emang moonton ktl,kasih nya susah padahal reng nya epik emang moonton ktl,-1.0,Negatif,-1.0,Negatif,Negatif,train
"kenapa saat loading mau ke in game sehabis draft pick lama banget masukya tolong di ubah padahal jaringan bagus, sama timnya aneh"" mulu. kalo kaya gini terus mending gausah buat game kalo ga niat",1,2026-07-26 07:15:03,loading mau in game sehabis draft pick lama banget masukya ubah padahal jaringan bagus sama timnya aneh mulu kalau kaya gini terus mending gausah buat game kalau tidak niat,loading mau in game habis draft pick lama banget masukya ubah padahal jaring bagus sama tim aneh mulu kalau kaya gin terus mending gausah buat game kalau tidak niat,-5.0,Negatif,0.0,Negatif,Negatif,train
"game buruk, saya memainkan game ini banyak problematiknya, mulai dari sistem draft yang aneh dan tidak adil, performa permainan yang banyak sekali masalahnya, mulai dari sinyal yang mendadak hilang saat lagi war, tim yang tiba-tiba tidak bergerak, hingga pasti ada saat ketika naikkin bintang rank malah permasalahan sistem permainan yang anomali, entah dari hp yang tiba-tiba crash hingga keluar dari permainan secara mendadak, itu sangat merugikan dan saya yakin developer yang membuat sistemnya.",1,2026-07-26 07:14:25,game buruk memainkan game banyak problematiknya mulai sistem draft aneh tidak adil performa permainan banyak sekali masalahnya mulai sinyal mendadak hilang war tim tiba tiba tidak bergerak hingga naikkin bintang rank malah permasalahan sistem permainan anomali entah handphone tiba tiba crash hingga keluar permainan mendadak sangat merugikan yakin developer membuat sistemnya,game buruk main game banyak problematik mulai sistem draft aneh tidak adil performa main banyak sekali masalah mulai sinyal dadak hilang war tim tiba tiba tidak gerak hingga naikkin bintang rank malah masalah sistem main anomali entah handphone tiba tiba crash hingga keluar main dadak sangat rugi yakin developer buat sistem,-32.0,Negatif,-32.0,Negatif,Negatif,test
game nya tidak ramah dan selalu kalah kita akan dikasih top global,1,2026-07-26 07:13:14,game nya tidak ramah selalu kalah dikasih top global,game nya tidak ramah selalu kalah kasih top global,-2.0,Negatif,-2.0,Negatif,Negatif,test
"jlek banyak bug, lagi draft pick malah nge stag",1,2026-07-26 07:12:50,jlek banyak bug draft pick malah nge stag,jlek banyak bug draft pick malah nge stag,0.0,Negatif,-2.0,Negatif,Negatif,test
tolong kasih lawan yang se imbang supaya push rank jadi mudah,1,2026-07-26 07:12:45,kasih lawan se imbang push rank jadi mudah,kasih lawan se imbang push rank jadi mudah,-1.0,Negatif,-1.0,Negatif,Negatif,test
"monton ga adil ngasih tim gua dapet tim yang tidak ngerti maen sedangkan musuh pada ngerti maen,percuma kalau maen jago kalau dapet tim kaga ngerti maen mah,monton ga adil gua dapet tim kaya gitu semua lose strek ampe berkali kali,kalau ngasih tim yang adil monton",1,2026-07-26 07:12:38,moonton tidak adil ngasih tim dapet tim tidak ngerti maen musuh ngerti maen percuma kalau maen jago kalau dapet tim tidak ngerti maen mah moonton tidak adil dapet tim kaya gitu semua lose strek ampe berkali kali kalau ngasih tim adil moonton,moonton tidak adil ngasih tim dapet tim tidak ngerti maen musuh ngerti maen percuma kalau maen jago kalau dapet tim tidak ngerti maen mah moonton tidak adil dapet tim kaya gitu semua lose strek ampe kali kali kalau ngasih tim adil moonton,-28.0,Negatif,-28.0,Negatif,Negatif,train
matcmaking tidak adil dan semua sesuai sistem kemenangan persenannya lebih RENDAH DARIPADA KEKALAHAN,1,2026-07-26 07:12:28,matcmaking tidak adil semua sesuai sistem kemenangan persenannya lebih rendah kekalahan,matcmaking tidak adil semua sesuai sistem menang persen lebih rendah kalah,-14.0,Negatif,-14.0,Negatif,Negatif,train
bagus lebih di tingkatkan sedikit mudahan dapat skin gratis dari MOONTON 🌹🌹♥️👍,5,2026-07-26 07:12:16,bagus lebih tingkatkan sedikit mudahan skin gratis moonton emoji_positif emoji_lain emoji_lain emoji_lain,bagus lebih tingkat sedikit mudah skin gratis moonton emoji_positif emoji_lain emoji_lain emoji_lain,0.0,Positif,5.0,Positif,Positif,train
"minimal kalo ngasih tim yang waras napa,udh cape cape gendong malah pada blunder dah tu musuhnya dikasih yang susah,matchmaking apaan kek gini,gw capek lose muluuuuu plis lah baikin matchmakingnyaaaaaaaaa",1,2026-07-26 07:11:24,minimal kalau ngasih tim waras napa cape cape gendong malah blunder tu musuhnya dikasih susah matchmaking apaan kek gini capek lose muluu plis lah baikin matchmakingnyaa,minimal kalau ngasih tim waras napa cape cape gendong malah blunder tu musuh kasih susah matchmaking apa kek gin capek lose muluu plis lah baikin matchmakingnyaa,-23.0,Negatif,-23.0,Negatif,Negatif,test
bikin stres doang jngn didownload apk jelek,1,2026-07-26 07:10:35,bikin stres doang jngn didownload apk jelek,bikin stres doang jngn didownload apk jelek,-9.0,Negatif,-9.0,Negatif,Negatif,test
moga suatu saat game mu kalah saing dengan game lain.... aku user lama...seson 1 id ny yg udh bnyk top up ...menderita solo rank... sistem kalian bobrok... auto unistal slamanya...,1,2026-07-26 07:09:30,moga suatu game mu kalah saing game aku user lama seson id ny bnyk top up menderita solo rank sistem kalian bobrok auto unistal slamanya,moga suatu game mu kalah saing game aku user lama seson id ny bnyk top up derita solo rank sistem kalian bobrok auto unistal slamanya,-9.0,Negatif,-9.0,Negatif,Negatif,test
team nya gj exp malah pick eudora benerin dlu sistem lu jan collab bae,1,2026-07-26 07:09:12,team nya gj exp malah pick eudora benerin dlu sistem kamu jan collab bae,team nya gj exp malah pick eudora benerin dlu sistem kamu jan collab bae,-3.0,Negatif,-3.0,Negatif,Negatif,test
"moonton tolong kl kasi tim tu yg setara , rank gua ga naik naik grgr pas mau naik rank ketemu darksystem mulu , tolong lah cape gua ls mulu grgr ketemu darksystem , kapan imo nya gua",1,2026-07-26 07:09:09,moonton kalau kasi tim tu setara rank tidak naik naik grgr pas mau naik rank ketemu darksystem mulu lah cape losestreak mulu grgr ketemu darksystem kapan imo nya,moonton kalau kasi tim tu tara rank tidak naik naik grgr pas mau naik rank ketemu darksystem mulu lah cape losestreak mulu grgr ketemu darksystem kapan imo nya,-3.0,Negatif,-3.0,Negatif,Negatif,train
game yang sangat bagus di main kan bersama keluarga game ini sangat lah seru pemain sangat sopan dan tidak berkata-kata kotor,5,2026-07-26 07:08:14,game sangat bagus main kan bersama keluarga game sangat lah seru pemain sangat sopan tidak berkata kata kotor,game sangat bagus main kan sama keluarga game sangat lah seru main sangat sopan tidak kata kata kotor,-14.0,Negatif,-6.0,Negatif,Negatif,train
"moonton kenapa sih ,setiap aku mau naik legend ada aja halangannya ,kok sering banget dikasih dark system terus,mohon kerjasamanya untuk tim yang lebih kompak dan peka",3,2026-07-26 07:06:33,moonton sih aku mau naik legend aja halangannya kok sering banget dikasih dark system terus mohon kerjasamanya tim lebih kompak peka,moonton sih aku mau naik legend aja halang kok sering banget kasih dark system terus mohon kerjasamanya tim lebih kompak peka,12.0,Positif,12.0,Positif,Positif,test
"please lah moonton jangan pilih kasih lah, server cina skin moskov cc di gratisin sedangkan server global enggak. gua juga player gratisan",1,2026-07-26 07:05:01,please lah moonton jangan pilih kasih lah server cina skin moskov cc gratisin server global tidak player gratisan,please lah moonton jangan pilih kasih lah server cina skin moskov cc gratisin server global tidak player gratis,-8.0,Negatif,-8.0,Negatif,Negatif,train
Kasih tim yg bener anjim🗿,5,2026-07-26 07:04:35,kasih tim bener anjim emoji_netral,kasih tim bener anjim emoji_netral,-1.0,Negatif,-1.0,Negatif,Negatif,train
ls mulu njr,1,2026-07-26 07:03:06,losestreak mulu njr,losestreak mulu njr,1.0,Positif,1.0,Positif,Positif,train
terima kasih sudah membikin game ini saya sangat senang,5,2026-07-26 07:01:33,terima kasih membikin game sangat senang,terima kasih bikin game sangat senang,4.0,Positif,4.0,Positif,Positif,train
drak sistem,1,2026-07-26 07:01:32,drak sistem,drak sistem,-4.0,Negatif,-4.0,Negatif,Negatif,train
"kalah tidak dapat BP gak masalah,lha ini aku sering menang,kok gak ada BP?game apa ini.percuma dong main?tolonglah diperhatikan,jangan jadi game buruk macam ni.",1,2026-07-26 07:01:02,kalah tidak bp tidak masalah lha aku sering menang kok tidak bp game apa percuma dong main tolonglah diperhatikan jangan jadi game buruk macam ni,kalah tidak bp tidak masalah lha aku sering menang kok tidak bp game apa percuma dong main tolong perhati jangan jadi game buruk macam ni,-18.0,Negatif,-14.0,Negatif,Negatif,train
WOY JANGAN LU DIEM DOANG PEMAIN NYA BOT DAN AI SEMUA MAKSUD LU APA LU SANTAI DOANG?? HAH AI. DAN BoT YANG DIKASIh GAME MU ITU BODOH DAN TIDAK TAHU CARA MAIN MOBILE LEGENDS TOLONG HAPUS AI NYA SEKARANG JUGAAAAAA!!!!!!!!!!!!!!!😠😠😠😠😠😠😠😠😠😠 LU KIRA AI NYA JAGO MAIN MOBILE LEGENDS ENGGAK BODOH AKU KALAH TERUS GARA GARA AI DAN BOT ITU😠😠😠😭😭😭,1,2026-07-26 07:00:04,woy jangan kamu diem doang pemain nya bot ai semua maksud kamu apa kamu santai doang hah ai bot dikasih game mu bodoh tidak tahu cara main mobile legends hapus ai nya sekarang jugaa kamu kira ai nya jago main mobile legends tidak bodoh aku kalah terus gara gara ai bot emoji_negatif emoji_negatif emoji_negatif emoji_negatif emoji_negatif emoji_negatif emoji_negatif emoji_negatif emoji_negatif emoji_negatif emoji_negatif emoji_negatif emoji_negatif emoji_negatif emoji_negatif emoji_negatif,woy jangan kamu diem doang main nya bot ai semua maksud kamu apa kamu santai doang hah ai bot kasih game mu bodoh tidak tahu cara main mobile legends hapus ai nya sekarang jugaa kamu kira ai nya jago main mobile legends tidak bodoh aku kalah terus gara gara ai bot emoji_negatif emoji_negatif emoji_negatif emoji_negatif emoji_negatif emoji_negatif emoji_negatif emoji_negatif emoji_negatif emoji_negatif emoji_negatif emoji_negatif emoji_negatif emoji_negatif emoji_negatif emoji_negatif,-32.0,Negatif,-32.0,Negatif,Negatif,train
kalau game muntun masti kalah terus,1,2026-07-26 06:59:57,kalau game moonton masti kalah terus,kalau game moonton masti kalah terus,-3.0,Negatif,-3.0,Negatif,Negatif,train
min kalo bikin game jangan berat berat min kasian pecinta mobile legend yang hpnya kentang kapan bikin ml lite min,5,2026-07-26 06:58:18,min kalau bikin game jangan berat berat min kasian pecinta mobile legend hpnya kentang kapan bikin ml lite min,min kalau bikin game jangan berat berat min kasi cinta mobile legend hpnya kentang kapan bikin ml lite min,-5.0,Negatif,-5.0,Negatif,Negatif,train
woy moonton ksih i mm woy cape ngendong beban mau ngasih i mm apa i hapus,1,2026-07-26 06:56:54,woy moonton ksih i matchmaking woy cape ngendong beban mau ngasih i matchmaking apa i hapus,woy moonton ksih i matchmaking woy cape ngendong beban mau ngasih i matchmaking apa i hapus,-10.0,Negatif,-10.0,Negatif,Negatif,train
game yang sangat bagus,5,2026-07-26 06:56:16,game sangat bagus,game sangat bagus,-2.0,Negatif,3.0,Positif,Positif,train
Game sistem ga jelas,1,2026-07-26 06:55:49,game sistem tidak jelas,game sistem tidak jelas,-5.0,Negatif,-5.0,Negatif,Negatif,test
KURANGIN DARK SISTEM WOYY!!,5,2026-07-26 06:55:33,kurangin dark sistem woyy,rangin dark sistem woyy,-4.0,Negatif,-4.0,Negatif,Negatif,train
"saran ya, gmna mau buat game nya rami lgi kyk dlu, kalu pihak kalian mentingin perbanyak uang dengan cara rilis in event event terusmenerus, sedangkan jaringan game kalian ga di update update, says sudah bermain mengunakan wifi+data tetep aja pink naik saat ketemu musuh, tolong di dengerin, jgn hanya mentingin rilisiin event banyak, player jg butuh kenyamanan bermain, bukan ke serakahan developer",1,2026-07-26 06:55:14,saran gmna mau buat game nya rami lgi kyk dlu kalu pihak kalian mentingin perbanyak uang cara rilis in event event terusmenerus jaringan game kalian tidak update update says bermain mengunakan wifi data tetep aja pink naik ketemu musuh dengerin jangan mentingin rilisiin event banyak player jg butuh kenyamanan bermain bukan serakahan developer,saran gmna mau buat game nya rami lgi kyk dlu kalu pihak kalian mentingin banyak uang cara rilis in event event terusmenerus jaring game kalian tidak update update says main mengunakan wifi data tetep aja pink naik ketemu musuh dengerin jangan mentingin rilisiin event banyak player jg butuh nyaman main bukan serakah developer,-6.0,Negatif,-6.0,Negatif,Negatif,train
"game aneh ,game gajelas skin di banyakin sistem nya bobrok ,ngasih match gapernah seimbang..makin hari makin ancur , ngasih tim gapernah seimbang sama musuh ..main di glory tp ketemu tim nya honor sama legend ,tim musuh pada bisa main sementara tim sendiri kaya ga di ajarin main,tiap hari ketemu dark system ..percuma skin di banyakin sistem nya makin ancur,ANEH",1,2026-07-26 06:55:07,game aneh game gajelas skin banyakin sistem nya bobrok ngasih match gapernah seimbang makin hari makin ancur ngasih tim gapernah seimbang sama musuh main glory ketemu tim nya honor sama legend tim musuh main tim sendiri kaya tidak ajarin main tiap hari ketemu dark system percuma skin banyakin sistem nya makin ancur aneh,game aneh game gajelas skin banyakin sistem nya bobrok ngasih match gapernah imbang makin hari makin ancur ngasih tim gapernah imbang sama musuh main glory ketemu tim nya honor sama legend tim musuh main tim sendiri kaya tidak ajarin main tiap hari ketemu dark system percuma skin banyakin sistem nya makin ancur aneh,-31.0,Negatif,-31.0,Negatif,Negatif,train
gemenya bagus dan keren dan grafiknya bagus untuk HP kentang,5,2026-07-26 06:54:24,gemenya bagus keren grafiknya bagus handphone kentang,gemenya bagus keren grafik bagus handphone kentang,-4.0,Negatif,10.0,Positif,Positif,train
sangat suka,5,2026-07-26 06:54:15,sangat suka,sangat suka,0.0,Positif,0.0,Positif,Positif,test
uninstal masal aja,1,2026-07-26 06:54:00,uninstal masal aja,uninstal masal aja,1.0,Positif,1.0,Positif,Positif,train
game bego,1,2026-07-26 06:53:41,game bego,game bego,2.0,Positif,2.0,Positif,Positif,train
game marai stres hapusen ae ojo download game iki koyok telek,1,2026-07-26 06:53:20,game marai stres hapusen ae ojo download game iki koyok telek,game mara stres hapusen ae ojo download game iki koyok telek,0.0,Negatif,0.0,Negatif,Negatif,test
"jangan coba Amen geme ini kalo lu gak Mao ke psikolog soalnya gua udah 2 hari Lostrek 10 kali udah gila gua, saran nih kalo Mao geme lu makain rame minimal metsmeking nya di benerin gua yg honor ketemu yg legend kan tolol",1,2026-07-26 06:52:34,jangan coba amen geme kalau kamu tidak mao psikolog soalnya udah hari lostrek kali udah gila saran nih kalau mao geme kamu makain rame minimal metsmeking nya benerin honor ketemu legend kan tolol,jangan coba amen geme kalau kamu tidak mao psikolog soal udah hari lostrek kali udah gila saran nih kalau mao geme kamu makain rame minimal metsmeking nya benerin honor ketemu legend kan tolol,-26.0,Negatif,-26.0,Negatif,Negatif,train
game Rama sekali,1,2026-07-26 06:51:23,game rama sekali,game rama sekali,4.0,Positif,4.0,Positif,Positif,train
"plis deh moonton lore gausah di ubah ubah, dlu kagura sama hayabusa malah lore nya diganti jdi hanabi sama hayabusa. udah cocok kagura sama hayabusa, hanabi sama hayabusa tuh vibes nya kayak adik sama abang justice-for-hayagura.",2,2026-07-26 06:50:36,plis deh moonton lore gausah ubah ubah dlu kagura sama hayabusa malah lore nya diganti jdi hanabi sama hayabusa udah cocok kagura sama hayabusa hanabi sama hayabusa tuh vibes nya kayak adik sama abang justice for hayagura,plis deh moonton lore gausah ubah ubah dlu kagura sama hayabusa malah lore nya ganti jdi hanabi sama hayabusa udah cocok kagura sama hayabusa hanabi sama hayabusa tuh vibes nya kayak adik sama abang justice for hayagura,9.0,Positif,9.0,Positif,Positif,train
saya kasih setengah soalnya kenapa argus di nerf! jadi kerupuk tau gak argus gua,3,2026-07-26 06:49:49,kasih setengah soalnya argus nerf jadi kerupuk tau tidak argus,kasih tengah soal argus nerf jadi kerupuk tau tidak argus,-13.0,Negatif,-13.0,Negatif,Negatif,train
"server nya lag moonton, gak asik main nya",1,2026-07-26 06:49:37,server nya lag moonton tidak asik main nya,server nya lag moonton tidak asik main nya,-9.0,Negatif,-12.0,Negatif,Negatif,train
Game rusak,5,2026-07-26 06:47:55,game rusak,game rusak,1.0,Positif,1.0,Positif,Positif,train
game nyah bagus tapi bikin nambah stress,5,2026-07-26 06:47:14,game nyah bagus bikin nambah stress,game nyah bagus bikin nambah stress,-5.0,Negatif,0.0,Positif,Positif,test
"game burik sinyal bagus tapi ngeleg,tim sendiri sama tim musuh ga adil,game burik",1,2026-07-26 06:46:49,game burik sinyal bagus ngeleg tim sendiri sama tim musuh tidak adil game burik,game burik sinyal bagus ngeleg tim sendiri sama tim musuh tidak adil game burik,-16.0,Negatif,-11.0,Negatif,Negatif,train
gak bisa ganti latar belakang,1,2026-07-26 06:46:40,tidak ganti latar belakang,tidak ganti latar belakang,-5.0,Negatif,-5.0,Negatif,Negatif,train
"gem babi,isinya draksistem semua bikin emosi,sinyal jelek tiba' keluar ngak bisa main lagi bintang hilang satu, dapat jonson hyper lagi,gem apa ini,malas mending pindah gem sebelah wkwkwkwkw wkwkwkwkwk🤣🤣",5,2026-07-26 06:46:13,gem babi isinya draksistem semua bikin emosi sinyal jelek tiba keluar ngak main bintang hilang satu jonson hyper gem apa malas mending pindah gem sebelah wkwkwkwkw wkwkwkwkwk emoji_netral emoji_netral,gem babi isi draksistem semua bikin emosi sinyal jelek tiba keluar ngak main bintang hilang satu jonson hyper gem apa malas mending pindah gem belah wkwkwkwkw wkwkwkwkwk emoji_netral emoji_netral,-29.0,Negatif,-29.0,Negatif,Negatif,train
game yang bagus seru dimainkan nya,4,2026-07-26 06:46:10,game bagus seru dimainkan nya,game bagus seru main nya,0.0,Positif,8.0,Positif,Positif,train
bagus sekali dan gak bosen,5,2026-07-26 06:45:41,bagus sekali tidak bosen,bagus sekali tidak bosen,-4.0,Negatif,1.0,Positif,Positif,train
banyak darj sistem,1,2026-07-26 06:44:58,banyak darj sistem,banyak darj sistem,-4.0,Negatif,-4.0,Negatif,Negatif,train
"game sampah, nama ML , Mainan Laknat",1,2026-07-26 06:44:42,game sampah nama ml mainan laknat,game sampah nama ml main laknat,-7.0,Negatif,-7.0,Negatif,Negatif,train
moonton kasih aku menang lah ppppplllĺllssssssssssssssssssss........................,1,2026-07-26 06:41:48,moonton kasih aku menang lah ppll llss,moonton kasih aku menang lah ppll llss,1.0,Positif,5.0,Positif,Positif,train
game nya seru bagus tapi aku kehalang hp ku udan gk kuat lagi terus gw hapus,5,2026-07-26 06:40:59,game nya seru bagus aku kehalang handphone ku udan tidak kuat terus hapus,game nya seru bagus aku halang handphone ku udan tidak kuat terus hapus,-6.0,Negatif,2.0,Positif,Positif,train
"main kalah teros,menang kalah",1,2026-07-26 06:40:52,main kalah teros menang kalah,main kalah ros menang kalah,-9.0,Negatif,-5.0,Negatif,Negatif,train
gem nya bagus si tapi banyak yang suka ngomong kotor dan mech nya terlalu lama,4,2026-07-26 06:38:24,gem nya bagus si banyak suka ngomong kotor mech nya terlalu lama,gem nya bagus si banyak suka ngomong kotor mech nya terlalu lama,-12.0,Negatif,-7.0,Negatif,Negatif,train
masyaallah,1,2026-07-26 06:38:00,masyaallah,masyaallah,0.0,Negatif,0.0,Negatif,Negatif,train
game stress pembagian timny g jelas bngt,1,2026-07-26 06:36:53,game stress pembagian timny g jelas banget,game stress bagi timny g jelas banget,-4.0,Negatif,-4.0,Negatif,Negatif,train
"Aku Suka game nya, Tapi hero nya dikit banget, jadi Aku Minta hero nya lebih banyak 🙏🙏",5,2026-07-26 06:36:44,aku suka game nya hero nya dikit banget jadi aku minta hero nya lebih banyak emoji_netral emoji_netral,aku suka game nya hero nya dikit banget jadi aku minta hero nya lebih banyak emoji_netral emoji_netral,2.0,Positif,2.0,Positif,Positif,train
"gajelas lu, ngasih tim yg bner dikit",1,2026-07-26 06:35:23,gajelas kamu ngasih tim bner dikit,gajelas kamu ngasih tim bner dikit,-7.0,Negatif,-7.0,Negatif,Negatif,train
jarang apa exp,4,2026-07-26 06:35:17,jarang apa exp,jarang apa exp,-3.0,Negatif,-3.0,Negatif,Negatif,train
"dikasih ls banyak padahal mau epic 1,udah ditipu ama game jelek ini",1,2026-07-26 06:35:08,dikasih losestreak banyak padahal mau epic udah ditipu ama game jelek,kasih losestreak banyak padahal mau epic udah tipu ama game jelek,3.0,Positif,3.0,Positif,Positif,train
"game tuh di Perbaiki tolol , malah 1 player pag semua , kenapa semakin lama semakin bnyk error nya ni game, beda pengembang?",1,2026-07-26 06:34:51,game tuh perbaiki tolol malah player pag semua semakin lama semakin bnyk error nya ni game beda pengembang,game tuh baik tolol malah player pag semua makin lama makin bnyk error nya ni game beda kembang,-11.0,Negatif,-8.0,Negatif,Negatif,train
"GAME BAGUS,SENI MAIN MOBILE LAGEND ADALAH KROYOKAN,JOOOSS",1,2026-07-26 06:34:33,game bagus seni main mobile lagend kroyokan jooss,game bagus seni main mobile lagend kroyokan jooss,-3.0,Negatif,2.0,Positif,Positif,train
update Mulu capek,5,2026-07-26 06:34:16,update mulu capek,update mulu capek,1.0,Positif,1.0,Positif,Positif,train
"GAME SANGAT RAMAH UNTUK PLAYER SOLO, MENANG CUMAN SEKALI,KALAHNYA 5 KALI.. REAL DARK SISTEM",1,2026-07-26 06:33:46,game sangat ramah player solo menang cuman sekali kalahnya kali real dark sistem,game sangat ramah player solo menang cuman sekali kalah kali real dark sistem,0.0,Negatif,4.0,Positif,Positif,train
"game nya seru ,tapi aku kalau main kalah mulu😭",4,2026-07-26 06:33:22,game nya seru aku kalau main kalah mulu emoji_negatif,game nya seru aku kalau main kalah mulu emoji_negatif,-1.0,Negatif,2.0,Positif,Positif,test
ini ml kenapa ya udah 5 hari kalah trus coba lah di perbaikin lagi kasih tim nya,1,2026-07-26 06:33:02,ml udah hari kalah trus coba lah perbaikin kasih tim nya,ml udah hari kalah trus coba lah perbaikin kasih tim nya,-6.0,Negatif,-6.0,Negatif,Negatif,train
"kenapa monton ngasih aku tim draksistem terus game gak jelas aku main 7jam cuman sia sia doang gak naik gak turun habis menang main lagi dapet tim gak jelas terus ayo lah MONTON kasih hanilah aku 😭, aku capek ketemu tim draksistem terus ayolah bantu lah aku pliss aku mohon 🙏🙏, mohon maaf jika aku hanya memberi/menilai bintang⭐, karena aku habis lostrek teruss lagian kenapa monton gak pernah membantu aku 😭.",1,2026-07-26 06:32:29,moonton ngasih aku tim draksistem terus game tidak jelas aku main jam cuman sia sia doang tidak naik tidak turun habis menang main dapet tim tidak jelas terus ayo lah moonton kasih hanilah aku aku capek ketemu tim draksistem terus ayolah bantu lah aku pliss aku mohon mohon maaf aku memberi menilai bintang aku habis lostrek teruss lagian moonton tidak pernah membantu aku emoji_negatif emoji_negatif emoji_netral emoji_netral emoji_lain,moonton ngasih aku tim draksistem terus game tidak jelas aku main jam cuman sia sia doang tidak naik tidak turun habis menang main dapet tim tidak jelas terus ayo lah moonton kasih hanilah aku aku capek ketemu tim draksistem terus ayo bantu lah aku pliss aku mohon mohon maaf aku beri nilai bintang aku habis lostrek teruss lagi moonton tidak pernah bantu aku emoji_negatif emoji_negatif emoji_netral emoji_netral emoji_lain,-32.0,Negatif,-28.0,Negatif,Negatif,train
game nya seru bagus tapi sering lostreak tapi tetep bagus,4,2026-07-26 06:32:25,game nya seru bagus sering lostreak tetep bagus,game nya seru bagus sering lostreak tetep bagus,1.0,Positif,14.0,Positif,Positif,train
permainan nya sangat bagus sekali,5,2026-07-26 06:30:21,permainan nya sangat bagus sekali,main nya sangat bagus sekali,-5.0,Negatif,0.0,Positif,Positif,test
peler ngasih tim yang ngotak,1,2026-07-26 06:29:59,peler ngasih tim ngotak,peler ngasih tim ngotak,-3.0,Negatif,-3.0,Negatif,Negatif,test
bisa GK main tapi mengahabis kn data internet,1,2026-07-26 06:28:59,tidak main mengahabis kn data internet,tidak main mengahabis kn data internet,-8.0,Negatif,-8.0,Negatif,Negatif,train
kadang bikin setres karna nge stuck di epic,5,2026-07-26 06:28:43,kadang bikin setres nge stuck epic,kadang bikin tres nge stuck epic,3.0,Positif,3.0,Positif,Positif,train
Game perusak mood,1,2026-07-26 06:28:01,game perusak mood,game usak mood,4.0,Positif,4.0,Positif,Positif,train
ketemu tim gak jelas banget dari bintang 20 sampai 6 geme kurang adil,2,2026-07-26 06:27:50,ketemu tim tidak jelas banget bintang geme kurang adil,ketemu tim tidak jelas banget bintang geme kurang adil,-9.0,Negatif,-9.0,Negatif,Negatif,test
apk nya bagus,5,2026-07-26 06:27:37,apk nya bagus,apk nya bagus,-2.0,Negatif,3.0,Positif,Positif,train
"kalo mode offline nya tidak da fitur mode (normal,mode bot,mode extreme) saya akui game ini jlek",5,2026-07-26 06:27:07,kalau mode offline nya tidak da fitur mode normal mode bot mode extreme akui game jlek,kalau mode offline nya tidak da fitur mode normal mode bot mode extreme aku game jlek,-5.0,Negatif,-5.0,Negatif,Negatif,train
MASA GUA KIL 9 DAPET SILVER MOONTON,1,2026-07-26 06:26:07,masa kil dapet silver moonton,masa kil dapet silver moonton,2.0,Positif,2.0,Positif,Positif,train
ini bukan apa apa yaaa tapi setiap aku main mau kalah atau pun menang kan aku roamer nihhh asist aku kadang 15-20 mati aku cuma 6 sampe lima aja tapi kadang dapat silver aneh emang sedangkan mm sama mage nya yg asist 3 mati 6 kadang emas emang lolot monton ni,1,2026-07-26 06:24:43,bukan apa apa yaa aku main mau kalah menang kan aku roamer nihh asist aku kadang mati aku cuma sampe lima aja kadang silver aneh emang matchmaking sama mage nya asist mati kadang emas emang lolot moonton ni,bukan apa apa yaa aku main mau kalah menang kan aku roamer nihh asist aku kadang mati aku cuma sampe lima aja kadang silver aneh emang matchmaking sama mage nya asist mati kadang emas emang lolot moonton ni,5.0,Positif,9.0,Positif,Positif,test
permainannya sangat bagus,5,2026-07-26 06:24:31,permainannya sangat bagus,main sangat bagus,-4.0,Negatif,1.0,Positif,Positif,train
ketemu tim drak semua,1,2026-07-26 06:23:45,ketemu tim drak semua,ketemu tim drak semua,-6.0,Negatif,-6.0,Negatif,Negatif,train
"game nggak ngotak, dapet tim mainnya ngetroll tapi yang kena pelanggaran malah sini padahal nggak ngetik kata' kasar, udah muak aku ketemu roam support gila kek gitu untuk ke sekian kalinya. kayak gitu user roam masih dapet perlindungan bintang. Muak banget sumpah",1,2026-07-26 06:23:26,game tidak ngotak dapet tim mainnya ngetroll kena pelanggaran malah sini padahal tidak ngetik kata kasar udah muak aku ketemu roam support gila kek gitu sekian kalinya kayak gitu user roam dapet perlindungan bintang muak banget sumpah,game tidak ngotak dapet tim main ngetroll kena langgar malah sini padahal tidak ngetik kata kasar udah muak aku ketemu roam support gila kek gitu sekian kali kayak gitu user roam dapet lindung bintang muak banget sumpah,-24.0,Negatif,-24.0,Negatif,Negatif,test
bikin pusing kalah Terus,1,2026-07-26 06:23:25,bikin pusing kalah terus,bikin pusing kalah terus,-8.0,Negatif,-8.0,Negatif,Negatif,test
saya tidak suka ml,1,2026-07-26 06:23:23,tidak suka ml,tidak suka ml,-7.0,Negatif,-7.0,Negatif,Negatif,train
tidak adil sistem nya,1,2026-07-26 06:23:17,tidak adil sistem nya,tidak adil sistem nya,-10.0,Negatif,-10.0,Negatif,Negatif,train
permainan yg bagus tetapi fitur baru ga langsung ke semua akun bertahap jadi akun ku berasa blm ke updet,4,2026-07-26 06:22:58,permainan bagus fitur baru tidak langsung semua akun bertahap jadi akun ku berasa belum updet,main bagus fitur baru tidak langsung semua akun tahap jadi akun ku asa belum updet,-16.0,Negatif,-11.0,Negatif,Negatif,train
tolong di bi baca dong monton kalau main di mode rank jangan di campur rank grandmaster sama epicnya epic aja udah nyusahin apa lagi kalau di tambah rank grandmaster aku udah ketemu grandmaster beberapa kali di rank pada main solo,5,2026-07-26 06:22:38,bi baca dong moonton kalau main mode rank jangan campur rank grandmaster sama epicnya epic aja udah nyusahin apa kalau tambah rank grandmaster aku udah ketemu grandmaster beberapa kali rank main solo,bi baca dong moonton kalau main mode rank jangan campur rank grandmaster sama epicnya epic aja udah nyusahin apa kalau tambah rank grandmaster aku udah ketemu grandmaster beberapa kali rank main solo,0.0,Positif,0.0,Positif,Positif,train
"gamenya keren,timnya jago jago apalagi di lane gold,itu lane tempatnya proplayer,dan saya sangat bahagia dapet tim yang jago terutama gold lane, terkadang tim saya yang gold lane bisa lawan 1 vs 5 hebat deh pokoknya",1,2026-07-26 06:22:15,gamenya keren timnya jago jago lane gold lane tempatnya proplayer sangat bahagia dapet tim jago terutama gold lane terkadang tim gold lane lawan vs hebat deh pokoknya,gamenya keren tim jago jago lane gold lane tempat proplayer sangat bahagia dapet tim jago utama gold lane terkadang tim gold lane lawan vs hebat deh pokok,5.0,Positif,9.0,Positif,Positif,train
Enak banget game ini yah 🗿 Ramah sekali (di awal🤣) Gua kasih b 5 dah Tolong yah moonton kalo bisa yah setara dong Rank nya misal :solo yah solo semua jangan ada yg trio /duo dan tentang rank misal:gua epic 1 pas maen malah ketemu epic 5 😭 tolong yah kalo rank itu yg pasti🗿epic 1 yah epic Setu semua biar adil -bintang nya 🗿 Oh ya btw kapan MVP kalah +🌟🗿,5,2026-07-26 06:21:53,enak banget game yah ramah sekali awal kasih b yah moonton kalau yah setara dong rank nya misal solo yah solo semua jangan trio duo rank misal epic pas maen malah ketemu epic yah kalau rank epic yah epic setu semua adil bintang nya btw kapan mvp kalah emoji_positif emoji_negatif emoji_netral emoji_netral emoji_netral emoji_netral emoji_netral,enak banget game yah ramah sekali awal kasih b yah moonton kalau yah tara dong rank nya misal solo yah solo semua jangan trio duo rank misal epic pas maen malah ketemu epic yah kalau rank epic yah epic setu semua adil bintang nya btw kapan mvp kalah emoji_positif emoji_negatif emoji_netral emoji_netral emoji_netral emoji_netral emoji_netral,5.0,Positif,7.0,Positif,Positif,test
sistem matchmaking sampah,1,2026-07-26 06:21:28,sistem matchmaking sampah,sistem matchmaking sampah,-8.0,Negatif,-8.0,Negatif,Negatif,train
"tolong lah,masa main di *80+ jumpa sama di bawah honor kalau,ini game rame bukan game sepi,begitu banyak player masa junpanya gitu",1,2026-07-26 06:21:14,lah masa main jumpa sama bawah honor kalau game rame bukan game sepi banyak player masa junpanya gitu,lah masa main jumpa sama bawah honor kalau game rame bukan game sepi banyak player masa junpanya gitu,-4.0,Negatif,-4.0,Negatif,Negatif,train
setiap bintang 5 selalu kalah mau mabar atau solo pun tetep kalah gajelas match making ni game kerasa ga adil,1,2026-07-26 06:20:01,bintang selalu kalah mau mabar solo tetep kalah gajelas match making ni game kerasa tidak adil,bintang selalu kalah mau mabar solo tetep kalah gajelas match making ni game rasa tidak adil,-6.0,Negatif,-6.0,Negatif,Negatif,train
"Game nya bagus, setiap waktunya banyak perubahan besar sip keren moonton, namun di sistem rank nya begitu berat jika terus menerus dipertahakn,kenapa? karna ada banyak player yang skill nya sangat mahir tapi tim yang tidak seimbang jadi kalah,dapet mvp kalah dan yap bintang turun,nah coba bisa ga ubah ke sistem SR point,jadi mau kalah atau menang point rank tetep naik meski kalah,tergantung skill pemain,coba dulu tapi jangan di original server,kalau memang bagus baru bisa di fix",4,2026-07-26 06:19:34,game nya bagus waktunya banyak perubahan besar sip keren moonton sistem rank nya berat terus menerus dipertahakn banyak player skill nya sangat mahir tim tidak seimbang jadi kalah dapet mvp kalah yap bintang turun nah coba tidak ubah sistem sr point jadi mau kalah menang point rank tetep naik meski kalah tergantung skill pemain coba dulu jangan original server kalau memang bagus baru fix,game nya bagus waktu banyak ubah besar sip keren moonton sistem rank nya berat terus terus dipertahakn banyak player skill nya sangat mahir tim tidak imbang jadi kalah dapet mvp kalah yap bintang turun nah coba tidak ubah sistem sr point jadi mau kalah menang point rank tetep naik meski kalah gantung skill main coba dulu jangan original server kalau memang bagus baru fix,-33.0,Negatif,-15.0,Negatif,Negatif,train
"sayang banget padahal gw mau beli skin starlight bulan agustus tapi karna kesel jaringan lag, lagi rank. gw mutusin buat uninstall. kalo begini terus jaringan nya ga pernah di perbaiki banyak player yang bakal pensi. jadi lawan nya ai semua wkkwkwkw percaya omongan gw",1,2026-07-26 06:19:20,sayang banget padahal mau beli skin starlight bulan agustus kesel jaringan lag rank mutusin buat uninstall kalau begini terus jaringan nya tidak pernah perbaiki banyak player bakal pensi jadi lawan nya ai semua wkkwkwkw percaya omongan,sayang banget padahal mau beli skin starlight bulan agustus kesel jaring lag rank mutusin buat uninstall kalau begini terus jaring nya tidak pernah baik banyak player bakal pensi jadi lawan nya ai semua wkkwkwkw percaya omong,-19.0,Negatif,-22.0,Negatif,Negatif,train
moonton tidak usah update terus... perbaiki saja dulu loading stack meluluk.,4,2026-07-26 06:19:12,moonton tidak usah update terus perbaiki dulu loading stack meluluk,moonton tidak usah update terus baik dulu loading stack luluk,0.0,Positif,0.0,Positif,Positif,train
kalau bisa penggunaan datanya sekecil mungkin..ini gak fair untuk yang koneksi seperti di Indonesia yang notabene nya internet terburuk sedunia...,1,2026-07-26 06:18:33,kalau penggunaan datanya sekecil mungkin tidak fair koneksi indonesia notabene nya internet terburuk sedunia,kalau guna data kecil mungkin tidak fair koneksi indonesia notabene nya internet buruk dunia,-11.0,Negatif,-11.0,Negatif,Negatif,train
bagus sih enak banget gak ngelek sama sekali aku kasi bintang 5 bagus banget,5,2026-07-26 06:15:51,bagus sih enak banget tidak ngelek sama sekali aku kasi bintang bagus banget,bagus sih enak banget tidak ngelek sama sekali aku kasi bintang bagus banget,-6.0,Negatif,6.0,Positif,Positif,train
game sialan,1,2026-07-26 06:13:01,game sialan,game sial,-3.0,Negatif,-3.0,Negatif,Negatif,train
saya dikasih defeat terus sama moonton,1,2026-07-26 06:08:45,dikasih defeat terus sama moonton,kasih defeat terus sama moonton,5.0,Positif,5.0,Positif,Positif,train
PERMAINAN DALAM GAME SUDAH TIDAK BAGUS AKU MASUK RANK TEMAN BOT SEMUA.KALAU TIDAK PERCAYA COBA kalian black list..PASTI AKAN JADI TEMAN KALIAN LAGI.GAME SUDAH TIDAK MENYENANGKAN.. DAN ITU KE EMPAT2 NYA TEMAN BOT SEMUA.. GAME HANYA PENCITRAAN SUPAYA MATCH CEPAT.,1,2026-07-26 06:08:10,permainan game tidak bagus aku masuk rank teman bot semua kalau tidak percaya coba kalian black list jadi teman kalian game tidak menyenangkan empat nya teman bot semua game pencitraan match cepat,main game tidak bagus aku masuk rank teman bot semua kalau tidak percaya coba kalian black list jadi teman kalian game tidak senang empat nya teman bot semua game citra match cepat,-21.0,Negatif,-26.0,Negatif,Negatif,test
"game rusak , game ampas jaringan sering leg dan banyak cheater tidak ditindak , unistall aja , cheter dibiarin ja bikin jaringan leg ,",1,2026-07-26 06:08:00,game rusak game ampas jaringan sering leg banyak cheater tidak ditindak unistall aja cheter dibiarin ja bikin jaringan leg,game rusak game ampas jaring sering leg banyak cheater tidak tindak unistall aja cheter dibiarin ja bikin jaring leg,-3.0,Negatif,-7.0,Negatif,Negatif,test
"tolong lah moonton pas lagi ngewar kenapa jaringannya tiba-tiba jelek gitu, pas udah mati bagus lagi, padahal di tempat yang sama, hadeh...",1,2026-07-26 06:03:27,lah moonton pas ngewar jaringannya tiba tiba jelek gitu pas udah mati bagus padahal tempat sama hadeh,lah moonton pas ngewar jaring tiba tiba jelek gitu pas udah mati bagus padahal tempat sama hadeh,-6.0,Negatif,-1.0,Negatif,Negatif,train
kurangi dark sistem ya,5,2026-07-26 06:02:56,kurangi dark sistem,kurang dark sistem,-4.0,Negatif,-4.0,Negatif,Negatif,train
game yang keran,5,2026-07-26 06:02:14,game keran,game keran,-2.0,Negatif,-2.0,Negatif,Negatif,test
wah keren ini game meskipun mati suri,5,2026-07-26 06:01:36,wah keren game meskipun mati suri,wah keren game meski mati suri,-2.0,Negatif,2.0,Positif,Positif,train
sepertinya baik,5,2026-07-26 06:00:29,sepertinya baik,seperti baik,0.0,Positif,0.0,Positif,Positif,train
permainan bikin sakit hati .setiap macking dikasih tim yg buruk main jadi gk stabil..kaai b1 aja,1,2026-07-26 05:58:51,permainan bikin sakit hati macking dikasih tim buruk main jadi tidak stabil kaai b aja,main bikin sakit hati macking kasih tim buruk main jadi tidak stabil kaai b aja,-20.0,Negatif,-20.0,Negatif,Negatif,train
game nya sangat bagus fitur nya,5,2026-07-26 05:58:07,game nya sangat bagus fitur nya,game nya sangat bagus fitur nya,-2.0,Negatif,3.0,Positif,Positif,train
"pembagian tim tidak merata, setiap mau naik rank pasti dapet tim yang berat sebelah",3,2026-07-26 05:57:26,pembagian tim tidak merata mau naik rank dapet tim berat sebelah,bagi tim tidak rata mau naik rank dapet tim berat belah,-11.0,Negatif,-11.0,Negatif,Negatif,train
gem lol,1,2026-07-26 05:56:39,gem lol,gem lol,0.0,Negatif,0.0,Negatif,Negatif,train
"gem ini sangat menghibur,gemnya santai tidak bikin setres orang² nya baik gak toxcik dan gem nya sangat santai cocok dimakan Untuk yg mau refrensing/darah tinggi ☺️",1,2026-07-26 05:56:15,gem sangat menghibur gemnya santai tidak bikin setres orang nya baik tidak toxcik gem nya sangat santai cocok dimakan mau refrensing darah tinggi emoji_lain,gem sangat hibur gemnya santai tidak bikin tres orang nya baik tidak toxcik gem nya sangat santai cocok makan mau refrensing darah tinggi emoji_lain,-1.0,Negatif,-1.0,Negatif,Negatif,train
"kasih tim yang ngotak lah montoom masa kalah terus, untuk yg mau download sebaik nya mental nya harus kuat.ngasih tim tolol terus gimana mau naik immo, hadeh.",1,2026-07-26 05:55:45,kasih tim ngotak lah montoom masa kalah terus mau download sebaik nya mental nya kuat ngasih tim tolol terus gimana mau naik immo hadeh,kasih tim ngotak lah montoom masa kalah terus mau download baik nya mental nya kuat ngasih tim tolol terus gimana mau naik immo hadeh,-11.0,Negatif,-11.0,Negatif,Negatif,train
aku Uda kasi bitang lima tapi sayang muntun pelit Ama diamond nya biar 100aja pils muntun,5,2026-07-26 05:52:33,aku uda kasi bitang lima sayang moonton pelit ama diamond nya aja pils moonton,aku uda kasi bitang lima sayang moonton pelit ama diamond nya aja pils moonton,1.0,Positif,1.0,Positif,Positif,test
banyak drak sistem,1,2026-07-26 05:45:32,banyak drak sistem,banyak drak sistem,-4.0,Negatif,-4.0,Negatif,Negatif,train
best,5,2026-07-26 05:43:16,best,best,0.0,Positif,0.0,Positif,Positif,train
game gak guna gw nangis stres frustasi sistem nya kayak gak niat dikasih musuh propalyer sultan tim sendiri bot darksistem miskin,1,2026-07-26 05:39:26,game tidak nangis stres frustasi sistem nya kayak tidak niat dikasih musuh propalyer sultan tim sendiri bot darksistem miskin,game tidak nang stres frustasi sistem nya kayak tidak niat kasih musuh propalyer sultan tim sendiri bot darksistem miskin,-33.0,Negatif,-33.0,Negatif,Negatif,test
seru game ya,5,2026-07-26 05:39:23,seru game,seru game,2.0,Positif,5.0,Positif,Positif,train
Roblox burik ML bagus,5,2026-07-26 05:38:26,roblox burik ml bagus,roblox burik ml bagus,-2.0,Negatif,3.0,Positif,Positif,train
"ini game sangat lah buruk, bisa membuat mental turun karena kalah terus menerus,andai saja ada sistem keseimbangan pertandingan agar semua kemampuan pemain sama dan tidak ada yg jago sebelah kalau sistem ini tidak ada kemungkinan banyak player ml yg pensiun karena tidak adanya keseimbangan pertandingan seperti di honor of king semoga saja sistem ini muncul maka banyak peminatnya segitu saja pesan dari saya semoga sistem ini beneran akan ada",2,2026-07-26 05:38:25,game sangat lah buruk membuat mental turun kalah terus menerus andai sistem keseimbangan pertandingan semua kemampuan pemain sama tidak jago sebelah kalau sistem tidak kemungkinan banyak player ml pensiun tidak adanya keseimbangan pertandingan honor of king semoga sistem muncul banyak peminatnya segitu pesan semoga sistem beneran,game sangat lah buruk buat mental turun kalah terus terus andai sistem imbang tanding semua mampu main sama tidak jago belah kalau sistem tidak mungkin banyak player ml pensiun tidak ada imbang tanding honor of king moga sistem muncul banyak minat segitu pesan moga sistem beneran,-43.0,Negatif,-43.0,Negatif,Negatif,train
game nya bagus sih tapi mines nya bikin emosi. dan ngatur tim nggak adil bet,1,2026-07-26 05:38:08,game nya bagus sih mines nya bikin emosi ngatur tim tidak adil bet,game nya bagus sih mes nya bikin emosi ngatur tim tidak adil bet,-11.0,Negatif,-6.0,Negatif,Negatif,train
karna moonton gak adil kasih tim nya yg dark terus,1,2026-07-26 05:38:07,moonton tidak adil kasih tim nya dark terus,moonton tidak adil kasih tim nya dark terus,-9.0,Negatif,-9.0,Negatif,Negatif,train
"Main dari jam 2 pagi sampai jam setengah 1 siang, ga naik², HELLEEEEEEH !!!",1,2026-07-26 05:38:04,main jam pagi jam setengah siang tidak naik helleeh,main jam pagi jam tengah siang tidak naik helleeh,-11.0,Negatif,-11.0,Negatif,Negatif,train
ga adil banget dah sistem nya,1,2026-07-26 05:37:31,tidak adil banget sistem nya,tidak adil banget sistem nya,-9.0,Negatif,-9.0,Negatif,Negatif,train
"GK bisa gak kasih matchmaking adil gitu knp gua di kasih tim yg kayak computer dan tim musuh jago jgn lah gini moonton gak seneng banget kalau kek gini capek kalah nya gua kesal bgt kalah Mulu udah usaha menang dan naik rank tetap aja kalah,benar kata orang orang ml adalah game penambah stress gua jadi stress gara gara ini game,lose streak Mulu,yg paling gak adil matchmaking ketemu player epic yg sudah mythic glory dan immortal kejam bgt lu moonton kasih musuh kek gitu buat stress",1,2026-07-26 05:37:12,tidak tidak kasih matchmaking adil gitu kasih tim kayak computer tim musuh jago jangan lah gini moonton tidak seneng banget kalau kek gini capek kalah nya kesal banget kalah mulu udah usaha menang naik rank tetap aja kalah benar kata orang orang ml game penambah stress jadi stress gara gara game lose streak mulu paling tidak adil matchmaking ketemu player epic mythic glory immortal kejam banget kamu moonton kasih musuh kek gitu buat stress,tidak tidak kasih matchmaking adil gitu kasih tim kayak computer tim musuh jago jangan lah gin moonton tidak neng banget kalau kek gin capek kalah nya kesal banget kalah mulu udah usaha menang naik rank tetap aja kalah benar kata orang orang ml game tambah stress jadi stress gara gara game lose streak mulu paling tidak adil matchmaking ketemu player epic mythic glory immortal kejam banget kamu moonton kasih musuh kek gitu buat stress,-65.0,Negatif,-61.0,Negatif,Negatif,train
dapat teman maen selau rank rendah dan gak bisa maen sedang kan musuh nya rank tinggi semua sangat tidak adil monton!!!!,1,2026-07-26 05:36:43,teman maen selau rank rendah tidak maen sedang kan musuh nya rank tinggi semua sangat tidak adil moonton,teman maen selau rank rendah tidak maen sedang kan musuh nya rank tinggi semua sangat tidak adil moonton,-24.0,Negatif,-24.0,Negatif,Negatif,train
monton kasih team jelek terus buat player solo rank susah bgt naik mitic,1,2026-07-26 05:35:36,moonton kasih team jelek terus buat player solo rank susah banget naik mitic,moonton kasih team jelek terus buat player solo rank susah banget naik mitic,-1.0,Negatif,-1.0,Negatif,Negatif,train
saya syukka saya sukka dgn game ini,5,2026-07-26 05:34:40,syukka sukka game,syukka sukka game,2.0,Positif,2.0,Positif,Positif,train
"ngelag mulu padahal apk lain kaga ngelag. matchmaking ga adil, musuh jago semua, tim dari sistem",1,2026-07-26 05:34:05,ngelag mulu padahal apk tidak ngelag matchmaking tidak adil musuh jago semua tim sistem,ngelag mulu padahal apk tidak ngelag matchmaking tidak adil musuh jago semua tim sistem,-22.0,Negatif,-22.0,Negatif,Negatif,train
"game apa ini, padahal sinyal sudah bagus namun kadang suka tiba-tiba tidak bisa bergerak dan lawannya juga tidak seimbang kadang musuhnya terlalu jago berbanding terbalik dengan tim kita, tolong jika ini bug tolong diperbaiki",1,2026-07-26 05:31:56,game apa padahal sinyal bagus kadang suka tiba tiba tidak bergerak lawannya tidak seimbang kadang musuhnya terlalu jago berbanding terbalik tim bug diperbaiki,game apa padahal sinyal bagus kadang suka tiba tiba tidak gerak lawan tidak imbang kadang musuh terlalu jago banding balik tim bug baik,-12.0,Negatif,-9.0,Negatif,Negatif,test
gem banyak drak sistem nya tidak adil jelek,1,2026-07-26 05:31:26,gem banyak drak sistem nya tidak adil jelek,gem banyak drak sistem nya tidak adil jelek,-15.0,Negatif,-15.0,Negatif,Negatif,train
"ayolah perbaiki sistem nya, masa iya selalu ngelag, macet-macet tiap war, ada apa dengan mobile legend yg sekarang? kenapa tidak seperti dulu lagi? sekarang sangat mengecewakan.",1,2026-07-26 05:30:31,ayolah perbaiki sistem nya masa iya selalu ngelag macet macet tiap war apa mobile legend sekarang tidak dulu sekarang sangat mengecewakan,ayo baik sistem nya masa iya selalu ngelag macet macet tiap war apa mobile legend sekarang tidak dulu sekarang sangat kecewa,-17.0,Negatif,-20.0,Negatif,Negatif,train
jangan skin doang yg di perhatikan perbaiki tuh Dari matchmangking rusak,1,2026-07-26 05:26:50,jangan skin doang perhatikan perbaiki tuh matchmangking rusak,jangan skin doang perhati baik tuh matchmangking rusak,-4.0,Negatif,-4.0,Negatif,Negatif,train
keren gemnya tapi banyek iklan hehehehe muntun jrnenekelwsekeeme sleped rr r f da da d ada da kekesalan kewkkwsb epik legen mitik honor glory immo wkwkwk,5,2026-07-26 05:26:19,keren gemnya banyek iklan hehehehe moonton jrnenekelwsekeeme sleped rr r f da da d da kekesalan kewkkwsb epik legen mitik honor glory immo wkwkwk,keren gemnya banyek iklan hehehehe moonton jrnenekelwsekeeme sleped rr r f da da d da kesal kewkkwsb epik legen mitik honor glory immo wkwkwk,3.0,Positif,7.0,Positif,Positif,train
"EH MASA LUCKY STARLIGHT SPIN SAMPE 50 KOK CUMAN DAPET 1 SIH,YAH GAME KORUPP",1,2026-07-26 05:26:09,eh masa lucky starlight spin sampe kok cuman dapet sih yah game korupp,eh masa lucky starlight spin sampe kok cuman dapet sih yah game korupp,4.0,Positif,4.0,Positif,Positif,test
monton Ega tau hp aku sepatah Mun eta kasi aku hp bagus keredit sekor aku jadi turu,1,2026-07-26 05:22:23,moonton ega tau handphone aku sepatah mun eta kasi aku handphone bagus keredit sekor aku jadi turu,moonton ega tau handphone aku patah mun eta kasi aku handphone bagus keredit kor aku jadi turu,-7.0,Negatif,-2.0,Negatif,Negatif,train
"game nya banyak bug, saat ingin mulai game tidak ketemu² lawan nya. game rusak",1,2026-07-26 05:21:08,game nya banyak bug mulai game tidak ketemu lawan nya game rusak,game nya banyak bug mulai game tidak ketemu lawan nya game rusak,-3.0,Negatif,-5.0,Negatif,Negatif,train
"benci kali pun aku main game ini, kalah kalah terus, dapat tim ga jelas, dapat tim bot, dapat tim kaya binatang, dapat musuh jago jago, ntah apa lah, bikin stres, bikin depresi, najis kali main game ini",1,2026-07-26 05:20:53,benci kali aku main game kalah kalah terus tim tidak jelas tim bot tim kaya binatang musuh jago jago ntah apa lah bikin stres bikin depresi najis kali main game,benci kali aku main game kalah kalah terus tim tidak jelas tim bot tim kaya binatang musuh jago jago ntah apa lah bikin stres bikin depresi najis kali main game,-34.0,Negatif,-34.0,Negatif,Negatif,test
padahal nih gam udah lama tapi rating nya gak sampe 4 padahal seru,4,2026-07-26 05:19:31,padahal nih gam udah lama rating nya tidak sampe padahal seru,padahal nih gam udah lama rating nya tidak sampe padahal seru,-9.0,Negatif,-6.0,Negatif,Negatif,train
"game apa dah ini,hp gw udh kuat masih aja di kasih lag padahal jaringan juga udh bagus",1,2026-07-26 05:19:02,game apa handphone kuat aja kasih lag padahal jaringan bagus,game apa handphone kuat aja kasih lag padahal jaring bagus,-3.0,Negatif,-1.0,Negatif,Negatif,train
saya suka game ini dan seru tapi tolong nanti bisa pilih map yang disukai player gitu aj 🙏👍👍👍👍👍,5,2026-07-26 05:17:23,suka game seru pilih map disukai player gitu aj emoji_positif emoji_positif emoji_positif emoji_positif emoji_positif emoji_netral,suka game seru pilih map suka player gitu aj emoji_positif emoji_positif emoji_positif emoji_positif emoji_positif emoji_netral,2.0,Positif,5.0,Positif,Positif,train
"apasih, suka baget jaringan jelek padahal jaringannya bagus anehh",1,2026-07-26 05:17:10,apasih suka baget jaringan jelek padahal jaringannya bagus anehh,apasih suka baget jaring jelek padahal jaring bagus anehh,-10.0,Negatif,-5.0,Negatif,Negatif,train
"woi game ajg , bikin sistem yang bener dikit lah ,yakali ketemu cheater terang""an gak di banned ,di report berlima gak ada tanggapan ,mending hapus aja sekalian ni game kalo gak niat bikinn sistem",1,2026-07-26 05:16:50,woi game ajg bikin sistem bener dikit lah yakali ketemu cheater terang an tidak banned report berlima tidak tanggapan mending hapus aja sekalian ni game kalau tidak niat bikinn sistem,woi game ajg bikin sistem bener dikit lah yakali ketemu cheater terang an tidak banned report lima tidak tanggap mending hapus aja sekali ni game kalau tidak niat bikinn sistem,-31.0,Negatif,-35.0,Negatif,Negatif,test
gamenya buruk jaringannya tidak bisa buruk tidak bisa main buruk dan matchmaking nya lama heronya dikit aku padahal mau naik ke epic malah dikasih kutukan nggak adil dong game apa masa kutukannya itu aku sebenarnya belum belum apa itu namanya belum mau ke epic tapi sudah dikasih ritual kutukan moonton emang game Dajjal kalau aku afk dikasih apa itu afk nya dikurangin kalau mau main lagi kayak di record dan kalau sudah anu apa itu namanya kalau sudah kembali ke gamenya itu ngelag banget jaringan,1,2026-07-26 05:15:37,gamenya buruk jaringannya tidak buruk tidak main buruk matchmaking nya lama heronya dikit aku padahal mau naik epic malah dikasih kutukan tidak adil dong game apa masa kutukannya aku sebenarnya belum belum apa namanya belum mau epic dikasih ritual kutukan moonton emang game dajjal kalau aku afk dikasih apa afk nya dikurangin kalau mau main kayak record kalau apa namanya kalau gamenya ngelag banget jaringan,gamenya buruk jaring tidak buruk tidak main buruk matchmaking nya lama hero dikit aku padahal mau naik epic malah kasih kutu tidak adil dong game apa masa kutu aku benar belum belum apa nama belum mau epic kasih ritual kutu moonton emang game dajjal kalau aku afk kasih apa afk nya rangin kalau mau main kayak record kalau apa nama kalau gamenya ngelag banget jaring,-20.0,Negatif,-27.0,Negatif,Negatif,train
👍👍,5,2026-07-26 05:14:56,emoji_positif emoji_positif,emoji_positif emoji_positif,0.0,Positif,0.0,Positif,Positif,train
moonton pls balikin akun ml gw cuma karna engga on 1 bulan udh ke ban anj lo,1,2026-07-26 05:14:49,moonton pls balikin akun ml cuma tidak on bulan ban anj kamu,moonton pls balikin akun ml cuma tidak on bulan ban anj kamu,-12.0,Negatif,-12.0,Negatif,Negatif,train
lag lag,1,2026-07-26 05:14:41,lag lag,lag lag,0.0,Negatif,-6.0,Negatif,Negatif,train
rame baget untuk di painkin,5,2026-07-26 05:13:54,rame baget painkin,rame baget painkin,0.0,Positif,0.0,Positif,Positif,test
tolong benerin wok ngelag sama stuck logo cik,4,2026-07-26 05:13:21,benerin wok ngelag sama stuck logo cik,benerin wok ngelag sama stuck logo cik,3.0,Positif,0.0,Positif,Positif,train
tim nya jelas dikit lah moonton,5,2026-07-26 05:13:21,tim nya jelas dikit lah moonton,tim nya jelas dikit lah moonton,-10.0,Negatif,-10.0,Negatif,Negatif,train
game ini sangat ramah lingkungan dan bagi orang yang mudah emosi pasti dia bahagia,5,2026-07-26 05:10:56,game sangat ramah lingkungan orang mudah emosi bahagia,game sangat ramah lingkung orang mudah emosi bahagia,10.0,Positif,10.0,Positif,Positif,train
"gk ush main ni game guys, kalau bisa kita sma sama hpus ni game biar delvpnya bangkrut, matchingnya sangat buruk, kalau pengalaman saya bgitu ya, saya sudah tamat (IMO), dan game ini banyak player curang seperti joki dll, dan bugnya banyak, walau kalian main ditier tinggi pun bakal tetep aja ada player yg gabisa main alias dongo, sekian ulasan dri saya",1,2026-07-26 05:10:33,tidak ush main ni game guys kalau sma sama hpus ni game delvpnya bangkrut matchingnya sangat buruk kalau pengalaman bgitu tamat imo game banyak player curang joki bugnya banyak kalian main ditier tinggi bakal tetep aja player gabisa main alias dongo sekian ulasan dri,tidak ush main ni game guys kalau sma sama hpus ni game delvpnya bangkrut matchingnya sangat buruk kalau alam bgitu tamat imo game banyak player curang joki bugnya banyak kalian main ditier tinggi bakal tetep aja player gabisa main alias dongo sekian ulas dri,-8.0,Negatif,-8.0,Negatif,Negatif,train
jangan download game dengan sistem palyer solo yg rusak jika kamu ingin bermain sendiri tidak di sarankan soalnya sistem nya rusak dan sudah 41 season tidak pernah di perbaiki,1,2026-07-26 05:10:01,jangan download game sistem palyer solo rusak kamu bermain sendiri tidak sarankan soalnya sistem nya rusak season tidak pernah perbaiki,jangan download game sistem palyer solo rusak kamu main sendiri tidak saran soal sistem nya rusak season tidak pernah baik,-23.0,Negatif,-23.0,Negatif,Negatif,train
"akun saya di retas dan di ban sama montoon, setelah ajukan banding tidak ada tindak lanjut. kecewa karena bukan kesalahan saya. padahal games ini favorite saya",2,2026-07-26 05:09:41,akun retas ban sama moonton ajukan banding tidak tindak lanjut kecewa bukan kesalahan padahal games favorite,akun retas ban sama moonton aju banding tidak tindak lanjut kecewa bukan salah padahal games favorite,-2.0,Negatif,-2.0,Negatif,Negatif,train
suka,5,2026-07-26 05:09:40,suka,suka,2.0,Positif,2.0,Positif,Positif,train
"Game nya bagus tapi, player nya Tolong di hapus",3,2026-07-26 05:09:31,game nya bagus player nya hapus,game nya bagus player nya hapus,-3.0,Negatif,2.0,Positif,Positif,train
bagus cocok dicoba,5,2026-07-26 05:08:25,bagus cocok dicoba,bagus cocok coba,1.0,Positif,6.0,Positif,Positif,train
"BENCI BGT, TIAP KALI MAIN STUCK DI LOADING SCREEN 0% SEMUA, TRS KADANG AKU SENDIRI 0% KADANG STUCK 27% DOANG, TRUS GA MULAI² JDINYA HISTORI KU AFK, PAS RELOG BILANGNYA ""Menghubungkan ke pertandingan"" UDAH DITUNGGU 5 MENIT GA MULAI², UDH TEKAN MAIN² TERTULIS ""berada di lobby"" MUAK BGT, PAS MAIN GAME LAIN, APK LAIN, LANCAR, SINYAL LANCAR, WIFI LANCAR, KUOTA LANCAR, HP LANCAR, DI ML MALAH LAG BGT YAALLAHH HUAAA....",1,2026-07-26 05:08:12,benci banget tiap kali main stuck loading screen semua terus kadang aku sendiri kadang stuck doang trus tidak mulai jdinya histori ku afk pas relog bilangnya menghubungkan pertandingan udah ditunggu menit tidak mulai tekan main tertulis berada lobby muak banget pas main game apk lancar sinyal lancar wifi lancar kuota lancar handphone lancar ml malah lag banget yaallahh huaa,benci banget tiap kali main stuck loading screen semua terus kadang aku sendiri kadang stuck doang trus tidak mulai jdinya histori ku afk pas relog bilang hubung tanding udah tunggu menit tidak mulai tekan main tulis ada lobby muak banget pas main game apk lancar sinyal lancar wifi lancar kuota lancar handphone lancar ml malah lag banget yaallahh huaa,6.0,Positif,1.0,Positif,Positif,test
Beri rasa respect ke user exp lane,1,2026-07-26 05:08:05,beri rasa respect user exp lane,beri rasa respect user exp lane,-2.0,Negatif,-2.0,Negatif,Negatif,train
Game gak jelas jaringan gua ngestuck dari awal pertandingan sampai end game padahal tim sama musuh biasa² aja,1,2026-07-26 05:08:02,game tidak jelas jaringan ngestuck awal pertandingan end game padahal tim sama musuh biasa aja,game tidak jelas jaring ngestuck awal tanding end game padahal tim sama musuh biasa aja,-6.0,Negatif,-6.0,Negatif,Negatif,train
ya2 udh bgs gameny,5,2026-07-26 05:07:28,bgs gameny,bgs gameny,0.0,Positif,0.0,Positif,Positif,train
"game nya GK jelek banyak dark sistem, di instal lama, banyak bullying, dan masih banyak lagi",1,2026-07-26 05:05:56,game nya tidak jelek banyak dark sistem instal lama banyak bullying banyak,game nya tidak jelek banyak dark sistem instal lama banyak bullying banyak,-6.0,Negatif,-6.0,Negatif,Negatif,train
"saran aja, benerin dulu matchmaking dan ban para citer, jangan terlalu fokus sama skin dan event.",1,2026-07-26 05:05:39,saran aja benerin dulu matchmaking ban cheater jangan terlalu fokus sama skin event,saran aja benerin dulu matchmaking ban cheater jangan terlalu fokus sama skin event,4.0,Positif,0.0,Negatif,Negatif,train
"akun besar ketemu akun kecil ,,tolong diperbaiki",2,2026-07-26 05:05:36,akun besar ketemu akun kecil diperbaiki,akun besar ketemu akun kecil baik,0.0,Negatif,0.0,Negatif,Negatif,train
gamenya sangat seru dan anti bosen dan kedepannya updatenya harus lebih bagus yah!!🔥🔥,5,2026-07-26 05:05:28,gamenya sangat seru anti bosen kedepannya updatenya lebih bagus yah emoji_lain emoji_lain,gamenya sangat seru anti bosen depan updatenya lebih bagus yah emoji_lain emoji_lain,-9.0,Negatif,-1.0,Negatif,Negatif,test
"gamenya tolong di perbaiki udah 2 hari setiap main merah Mulu padahal sinyal bagus tapi pas main merah gak ada sinyal hijau atau kuning gak ada,baru mulai gamenya langsung merah ms sinyalnya nyetak di 234 Mulu bete gw",2,2026-07-26 05:04:10,gamenya perbaiki udah hari main merah mulu padahal sinyal bagus pas main merah tidak sinyal hijau kuning tidak baru mulai gamenya langsung merah ms sinyalnya nyetak mulu bete,gamenya baik udah hari main merah mulu padahal sinyal bagus pas main merah tidak sinyal hijau kuning tidak baru mulai gamenya langsung merah ms sinyal nyetak mulu bete,-6.0,Negatif,-1.0,Negatif,Negatif,train
mohon maaf saya uninstall apk nya karena pertandingan yang sangat tidak sebanding dengan tim lawan yang tim saya aneh tim lawan keras keras itu membuat saya emosi kalok ke depannya makin bagus saya bakal main lagi🙏🙏🙏,5,2026-07-26 05:03:07,mohon maaf uninstall apk nya pertandingan sangat tidak sebanding tim lawan tim aneh tim lawan keras keras membuat emosi kalok depannya makin bagus bakal main emoji_netral emoji_netral emoji_netral,mohon maaf uninstall apk nya tanding sangat tidak banding tim lawan tim aneh tim lawan keras keras buat emosi kalok depan makin bagus bakal main emoji_netral emoji_netral emoji_netral,-26.0,Negatif,-21.0,Negatif,Negatif,train
aku suka aja sih jadi gitu lah lima bintang selamat mlbb,5,2026-07-26 05:02:30,aku suka aja sih jadi gitu lah lima bintang selamat mlbb,aku suka aja sih jadi gitu lah lima bintang selamat mlbb,8.0,Positif,8.0,Positif,Positif,train
p min ini adalah seson terakhir ku min thanks ya min udh menghibur ku aku pensi karena ls min 😁😁😁,5,2026-07-26 05:02:00,p min seson terakhir ku min thanks min menghibur ku aku pensi losestreak min emoji_positif emoji_positif emoji_positif,p min seson akhir ku min thanks min hibur ku aku pensi losestreak min emoji_positif emoji_positif emoji_positif,4.0,Positif,4.0,Positif,Positif,train
matchmaking ampas.,3,2026-07-26 05:01:58,matchmaking ampas,matchmaking ampas,-3.0,Negatif,-3.0,Negatif,Negatif,train
game bikin stress,1,2026-07-26 05:01:38,game bikin stress,game bikin stress,-3.0,Negatif,-3.0,Negatif,Negatif,train
geme nya bagus aku udh main dari lama juga tapi tolong banget buat moonton musuh nya jagang yang susah yang seimbang aja aku dapet musuh jago jago bngt jadinya kalah terus,2,2026-07-26 05:01:33,geme nya bagus aku main lama banget buat moonton musuh nya jagang susah seimbang aja aku dapet musuh jago jago banget jadinya kalah terus,geme nya bagus aku main lama banget buat moonton musuh nya jagang susah imbang aja aku dapet musuh jago jago banget jadi kalah terus,-7.0,Negatif,-2.0,Negatif,Negatif,test
mulai gak bisa login kok gak bisa login game apaan gak bisa login,1,2026-07-26 05:00:56,mulai tidak login kok tidak login game apaan tidak login,mulai tidak login kok tidak login game apa tidak login,-16.0,Negatif,-16.0,Negatif,Negatif,test
"sistem matching ga adil dan sangat payah sekali, puluhan kali dikasih kalah dan dikasih tim bot /AI, begini kah kualitas game yang ramai di indo? 😂👎",5,2026-07-26 05:00:20,sistem matching tidak adil sangat payah sekali puluhan kali dikasih kalah dikasih tim bot ai begini kualitas game ramai indo emoji_negatif emoji_netral,sistem matching tidak adil sangat payah sekali puluh kali kasih kalah kasih tim bot ai begini kualitas game ramai indo emoji_negatif emoji_netral,-19.0,Negatif,-19.0,Negatif,Negatif,test
gamee yg tidak seimbang mecmeking nya ketemu nya tim ga bener trus padhal saya udh coba menangin game nya tim nya masih gada yg bnr,1,2026-07-26 04:59:05,gamee tidak seimbang mecmeking nya ketemu nya tim tidak bener trus padhal coba menangin game nya tim nya gada bnr,gamee tidak imbang mecmeking nya ketemu nya tim tidak bener trus padhal coba menangin game nya tim nya gada bnr,-16.0,Negatif,-16.0,Negatif,Negatif,train
"dapat tim nya ga pernah seimbang, tim musuh jago tim kita kaya apalah",1,2026-07-26 04:58:18,tim nya tidak pernah seimbang tim musuh jago tim kaya apalah,tim nya tidak pernah imbang tim musuh jago tim kaya apa,-20.0,Negatif,-20.0,Negatif,Negatif,test
game kontollllll ngasih tim gk jelas memekk,1,2026-07-26 04:57:28,game kontoll ngasih tim tidak jelas memekk,game kontoll ngasih tim tidak jelas memekk,-4.0,Negatif,-4.0,Negatif,Negatif,train
endk baguss pilih kasih muak,1,2026-07-26 04:56:31,endk baguss pilih kasih muak,endk baguss pilih kasih muak,-6.0,Negatif,-6.0,Negatif,Negatif,train
di kasih lawan tim yang tolol semu mua,1,2026-07-26 04:55:24,kasih lawan tim tolol semu mua,kasih lawan tim tolol semu mua,-8.0,Negatif,-8.0,Negatif,Negatif,train
"kredit skor saya turun ke 81 karena sistem montoon bermasalah, yaitu setelah draft pick saya otomatis kembali ke lobby dan mengakibatkan afk. Sampai sekarang GK ada tanggapan dari masalah tersebut. saya memberikan bintang 1 sudah termasuk baik.",1,2026-07-26 04:52:28,kredit skor turun sistem moonton bermasalah draft pick otomatis lobby mengakibatkan afk sekarang tidak tanggapan masalah tersebut memberikan bintang termasuk baik,kredit skor turun sistem moonton masalah draft pick otomatis lobby akibat afk sekarang tidak tanggap masalah sebut beri bintang masuk baik,-16.0,Negatif,-18.0,Negatif,Negatif,train
knp sih ya pengin uinstal gem ini banget,1,2026-07-26 04:51:54,sih pengin uinstal gem banget,sih pengin uinstal gem banget,1.0,Positif,1.0,Positif,Positif,train
"moonton benerin sistem matchmaking nya, tim yg gak seimbang atau berat sebelah ke pihak musuh",2,2026-07-26 04:50:55,moonton benerin sistem matchmaking nya tim tidak seimbang berat sebelah pihak musuh,moonton benerin sistem matchmaking nya tim tidak imbang berat belah pihak musuh,-24.0,Negatif,-24.0,Negatif,Negatif,train
jujur gw setiap maw main di rank gk pernah naik naik terus weh setak di legend ketemunya timnya kayak komputer pas gw lihat akun tim gw setelah pertandingan ternyata ranknya GM pantes gw kalah musuhnya ternyata legend 1 sedangkan gw timnya GM sama epik. plis lah monton cari tim yang adil buat maw rank🙏🙏,1,2026-07-26 04:48:31,jujur maw main rank tidak pernah naik naik terus weh setak legend ketemunya timnya kayak komputer pas lihat akun tim pertandingan ternyata ranknya gm pantes kalah musuhnya ternyata legend timnya gm sama epik plis lah moonton cari tim adil buat maw rank emoji_netral emoji_netral,jujur maw main rank tidak pernah naik naik terus weh tak legend ketemu tim kayak komputer pas lihat akun tim tanding nyata ranknya gm pantes kalah musuh nyata legend tim gm sama epik plis lah moonton cari tim adil buat maw rank emoji_netral emoji_netral,-9.0,Negatif,-9.0,Negatif,Negatif,train
gamenya bagus kok aku suka yang aku gak suka kenapa kalau main rank di epic susah banget naikin nya apa lagi yang mainin bocil,5,2026-07-26 04:48:10,gamenya bagus kok aku suka aku tidak suka kalau main rank epic susah banget naikin nya apa mainin bocil,gamenya bagus kok aku suka aku tidak suka kalau main rank epic susah banget naikin nya apa mainin bocil,-13.0,Negatif,-8.0,Negatif,Negatif,train
kalah mulu game sampah ngelag patah2,1,2026-07-26 04:46:47,kalah mulu game sampah ngelag patah,kalah mulu game sampah ngelag patah,-9.0,Negatif,-12.0,Negatif,Negatif,train
game aneh tim ga pernah seimbang,1,2026-07-26 04:46:44,game aneh tim tidak pernah seimbang,game aneh tim tidak pernah imbang,-7.0,Negatif,-7.0,Negatif,Negatif,train
jangan main game ini udah late game gak pake sepatu di lambatin sama mlbbnya gantian di awal dicepetin jalannnya pas lagi di awal error,1,2026-07-26 04:45:04,jangan main game udah late game tidak pake sepatu lambatin sama mlbbnya gantian awal dicepetin jalannya pas awal error,jangan main game udah late game tidak pake sepatu lambatin sama mlbbnya ganti awal dicepetin jalan pas awal error,0.0,Negatif,3.0,Positif,Positif,train
"matchmakingnya IMBANG BANGET, masa tim ex HONOR, musuh IMO. wah ADIL BANGET JIR",1,2026-07-26 04:43:25,matchmakingnya imbang banget masa tim ex honor musuh imo wah adil banget jir,matchmakingnya imbang banget masa tim ex honor musuh imo wah adil banget jir,-10.0,Negatif,-10.0,Negatif,Negatif,train
lag parah padahal ms kecil.merusak pengalaman main perbaiki itu jangan cuma ngeluarin skin doang servernya juga perbaiki,1,2026-07-26 04:42:14,lag parah padahal ms kecil merusak pengalaman main perbaiki jangan cuma ngeluarin skin doang servernya perbaiki,lag parah padahal ms kecil rusak alam main baik jangan cuma ngeluarin skin doang servernya baik,-6.0,Negatif,-9.0,Negatif,Negatif,train
ngasih team yg bner woy kntln,5,2026-07-26 04:42:00,ngasih team bner woy kntln,ngasih team bner woy kntln,2.0,Positif,2.0,Positif,Positif,train
seru banget woylah😹,5,2026-07-26 04:41:33,seru banget woylah emoji_netral,seru banget woylah emoji_netral,1.0,Positif,4.0,Positif,Positif,train
game tlol ajng setiap pertandingan ga ada yg bener ga adil sama sekali antara rank tim lawan dan tin sendiri,1,2026-07-26 04:41:14,game tlol ajng pertandingan tidak bener tidak adil sama sekali rank tim lawan tin sendiri,game tlol ajng tanding tidak bener tidak adil sama sekali rank tim lawan tin sendiri,-19.0,Negatif,-19.0,Negatif,Negatif,test
game ini sangat bagus dan bang dereame dan neerhays pun jago main ini saya juga suka,5,2026-07-26 04:41:03,game sangat bagus bang dereame neerhays jago main suka,game sangat bagus bang dereame neerhays jago main suka,3.0,Positif,8.0,Positif,Positif,test
hadeh game rusak masa dikasih tim bot sedangkan musuhnya jago ga masuk akal banget sampe lostrak 8x,1,2026-07-26 04:39:13,hadeh game rusak masa dikasih tim bot musuhnya jago tidak masuk akal banget sampe lostrak x,hadeh game rusak masa kasih tim bot musuh jago tidak masuk akal banget sampe lostrak x,-5.0,Negatif,-5.0,Negatif,Negatif,train
"game busuk banyak sekali bot, pantas mendapat bintang 1",1,2026-07-26 04:37:52,game busuk banyak sekali bot pantas mendapat bintang,game busuk banyak sekali bot pantas dapat bintang,-7.0,Negatif,-7.0,Negatif,Negatif,train
EMG parah,5,2026-07-26 04:37:14,emg parah,emg parah,-6.0,Negatif,-6.0,Negatif,Negatif,test
game gak seimbang,5,2026-07-26 04:37:13,game tidak seimbang,game tidak imbang,-3.0,Negatif,-3.0,Negatif,Negatif,train
Setiap di tengah pertandingan pasti ngeleg...,2,2026-07-26 04:36:39,tengah pertandingan ngeleg,tengah tanding ngeleg,2.0,Positif,2.0,Positif,Positif,train
sangat seruu apa lagii klo lagi mabar beh enak banget walaupun klo kalah stres sih😭🎀🍭,5,2026-07-26 04:36:18,sangat seruu apa lagii kalau mabar beh enak banget walaupun kalau kalah stres sih emoji_negatif emoji_lain emoji_lain,sangat seruu apa lagi kalau mabar beh enak banget walaupun kalau kalah stres sih emoji_negatif emoji_lain emoji_lain,-13.0,Negatif,-11.0,Negatif,Negatif,train
kasih tim yang bener kek gw glory tim gw mytic honor katanya seimbang mana dapet tim kek orang baru belajar maen mbud,1,2026-07-26 04:36:16,kasih tim bener kek glory tim mytic honor katanya seimbang mana dapet tim kek orang baru belajar maen mbud,kasih tim bener kek glory tim mytic honor kata imbang mana dapet tim kek orang baru ajar maen mbud,-2.0,Negatif,-2.0,Negatif,Negatif,test
"ini game seru kalau kalah wajar game kalaumenang alhamdulilah ,sory yang nonmuslim😁",5,2026-07-26 04:35:31,game seru kalau kalah wajar game kalaumenang alhamdulilah sory nonmuslim emoji_positif,game seru kalau kalah wajar game kalaumenang alhamdulilah sory nonmuslim emoji_positif,0.0,Positif,3.0,Positif,Positif,train
bagus game nya,5,2026-07-26 04:32:05,bagus game nya,bagus game nya,0.0,Positif,5.0,Positif,Positif,train
game gk jelas,1,2026-07-26 04:30:57,game tidak jelas,game tidak jelas,-1.0,Negatif,-1.0,Negatif,Negatif,train
"cukup seru, banyakin event free gt, mb nya jg kbanyakan ( makan memo)",4,2026-07-26 04:27:58,cukup seru banyakin event free gt mb nya jg kbanyakan makan memo,cukup seru banyakin event free gt mb nya jg kbanyakan makan memo,-2.0,Negatif,1.0,Positif,Positif,train
mantap matchmaking nya seimbang banget🤗😁,1,2026-07-26 04:27:42,mantap matchmaking nya seimbang banget emoji_positif emoji_lain,mantap matchmaking nya imbang banget emoji_positif emoji_lain,6.0,Positif,6.0,Positif,Positif,train
udah imo belum?,4,2026-07-26 04:25:48,udah imo belum,udah imo belum,0.0,Positif,0.0,Positif,Positif,test
sangat senang main mobile legends,5,2026-07-26 04:25:17,sangat senang main mobile legends,sangat senang main mobile legends,-1.0,Negatif,-1.0,Negatif,Negatif,train
saya memberi bintang 1 kerana tidak adil kerana Tim lawan pro Dann Tim saya tidak pro saya akan doakan game anda yang tidak baik kalo masih kayak gini.,1,2026-07-26 04:23:11,memberi bintang kerana tidak adil kerana tim lawan pro dann tim tidak pro doakan game tidak baik kalau kayak gini,beri bintang rana tidak adil rana tim lawan pro dann tim tidak pro doa game tidak baik kalau kayak gin,-31.0,Negatif,-31.0,Negatif,Negatif,train
"dear moonton We represent all Mobile Legend players and realize that the change in lore between Kagura and Hayabusa makes Kagura seem to have lost her identity. Kagura, who is an Omnyouji girl, does not feeling that she is a graceful omyouji girl and her close relationship with hayabusa due to the change in lore, therefore we hope that you can restore your identity Kagura and her loving relationship with Hayabusa, Hayabusa and Kagura's relationship as an original couple, deserves to be apprecia",1,2026-07-26 04:22:46,dear moonton we represent all mobile legend players and realize that the change in lore between kagura and hayabusa makes kagura seem to have lost her identity kagura who is an omnyouji girl does not feeling that she is a graceful omyouji girl and her close relationship with hayabusa due to the change in lore therefore we hope that you can restore your identity kagura and her loving relationship with hayabusa hayabusa and kagura s relationship as an original couple deserves to be apprecia,dear moonton we represent all mobile legend players and realize that the change in lore between kagura and hayabusa makes kagura seem to have lost her identity kagura who is an omnyouji girl does not feeling that she is a graceful omyouji girl and her close relationship with hayabusa due to the change in lore therefore we hope that you can restore your identity kagura and her loving relationship with hayabusa hayabusa and kagura s relationship as an original couple deserves to be apprecia,-1.0,Negatif,-1.0,Negatif,Negatif,train
game nya tolol bikin stress kalau ngasih tim tu yang benar lah ini ngasih tim yang dark sistem bikin game kaya orang tolol mending kata gua pindah game daripada Streess,1,2026-07-26 04:22:37,game nya tolol bikin stress kalau ngasih tim tu benar lah ngasih tim dark sistem bikin game kaya orang tolol mending kata pindah game streess,game nya tolol bikin stress kalau ngasih tim tu benar lah ngasih tim dark sistem bikin game kaya orang tolol mending kata pindah game streess,-26.0,Negatif,-26.0,Negatif,Negatif,train
semoga saya di kasih menang terus ya nonton udah saya kasih bintang 5,5,2026-07-26 04:20:18,semoga kasih menang terus nonton udah kasih bintang,moga kasih menang terus nonton udah kasih bintang,1.0,Positif,5.0,Positif,Positif,train
game nya bagus 😀,5,2026-07-26 04:19:59,game nya bagus emoji_lain,game nya bagus emoji_lain,0.0,Positif,5.0,Positif,Positif,train
"hilang sinyal kena sanksi, masuk lobby gak bisa bisa. akhirnya dibilang afk. kayaknys urang pas.",2,2026-07-26 04:18:50,hilang sinyal kena sanksi masuk lobby tidak akhirnya dibilang afk kayaknys urang pas,hilang sinyal kena sanksi masuk lobby tidak akhir bilang afk kayaknys urang pas,-9.0,Negatif,-11.0,Negatif,Negatif,test
bagus banget game nya thankyou moonton tapi mines nya jaringan di game nya sering lag aja sih padahal jaringan di hp ok ok aja selebih nya keren banget 🤩🤩🤩,4,2026-07-26 04:18:33,bagus banget game nya thankyou moonton mines nya jaringan game nya sering lag aja sih padahal jaringan handphone aja selebih nya keren banget emoji_positif emoji_positif emoji_positif,bagus banget game nya thankyou moonton mes nya jaring game nya sering lag aja sih padahal jaring handphone aja lebih nya keren banget emoji_positif emoji_positif emoji_positif,7.0,Positif,13.0,Positif,Positif,test
saran gw jangan download game ini bikin stress percaya ama gw,1,2026-07-26 04:17:49,saran jangan download game bikin stress percaya ama,saran jangan download game bikin stress percaya ama,-5.0,Negatif,-5.0,Negatif,Negatif,test
"gajelas ni game pantes banyak player yang pindah ke HOK,gw push rank jam 20.00 sampai jam 02.00 bintang stack di 51 ,di kasih tim yang dark sistem terus,pernah satu kali gw main solo malah ketemunya parti apakah itu adil moonton?",1,2026-07-26 04:16:22,gajelas ni game pantes banyak player pindah hok push rank jam jam bintang stack kasih tim dark sistem terus pernah satu kali main solo malah ketemunya parti adil moonton,gajelas ni game pantes banyak player pindah hok push rank jam jam bintang stack kasih tim dark sistem terus pernah satu kali main solo malah ketemu parti adil moonton,-4.0,Negatif,-4.0,Negatif,Negatif,train
woi leg banget jaringan bagus gua kalah karna leg ga bisa def tolong benahi plissss jangan nambah skin mulu,1,2026-07-26 04:16:12,woi leg banget jaringan bagus kalah leg tidak def benahi pliss jangan nambah skin mulu,woi leg banget jaring bagus kalah leg tidak def benah pliss jangan nambah skin mulu,-13.0,Negatif,-8.0,Negatif,Negatif,train
geme ini sangat sangat seru untuk dimainkan dengan teman dan keluarga dan mlbb ini banyak event nya yang sangat seru semogaa geme ini sukses di tahun 2026 ini aminnn,5,2026-07-26 04:16:03,geme sangat sangat seru dimainkan teman keluarga mlbb banyak event nya sangat seru semogaa geme sukses tahun aminn,geme sangat sangat seru main teman keluarga mlbb banyak event nya sangat seru semogaa geme sukses tahun aminn,-2.0,Negatif,4.0,Positif,Positif,train
jangan ada yang bucin,5,2026-07-26 04:16:02,jangan bucin,jangan bucin,-3.0,Negatif,-3.0,Negatif,Negatif,test
saya dapet tim draksistem selalu kalah jangan ada yg main ini lagi,1,2026-07-26 04:14:07,dapet tim draksistem selalu kalah jangan main,dapet tim draksistem selalu kalah jangan main,-9.0,Negatif,-9.0,Negatif,Negatif,train
game nya banyak dark sistem,1,2026-07-26 04:13:54,game nya banyak dark sistem,game nya banyak dark sistem,-2.0,Negatif,-2.0,Negatif,Negatif,train
ml ini bagus,5,2026-07-26 04:13:31,ml bagus,ml bagus,-2.0,Negatif,3.0,Positif,Positif,train
dibilang jangan mati lama dikasih tau malah gak nurut,1,2026-07-26 04:11:35,dibilang jangan mati lama dikasih tau malah tidak nurut,bilang jangan mati lama kasih tau malah tidak nurut,-13.0,Negatif,-13.0,Negatif,Negatif,train
"matchmaking parah gua main stuck d b32 ke b22 itu juga gw naik turun dulu lama banget sampe ls ke 20x nya, bukan cuma gw temen gw aja dari b16 ke b3. padahal posisi maen gak pernah troll tapi ada aja anomali di tim yang bikin kalah, selama ada event SF gw masi mainin tapi kalo dah beres skip dah banyak bot kayak game sebelah malah lebih parah kayaknya. pertahanin aja bot nya sampe game lo anjlok ton monton",1,2026-07-26 04:11:17,matchmaking parah main stuck d b b naik turun dulu lama banget sampe losestreak x nya bukan cuma temen aja b b padahal posisi maen tidak pernah troll aja anomali tim bikin kalah selama event sf masi mainin kalau beres skip banyak bot kayak game sebelah malah lebih parah kayaknya pertahanin aja bot nya sampe game kamu anjlok ton moonton,matchmaking parah main stuck d b b naik turun dulu lama banget sampe losestreak x nya bukan cuma temen aja b b padahal posisi maen tidak pernah troll aja anomali tim bikin kalah lama event sf mas mainin kalau beres skip banyak bot kayak game belah malah lebih parah kayak pertahanin aja bot nya sampe game kamu anjlok ton moonton,-36.0,Negatif,-39.0,Negatif,Negatif,train
menang sekali kalah lima kali memang mirip dengan yang buat 🐷 tidak disarankan untuk gampang emosi,1,2026-07-26 04:11:09,menang sekali kalah lima kali memang mirip buat tidak disarankan gampang emosi emoji_lain,menang sekali kalah lima kali memang mirip buat tidak saran gampang emosi emoji_lain,-10.0,Negatif,-6.0,Negatif,Negatif,train
game nya bagus,5,2026-07-26 04:10:52,game nya bagus,game nya bagus,0.0,Positif,5.0,Positif,Positif,train
moonton kenapa saat aku mendownload ML versi dulu kenapa disuruh update giliran orang lain tidak disuruh update aku padahal ingin mencoba ML yang dulu karena dulu aku telah meninggalkannya kenapa saat aku download disuruh update moonton padahal aku hanya ingin mencoba ML yang dulu,4,2026-07-26 04:10:02,moonton aku mendownload ml versi dulu disuruh update giliran orang tidak disuruh update aku padahal mencoba ml dulu dulu aku meninggalkannya aku download disuruh update moonton padahal aku mencoba ml dulu,moonton aku mendownload ml versi dulu suruh update gilir orang tidak suruh update aku padahal coba ml dulu dulu aku tinggal aku download suruh update moonton padahal aku coba ml dulu,1.0,Positif,1.0,Positif,Positif,train
seru banget MVP sknnya bagussssssss,5,2026-07-26 04:10:02,seru banget mvp sknnya baguss,seru banget mvp sknnya baguss,1.0,Positif,4.0,Positif,Positif,train
semoga game ini cepet bangkrut,1,2026-07-26 04:08:52,semoga game cepet bangkrut,moga game cepet bangkrut,-1.0,Negatif,-1.0,Negatif,Negatif,train
game nya bagus ada Hero heroan nya ada sistem rank tapi ada satu yang kurang yaitu komunitas game ini gak sehat kalo main jelek langsung di kata katain,5,2026-07-26 04:08:41,game nya bagus hero heroan nya sistem rank satu kurang komunitas game tidak sehat kalau main jelek langsung kata katain,game nya bagus hero hero nya sistem rank satu kurang komunitas game tidak sehat kalau main jelek langsung kata katain,-14.0,Negatif,-9.0,Negatif,Negatif,train
game nya seru tapi masih banyak drak sistem,5,2026-07-26 04:08:12,game nya seru banyak drak sistem,game nya seru banyak drak sistem,-2.0,Negatif,1.0,Positif,Positif,train
coba sebeluk update lu pastiin dulu anj jangan update tampilan aja anj dari sistem nya juga bahkan dari segi matcmaking aja gabecus,3,2026-07-26 04:08:01,coba sebeluk update kamu pastiin dulu anj jangan update tampilan aja anj sistem nya bahkan segi matcmaking aja gabecus,coba beluk update kamu pastiin dulu anj jangan update tampil aja anj sistem nya bahkan segi matcmaking aja gabecus,-7.0,Negatif,-7.0,Negatif,Negatif,train
monton gatel,2,2026-07-26 04:07:15,moonton gatel,moonton gatel,-3.0,Negatif,-3.0,Negatif,Negatif,train
game nya bikin emosi teruss,2,2026-07-26 04:06:49,game nya bikin emosi teruss,game nya bikin emosi teruss,1.0,Positif,1.0,Positif,Positif,train
"kasih tim gajelas, kasih ls, mahal skin nya gatau diri🙄",1,2026-07-26 04:06:14,kasih tim gajelas kasih losestreak mahal skin nya gatau diri emoji_negatif,kasih tim gajelas kasih losestreak mahal skin nya gatau diri emoji_negatif,-3.0,Negatif,-3.0,Negatif,Negatif,train
game ini sangat seru sekali aku sampai ketagihan main mobilejen senang sekali bermain bersama mobilejen seru sekali game ini semoga game ini bisa bertahan sampai akhir zaman amin,5,2026-07-26 04:05:56,game sangat seru sekali aku ketagihan main mobilejen senang sekali bermain bersama mobilejen seru sekali game semoga game bertahan akhir zaman amin,game sangat seru sekali aku tagih main mobilejen senang sekali main sama mobilejen seru sekali game moga game tahan akhir zaman amin,3.0,Positif,9.0,Positif,Positif,train
seru bangett apalagi ngrbantai musuh nya,5,2026-07-26 04:05:50,seru bangett ngrbantai musuh nya,seru bangett ngrbantai musuh nya,-6.0,Negatif,-3.0,Negatif,Negatif,train
game terburuk,1,2026-07-26 04:04:22,game terburuk,game buruk,2.0,Positif,2.0,Positif,Positif,train
game Dajjal setiap mau naik rank di kasih musuh jago,3,2026-07-26 04:03:32,game dajjal mau naik rank kasih musuh jago,game dajjal mau naik rank kasih musuh jago,7.0,Positif,7.0,Positif,Positif,train
gw kalo main pasti di kasih tim bot mulu cape gw ron monton kasih gw menang lah🤬,1,2026-07-26 04:03:00,kalau main kasih tim bot mulu cape ron moonton kasih menang lah emoji_negatif,kalau main kasih tim bot mulu cape ron moonton kasih menang lah emoji_negatif,-9.0,Negatif,-5.0,Negatif,Negatif,test
geme ini sangat lah bagus dan pelayer nya juga ramah sekali tapi gak di sarankan untuk orang biyasa 😊,2,2026-07-26 04:02:31,geme sangat lah bagus pelayer nya ramah sekali tidak sarankan orang biyasa emoji_positif,geme sangat lah bagus layer nya ramah sekali tidak saran orang biyasa emoji_positif,-8.0,Negatif,-3.0,Negatif,Negatif,train
"ayolah ,pembagian team nya yng ngotak lah ,masa team gw kek pler maennya ,team sebelah malah Jgo jgo terus jaringan nya ,pas ngk war aman ,pas war/situasi penting malah ngelag ,ayolah muntun ,dlu gw main di mitik aman aman aj di season lalu ,ngapa sekarang Dapet dark system nya",1,2026-07-26 04:02:20,ayolah pembagian team nya yng ngotak lah masa team kek pler maennya team sebelah malah jgo jgo terus jaringan nya pas ngk war aman pas war situasi penting malah ngelag ayolah moonton dlu main mitik aman aman aj season lalu ngapa sekarang dapet dark system nya,ayo bagi team nya yng ngotak lah masa team kek pler maennya team belah malah jgo jgo terus jaring nya pas ngk war aman pas war situasi penting malah ngelag ayo moonton dlu main mitik aman aman aj season lalu ngapa sekarang dapet dark system nya,8.0,Positif,5.0,Positif,Positif,test
"gamenya bagus tapi tolong perbaiki jaringannya, sama kalau keluar dari game terus menghubungkan kembali tolong kalau menghubungkan ke server di percepat saya main rank gak dianggap main terus di anggap afk gara-gara re-log",4,2026-07-26 04:00:06,gamenya bagus perbaiki jaringannya sama kalau keluar game terus menghubungkan kalau menghubungkan server percepat main rank tidak dianggap main terus anggap afk gara gara re log,gamenya bagus baik jaring sama kalau keluar game terus hubung kalau hubung server cepat main rank tidak anggap main terus anggap afk gara gara re log,-15.0,Negatif,-12.0,Negatif,Negatif,train
mantapp,5,2026-07-26 03:59:15,mantapp,mantapp,0.0,Positif,0.0,Positif,Positif,train
ramah,5,2026-07-26 03:59:06,ramah,ramah,2.0,Positif,2.0,Positif,Positif,train
gem penambah setres bukan penghilang stres ******,1,2026-07-26 03:59:03,gem penambah setres bukan penghilang stres,gem tambah tres bukan hilang stres,-7.0,Negatif,-7.0,Negatif,Negatif,test
"BACA INI SIALAN!! matchmaking tidak adil, saya selalu diberi tim jelek dan anggota tim yang sengaja troll padahal main di mode ranked, saya selalu diberi menang 2x saat legend 1 *3, tapi habis itu saya dikasih kalah lagi, ini game sialan! sekarang banyak kata kata yang dibatasi di chat in game, padahal dulu tidak",5,2026-07-26 03:58:41,baca sialan matchmaking tidak adil selalu diberi tim jelek anggota tim sengaja troll padahal main mode ranked selalu diberi menang x legend habis dikasih kalah game sialan sekarang banyak kata kata dibatasi chat in game padahal dulu tidak,baca sial matchmaking tidak adil selalu beri tim jelek anggota tim sengaja troll padahal main mode ranked selalu beri menang x legend habis kasih kalah game sial sekarang banyak kata kata batas chat in game padahal dulu tidak,-35.0,Negatif,-34.0,Negatif,Negatif,test
game paling aneh algoritma aneh semoga mlbb terkena musibah,1,2026-07-26 03:58:07,game paling aneh algoritma aneh semoga mlbb terkena musibah,game paling aneh algoritma aneh moga mlbb kena musibah,-3.0,Negatif,-3.0,Negatif,Negatif,train
ini game Napa dah pas ngreng ngelag dan mecth tidak seimbang,1,2026-07-26 03:57:56,game napa pas ngreng ngelag mecth tidak seimbang,game napa pas ngreng ngelag mecth tidak imbang,-2.0,Negatif,-5.0,Negatif,Negatif,test
GAME RUSAK MASA GUE DONLOWT G BISA2 NGESTAK DI 98 KALO ENGGA NGESTAK DI 97 GAME BURIK GAME RUSAK TOLONG DI PERBAIKI Y MONTON,1,2026-07-26 03:57:55,game rusak masa donlowt g ngestak kalau tidak ngestak game burik game rusak perbaiki y moonton,game rusak masa donlowt g ngestak kalau tidak ngestak game burik game rusak baik y moonton,-2.0,Negatif,-2.0,Negatif,Negatif,train
NGSIH TIM YANG JELAS GAJELAS KALI NGASIH TIM BOCHA LAWAN KERAS,1,2026-07-26 03:57:15,ngsih tim jelas gajelas kali ngasih tim bocha lawan keras,ngsih tim jelas gajelas kali ngasih tim bocha lawan keras,-12.0,Negatif,-12.0,Negatif,Negatif,train
Baguss karakter nya ada yang lucu ada yang serem,5,2026-07-26 03:57:08,baguss karakter nya lucu serem,baguss karakter nya lucu rem,-4.0,Negatif,-4.0,Negatif,Negatif,test
game nya seru banget,5,2026-07-26 03:55:57,game nya seru banget,game nya seru banget,3.0,Positif,6.0,Positif,Positif,train
tim kayak kon,5,2026-07-26 03:55:42,tim kayak kon,tim kayak kon,-7.0,Negatif,-7.0,Negatif,Negatif,train
gem ini kalah terus aku mau win malah kalahhh,1,2026-07-26 03:54:55,gem kalah terus aku mau win malah kalahh,gem kalah terus aku mau win malah kalahh,1.0,Positif,1.0,Positif,Positif,train
uninstall,1,2026-07-26 03:54:02,uninstall,uninstall,0.0,Negatif,0.0,Negatif,Negatif,train
gamenya bagus cocok banget di mainin semoga gamenya banyak dimainin yah walaupun ada komentar yang mengkritik game ini tapi tetap terus semangat moonton aku selalu mendukungmu👍👍,5,2026-07-26 03:53:56,gamenya bagus cocok banget mainin semoga gamenya banyak dimainin yah walaupun komentar mengkritik game tetap terus semangat moonton aku selalu mendukungmu emoji_positif emoji_positif,gamenya bagus cocok banget mainin moga gamenya banyak dimainin yah walaupun komentar kritik game tetap terus semangat moonton aku selalu dukung emoji_positif emoji_positif,7.0,Positif,12.0,Positif,Positif,train
"ketemu dark sistem mulu, musuhnya pro tidak sebanding sama rank ku👎",2,2026-07-26 03:51:31,ketemu dark sistem mulu musuhnya pro tidak sebanding sama rank ku emoji_negatif,ketemu dark sistem mulu musuh pro tidak banding sama rank ku emoji_negatif,-4.0,Negatif,-4.0,Negatif,Negatif,train
"game gajelas dikasih tim yang gak bener trus rank lawan ga setara sm rank kita, banyak cheater pula jangan di download guys bikin stres",1,2026-07-26 03:51:20,game gajelas dikasih tim tidak bener trus rank lawan tidak setara sama rank banyak cheater jangan download guys bikin stres,game gajelas kasih tim tidak bener trus rank lawan tidak tara sama rank banyak cheater jangan download guys bikin stres,-20.0,Negatif,-24.0,Negatif,Negatif,test
"game yg tidak seimbang saya mendapatkan lawan ex IMO tingal 1 bintang lagi naik glory saya ketemu ex IMO+ musuh global dan teman gue mitik biasa tolong di perbaiki lagi sistem ny, banyak sekali player yg bertabrakan rank ny, saya tidak mau ad lagi yg begituan bikin susah main dan bikin gampang stressnya",2,2026-07-26 03:51:00,game tidak seimbang mendapatkan lawan ex imo tingal bintang naik glory ketemu ex imo musuh global teman mitik biasa perbaiki sistem ny banyak sekali player bertabrakan rank ny tidak mau ad begituan bikin susah main bikin gampang stressnya,game tidak imbang dapat lawan ex imo tingal bintang naik glory ketemu ex imo musuh global teman mitik biasa baik sistem ny banyak sekali player tabrak rank ny tidak mau ad begitu bikin susah main bikin gampang stressnya,-32.0,Negatif,-32.0,Negatif,Negatif,test
"kalau ngasih tim yang sepadan dong, mikir kalau bikin komposisi tim, tim saya isi nya beban semua lah tim musuh jago semua mikir dong moonton",2,2026-07-26 03:49:08,kalau ngasih tim sepadan dong mikir kalau bikin komposisi tim tim isi nya beban semua lah tim musuh jago semua mikir dong moonton,kalau ngasih tim padan dong mikir kalau bikin komposisi tim tim isi nya beban semua lah tim musuh jago semua mikir dong moonton,-34.0,Negatif,-34.0,Negatif,Negatif,train
yaudah di download ga bagus🤭😹,5,2026-07-26 03:48:16,yaudah download tidak bagus emoji_netral emoji_lain,yaudah download tidak bagus emoji_netral emoji_lain,-6.0,Negatif,-11.0,Negatif,Negatif,train
"pembagian team saat memulai game sangat tidam adil, musuh rank tertinggi glory sedangkan team saya hanya mentok rank tertinggi legend/mytick, tolong di perbaiki moonton",1,2026-07-26 03:47:25,pembagian team memulai game sangat tidam adil musuh rank tertinggi glory team mentok rank tertinggi legend mytick perbaiki moonton,bagi team mulai game sangat tidam adil musuh rank tinggi glory team mentok rank tinggi legend mytick baik moonton,0.0,Negatif,0.0,Negatif,Negatif,train
team kl nob susah,1,2026-07-26 03:45:52,team kalau nob susah,team kalau nob susah,-3.0,Negatif,-3.0,Negatif,Negatif,train
kocak,1,2026-07-26 03:45:44,kocak,kocak,-2.0,Negatif,-2.0,Negatif,Negatif,train
seru tapi ga bisa main kalo ga ada wifi,4,2026-07-26 03:45:05,seru tidak main kalau tidak wifi,seru tidak main kalau tidak wifi,-11.0,Negatif,-8.0,Negatif,Negatif,train
gamenya seruu,5,2026-07-26 03:44:44,gamenya seruu,gamenya seruu,0.0,Positif,0.0,Positif,Positif,train
"permainan yang sangat enak di awal dan bisa bikin stres jika kalah terus menerus, buang buang waktu hanya untuk kalah",1,2026-07-26 03:44:15,permainan sangat enak awal bikin stres kalah terus menerus buang buang waktu kalah,main sangat enak awal bikin stres kalah terus terus buang buang waktu kalah,-19.0,Negatif,-17.0,Negatif,Negatif,train
"Apalah ini game kalo mactmaking ngestuck dan sering mengkoleb koleb,perbaiki dullu lah fitur mu kasih lawan yang seimbang jangan yang jago mullu kasihnya,makin kesini makin ngebug!!!",1,2026-07-26 03:42:36,apalah game kalau mactmaking ngestuck sering mengkoleb koleb perbaiki dullu lah fitur mu kasih lawan seimbang jangan jago mullu kasihnya makin kesini makin ngebug,apa game kalau mactmaking ngestuck sering mengkoleb koleb baik dullu lah fitur mu kasih lawan imbang jangan jago mullu kasih makin kesini makin ngebug,-2.0,Negatif,-2.0,Negatif,Negatif,train
monton yang baik tolong jangan pertemukan aku Ama honor padahal aku glory dan musuh nya imo itu gimana ya konsep nya game terbaik emang gini sih wajar,1,2026-07-26 03:42:16,moonton baik jangan pertemukan aku ama honor padahal aku glory musuh nya imo gimana konsep nya game terbaik emang gini sih wajar,moonton baik jangan temu aku ama honor padahal aku glory musuh nya imo gimana konsep nya game baik emang gin sih wajar,2.0,Positif,2.0,Positif,Positif,train
tolong dibenerin itu gamnya saat ada nick yang aneh game jadi frame patah2,1,2026-07-26 03:41:50,dibenerin gamnya nick aneh game jadi frame patah,dibenerin gam nick aneh game jadi frame patah,-3.0,Negatif,-3.0,Negatif,Negatif,train
plis dong jan nerf2 odette mulu ini udah ampir 5 kali loh montoon kau ni ya cari gegara sama user odette 🤬,5,2026-07-26 03:40:08,plis dong jan nerf odette mulu udah ampir kali loh moonton kau ni cari gegara sama user odette emoji_negatif,plis dong jan nerf odette mulu udah ampir kali loh moonton kau ni cari gegara sama user odette emoji_negatif,-2.0,Negatif,-2.0,Negatif,Negatif,test
sinya nya jelek tim drak sisitem ml burik,1,2026-07-26 03:39:54,sinya nya jelek tim drak sisitem ml burik,sinya nya jelek tim drak sisitem ml burik,-9.0,Negatif,-9.0,Negatif,Negatif,train
moonton knp saat menukarkan kode hadiah tiba2 tertulis terlalu banyak aksi? padahal saya cuman tekan satu kali[ok] tiba tiba 2jam 38 menit untuk mengulang kembali itu yang saya alami moonton plis di perbaiki,3,2026-07-26 03:38:07,moonton menukarkan kode hadiah tiba tertulis terlalu banyak aksi padahal cuman tekan satu kali tiba tiba jam menit mengulang alami moonton plis perbaiki,moonton tukar kode hadiah tiba tulis terlalu banyak aksi padahal cuman tekan satu kali tiba tiba jam menit ulang alami moonton plis baik,-6.0,Negatif,-6.0,Negatif,Negatif,train
"sistem matchmaking gajelas, dapet lawan jago tim nya kayak org bay main, pdhal udah mytich honor",1,2026-07-26 03:37:55,sistem matchmaking gajelas dapet lawan jago tim nya kayak org bay main pdhal udah mytich honor,sistem matchmaking gajelas dapet lawan jago tim nya kayak org bay main pdhal udah mytich honor,-11.0,Negatif,-11.0,Negatif,Negatif,train
geme nya seru tapi jaringan nya tiba² ngelek waktu main kenapa begitu,2,2026-07-26 03:36:49,geme nya seru jaringan nya tiba ngelek waktu main,geme nya seru jaring nya tiba ngelek waktu main,-1.0,Negatif,2.0,Positif,Positif,train
semoga monton ngasih team dapat di andalkan terus saat main solo sangat menyenang sekali saat di land of down,4,2026-07-26 03:36:45,semoga moonton ngasih team andalkan terus main solo sangat menyenang sekali land of down,moga moonton ngasih team andal terus main solo sangat senang sekali land of down,-2.0,Negatif,-2.0,Negatif,Negatif,train
kebanyakan dark sistem,3,2026-07-26 03:35:56,kebanyakan dark sistem,banyak dark sistem,-2.0,Negatif,-2.0,Negatif,Negatif,train
aku tadi lagi main tiba tiba kembali ke lobi,1,2026-07-26 03:35:56,aku tadi main tiba tiba lobi,aku tadi main tiba tiba lobi,1.0,Positif,1.0,Positif,Positif,train
Gamenya aneh banget deh,1,2026-07-26 03:34:49,gamenya aneh banget deh,gamenya aneh banget deh,1.0,Positif,1.0,Positif,Positif,train
ml game ter seruuuu siehh,5,2026-07-26 03:33:02,ml game ter seruu siehh,ml game ter seruu siehh,2.0,Positif,2.0,Positif,Positif,train
matchmakingnya jelek gw ketemu sama pemain yg g bener mlu mainya pokoknya KLO lu orng nya emosian dan g suka sama permainan yg terlalu mengandalkan team jangan main ini POKOKNYA JANGAN,1,2026-07-26 03:32:58,matchmakingnya jelek ketemu sama pemain g bener mlu mainya pokoknya kalau kamu orng nya emosian g suka sama permainan terlalu mengandalkan team jangan main pokoknya jangan,matchmakingnya jelek ketemu sama main g bener mlu mai pokok kalau kamu orng nya emosi g suka sama main terlalu andal team jangan main pokok jangan,-12.0,Negatif,-12.0,Negatif,Negatif,test
"ws dikit di kasih tim tier rendah, hadehh",5,2026-07-26 03:30:37,winstreak dikit kasih tim tier rendah hadehh,winstreak dikit kasih tim tier rendah hadehh,-12.0,Negatif,-12.0,Negatif,Negatif,train
moton kasih lah tim yang gg jangan derak sistem semua,1,2026-07-26 03:29:41,moton kasih lah tim gg jangan derak sistem semua,moton kasih lah tim gg jangan derak sistem semua,-13.0,Negatif,-10.0,Negatif,Negatif,train
😠😠😠😒😒,1,2026-07-26 03:29:39,emoji_negatif emoji_negatif emoji_negatif emoji_lain emoji_lain,emoji_negatif emoji_negatif emoji_negatif emoji_lain emoji_lain,0.0,Negatif,0.0,Negatif,Negatif,train
game full dark sistem,1,2026-07-26 03:27:02,game full dark sistem,game full dark sistem,-2.0,Negatif,-2.0,Negatif,Negatif,train
"kalo ga bisa bikin sistem bener seenggak nya jangann kasih tim ga bener' teruss heran tiap-tiap harii gw lostrek win kalo ga 1-2 kenapaa sekarang monton jadi ky gini?saya player lama tapi merasa jadi mulai maless untuk bermain game mobile legends rasanya hampa semenjak dikasih sistem,tim, jaringan bahkan hasil pertandingan saya jadi jelek karna diberikan tim ga bener' sama anda gimana solusinya apakah saya harus menginstal game ini?",1,2026-07-26 03:24:11,kalau tidak bikin sistem bener seenggak nya jangann kasih tim tidak bener teruss heran tiap tiap harii lostrek win kalau tidak kenapaa sekarang moonton jadi ky gini player lama merasa jadi mulai maless bermain game mobile legends rasanya hampa semenjak dikasih sistem tim jaringan bahkan hasil pertandingan jadi jelek diberikan tim tidak bener sama gimana solusinya menginstal game,kalau tidak bikin sistem bener enggak nya jangann kasih tim tidak bener teruss heran tiap tiap hari lostrek win kalau tidak kenapaa sekarang moonton jadi ky gin player lama rasa jadi mulai maless main game mobile legends rasa hampa semenjak kasih sistem tim jaring bahkan hasil tanding jadi jelek beri tim tidak bener sama gimana solusi menginstal game,-49.0,Negatif,-49.0,Negatif,Negatif,train
seru banget,5,2026-07-26 03:23:59,seru banget,seru banget,1.0,Positif,4.0,Positif,Positif,train
sistem nya kureng banget mrpuyy,1,2026-07-26 03:23:22,sistem nya kureng banget mrpuyy,sistem nya reng banget mrpuyy,-3.0,Negatif,-3.0,Negatif,Negatif,train
woy Manton kalo beri tim itu yang sepadan dong,1,2026-07-26 03:22:27,woy manton kalau beri tim sepadan dong,woy manton kalau beri tim padan dong,-5.0,Negatif,-5.0,Negatif,Negatif,train
"dikasih main sama dark sistem Mulu, gak ada bener nya kalau ngasih tim, gak jelas memang",1,2026-07-26 03:22:16,dikasih main sama dark sistem mulu tidak bener nya kalau ngasih tim tidak jelas memang,kasih main sama dark sistem mulu tidak bener nya kalau ngasih tim tidak jelas memang,-10.0,Negatif,-10.0,Negatif,Negatif,train
mantep keren,5,2026-07-26 03:21:18,mantep keren,mantep keren,0.0,Positif,4.0,Positif,Positif,train
Monton kenapa Kalo gw login layar nya jadi kecil,1,2026-07-26 03:21:05,moonton kalau login layar nya jadi kecil,moonton kalau login layar nya jadi kecil,-5.0,Negatif,-5.0,Negatif,Negatif,train
"BAGUSS, tapi banyak dark sistem nya, dan kebanyakan Hero fav ku di nerft terus, Silvana collecttor serasa skin elite, revamp lah woi",4,2026-07-26 03:19:13,baguss banyak dark sistem nya kebanyakan hero fav ku nerft terus silvana collecttor serasa skin elite revamp lah woi,baguss banyak dark sistem nya banyak hero fav ku nerft terus silvana collecttor serasa skin elite revamp lah woi,8.0,Positif,8.0,Positif,Positif,train
match yang tidak seimbang,1,2026-07-26 03:18:18,match tidak seimbang,match tidak imbang,-5.0,Negatif,-5.0,Negatif,Negatif,test
membuat saya lebih tenang,5,2026-07-26 03:17:10,membuat lebih tenang,buat lebih tenang,6.0,Positif,6.0,Positif,Positif,train
Seru bgt tapi Kalian udah imo belum? 😹,5,2026-07-26 03:16:58,seru banget kalian udah imo belum emoji_netral,seru banget kalian udah imo belum emoji_netral,1.0,Positif,4.0,Positif,Positif,train
maantabbb,5,2026-07-26 03:16:51,maantabb,maantabb,0.0,Positif,0.0,Positif,Positif,train
"tim bot semua, banyak yang ngetroll mana main nya gaje semua lagi minimal ngasi tim yang sepadan co tim nya jelek lawan nya orang orang mytic ga adil lah pokok nya jaringan bagus malah afk, mana pengurangan point nya ga ngotak su pokok nya banyak mines nya ga rekomen buat orang fomo",1,2026-07-26 03:15:25,tim bot semua banyak ngetroll mana main nya gaje semua minimal ngasi tim sepadan co tim nya jelek lawan nya orang orang mytic tidak adil lah pokok nya jaringan bagus malah afk mana pengurangan point nya tidak ngotak su pokok nya banyak mines nya tidak rekomen buat orang fomo,tim bot semua banyak ngetroll mana main nya gaje semua minimal ngasi tim padan co tim nya jelek lawan nya orang orang mytic tidak adil lah pokok nya jaring bagus malah afk mana kurang point nya tidak ngotak su pokok nya banyak mes nya tidak rekomen buat orang fomo,-52.0,Negatif,-49.0,Negatif,Negatif,train
Jangan Di download game ini bikin setres,1,2026-07-26 03:14:01,jangan download game bikin setres,jangan download game bikin tres,-1.0,Negatif,-1.0,Negatif,Negatif,train
tolong bagusin jaringan dalam game nya sering lek . jaringan Bagus tapi kalo sudah dalam pertandingan ngelek parah,5,2026-07-26 03:09:20,bagusin jaringan game nya sering lek jaringan bagus kalau pertandingan ngelek parah,bagusin jaring game nya sering lek jaring bagus kalau tanding ngelek parah,-5.0,Negatif,0.0,Positif,Positif,train
ping gajelas sering merah kuning,1,2026-07-26 03:08:49,ping gajelas sering merah kuning,ping gajelas sering merah kuning,0.0,Negatif,0.0,Negatif,Negatif,train
bagus bgt tahuu aku suka ml,5,2026-07-26 03:07:35,bagus banget tahuu aku suka ml,bagus banget tahuu aku suka ml,2.0,Positif,7.0,Positif,Positif,test
bagusss tpi agak ngelag,5,2026-07-26 03:07:33,baguss tpi ngelag,baguss tpi ngelag,0.0,Positif,-3.0,Negatif,Negatif,test
game nya bagus dan enak di main walau sering kalah dan dapat tim yg gak kompak/ beban tapi bagus dulu iseng main tapi sekarang jadi suka dan hero nya banyak,5,2026-07-26 03:07:31,game nya bagus enak main sering kalah tim tidak kompak beban bagus dulu iseng main sekarang jadi suka hero nya banyak,game nya bagus enak main sering kalah tim tidak kompak beban bagus dulu iseng main sekarang jadi suka hero nya banyak,-18.0,Negatif,-6.0,Negatif,Negatif,train
"Halo Moonton, waktu itu aku maen nih aku sudang. gendong tim sampe menang tapi ketika mau nge end mari lampu dan ngeleg tapi aku menang tapi aku GK naek bintang, jadi maless maennya mohon di dengarkan Klien Anda ya Jagan cuma di liat doang",1,2026-07-26 03:07:12,halo moonton waktu aku maen nih aku sudang gendong tim sampe menang mau nge end lampu ngeleg aku menang aku tidak naek bintang jadi maless maennya mohon dengarkan klien jagan cuma liat doang,halo moonton waktu aku maen nih aku sudang gendong tim sampe menang mau nge end lampu ngeleg aku menang aku tidak naek bintang jadi maless maennya mohon dengar klien jagan cuma liat doang,6.0,Positif,14.0,Positif,Positif,train
game ini sangattt seruuu walaupun banyakk pemain yang drak sistem tapi game ini tetep seruuuu,5,2026-07-26 03:06:55,game sangatt seruu walaupun banyakk pemain drak sistem game tetep seruu,game sangatt seruu walaupun banyakk main drak sistem game tetep seruu,-3.0,Negatif,-3.0,Negatif,Negatif,train
"bagus bangett monton cuma ya kalo solo rank kasih tim yg jago ya hehe, jangan pelit pelit, kasiihhh gw 5 fragment hero dong hehehhehhe",5,2026-07-26 03:02:20,bagus bangett moonton cuma kalau solo rank kasih tim jago hehe jangan pelit pelit kasiihh fragment hero dong hehehhehhe,bagus bangett moonton cuma kalau solo rank kasih tim jago hehe jangan pelit pelit kasiihh fragment hero dong hehehhehhe,-9.0,Negatif,-4.0,Negatif,Negatif,train
cape push rank ketemu dark sistem,1,2026-07-26 02:59:26,cape push rank ketemu dark sistem,cape push rank ketemu dark sistem,-7.0,Negatif,-7.0,Negatif,Negatif,train
"GamePLay Seperti SCAM. SeTiap Hari Poin Ku DiKurangi 10, ALasAn Di LaporKan PLayer Lain ( PadaHaL Tidak MeLakuKan PeLanggarAn, MaLah TerLihat Di DATA PerMainAn MeNyerang Turret TerBanyak ). Sering Dapat PeringatAn Chat Tidak Pantas PadaHaL SeLama PerTandingAn Tidak Chat ApaPun. Mungkin Saya DiKerjai Pegawai Muntoon Yang Tahu Saya, Karena Dia Kerja DiMaLam Hari ( Waktu IndoNesia )",1,2026-07-26 02:59:00,gameplay scam hari poin ku dikurangi alasan laporkan player padahal tidak melakukan pelanggaran malah terlihat data permainan menyerang turret terbanyak sering peringatan chat tidak pantas padahal selama pertandingan tidak chat apapun mungkin dikerjai pegawai moonton tahu kerja dimalam hari waktu indonesia,gameplay scam hari poin ku rang alas lapor player padahal tidak laku langgar malah lihat data main serang turret banyak sering ingat chat tidak pantas padahal lama tanding tidak chat apa mungkin kerja pegawai moonton tahu kerja malam hari waktu indonesia,-6.0,Negatif,-6.0,Negatif,Negatif,test
game penghilang penat,5,2026-07-26 02:58:32,game penghilang penat,game hilang penat,4.0,Positif,4.0,Positif,Positif,train
kagak gw saranin buat download nih game udah banyak dark sistem di kasih lost streak berkali kali bayangin gw main dari pagi sampe malem dapet nya cuma lost streak dari lagend 1 bintang 4 turun ke apik bintang 3 apa apaan lu mending kata gw hapus aja nih game dari play store udah developer nya kikir cuma bikin sakit mental doang mental gw bentar lagi juga kena nih gara gara nih game mending hapus aja dari play store.,1,2026-07-26 02:58:21,kagak saranin buat download nih game udah banyak dark sistem kasih lost streak berkali kali bayangin main pagi sampe malem dapet nya cuma lost streak lagend bintang turun apik bintang apa apaan kamu mending kata hapus aja nih game play store udah developer nya kikir cuma bikin sakit mental doang mental bentar kena nih gara gara nih game mending hapus aja play store,kagak saranin buat download nih game udah banyak dark sistem kasih lost streak kali kali bayangin main pagi sampe malem dapet nya cuma lost streak lagend bintang turun apik bintang apa apa kamu mending kata hapus aja nih game play store udah developer nya kikir cuma bikin sakit mental doang mental bentar kena nih gara gara nih game mending hapus aja play store,-40.0,Negatif,-40.0,Negatif,Negatif,train
game apa ini matchmaking gak jelas,1,2026-07-26 02:57:36,game apa matchmaking tidak jelas,game apa matchmaking tidak jelas,-4.0,Negatif,-4.0,Negatif,Negatif,train
game sampah tll setiap 1 bintang pengen naik dikasih tim baru main hapus aja ni game dri playstore,1,2026-07-26 02:56:51,game sampah tll bintang pengen naik dikasih tim baru main hapus aja ni game dri playstore,game sampah tll bintang ken naik kasih tim baru main hapus aja ni game dri playstore,-2.0,Negatif,-2.0,Negatif,Negatif,train
gem nya bagus banget pokok nya seru,5,2026-07-26 02:55:55,gem nya bagus banget pokok nya seru,gem nya bagus banget pokok nya seru,-1.0,Negatif,7.0,Positif,Positif,train
gua baru naik lejen 4 lo udah kasih gw kalah sampai gw turun epik,5,2026-07-26 02:55:14,baru naik lejen kamu udah kasih kalah turun epik,baru naik lejen kamu udah kasih kalah turun epik,-4.0,Negatif,-4.0,Negatif,Negatif,train
game gajelas tim nya bot banget,1,2026-07-26 02:55:12,game gajelas tim nya bot banget,game gajelas tim nya bot banget,-3.0,Negatif,-3.0,Negatif,Negatif,train
Gemeyabagus,5,2026-07-26 02:55:06,gemeyabagus,gemeyabagus,0.0,Positif,0.0,Positif,Positif,train
tolong moonton kenapa akun saya tidak bisa download data ml nya moonton,4,2026-07-26 02:54:33,moonton akun tidak download data ml nya moonton,moonton akun tidak download data ml nya moonton,-8.0,Negatif,-8.0,Negatif,Negatif,train
monton lu kalo kasih tim yg bener lah,1,2026-07-26 02:54:17,moonton kamu kalau kasih tim bener lah,moonton kamu kalau kasih tim bener lah,-2.0,Negatif,-2.0,Negatif,Negatif,train
"dongo,,tim dikasih dark sistem musuh dikasih yang jago"" oon banget",1,2026-07-26 02:52:19,dongo tim dikasih dark sistem musuh dikasih jago oon banget,dongo tim kasih dark sistem musuh kasih jago oon banget,-9.0,Negatif,-9.0,Negatif,Negatif,train
"game gk jelas dari awal season tim dark system mulu perbaiki kek match making nya hero,skin cakep semua giliran tim kgk ad yg bener dongo yg punya game",1,2026-07-26 02:50:51,game tidak jelas awal season tim dark system mulu perbaiki kek match making nya hero skin cakep semua giliran tim kgk ad bener dongo punya game,game tidak jelas awal season tim dark system mulu baik kek match making nya hero skin cakep semua gilir tim kgk ad bener dongo punya game,0.0,Negatif,0.0,Negatif,Negatif,train
HP saya direset jarak jauh dan saya tidak bisa login kembali menggunakan akun moonton saat mengisi formulir pemulihan akun selalu ditolak oleh bot cs padahal ada bukti top up pertama dan semua bukti top up screenshot akun pribadi juga ada tapi kenapa selalu ditolak oleh cs mohon kembalikan akun saya,2,2026-07-26 02:50:48,handphone direset jarak jauh tidak login menggunakan akun moonton mengisi formulir pemulihan akun selalu ditolak bot cs padahal bukti top up pertama semua bukti top up screenshot akun pribadi selalu ditolak cs mohon kembalikan akun,handphone direset jarak jauh tidak login guna akun moonton isi formulir pulih akun selalu tolak bot cs padahal bukti top up pertama semua bukti top up screenshot akun pribadi selalu tolak cs mohon kembali akun,-16.0,Negatif,-16.0,Negatif,Negatif,train
jelek..jaringan tdk stabil dan dpt tim yg jelek untuk pemai. solo,2,2026-07-26 02:50:41,jelek jaringan tdk stabil tim jelek pemai solo,jelek jaring tdk stabil tim jelek mai solo,-10.0,Negatif,-10.0,Negatif,Negatif,train
sulit ngasih menang main solo dikasih tim bot tim musuh solo jago jago pilih kasih,2,2026-07-26 02:50:35,sulit ngasih menang main solo dikasih tim bot tim musuh solo jago jago pilih kasih,sulit ngasih menang main solo kasih tim bot tim musuh solo jago jago pilih kasih,-3.0,Negatif,1.0,Positif,Positif,train
Game sesat bikin toxic tidak mendidik .main udah bener kasih tim ga ngotak begonya,1,2026-07-26 02:50:15,game sesat bikin toxic tidak mendidik main udah bener kasih tim tidak ngotak begonya,game sesat bikin toxic tidak didik main udah bener kasih tim tidak ngotak bego,-16.0,Negatif,-20.0,Negatif,Negatif,train
monton tolong lh perbaiki sistem cari tim yang bagus yang setara gitu sma sma habis honor kek glory kek IMO kek,3,2026-07-26 02:48:55,moonton lh perbaiki sistem cari tim bagus setara gitu sma sma habis honor kek glory kek imo kek,moonton lh baik sistem cari tim bagus tara gitu sma sma habis honor kek glory kek imo kek,-11.0,Negatif,-6.0,Negatif,Negatif,train
baik untuk di maikan ber sama teman atau sendiri,5,2026-07-26 02:48:26,baik maikan ber sama teman sendiri,baik mai ber sama teman sendiri,2.0,Positif,2.0,Positif,Positif,train
jangan mau download game ini buat depresi. giliran satu bintang lagi lengend dikasi tim yg bot emang babi,1,2026-07-26 02:48:19,jangan mau download game buat depresi giliran satu bintang lengend dikasi tim bot emang babi,jangan mau download game buat depresi gilir satu bintang lengend kasi tim bot emang babi,-13.0,Negatif,-13.0,Negatif,Negatif,test
burik 👎👎👎👎👎,1,2026-07-26 02:47:57,burik emoji_negatif emoji_negatif emoji_negatif emoji_negatif emoji_negatif,burik emoji_negatif emoji_negatif emoji_negatif emoji_negatif emoji_negatif,0.0,Negatif,0.0,Negatif,Negatif,train
saya maen ML dari season 4 sampe terakhir season kemarin saya udah putuskan tidak lagi maen ML. Bigthanks Mobile legend,3,2026-07-26 02:46:27,maen ml season sampe terakhir season kemarin udah putuskan tidak maen ml bigthanks mobile legend,maen ml season sampe akhir season kemarin udah putus tidak maen ml bigthanks mobile legend,-5.0,Negatif,-5.0,Negatif,Negatif,test
game ya bagus tpi naikan tensi aja jangan download kasih naikan tensi aja ini game naikan tensi jangan di download,1,2026-07-26 02:45:53,game bagus tpi naikan tensi aja jangan download kasih naikan tensi aja game naikan tensi jangan download,game bagus tpi naik tensi aja jangan download kasih naik tensi aja game naik tensi jangan download,-13.0,Negatif,-8.0,Negatif,Negatif,train
kenapa saya GK bisa download ya tolong dibantu ya kawan,5,2026-07-26 02:45:47,tidak download dibantu kawan,tidak download bantu kawan,-3.0,Negatif,-3.0,Negatif,Negatif,train
okelahh cukup buat hilangin stres kecuali kalau kalah Mulu 😉,5,2026-07-26 02:45:27,okelahh cukup buat hilangin stres kalau kalah mulu emoji_lain,okelahh cukup buat hilangin stres kalau kalah mulu emoji_lain,-12.0,Negatif,-12.0,Negatif,Negatif,train
game anj setiap mau naik pangkat pasti aja dikasih tim yg ga jelas moonton masa iya udh 3 kali turun naik bintang pas setiap mau naik pangkat pasti dikasih tim ga jelas atau dark sistem,2,2026-07-26 02:43:19,game anj mau naik pangkat aja dikasih tim tidak jelas moonton masa iya kali turun naik bintang pas mau naik pangkat dikasih tim tidak jelas dark sistem,game anj mau naik pangkat aja kasih tim tidak jelas moonton masa iya kali turun naik bintang pas mau naik pangkat kasih tim tidak jelas dark sistem,11.0,Positif,11.0,Positif,Positif,train
game nya bagus banget,5,2026-07-26 02:40:03,game nya bagus banget,game nya bagus banget,1.0,Positif,6.0,Positif,Positif,train
2 tahun saya menyukai game ini. kerenn,5,2026-07-26 02:38:34,tahun menyukai game kerenn,tahun suka game kerenn,5.0,Positif,5.0,Positif,Positif,train
banyak bug,2,2026-07-26 02:38:22,banyak bug,banyak bug,0.0,Negatif,-2.0,Negatif,Negatif,test
"pembagian tim yang tidak adil, ada bug event yg ingin saya laporkan tapi tidak bisa",1,2026-07-26 02:35:54,pembagian tim tidak adil bug event laporkan tidak,bagi tim tidak adil bug event lapor tidak,-13.0,Negatif,-15.0,Negatif,Negatif,train
Mesti dapet tim gajelas,1,2026-07-26 02:34:39,mesti dapet tim gajelas,mesti dapet tim gajelas,-5.0,Negatif,-5.0,Negatif,Negatif,train
"Game nya bagus, menyenangkan.",4,2026-07-26 02:33:43,game nya bagus menyenangkan,game nya bagus senang,1.0,Positif,6.0,Positif,Positif,test
"pantesan pada pindah ke honor of king lu nya aja ngasih menang 1× kalah 2×, pus ampe pagi malah dikasi loss, gimana ga pada pindah coba",5,2026-07-26 02:33:41,pantesan pindah honor of king kamu nya aja ngasih menang kalah pus ampe pagi malah dikasi loss gimana tidak pindah coba,pantesan pindah honor of king kamu nya aja ngasih menang kalah pus ampe pagi malah kasi loss gimana tidak pindah coba,-11.0,Negatif,-7.0,Negatif,Negatif,test
"mau ganti akun utama loh tapi gak bisa,aneh,gak kaya Freefire, langsung bisa gan ti akun",2,2026-07-26 02:32:14,mau ganti akun utama loh tidak aneh tidak kaya freefire langsung gan ti akun,mau ganti akun utama loh tidak aneh tidak kaya freefire langsung gan ti akun,-3.0,Negatif,-3.0,Negatif,Negatif,train
"sinyal lag mulu, padahal jaringan lancar. Server benerin.",1,2026-07-26 02:31:15,sinyal lag mulu padahal jaringan lancar server benerin,sinyal lag mulu padahal jaring lancar server benerin,2.0,Positif,-1.0,Negatif,Negatif,train
gem nya seru dan menghilakan rasa galau,5,2026-07-26 02:30:55,gem nya seru menghilakan rasa galau,gem nya seru menghilakan rasa galau,-2.0,Negatif,1.0,Positif,Positif,train
jangan main game ini bikin stress😭😭,1,2026-07-26 02:27:14,jangan main game bikin stress emoji_negatif emoji_negatif,jangan main game bikin stress emoji_negatif emoji_negatif,-6.0,Negatif,-6.0,Negatif,Negatif,train
1 menang 3 kali kalah kayak mana ko buat sistem gak adil memang enak kalh 3 kali menang 1 kali,1,2026-07-26 02:26:46,menang kali kalah kayak mana ko buat sistem tidak adil memang enak kalh kali menang kali,menang kali kalah kayak mana ko buat sistem tidak adil memang enak kalh kali menang kali,-15.0,Negatif,-5.0,Negatif,Negatif,train
monton aku mau wistrek 1 kali lah malah di kasih wistrek banyak tapi bukan wistrek tapi kalah Bae gue eh bujuk gue cuman mau 1 kali Menag di legen mana tim nya bot pliss monton plisss 😓😓😓,1,2026-07-26 02:25:55,moonton aku mau wistrek kali lah malah kasih wistrek banyak bukan wistrek kalah bae eh bujuk cuman mau kali menag legen mana tim nya bot pliss moonton pliss emoji_lain emoji_lain emoji_lain,moonton aku mau wistrek kali lah malah kasih wistrek banyak bukan wistrek kalah bae eh bujuk cuman mau kali menag legen mana tim nya bot pliss moonton pliss emoji_lain emoji_lain emoji_lain,-3.0,Negatif,-3.0,Negatif,Negatif,train
"Game gajelas developer nya juga kagak jelas!!!, game kikir!! developer kikir!!",1,2026-07-26 02:24:18,game gajelas developer nya kagak jelas game kikir developer kikir,game gajelas developer nya kagak jelas game kikir developer kikir,7.0,Positif,7.0,Positif,Positif,train
kocak kalo kasi tim yg seimbang napa.masa solo rank honor setim ama legend hdeh,1,2026-07-26 02:24:07,kocak kalau kasi tim seimbang napa masa solo rank honor setim ama legend hdeh,kocak kalau kasi tim imbang napa masa solo rank honor tim ama legend hdeh,-10.0,Negatif,-10.0,Negatif,Negatif,train
𝒔𝒆𝒓𝒖,5,2026-07-26 02:23:17,seru,seru,0.0,Positif,3.0,Positif,Positif,test
grafik nya sangat bagus,4,2026-07-26 02:22:22,grafik nya sangat bagus,grafik nya sangat bagus,-4.0,Negatif,1.0,Positif,Positif,test
game nya buruk,1,2026-07-26 02:22:00,game nya buruk,game nya buruk,-3.0,Negatif,-3.0,Negatif,Negatif,test
monton kon... napa gua selalu di kasih tim ampas,1,2026-07-26 02:21:15,moonton kon napa selalu kasih tim ampas,moonton kon napa selalu kasih tim ampas,-8.0,Negatif,-8.0,Negatif,Negatif,test
monton kenapasih sinyal ku tu memang jelek tapi tetap bisa main ko dibilang AFK gimanasi terus kalo akumain awalnya aja bagus terus selesai itu nglek parah tolong di perbaiki terima kasih,5,2026-07-26 02:21:03,moonton kenapasih sinyal ku tu memang jelek tetap main ko dibilang afk gimanasi terus kalau akumain awalnya aja bagus terus selesai nglek parah perbaiki terima kasih,moonton kenapasih sinyal ku tu memang jelek tetap main ko bilang afk gimanasi terus kalau akumain awal aja bagus terus selesai nglek parah baik terima kasih,-9.0,Negatif,-6.0,Negatif,Negatif,train
"ntah kenapa sering update besar besaran terus padahal hanya inframe utama saja yang di update terus buat hp kentang seperti saya kehabisan ruang dan lag. lalu saat relog tidak bisa kembali ke pertandingan dan berujung afk padahal itu kesalahan pihak moonton sendiri, mohon di perbaiki",1,2026-07-26 02:19:41,ntah sering update besar besaran terus padahal inframe utama update terus buat handphone kentang kehabisan ruang lag lalu relog tidak pertandingan berujung afk padahal kesalahan pihak moonton sendiri mohon perbaiki,ntah sering update besar besar terus padahal inframe utama update terus buat handphone kentang habis ruang lag lalu relog tidak tanding ujung afk padahal salah pihak moonton sendiri mohon baik,-10.0,Negatif,-15.0,Negatif,Negatif,train
ml gratisin kolektor,5,2026-07-26 02:15:41,ml gratisin kolektor,ml gratisin kolektor,0.0,Positif,0.0,Positif,Positif,train
"ini kenapa moonton saat saya mau mencari pertandingan, Pas ketemu pertandingan nya malah gak langsung masuk malah ngelanjutin hitungan nya kan ini bikin saya bingung + saya rugi karena kredit skor saya malah berkurang padahal saya ENGGAK NGELAKUIN APA PUN DAN INI NGERUGIIN SAYA DAN NGEBUANG WAKTU SAYA MOHON DI LERBAIKI, KALAU KARENA WIFI GAK MUNGKIN PAS SAYA COBA GAME HOK SEBELAH KOK MALAH GPP AJA SEDANGKAN INI KOK MALAH KEK GINI KAJ ANEH 😡😡😡😡😡😡😡😡😡😡😡😡",1,2026-07-26 02:15:16,moonton mau mencari pertandingan pas ketemu pertandingan nya malah tidak langsung masuk malah ngelanjutin hitungan nya kan bikin bingung rugi kredit skor malah berkurang padahal tidak ngelakuin apa ngerugiin ngebuang waktu mohon lerbaiki kalau wifi tidak mungkin pas coba game hok sebelah kok malah gpp aja kok malah kek gini kaj aneh emoji_negatif emoji_negatif emoji_negatif emoji_negatif emoji_negatif emoji_negatif emoji_negatif emoji_negatif emoji_negatif emoji_negatif emoji_negatif emoji_negatif,moonton mau cari tanding pas ketemu tanding nya malah tidak langsung masuk malah ngelanjutin hitung nya kan bikin bingung rugi kredit skor malah kurang padahal tidak ngelakuin apa ngerugiin ngebuang waktu mohon lerbaiki kalau wifi tidak mungkin pas coba game hok belah kok malah gpp aja kok malah kek gin kaj aneh emoji_negatif emoji_negatif emoji_negatif emoji_negatif emoji_negatif emoji_negatif emoji_negatif emoji_negatif emoji_negatif emoji_negatif emoji_negatif emoji_negatif,-24.0,Negatif,-24.0,Negatif,Negatif,train
kasih aku menang montoonnnnnnn,3,2026-07-26 02:13:15,kasih aku menang montoonn,kasih aku menang montoonn,1.0,Positif,5.0,Positif,Positif,train
game ini cukup bagus walau dikasih tim yang gak bener. event nya bagus. tapi tolong moonton banyak yang pake cheat,5,2026-07-26 02:12:10,game cukup bagus dikasih tim tidak bener event nya bagus moonton banyak pake cheat,game cukup bagus kasih tim tidak bener event nya bagus moonton banyak pake cheat,-16.0,Negatif,-6.0,Negatif,Negatif,train
pliss lah moonton yang baik hati tolong di perbaiki setiap mau main hero power malah leg tapi giliran gw main hero tenk jaringan bagus aja gw sengaja kasih bintang 5 biar langsung di baca,5,2026-07-26 02:11:21,pliss lah moonton baik hati perbaiki mau main hero power malah leg giliran main hero tenk jaringan bagus aja sengaja kasih bintang langsung baca,pliss lah moonton baik hati baik mau main hero power malah leg gilir main hero tenk jaring bagus aja sengaja kasih bintang langsung baca,11.0,Positif,16.0,Positif,Positif,train
"saya uninstall sudah mvp kalah berkali kali tim nya malah dikasih yang jelek terus dan tidak berpengalaman, memang aneh ini sistem nya",1,2026-07-26 02:08:44,uninstall mvp kalah berkali kali tim nya malah dikasih jelek terus tidak berpengalaman memang aneh sistem nya,uninstall mvp kalah kali kali tim nya malah kasih jelek terus tidak alam memang aneh sistem nya,-21.0,Negatif,-21.0,Negatif,Negatif,train
ini game tuh sebenar nya bagus tapi suka ngelag Mulu padahal jaringan gw aman aman aja dan ini game tuh suka tiba tiba keluar sendiri tolong di perbaiki ini montoon game lu rusak🙏,1,2026-07-26 02:06:10,game tuh sebenar nya bagus suka ngelag mulu padahal jaringan aman aman aja game tuh suka tiba tiba keluar sendiri perbaiki moonton game kamu rusak emoji_netral,game tuh benar nya bagus suka ngelag mulu padahal jaring aman aman aja game tuh suka tiba tiba keluar sendiri baik moonton game kamu rusak emoji_netral,2.0,Positif,4.0,Positif,Positif,train
monton tolong hapus dark sistem,5,2026-07-26 02:05:51,moonton hapus dark sistem,moonton hapus dark sistem,-7.0,Negatif,-7.0,Negatif,Negatif,test
game nya bagus banyak hero juga buat pilih,5,2026-07-26 02:02:31,game nya bagus banyak hero buat pilih,game nya bagus banyak hero buat pilih,-1.0,Negatif,4.0,Positif,Positif,train
"game lag sendiri, gerak"" sendiri, sinyal hijau tapi ga bisa gerak kayak lagi leg",1,2026-07-26 02:02:08,game lag sendiri gerak sendiri sinyal hijau tidak gerak kayak leg,game lag sendiri gerak sendiri sinyal hijau tidak gerak kayak leg,-9.0,Negatif,-12.0,Negatif,Negatif,test
game nya seru tapi bisa bener draksistem ga tolong ya,5,2026-07-26 01:59:09,game nya seru bener draksistem tidak,game nya seru bener draksistem tidak,-1.0,Negatif,2.0,Positif,Positif,train
enak bgt tapi rank ku epic mulu tapi nggk papa. kredit skor ku itu bikin aku kesel maaf ya (＾ｖ＾),4,2026-07-26 01:59:04,enak banget rank ku epic mulu nggk papa kredit skor ku bikin aku kesel maaf v,enak banget rank ku epic mulu nggk papa kredit skor ku bikin aku kesel maaf v,-2.0,Negatif,0.0,Positif,Positif,train
sangatlah bagus,5,2026-07-26 01:58:53,sangatlah bagus,sangat bagus,-2.0,Negatif,3.0,Positif,Positif,train
tolong perbaiki masalah kepentak tidak bisa menghubungkan kembali padahak mau menang jafi ke ditec afk dan tolong perbaiki masalah sinyao tiba tiba lag kalou mau war atau mau menang,5,2026-07-26 01:58:45,perbaiki masalah kepentak tidak menghubungkan padahak mau menang jafi ditec afk perbaiki masalah sinyao tiba tiba lag kalou mau war mau menang,baik masalah kepentak tidak hubung padahak mau menang jafi ditec afk baik masalah sinyao tiba tiba lag kalou mau war mau menang,-3.0,Negatif,0.0,Positif,Positif,train
"kasih tim sampah mulu, emang moonton mau player bikin stres aja",1,2026-07-26 01:58:05,kasih tim sampah mulu emang moonton mau player bikin stres aja,kasih tim sampah mulu emang moonton mau player bikin stres aja,-5.0,Negatif,-5.0,Negatif,Negatif,train
huu game rusak tolol,1,2026-07-26 01:55:40,huu game rusak tolol,huu game rusak tolol,-4.0,Negatif,-4.0,Negatif,Negatif,test
bnyk kali bug nya,1,2026-07-26 01:55:39,bnyk kali bug nya,bnyk kali bug nya,0.0,Negatif,-2.0,Negatif,Negatif,train
burik ga bagus pelit,1,2026-07-26 01:54:34,burik tidak bagus pelit,burik tidak bagus pelit,-4.0,Negatif,-9.0,Negatif,Negatif,train
berat😂,1,2026-07-26 01:54:28,berat emoji_netral,berat emoji_netral,0.0,Negatif,0.0,Negatif,Negatif,test
"dapet tim sampah berturut-turut sampai 5 pertandingan, ga fair",1,2026-07-26 01:54:07,dapet tim sampah berturut turut pertandingan tidak fair,dapet tim sampah turut turut tanding tidak fair,-17.0,Negatif,-17.0,Negatif,Negatif,train
game yg suka lag sendiri g jls,1,2026-07-26 01:50:33,game suka lag sendiri g jls,game suka lag sendiri g jls,1.0,Positif,-2.0,Negatif,Negatif,train
"tidak adil, tim musuh jago, tim sendiri tolol, selalu lag, hapus aja ga sampah gaguna ini,dikit dikit di mute dikit dikit di mute.",1,2026-07-26 01:49:17,tidak adil tim musuh jago tim sendiri tolol selalu lag hapus aja tidak sampah gaguna dikit dikit mute dikit dikit mute,tidak adil tim musuh jago tim sendiri tolol selalu lag hapus aja tidak sampah gaguna dikit dikit mute dikit dikit mute,-42.0,Negatif,-45.0,Negatif,Negatif,train
game apaan sihh gak jelas banget,1,2026-07-26 01:48:20,game apaan sihh tidak jelas banget,game apa sihh tidak jelas banget,-6.0,Negatif,-6.0,Negatif,Negatif,train
game taik yang main bot semua benerin sistem nya nya la apaan bgt game kek gini kebanyakan bot nya,1,2026-07-26 01:45:27,game taik main bot semua benerin sistem nya nya la apaan banget game kek gini kebanyakan bot nya,game taik main bot semua benerin sistem nya nya la apa banget game kek gin banyak bot nya,-13.0,Negatif,-13.0,Negatif,Negatif,train
gamenya sangat bagus dan sangan menarik buat tidak di mainkan lagi #banyakainya,5,2026-07-26 01:44:56,gamenya sangat bagus sangan menarik buat tidak mainkan banyakainya,gamenya sangat bagus sangan tarik buat tidak main banyakainya,-8.0,Negatif,-3.0,Negatif,Negatif,train
"Nggak malu sama Honor Of Kings montoon?,lu event aja banyak,bagus,tapi jaringan/server lu jelek,burik,tolong perbaikin ini game montoon,terkhusus jaringan,gw menderita main seperti ini,tolong baca montoon,setidaknya kalo jaringan udah bagus/server bagus ,gw rating 5 bintang ini game!",1,2026-07-26 01:41:19,tidak malu sama honor of kings moonton kamu event aja banyak bagus jaringan server kamu jelek burik perbaikin game moonton terkhusus jaringan menderita main baca moonton kalau jaringan udah bagus server bagus rating bintang game,tidak malu sama honor of kings moonton kamu event aja banyak bagus jaring server kamu jelek burik perbaikin game moonton khusus jaring derita main baca moonton kalau jaring udah bagus server bagus rating bintang game,-13.0,Negatif,2.0,Positif,Positif,train
"kurang darksistem, kasih musuh wajar aja, KURANGIN DARKSISTEM.",1,2026-07-26 01:38:44,kurang darksistem kasih musuh wajar aja kurangin darksistem,kurang darksistem kasih musuh wajar aja rangin darksistem,-7.0,Negatif,-7.0,Negatif,Negatif,train
asik bangett sampai ketagihann tpi aku nda bisa main rank soalnya msi master.tpi kurangnya waktu itu aku kill orang 13 kli mati 4 kli tpi dapat pedang silang yg dpt mvp mlh orang yg kil 6 kli mti 5 kli aduhh gak bress pdahal aku uda brusaha,4,2026-07-26 01:38:43,asik bangett ketagihann tpi aku nda main rank soalnya msi master tpi kurangnya waktu aku kill orang kli mati kli tpi pedang silang mvp mlh orang kil kli mti kli aduhh tidak bress pdahal aku uda brusaha,asik bangett ketagihann tpi aku nda main rank soal msi master tpi kurang waktu aku kill orang kli mati kli tpi pedang silang mvp mlh orang kil kli mti kli aduhh tidak bress pdahal aku uda brusaha,-7.0,Negatif,-7.0,Negatif,Negatif,test
oy ilangin dark system,5,2026-07-26 01:35:27,oy ilangin dark system,oy ilangin dark system,0.0,Positif,0.0,Positif,Positif,train
jangan tertipu sama ni game kalau baru main pasti lawannya mudah tapi nanti lama kelamaan lu di kasih kalah terus,1,2026-07-26 01:32:55,jangan tertipu sama ni game kalau baru main lawannya mudah lama kelamaan kamu kasih kalah terus,jangan tipu sama ni game kalau baru main lawan mudah lama lama kamu kasih kalah terus,-7.0,Negatif,-7.0,Negatif,Negatif,train
Reng warior musuh epic ples penjoki,1,2026-07-26 01:32:04,reng warior musuh epic ples penjoki,reng warior musuh epic ples joki,-4.0,Negatif,-4.0,Negatif,Negatif,train
"Bagus banget apalagi kalo dapet title itu gua seneng parah,tapi kenapa kadang kadang dapetin tim dark sistem,tapi gak papa sih soalnya dapet pengalaman baru yaitu gendong gendong tim",5,2026-07-26 01:31:04,bagus banget kalau dapet title seneng parah kadang kadang dapetin tim dark sistem tidak papa sih soalnya dapet pengalaman baru gendong gendong tim,bagus banget kalau dapet title neng parah kadang kadang dapetin tim dark sistem tidak papa sih soal dapet alam baru gendong gendong tim,-9.0,Negatif,-4.0,Negatif,Negatif,train
saya suka banget main game ini sangking seru nya lupa waktu,5,2026-07-26 01:27:37,suka banget main game sangking seru nya lupa waktu,suka banget main game sangking seru nya lupa waktu,3.0,Positif,6.0,Positif,Positif,train
game nya pilih kasih lawan jago tim bot,1,2026-07-26 01:26:56,game nya pilih kasih lawan jago tim bot,game nya pilih kasih lawan jago tim bot,-5.0,Negatif,-5.0,Negatif,Negatif,train
walau pun ini game bikin darting tapi okelah,5,2026-07-26 01:25:23,game bikin darting okelah,game bikin darting oke,2.0,Positif,2.0,Positif,Positif,train
habis ws mangkanya ku kasih bintang 5,5,2026-07-26 01:23:21,habis winstreak mangkanya ku kasih bintang,habis winstreak mangkanya ku kasih bintang,1.0,Positif,1.0,Positif,Positif,train
ᴡᴀʟᴀᴜᴘᴜɴ ᴀᴋᴜ ᴇᴘɪᴄ ᴛᴀᴘɪ ɢᴀᴍᴇᴘʟᴀʏ ᴍʟʙʙ ɪᴛᴜ sᴇʀᴜ˃͈◡˂͈,5,2026-07-26 01:20:02,walaupun aku epic gameplay mlbb seru,walaupun aku epic gameplay mlbb seru,1.0,Positif,4.0,Positif,Positif,train
gampang mainnya,5,2026-07-26 01:19:33,gampang mainnya,gampang main,1.0,Positif,1.0,Positif,Positif,train
banyak drak system,1,2026-07-26 01:18:11,banyak drak system,banyak drak system,0.0,Negatif,0.0,Negatif,Negatif,test
benerin game lu noh sinyal naik turun gajeles,1,2026-07-26 01:17:51,benerin game kamu noh sinyal naik turun gajeles,benerin game kamu noh sinyal naik turun gajeles,1.0,Positif,1.0,Positif,Positif,train
plis hilangkan role support sama hero nya,4,2026-07-26 01:16:49,plis hilangkan role support sama hero nya,plis hilang role support sama hero nya,7.0,Positif,7.0,Positif,Positif,train
"matchmaking tolol 5 kali dikasi tim anomali, giliran musuh dikasih tim yang kompak perbaiki dulu jaringan sama matchmakinhnya jangan ngurusin hero sama skin dulu",1,2026-07-26 01:15:44,matchmaking tolol kali dikasi tim anomali giliran musuh dikasih tim kompak perbaiki dulu jaringan sama matchmakinhnya jangan ngurusin hero sama skin dulu,matchmaking tolol kali kasi tim anomali gilir musuh kasih tim kompak baik dulu jaring sama matchmakinhnya jangan ngurusin hero sama skin dulu,-12.0,Negatif,-12.0,Negatif,Negatif,test
tolong ringankan sedikit untuk hp potato karena Minggu kemarin main stabil 60 fps semenjak update main kadang ngeframe dan fps tidak stabil karena menurut saya fps lebih penting karena lebih enak selebihnya bagus bagus aja,5,2026-07-26 01:14:51,ringankan sedikit handphone potato minggu kemarin main stabil fps semenjak update main kadang ngeframe fps tidak stabil fps lebih penting lebih enak selebihnya bagus bagus aja,ringan sedikit handphone potato minggu kemarin main stabil fps semenjak update main kadang ngeframe fps tidak stabil fps lebih penting lebih enak lebih bagus bagus aja,-7.0,Negatif,5.0,Positif,Positif,train
gak bisa ganti akun ngebug dan akun pertama dah di hapus gak kehapus tolong hapus akun ku saja,2,2026-07-26 01:13:20,tidak ganti akun ngebug akun pertama hapus tidak kehapus hapus akun ku,tidak ganti akun ngebug akun pertama hapus tidak hapus hapus akun ku,-16.0,Negatif,-16.0,Negatif,Negatif,train
plis lah kasih tim jangan yang bot semua!!!,1,2026-07-26 01:12:25,plis lah kasih tim jangan bot semua,plis lah kasih tim jangan bot semua,-7.0,Negatif,-7.0,Negatif,Negatif,train
tolong sortir lah itu player yg bot musnahin mengganggu pemain yg lain,5,2026-07-26 01:12:10,sortir lah player bot musnahin mengganggu pemain,sortir lah player bot musnahin ganggu main,-5.0,Negatif,-5.0,Negatif,Negatif,train
Terlalu banyak Dark Sistem yang membuat player selalu kalah,1,2026-07-26 01:08:31,terlalu banyak dark sistem membuat player selalu kalah,terlalu banyak dark sistem buat player selalu kalah,-10.0,Negatif,-10.0,Negatif,Negatif,train
yang mau ngilangin setres jangan main ini malah buat setres,4,2026-07-26 01:08:28,mau ngilangin setres jangan main malah buat setres,mau ngilangin tres jangan main malah buat tres,2.0,Positif,2.0,Positif,Positif,train
jangan main kebanyakan player jawa,1,2026-07-26 01:07:32,jangan main kebanyakan player jawa,jangan main banyak player jawa,-1.0,Negatif,-1.0,Negatif,Negatif,train
seru semoga sehabis kasih ulasan winstrek trus yaa aminn montonn,5,2026-07-26 01:07:24,seru semoga sehabis kasih ulasan winstrek trus yaa aminn montonn,seru moga habis kasih ulas winstrek trus yaa aminn montonn,4.0,Positif,7.0,Positif,Positif,test
game apa ni dark sistem semua mending pindah game aja gw moonton capek gw maen game lu gw mau pindah bs,1,2026-07-26 01:07:16,game apa ni dark sistem semua mending pindah game aja moonton capek maen game kamu mau pindah,game apa ni dark sistem semua mending pindah game aja moonton capek maen game kamu mau pindah,-1.0,Negatif,-1.0,Negatif,Negatif,train
montoon lu IQ nya dimana gw main di troll Mulu udh pertandingan gw di telatin biar apa ton,1,2026-07-26 01:02:52,moonton kamu iq nya main troll mulu pertandingan telatin apa ton,moonton kamu iq nya main troll mulu tanding telatin apa ton,-2.0,Negatif,-5.0,Negatif,Negatif,train
TOLONG DONG PIHAK MOONTON ML DI BENERIN MASA JARINGAN IJO TPI NGELAG LAMA² GW HAPUS NIH GANR,1,2026-07-26 01:02:47,dong pihak moonton ml benerin masa jaringan ijo tpi ngelag lama hapus nih ganr,dong pihak moonton ml benerin masa jaring ijo tpi ngelag lama hapus nih ganr,-11.0,Negatif,-14.0,Negatif,Negatif,train
"tolong game nya di perbaiki lagi, soal nya ngeleg padahal bagus sinyal nya jadi kalah main gua",3,2026-07-26 01:01:19,game nya perbaiki soal nya ngeleg padahal bagus sinyal nya jadi kalah main,game nya baik soal nya ngeleg padahal bagus sinyal nya jadi kalah main,-6.0,Negatif,-1.0,Negatif,Negatif,train
ngasih tim ga adil,1,2026-07-26 01:00:43,ngasih tim tidak adil,ngasih tim tidak adil,-9.0,Negatif,-9.0,Negatif,Negatif,train
bagus gamenya,5,2026-07-26 00:59:22,bagus gamenya,bagus gamenya,-2.0,Negatif,3.0,Positif,Positif,train
lose streak Mulu ajg,2,2026-07-26 00:57:31,lose streak mulu ajg,lose streak mulu ajg,1.0,Positif,1.0,Positif,Positif,train
Game sampa bikin stres game bikin emosi game degan player bodo sampah,1,2026-07-26 00:57:09,game sampa bikin stres game bikin emosi game degan player bodo sampah,game sampa bikin stres game bikin emosi game degan player bodo sampah,-8.0,Negatif,-8.0,Negatif,Negatif,train
"Admin apakah alangkah baiknya menciptakan fitur mlbb pro yang untuk hp hp raknya lebih dari 4 dan mlbb ringan untuk hp 2 3 gb an, untuk menambahkan populasi didunia mlbb Semoga dibalas terimakasih",5,2026-07-26 00:50:30,admin alangkah baiknya menciptakan fitur mlbb pro handphone handphone raknya lebih mlbb ringan handphone gb an menambahkan populasi didunia mlbb semoga dibalas terimakasih,admin alangkah baik cipta fitur mlbb pro handphone handphone rak lebih mlbb ringan handphone gb an tambah populasi dunia mlbb moga balas terimakasih,12.0,Positif,12.0,Positif,Positif,train
"main solo gak kaya dlu,sekarang susah nya minta ampun,,",1,2026-07-26 00:49:22,main solo tidak kaya dlu sekarang susah nya minta ampun,main solo tidak kaya dlu sekarang susah nya minta ampun,-9.0,Negatif,-9.0,Negatif,Negatif,train
apalah main jaringan hijau tapi ngelag gajelas bngt,1,2026-07-26 00:41:18,apalah main jaringan hijau ngelag gajelas banget,apa main jaring hijau ngelag gajelas banget,1.0,Positif,-2.0,Negatif,Negatif,train
game dajal gw main ini buat ngilangin stres tapi pas main malah tambah stres .gera paeh monton,1,2026-07-26 00:39:54,game dajal main buat ngilangin stres pas main malah tambah stres gera paeh moonton,game dajal main buat ngilangin stres pas main malah tambah stres gera paeh moonton,-4.0,Negatif,-4.0,Negatif,Negatif,train
"game aneh capek capek ngepush solo malah di tim ada yg legend 5,di musuh juga begitu tapi ex imo.",1,2026-07-26 00:38:54,game aneh capek capek ngepush solo malah tim legend musuh ex imo,game aneh capek capek ngepush solo malah tim legend musuh ex imo,-5.0,Negatif,-5.0,Negatif,Negatif,train
"kenapa aku gabisa login ke game, whyyy, awas aja sampe hilang akun ku",3,2026-07-26 00:37:52,aku gabisa login game whyy awas aja sampe hilang akun ku,aku gabisa login game whyy awas aja sampe hilang akun ku,4.0,Positif,4.0,Positif,Positif,train
jaringan hijau tapi pas main merah terus tiba tiba ngelag game lu noh rusak,1,2026-07-26 00:31:55,jaringan hijau pas main merah terus tiba tiba ngelag game kamu noh rusak,jaring hijau pas main merah terus tiba tiba ngelag game kamu noh rusak,7.0,Positif,4.0,Positif,Positif,train
kenapa setiap kurang 1 bintang naik ke rank berikut nya kok di kasih tim bot dan musuh jago ya kenapa ya ?,2,2026-07-26 00:26:28,kurang bintang naik rank berikut nya kok kasih tim bot musuh jago,kurang bintang naik rank ikut nya kok kasih tim bot musuh jago,-8.0,Negatif,-8.0,Negatif,Negatif,test
"sebernanya udh bagus ya moonton, tapi plis tolong kurangi orang² ngecheat di ml. udh banyak yg sering terjadi di saya, apalagi ini melanggar aturanya untuk ngecheat. jadi untuk update kedepan saya pengen ini dikurangi orang² yg suka main ngecheat",3,2026-07-26 00:21:50,sebernanya bagus moonton plis kurangi orang ngecheat ml banyak sering terjadi melanggar aturanya ngecheat jadi update kedepan pengen dikurangi orang suka main ngecheat,sebernanya bagus moonton plis kurang orang ngecheat ml banyak sering jadi langgar aturanya ngecheat jadi update depan ken rang orang suka main ngecheat,1.0,Positif,6.0,Positif,Positif,train
"woi montoon perbaiki la tim nya masa gw di kasih tim plenger musuh nya jago jago amat sekelas tim mpl,percuma ada skin baru trus tapi tim nya gak jelas semua gak tau dah gw mau ngomong apa hilang bintang gw 10,",1,2026-07-26 00:21:30,woi moonton perbaiki la tim nya masa kasih tim plenger musuh nya jago jago sekelas tim mpl percuma skin baru trus tim nya tidak jelas semua tidak tau mau ngomong apa hilang bintang,woi moonton baik la tim nya masa kasih tim plenger musuh nya jago jago kelas tim mpl percuma skin baru trus tim nya tidak jelas semua tidak tau mau ngomong apa hilang bintang,-20.0,Negatif,-20.0,Negatif,Negatif,train
"game ini sangat seru sampai aku legend dan temen ku kecanduan game online ini dan moonton aku pengen mythic biasa Aja boleh g ya moonton cita cita ku hanya mau mythic terimakasih banget moonton aku baru legend sekian terimakasi banyak MLBB KREATIF.....................,...................,.......?........................ .MLMLMLML....................,..........,....................................,.................,........,....................................................,.................",5,2026-07-26 00:21:26,game sangat seru aku legend temen ku kecanduan game online moonton aku pengen mythic biasa aja g moonton cita cita ku mau mythic terimakasih banget moonton aku baru legend sekian terimakasi banyak mlbb kreatif mlmlmlml,game sangat seru aku legend temen ku candu game online moonton aku ken mythic biasa aja g moonton cita cita ku mau mythic terimakasih banget moonton aku baru legend sekian terimakasi banyak mlbb kreatif mlmlmlml,19.0,Positif,22.0,Positif,Positif,train
my gemes favorit,5,2026-07-26 00:17:58,my gemes favorit,my gemes favorit,-2.0,Negatif,-2.0,Negatif,Negatif,train
"game ini menang skin bagus aja, tapi masalah di in game seperti crash saat bertanding dan lag di saat crusial di ranked tidak dibenahi. da mendunia tapi masalah seperti ini dianggap sampah sama pihak developer. masa kalah kualitasnya servernya dengan game MOBA lain. woi moontoon benahi tuh game mu jgn asik cari cuan terus dari jual skin skin mu. kenyamanan pelanggan mu gak kau jaga lama lama semua org muak main game kalian ini",1,2026-07-26 00:17:11,game menang skin bagus aja masalah in game crash bertanding lag crusial ranked tidak dibenahi da mendunia masalah dianggap sampah sama pihak developer masa kalah kualitasnya servernya game moba woi moontoon benahi tuh game mu jangan asik cari cuan terus jual skin skin mu kenyamanan pelanggan mu tidak kau jaga lama lama semua org muak main game kalian,game menang skin bagus aja masalah in game crash tanding lag crusial ranked tidak benah da dunia masalah anggap sampah sama pihak developer masa kalah kualitas servernya game moba woi moontoon benah tuh game mu jangan asik cari cuan terus jual skin skin mu nyaman langgan mu tidak kau jaga lama lama semua org muak main game kalian,-42.0,Negatif,-36.0,Negatif,Negatif,train
monton ini gimanasih gua main ml dari kls 2sd sampe udah tamat kok monton kasi gua tim yg lol temen lol 😮‍💨😭😭😭😭😭🌋🌋🌋🌋,1,2026-07-26 00:14:57,moonton gimanasih main ml kls sd sampe udah tamat kok moonton kasi tim lol temen lol emoji_negatif emoji_negatif emoji_negatif emoji_negatif emoji_negatif emoji_lain emoji_lain emoji_lain emoji_lain emoji_lain,moonton gimanasih main ml kls sd sampe udah tamat kok moonton kasi tim lol temen lol emoji_negatif emoji_negatif emoji_negatif emoji_negatif emoji_negatif emoji_lain emoji_lain emoji_lain emoji_lain emoji_lain,-8.0,Negatif,-8.0,Negatif,Negatif,train
gaming stress,1,2026-07-26 00:12:26,gaming stress,gaming stress,-5.0,Negatif,-5.0,Negatif,Negatif,train
"game gila,sistem mu rusak ton moonton masa gw dikasih tim darksystem musuhnya abang-abangan game paling buruk daripada semua game",1,2026-07-26 00:12:03,game gila sistem mu rusak ton moonton masa dikasih tim darksystem musuhnya abang abangan game paling buruk semua game,game gila sistem mu rusak ton moonton masa kasih tim darksystem musuh abang abangan game paling buruk semua game,-15.0,Negatif,-15.0,Negatif,Negatif,train
"Saya diberikan tim full bot di mode ranked dan saya kalah serta bintang saya menghilang padahal dapet tim bot. Tim lawan full player, gimana ga kalah coba? Ga adil banget game ini. Ga layak dimainkan sistem match making masih ampas. Halah optimal gimana coba masih jelek timnya, game terampas yg pernah saya mainkan. Tim saya tetap tolol sama kayak dev nya pembagian tim gak adil",1,2026-07-26 00:09:03,diberikan tim full bot mode ranked kalah bintang menghilang padahal dapet tim bot tim lawan full player gimana tidak kalah coba tidak adil banget game tidak layak dimainkan sistem match making ampas halah optimal gimana coba jelek timnya game terampas pernah mainkan tim tetap tolol sama kayak dev nya pembagian tim tidak adil,beri tim full bot mode ranked kalah bintang hilang padahal dapet tim bot tim lawan full player gimana tidak kalah coba tidak adil banget game tidak layak main sistem match making ampas halah optimal gimana coba jelek tim game ampas pernah main tim tetap tolol sama kayak dev nya bagi tim tidak adil,-60.0,Negatif,-60.0,Negatif,Negatif,train
apalah kalah Mulu aku main kalau aku kalah lagi aku hapus ml sekarang juga,1,2026-07-26 00:08:22,apalah kalah mulu aku main kalau aku kalah aku hapus ml sekarang,apa kalah mulu aku main kalau aku kalah aku hapus ml sekarang,-10.0,Negatif,-10.0,Negatif,Negatif,train
sangat hebat,5,2026-07-26 00:08:15,sangat hebat,sangat hebat,-2.0,Negatif,-2.0,Negatif,Negatif,train
kalo kasih tim yang kompak selalu ya,4,2026-07-26 00:06:47,kalau kasih tim kompak selalu,kalau kasih tim kompak selalu,-4.0,Negatif,-4.0,Negatif,Negatif,train
yang jelas napa kalo ngasi tim,1,2026-07-26 00:05:29,jelas napa kalau ngasi tim,jelas napa kalau ngasi tim,-9.0,Negatif,-9.0,Negatif,Negatif,train
seru lain kalijangan kasih aku tim derak sistem yaseru banget makasih ya,5,2026-07-26 00:04:13,seru kalijangan kasih aku tim derak sistem yaseru banget makasih,seru kalijangan kasih aku tim derak sistem yaseru banget makasih,-1.0,Negatif,2.0,Positif,Positif,train
halo gem ny seru,5,2026-07-26 00:02:54,halo gem ny seru,halo gem ny seru,1.0,Positif,4.0,Positif,Positif,train
game rusak ini... makin rusak ni game udah bnyk draksistem nya masih ad yg namanya bot/computer masa dmhonor ketemu bot.. gila dh ni gama,2,2026-07-26 00:00:03,game rusak makin rusak ni game udah bnyk draksistem nya ad namanya bot computer masa dmhonor ketemu bot gila dh ni gama,game rusak makin rusak ni game udah bnyk draksistem nya ad nama bot computer masa dmhonor ketemu bot gila dh ni gama,-5.0,Negatif,-5.0,Negatif,Negatif,train
"semakin kesini moonton makin gak jelas, katanya bertema legenda didalam game kenapa banyak hero yang gak jelas mulu rilis. apakah memenuhi pasar bagi orang yang cabul kah. sudah jauh dari legenda sekarang yang terakhir itu hero legenda yang rilis itu Khaleed. setelah itu dahlah padahal sudah banyak yang mengecam.",5,2026-07-25 23:58:32,semakin kesini moonton makin tidak jelas katanya bertema legenda didalam game banyak hero tidak jelas mulu rilis memenuhi pasar orang cabul jauh legenda sekarang terakhir hero legenda rilis khaleed dahlah padahal banyak mengecam,makin kesini moonton makin tidak jelas kata tema legenda dalam game banyak hero tidak jelas mulu rilis penuh pasar orang cabul jauh legenda sekarang akhir hero legenda rilis khaleed dah padahal banyak kecam,-9.0,Negatif,-9.0,Negatif,Negatif,train
"macth gak seimbang mulu makin update makin aneh macthmakingnya, tim lawan sama tim sendiri jauh perbedaan nya bisa bisanya lawan full imortal, di tim sendiri ada legend. tolong perbaiki kasihan yang push solo",1,2026-07-25 23:56:43,macth tidak seimbang mulu makin update makin aneh macthmakingnya tim lawan sama tim sendiri jauh perbedaan nya bisanya lawan full imortal tim sendiri legend perbaiki kasihan push solo,macth tidak imbang mulu makin update makin aneh macthmakingnya tim lawan sama tim sendiri jauh beda nya bisa lawan full imortal tim sendiri legend baik kasihan push solo,-24.0,Negatif,-24.0,Negatif,Negatif,train
player nya ramah-ramah wajib di coba game nya🥰,4,2026-07-25 23:53:55,player nya ramah ramah wajib coba game nya emoji_positif,player nya ramah ramah wajib coba game nya emoji_positif,5.0,Positif,5.0,Positif,Positif,train
"DEAR MOONTON, MAAF ATAS KOMENTAR SAYA SEBELUMNYA, TAPI SAYA MOHON KASIH SAYA MENANG, SAYA LELAH KALAH TERUS 😞, DAN SAYA INGIN SEKALI MENDAPATKAN EMOTE DYRROTH CRYING DARI BANG-BANG CARDS, KASIH SAYA EMOTE ITU JUGA YA, SEKALI LAGI SAYA MINTA MAAF ATAS KOMENTAR SEBELUM NYA 🙏.",5,2026-07-25 23:53:49,dear moonton maaf atas komentar sebelumnya mohon kasih menang lelah kalah terus sekali mendapatkan emote dyrroth crying bang bang cards kasih emote sekali minta maaf atas komentar nya emoji_negatif emoji_netral,dear moonton maaf atas komentar belum mohon kasih menang lelah kalah terus sekali dapat emote dyrroth crying bang bang cards kasih emote sekali minta maaf atas komentar nya emoji_negatif emoji_netral,-13.0,Negatif,-9.0,Negatif,Negatif,test
"saat kita bermain solo rank ketika penempatan dengan teman satu tim sangat buruk. game yang terlalu asal-asalan saat menentukan draft pick, tolong perbaiki lagi hal tersebut!!!",1,2026-07-25 23:52:11,bermain solo rank penempatan teman satu tim sangat buruk game terlalu asal asalan menentukan draft pick perbaiki tersebut,main solo rank tempat teman satu tim sangat buruk game terlalu asal asal tentu draft pick baik sebut,-8.0,Negatif,-8.0,Negatif,Negatif,test
seru & asik,5,2026-07-25 23:50:22,seru asik,seru asik,4.0,Positif,7.0,Positif,Positif,test
gw di kasih musuh yg keras padahal epic temen setim pokee tolong kasih musuh jangan keras²,2,2026-07-25 23:50:09,kasih musuh keras padahal epic temen setim pokee kasih musuh jangan keras,kasih musuh keras padahal epic temen tim pokee kasih musuh jangan keras,-9.0,Negatif,-9.0,Negatif,Negatif,train
kurang banyak bot kelen buat di game itu ! maen sendiri 4 lagi bot kelen semua ! game sampaaah !,1,2026-07-25 23:49:26,kurang banyak bot kelen buat game maen sendiri bot kelen semua game sampaah,kurang banyak bot kelen buat game maen sendiri bot kelen semua game sampaah,-5.0,Negatif,-5.0,Negatif,Negatif,train
"saya suka bantuin orang tua malah di kasih gak di kasih menang sama kamu montoon aku, cape di rank epic ya allah montoon pls ini nama akun ku ©®!KAWASAKI!©® ITU NAMA AKUN KUU MONTOON TOLONG LAG NAIKIN RANK AKU ATAU MAININ SAMA MONTOON SAAT AKU LAGI AFK AKU LAGI, BANTUIN ORANG TUA MONTOON TAPI HONOR SCORE SAMA MUSUH NYA YANG BOT AJA TERUS🥀",5,2026-07-25 23:48:38,suka bantuin orang tua malah kasih tidak kasih menang sama kamu moonton aku cape rank epic allah moonton pls nama akun ku kawasaki nama akun kuu moonton lag naikin rank aku mainin sama moonton aku afk aku bantuin orang tua moonton honor score sama musuh nya bot aja terus emoji_lain emoji_lain emoji_lain emoji_lain emoji_lain,suka bantuin orang tua malah kasih tidak kasih menang sama kamu moonton aku cape rank epic allah moonton pls nama akun ku kawasaki nama akun kuu moonton lag naikin rank aku mainin sama moonton aku afk aku bantuin orang tua moonton honor score sama musuh nya bot aja terus emoji_lain emoji_lain emoji_lain emoji_lain emoji_lain,-2.0,Negatif,-3.0,Negatif,Negatif,train
monton ngsih tim yang benar lah kaya botttt kali,1,2026-07-25 23:46:50,moonton ngsih tim benar lah kaya bott kali,moonton ngsih tim benar lah kaya bott kali,-6.0,Negatif,-6.0,Negatif,Negatif,train
banyk hadiah yg bagus🤩,5,2026-07-25 23:39:17,banyk hadiah bagus emoji_positif,banyk hadiah bagus emoji_positif,-1.0,Negatif,4.0,Positif,Positif,train
gila monton gak niat banget ngasih team anomali trus aja ada yg ngetroll gedek gw MVP team yg kalah trus,1,2026-07-25 23:38:02,gila moonton tidak niat banget ngasih team anomali trus aja ngetroll gedek mvp team kalah trus,gila moonton tidak niat banget ngasih team anomali trus aja ngetroll gedek mvp team kalah trus,-10.0,Negatif,-10.0,Negatif,Negatif,train
Game yang sangat ramah sampai saya dikatain yang tidak pantas dan menyuruh saya meninggalkan dunia,1,2026-07-25 23:36:06,game sangat ramah dikatain tidak pantas menyuruh meninggalkan dunia,game sangat ramah dikatain tidak pantas suruh tinggal dunia,-7.0,Negatif,-7.0,Negatif,Negatif,train
game nya burik ngelag banget aku sengaja kasih bintang 5 biar di jawab,5,2026-07-25 23:34:47,game nya burik ngelag banget aku sengaja kasih bintang jawab,game nya burik ngelag banget aku sengaja kasih bintang jawab,1.0,Positif,-2.0,Negatif,Negatif,train
bus menghilangkan setres ku,5,2026-07-25 23:33:17,bus menghilangkan setres ku,bus hilang tres ku,0.0,Positif,0.0,Positif,Positif,train
gemm nyaaa seruuu bangettt tapiii akuuuuu sering kalah jadi aku maless,5,2026-07-25 23:31:14,gemm nyaa seruu bangett tapii akuu sering kalah jadi aku maless,gemm nyaa seruu bangett tapi akuu sering kalah jadi aku maless,-3.0,Negatif,-3.0,Negatif,Negatif,train
tim nya pada beban tapi musuh nya jago udah lah jan di donlod,1,2026-07-25 23:29:57,tim nya beban musuh nya jago udah lah jan donlod,tim nya beban musuh nya jago udah lah jan donlod,-10.0,Negatif,-10.0,Negatif,Negatif,train
buat developer nya ini game nya seru banget cuma kadang² bikin stres tapi game nya tetep seru aku kasih bintang 5,5,2026-07-25 23:28:48,buat developer nya game nya seru banget cuma kadang bikin stres game nya tetep seru aku kasih bintang,buat developer nya game nya seru banget cuma kadang bikin stres game nya tetep seru aku kasih bintang,4.0,Positif,10.0,Positif,Positif,train
tidak ramah,1,2026-07-25 23:28:22,tidak ramah,tidak ramah,-7.0,Negatif,-7.0,Negatif,Negatif,train
bagus banget update terbaru nyaa,4,2026-07-25 23:24:53,bagus banget update terbaru nyaa,bagus banget update baru nyaa,3.0,Positif,8.0,Positif,Positif,train
game yatim,1,2026-07-25 23:23:09,game yatim,game yatim,2.0,Positif,2.0,Positif,Positif,train
Keren,5,2026-07-25 23:20:12,keren,keren,0.0,Positif,4.0,Positif,Positif,train
game ru$4k t1m nya terlalu aneh main gak bener kalau dapat tim yang kemampuan nya hampir sama dengan kita biar game serasa imbang tampa ada emosi dalam bermain dan jika kalah pun berarti musuh lebih jago dan itu masih bisa diterima dibandingkan jika tim nya bot/gak bisa main,1,2026-07-25 23:17:39,game ru k t m nya terlalu aneh main tidak bener kalau tim kemampuan nya hampir sama game serasa imbang tampa emosi bermain kalah berarti musuh lebih jago diterima dibandingkan tim nya bot tidak main,game ru k t m nya terlalu aneh main tidak bener kalau tim mampu nya hampir sama game serasa imbang tampa emosi main kalah arti musuh lebih jago terima banding tim nya bot tidak main,-18.0,Negatif,-18.0,Negatif,Negatif,train
kasih ali0 lawan Moonton,5,2026-07-25 23:14:15,kasih ali lawan moonton,kasih ali lawan moonton,-2.0,Negatif,-2.0,Negatif,Negatif,train
ini game aneh bet.sinyal gue bagus pas main tapi entah kenapa pas war/nyerang sinyal gue tuh langsung merah pas kembali normal tau tau uadah mati aja ayolah perbaiki sinyal nya.dan satu hal lagi masalah matcmaking yang ga seimabang kalo uadah los strek 5 kali wahh parah hp gue uadh pasti rusak,1,2026-07-25 23:12:16,game aneh bet sinyal bagus pas main entah pas war nyerang sinyal tuh langsung merah pas normal tau tau uadah mati aja ayolah perbaiki sinyal nya satu masalah matcmaking tidak seimabang kalau uadah los strek kali wahh parah handphone uadh rusak,game aneh bet sinyal bagus pas main entah pas war nyerang sinyal tuh langsung merah pas normal tau tau uadah mati aja ayo baik sinyal nya satu masalah matcmaking tidak seimabang kalau uadah los strek kali wahh parah handphone uadh rusak,-11.0,Negatif,-6.0,Negatif,Negatif,train
"Ampas, Match making gak jelas",1,2026-07-25 23:06:01,ampas match making tidak jelas,ampas match making tidak jelas,-6.0,Negatif,-6.0,Negatif,Negatif,train
seru dan bagus,5,2026-07-25 23:05:03,seru bagus,seru bagus,-2.0,Negatif,6.0,Positif,Positif,train
"game nya bgus ,tapi klo bisa buat chat pas udah selesai jangan di hapus,seru tapi aku punya saran collab sama demons slayer, misal tanjiro alucard, inosuke martis, zenitsu lancelot nah itu bagus tuh😎",5,2026-07-25 23:02:35,game nya bgus kalau buat chat pas udah selesai jangan hapus seru aku punya saran collab sama demons slayer misal tanjiro alucard inosuke martis zenitsu lancelot nah bagus tuh emoji_lain,game nya bgus kalau buat chat pas udah selesai jangan hapus seru aku punya saran collab sama demons slayer misal tanjiro alucard inosuke martis zenitsu lancelot nah bagus tuh emoji_lain,10.0,Positif,18.0,Positif,Positif,train
"season sekarang timnya jelek kali tapi musuh nya jago jago,tolong kasih tim sama lawan yang imbang montoon",1,2026-07-25 22:53:27,season sekarang timnya jelek kali musuh nya jago jago kasih tim sama lawan imbang moonton,season sekarang tim jelek kali musuh nya jago jago kasih tim sama lawan imbang moonton,-7.0,Negatif,-7.0,Negatif,Negatif,train
gemnya bagus,5,2026-07-25 22:44:03,gemnya bagus,gemnya bagus,-2.0,Negatif,3.0,Positif,Positif,train
"makin lama makin tidak waras pelayer nya, klo bisa dicek setiap pelayer ada yang melakukan kecurangan",1,2026-07-25 22:36:15,makin lama makin tidak waras pelayer nya kalau dicek pelayer melakukan kecurangan,makin lama makin tidak waras layer nya kalau cek layer laku curang,-5.0,Negatif,-5.0,Negatif,Negatif,train
"woe yatim benerin laah matchmaking lu ngtd,main di glory masih masih ketemu legend mawi tolol",1,2026-07-25 22:35:55,woe yatim benerin laah matchmaking kamu ngtd main glory ketemu legend mawi tolol,woe yatim benerin laah matchmaking kamu ngtd main glory ketemu legend mawi tolol,-4.0,Negatif,-4.0,Negatif,Negatif,train
WOW game ini seru sekali... ( kasih ws dong) 😹😹,5,2026-07-25 22:35:11,wow game seru sekali kasih winstreak dong emoji_netral emoji_netral,wow game seru sekali kasih winstreak dong emoji_netral emoji_netral,2.0,Positif,5.0,Positif,Positif,train
game nya bagus dan keren,5,2026-07-25 22:28:21,game nya bagus keren,game nya bagus keren,0.0,Positif,9.0,Positif,Positif,train
sangat detail tapi skin gratisannya GK Adak yg ber efek tebal jadi aku bagi reting 4 🌟🌟🌟🌟,4,2026-07-25 22:24:59,sangat detail skin gratisannya tidak adak ber efek tebal jadi aku reting emoji_positif emoji_positif emoji_positif emoji_positif,sangat detail skin gratis tidak adak ber efek tebal jadi aku reting emoji_positif emoji_positif emoji_positif emoji_positif,-2.0,Negatif,-2.0,Negatif,Negatif,train
"malu dong rating 3,7 doang",1,2026-07-25 22:24:06,malu dong rating doang,malu dong rating doang,-2.0,Negatif,-2.0,Negatif,Negatif,train
"kalo 5 bintang tandanya jangan ada lag, cheat dll.",5,2026-07-25 22:18:01,kalau bintang tandanya jangan lag cheat,kalau bintang tanda jangan lag cheat,-6.0,Negatif,-3.0,Negatif,Negatif,train
"kenapa gem ini sekarang, ko banyak ngebah nya saya menghubungkan ulang tapi ga ke gem nya Aden ini gem sekarang benerin lah monton",2,2026-07-25 22:13:14,gem sekarang ko banyak ngebah nya menghubungkan ulang tidak gem nya aden gem sekarang benerin lah moonton,gem sekarang ko banyak ngebah nya hubung ulang tidak gem nya aden gem sekarang benerin lah moonton,-5.0,Negatif,-5.0,Negatif,Negatif,train
"Game MOBA terbaik di seluler! Hero-heronya keren, gameplay-nya seru dan kompetitif, cocok banget buat mabar sama teman. Terima kasih Moonton untuk update dan event-event serunya!""",5,2026-07-25 22:12:53,game moba terbaik seluler hero heronya keren gameplay nya seru kompetitif cocok banget buat mabar sama teman terima kasih moonton update event event serunya,game moba baik seluler hero hero keren gameplay nya seru kompetitif cocok banget buat mabar sama teman terima kasih moonton update event event seru,16.0,Positif,23.0,Positif,Positif,train
harus nya lu tau knp gw kasih segini,1,2026-07-25 21:53:48,nya kamu tau kasih segini,nya kamu tau kasih gin,-3.0,Negatif,-3.0,Negatif,Negatif,test
"game merusak smartphone, penuh setingan , sytem makin ga jelass nickname=I L",1,2026-07-25 21:50:11,game merusak smartphone penuh setingan sytem makin tidak jelass nickname i l,game rusak smartphone penuh ting sytem makin tidak jelass nickname i l,0.0,Negatif,0.0,Negatif,Negatif,train
publik nya tolong diatur cape jadi exp mandiri TB gada yang yang peduli roam cuma TB ke jung sama gold tolong lah min dari jam 3 pagi saya main kalah melulu kalau wins streak ku kasih bintang 5 kalau ini 1 aja,1,2026-07-25 21:29:22,publik nya diatur cape jadi exp mandiri tb gada peduli roam cuma tb jung sama gold lah min jam pagi main kalah melulu kalau wins streak ku kasih bintang kalau aja,publik nya atur cape jadi exp mandiri tb gada peduli roam cuma tb jung sama gold lah min jam pagi main kalah melulu kalau wins streak ku kasih bintang kalau aja,-14.0,Negatif,-14.0,Negatif,Negatif,train
game burik gampang ngelang,1,2026-07-25 21:27:39,game burik gampang ngelang,game burik gampang ngelang,3.0,Positif,3.0,Positif,Positif,train
my favorit,5,2026-07-25 21:17:17,my favorit,my favorit,0.0,Positif,0.0,Positif,Positif,train
"aplikasi nya bagus animasi nya keren juga tapi ada bug pas mau main, nah kan harus persiapan, pas udah siap semua game nya nge stuck di situ terus gak ganti ganti yang pilih Hero, dah itu aja sih makasih ya",4,2026-07-25 21:16:15,aplikasi nya bagus animasi nya keren bug pas mau main nah kan persiapan pas udah siap semua game nya nge stuck situ terus tidak ganti ganti pilih hero aja sih makasih,aplikasi nya bagus animasi nya keren bug pas mau main nah kan siap pas udah siap semua game nya nge stuck situ terus tidak ganti ganti pilih hero aja sih makasih,4.0,Positif,11.0,Positif,Positif,train
"Game aneh, yg gobloggg selalu dikasih di tim gw, udah rusak ini game",1,2026-07-25 21:08:35,game aneh goblogg selalu dikasih tim udah rusak game,game aneh goblogg selalu kasih tim udah rusak game,1.0,Positif,1.0,Positif,Positif,train
rank epic sekarang GK kyk dulu gampang main solo juga cepet ke legend sekarang malah nambahin susah GK naik naik bintangya malah turun terus jadi males main cuma abisin waktu aja😏,1,2026-07-25 21:08:05,rank epic sekarang tidak kyk dulu gampang main solo cepet legend sekarang malah nambahin susah tidak naik naik bintangya malah turun terus jadi males main cuma abisin waktu aja emoji_lain,rank epic sekarang tidak kyk dulu gampang main solo cepet legend sekarang malah nambahin susah tidak naik naik bintangya malah turun terus jadi males main cuma abisin waktu aja emoji_lain,-17.0,Negatif,-17.0,Negatif,Negatif,test
game tho lol,1,2026-07-25 20:59:08,game tho lol,game tho lol,2.0,Positif,2.0,Positif,Positif,train
setiap main di kasih tim yang ga jls cape banget gendong nya main pou aja sono,1,2026-07-25 20:52:57,main kasih tim tidak jls cape banget gendong nya main pou aja sono,main kasih tim tidak jls cape banget gendong nya main pou aja sono,-10.0,Negatif,-10.0,Negatif,Negatif,test
GAME KONTOLL BUKAN SUSAH MUSUH MALAH SUSAH TEAM ANJENG,1,2026-07-25 20:52:56,game kontoll bukan susah musuh malah susah team anjeng,game kontoll bukan susah musuh malah susah team anjeng,-9.0,Negatif,-9.0,Negatif,Negatif,test
buat game kontoll,1,2026-07-25 20:52:08,buat game kontoll,buat game kontoll,3.0,Positif,3.0,Positif,Positif,test
bagus banget game mu montoon tapi boleh gak aku mau skin? 😞,5,2026-07-25 20:47:38,bagus banget game mu moonton tidak aku mau skin emoji_negatif,bagus banget game mu moonton tidak aku mau skin emoji_negatif,-1.0,Negatif,4.0,Positif,Positif,train
Kapan Dikasih Tim Yang Setara Ketemu Nya Poke Mulu Dan Troll Jaringan Ngebug Mulu Udh Dikasih Tim Poke Jaringan Buruk Ngerugiin Banget,1,2026-07-25 20:46:48,kapan dikasih tim setara ketemu nya poke mulu troll jaringan ngebug mulu dikasih tim poke jaringan buruk ngerugiin banget,kapan kasih tim tara ketemu nya poke mulu troll jaring ngebug mulu kasih tim poke jaring buruk ngerugiin banget,-5.0,Negatif,-8.0,Negatif,Negatif,test
Game idiot,1,2026-07-25 20:45:16,game idiot,game idiot,-3.0,Negatif,-3.0,Negatif,Negatif,train
gem atau apk yng tidak disarang untuk di download mendapatkan bentang 1 pun tidak layak ni gem sekali lagi Jagan didownload,1,2026-07-25 20:44:45,gem apk yng tidak disarang download mendapatkan bentang tidak layak ni gem sekali jagan didownload,gem apk yng tidak sarang download dapat bentang tidak layak ni gem sekali jagan didownload,-11.0,Negatif,-11.0,Negatif,Negatif,train
game gk guna. untung gk pernah habisin lagi uang di game ni. 100℅ lebih enak pubg dri pada ni game. balik game aku by by game gk guna.,1,2026-07-25 20:43:11,game tidak untung tidak pernah habisin uang game ni c o lebih enak pubg dri ni game balik game aku by by game tidak,game tidak untung tidak pernah habisin uang game ni c o lebih enak pubg dri ni game balik game aku by by game tidak,-7.0,Negatif,-5.0,Negatif,Negatif,test
game nya bagus tapi lostreak terus sia bere wees atuh,2,2026-07-25 20:42:50,game nya bagus lostreak terus sia bere wees atuh,game nya bagus lostreak terus sia bere wees atuh,-6.0,Negatif,-1.0,Negatif,Negatif,train
"please moonton, sistem macthmaking perbaiki, intinya, game ini ga adil buat player solo, harus nya tim sama musuh setara, ya minimal setara dari rank and high rank, terus, untuk tim dan lawan, harus nya setara sama kita, ya minimal dari rank and high rank, lebih bagus kalo bisa detail, seperti wr and segala macem, jangan cuma banyakin skin, untuk skin sama isi game, udah bagus semua, tinggal itu aja, menurut saya, utamain dulu yang player butuhin, kaya sistem macthmaking adil, mundurin replay",3,2026-07-25 20:38:57,please moonton sistem macthmaking perbaiki intinya game tidak adil buat player solo nya tim sama musuh setara minimal setara rank and high rank terus tim lawan nya setara sama minimal rank and high rank lebih bagus kalau detail winrate and segala macem jangan cuma banyakin skin skin sama isi game udah bagus semua tinggal aja utamain dulu player butuhin kaya sistem macthmaking adil mundurin replay,please moonton sistem macthmaking baik inti game tidak adil buat player solo nya tim sama musuh tara minimal tara rank and high rank terus tim lawan nya tara sama minimal rank and high rank lebih bagus kalau detail winrate and segala macem jangan cuma banyakin skin skin sama isi game udah bagus semua tinggal aja utamain dulu player butuhin kaya sistem macthmaking adil mundurin replay,-26.0,Negatif,-16.0,Negatif,Negatif,train
"tolong dong system di perbaikin lagi sinyal gw udah 5G loh main game lain malah lancar banget kok tiba tiba pas main ml malah ngelag nya mintak ampun merah merah mulu bikin ga nyaman buat main, terus untuk team game play tolong di perbaikin lagi gw udah berapa kali play tapi ga ada menang"" nya kan aneh sedangkan team dari lawan selalu menang terus itu memang sengaja di kasih squad yang dark system atau gimana, TOLONG DONG PIHAK DEVELOPER PERBAIKAN NYA BANYAK PLAYER YANG UDAH GA NYAMAN.",1,2026-07-25 20:34:58,dong system perbaikin sinyal udah g loh main game malah lancar banget kok tiba tiba pas main ml malah ngelag nya mintak ampun merah merah mulu bikin tidak nyaman buat main terus team game play perbaikin udah berapa kali play tidak menang nya kan aneh team lawan selalu menang terus memang sengaja kasih squad dark system gimana dong pihak developer perbaikan nya banyak player udah tidak nyaman,dong system perbaikin sinyal udah g loh main game malah lancar banget kok tiba tiba pas main ml malah ngelag nya mintak ampun merah merah mulu bikin tidak nyaman buat main terus team game play perbaikin udah berapa kali play tidak menang nya kan aneh team lawan selalu menang terus memang sengaja kasih squad dark system gimana dong pihak developer baik nya banyak player udah tidak nyaman,-11.0,Negatif,-14.0,Negatif,Negatif,train
BAGUS BANGET,5,2026-07-25 20:29:47,bagus banget,bagus banget,-1.0,Negatif,4.0,Positif,Positif,train
game tholol,1,2026-07-25 20:29:10,game tholol,game tholol,2.0,Positif,2.0,Positif,Positif,train
"Game apa sih ni banyak user cacad, banyak cheater,,pihak game tolong di minimal kan user cacad dan user cheat Anjng lah",1,2026-07-25 20:24:40,game apa sih ni banyak user cacad banyak cheater pihak game minimal kan user cacad user cheat anjng lah,game apa sih ni banyak user cacad banyak cheater pihak game minimal kan user cacad user cheat anjng lah,-5.0,Negatif,-9.0,Negatif,Negatif,train
"monton tolong lah kalo naik tuh naik dari jam 7 sampe jam 3 malem, ngepush naik turun naik turun apalah",1,2026-07-25 20:19:16,moonton lah kalau naik tuh naik jam sampe jam malem ngepush naik turun naik turun apalah,moonton lah kalau naik tuh naik jam sampe jam malem ngepush naik turun naik turun apa,-4.0,Negatif,-4.0,Negatif,Negatif,train
"ditemukan sama tim yang tidak imbang,tim lawan jauh lebih bagus.",3,2026-07-25 20:18:00,ditemukan sama tim tidak imbang tim lawan jauh lebih bagus,temu sama tim tidak imbang tim lawan jauh lebih bagus,-17.0,Negatif,-12.0,Negatif,Negatif,train
kenapa selalu kalau ikut war langsung leg coba infonya,2,2026-07-25 20:08:06,selalu kalau ikut war langsung leg coba infonya,selalu kalau ikut war langsung leg coba info,0.0,Negatif,0.0,Negatif,Negatif,train
"Beli Diamond sampai sekarang Ga Masuk"" Diamond nya",1,2026-07-25 20:07:26,beli diamond sekarang tidak masuk diamond nya,beli diamond sekarang tidak masuk diamond nya,3.0,Positif,3.0,Positif,Positif,train
"INI GAME RUSAK ASLI,DAPET TIM GA PERNAH BERES SEDANGKAN MUSUH NYA JAGO,MATCHMAKING GAPERNAH SEIMBANG,INI APK MENDING DI UNINSTALL AJA GAGUNA",1,2026-07-25 20:07:06,game rusak asli dapet tim tidak pernah beres musuh nya jago matchmaking gapernah seimbang apk mending uninstall aja gaguna,game rusak asli dapet tim tidak pernah beres musuh nya jago matchmaking gapernah imbang apk mending uninstall aja gaguna,-8.0,Negatif,-8.0,Negatif,Negatif,train
moonton kyk pemerintah..rakyat mau senang naik level aja dikasih darksistem...Uda dikasi draftpik teman ga beres...g imbang sama lawan..giliran. ngetrol g boleh maen...,1,2026-07-25 20:06:59,moonton kyk pemerintah rakyat mau senang naik level aja dikasih darksistem uda dikasi draftpik teman tidak beres g imbang sama lawan giliran ngetrol g maen,moonton kyk perintah rakyat mau senang naik level aja kasih darksistem uda kasi draftpik teman tidak beres g imbang sama lawan gilir ngetrol g maen,9.0,Positif,9.0,Positif,Positif,train
"game apaan ini, padahal rank masih gm, dikasih menang, kalah, menang, kalah terus, habis²in waktu, udh ketebak juga kalo yg main player bot yg udh di setting ama moonton, intinya game pembuang waktu sesat",1,2026-07-25 19:56:24,game apaan padahal rank gm dikasih menang kalah menang kalah terus habis in waktu ketebak kalau main player bot setting ama moonton intinya game pembuang waktu sesat,game apa padahal rank gm kasih menang kalah menang kalah terus habis in waktu tebak kalau main player bot setting ama moonton inti game buang waktu sesat,-15.0,Negatif,-7.0,Negatif,Negatif,train
"Sistem matchmaking kayak dibebanin ke solo player, capek maenin ini game tolol development nya",1,2026-07-25 19:55:49,sistem matchmaking kayak dibebanin solo player capek maenin game tolol development nya,sistem matchmaking kayak dibebanin solo player capek maenin game tolol development nya,-8.0,Negatif,-8.0,Negatif,Negatif,train
makin stress kalo main game ini. drak sistem semua yang dikasih monton.,1,2026-07-25 19:50:03,makin stress kalau main game drak sistem semua dikasih moonton,makin stress kalau main game drak sistem semua kasih moonton,-7.0,Negatif,-7.0,Negatif,Negatif,train
game stres,1,2026-07-25 19:49:52,game stres,game stres,-2.0,Negatif,-2.0,Negatif,Negatif,test
GUA GLORY KNPA DIKSI TIM LEGEND TRS KONTOLLL MUSUHNYA SETARA TIMNYA GA SETARA KASI MATCHING YG BNR JGN KBNYKN EVENT DOANG MMK,1,2026-07-25 19:31:28,glory knpa diksi tim legend terus kontoll musuhnya setara timnya tidak setara kasi matching bnr jangan kbnykn event doang mmk,glory knpa diksi tim legend terus kontoll musuh tara tim tidak tara kasi matching bnr jangan kbnykn event doang mmk,-15.0,Negatif,-15.0,Negatif,Negatif,train
Game Bang sattt,1,2026-07-25 19:27:25,game bang satt,game bang satt,2.0,Positif,2.0,Positif,Positif,train
TOLONG TIM NYA DIPERBAIKI DAN LEBIH TEGAS LAGI UNTUK DEVELOPER BAGI PEMAIN YANG MELAKUKAN FEED SESAMA TIM MASA KALAH SAMA HOK&EPEP,1,2026-07-25 19:25:25,tim nya diperbaiki lebih tegas developer pemain melakukan feed sesama tim masa kalah sama hok epep,tim nya baik lebih tegas developer main laku feed sama tim masa kalah sama hok epep,-11.0,Negatif,-11.0,Negatif,Negatif,train
tolong di benahin servernya banyak player yg ngetrol.dan bodoh dan bikin beban,1,2026-07-25 19:24:56,benahin servernya banyak player ngetrol bodoh bikin beban,benahin servernya banyak player ngetrol bodoh bikin beban,-5.0,Negatif,-5.0,Negatif,Negatif,test
"gamee luu baguss, cumaa minimal kasihh team yg bagus juga kocakk... musuh jago semua, tapi di team temennya kayak monyettt!!!!",1,2026-07-25 19:22:23,gamee luu baguss cumaa minimal kasihh team bagus kocakk musuh jago semua team temennya kayak monyett,gamee luu baguss cumaa minimal kasihh team bagus kocakk musuh jago semua team temennya kayak monyett,-9.0,Negatif,-4.0,Negatif,Negatif,train
"game taiiiii, mendingan main Honor of kings",1,2026-07-25 19:14:28,game taii mendingan main honor of kings,game taii mending main honor of kings,-1.0,Negatif,-1.0,Negatif,Negatif,train
game bagus draft picknya role sesuai yang kita suka,5,2026-07-25 19:11:11,game bagus draft picknya role sesuai suka,game bagus draft picknya role sesuai suka,5.0,Positif,10.0,Positif,Positif,test
tolong lah kasih team yang bener gendong 4 orang tolok kepala keras batu capek moonton,1,2026-07-25 19:10:36,lah kasih team bener gendong orang tolok kepala keras batu capek moonton,lah kasih team bener gendong orang tolok kepala keras batu capek moonton,4.0,Positif,4.0,Positif,Positif,train
game tay,1,2026-07-25 19:04:14,game tay,game tay,2.0,Positif,2.0,Positif,Positif,train
"game tidak se imbang lawan nya, montoon ga seru game jelek mending hapus aja dari play store",1,2026-07-25 19:02:49,game tidak se imbang lawan nya moonton tidak seru game jelek mending hapus aja play store,game tidak se imbang lawan nya moonton tidak seru game jelek mending hapus aja play store,-18.0,Negatif,-21.0,Negatif,Negatif,train
"sistem nya ga adil,tim saya kaya pemula yang baru main,sedangkan tim musuh udah pro dan udah tau makro mikro,tim yang saya dapat selalu buruk dan tidak bisa main,saya jadi kalah berturut turut,bukanya main game untuk menghilangkan stres,malah bikin nambah stres,bikin marah,karna kalah lebih banyak daripada menang,saya selalu menggendong tim saya yang bodoh,tolong sistem nya perhatikan,harus setara sesama tim,untuk menciptakan pertandingan yang adil dan seru.",2,2026-07-25 19:01:46,sistem nya tidak adil tim kaya pemula baru main tim musuh udah pro udah tau makro mikro tim selalu buruk tidak main jadi kalah berturut turut bukanya main game menghilangkan stres malah bikin nambah stres bikin marah kalah lebih banyak menang selalu menggendong tim bodoh sistem nya perhatikan setara sesama tim menciptakan pertandingan adil seru,sistem nya tidak adil tim kaya mula baru main tim musuh udah pro udah tau makro mikro tim selalu buruk tidak main jadi kalah turut turut buka main game hilang stres malah bikin nambah stres bikin marah kalah lebih banyak menang selalu gendong tim bodoh sistem nya perhati tara sama tim cipta tanding adil seru,-75.0,Negatif,-68.0,Negatif,Negatif,train
"gua kasih 4 biar ke up,kalo bikin game sistem team nya kasih yang sepadan lah masa rank tinggi di kasih team rank rendah ga adil banget, pokonya perbaiki lagi dah sistem match nya",4,2026-07-25 19:01:06,kasih up kalau bikin game sistem team nya kasih sepadan lah masa rank tinggi kasih team rank rendah tidak adil banget pokonya perbaiki sistem match nya,kasih up kalau bikin game sistem team nya kasih padan lah masa rank tinggi kasih team rank rendah tidak adil banget poko baik sistem match nya,-13.0,Negatif,-13.0,Negatif,Negatif,train
"ngasih tim binatang mulu ntah ada masalah apa monton ni, game rusak",1,2026-07-25 18:49:43,ngasih tim binatang mulu ntah masalah apa moonton ni game rusak,ngasih tim binatang mulu ntah masalah apa moonton ni game rusak,-8.0,Negatif,-8.0,Negatif,Negatif,test
"game busuk udh sering dapet tim anomali feeder semua direport pun ga diterima, giliran gw yg dapet coklat bisa""nya kena report 2x, bikin pecah kepala maen ni game. udh gitu servernya dari dlu kaga pernah dibenerin, 3-5ms tiba"" jumping ke 300+ms??? mending gw uninstall ni game, udh dapet tim busuk bikin kepala sakit servernya pula ikutan busuk.",1,2026-07-25 18:44:30,game busuk sering dapet tim anomali feeder semua direport tidak diterima giliran dapet coklat nya kena report x bikin pecah kepala maen ni game gitu servernya dlu tidak pernah dibenerin ms tiba jumping ms mending uninstall ni game dapet tim busuk bikin kepala sakit servernya ikutan busuk,game busuk sering dapet tim anomali feeder semua direport tidak terima gilir dapet coklat nya kena report x bikin pecah kepala maen ni game gitu servernya dlu tidak pernah dibenerin ms tiba jumping ms mending uninstall ni game dapet tim busuk bikin kepala sakit servernya ikut busuk,-25.0,Negatif,-25.0,Negatif,Negatif,train
"matchmaking, krisis player exp, solo vs trio trus",1,2026-07-25 18:39:27,matchmaking krisis player exp solo vs trio trus,matchmaking krisis player exp solo vs trio trus,-2.0,Negatif,-2.0,Negatif,Negatif,train
"tolong developer segera perbaiki sistem matchmkingnya, sudah banyak keluhan dari player terkait ketidakseimbangan matchmaking dimana tim lawan selalu lebih unggul dari tim rekan, baik dari segi draft, strategi bermain, penguasaan Hero dan laning. sedangkan tim rekan seringkali diisi oleh player yang tidak bisa memahami aturan permainan, tidak menguasai Hero, dan tidak menjalankan makro sama sekali. saya sudah pernah mengirim kritik dan saran di cs namun tidak ada tindakan lanjutan dari developer",1,2026-07-25 18:38:06,developer segera perbaiki sistem matchmkingnya banyak keluhan player terkait ketidakseimbangan matchmaking tim lawan selalu lebih unggul tim rekan baik segi draft strategi bermain penguasaan hero laning tim rekan seringkali diisi player tidak memahami aturan permainan tidak menguasai hero tidak menjalankan makro sama sekali pernah mengirim kritik saran cs tidak tindakan lanjutan developer,developer segera baik sistem matchmkingnya banyak keluh player kait ketidakseimbangan matchmaking tim lawan selalu lebih unggul tim rekan baik segi draft strategi main kuasa hero laning tim rekan seringkali isi player tidak paham atur main tidak kuasa hero tidak jalan makro sama sekali pernah kirim kritik saran cs tidak tindak lanjut developer,-49.0,Negatif,-49.0,Negatif,Negatif,train
game caduk,1,2026-07-25 18:37:25,game caduk,game caduk,2.0,Positif,2.0,Positif,Positif,train
terima kasih atas tim nob nya thenk montoon,5,2026-07-25 18:36:28,terima kasih atas tim nob nya thenk moonton,terima kasih atas tim nob nya thenk moonton,-5.0,Negatif,-5.0,Negatif,Negatif,train
halah monton,1,2026-07-25 18:29:59,halah moonton,halah moonton,-5.0,Negatif,-5.0,Negatif,Negatif,train
oi brawl itu diperbaiki lah yakali gua dikasih Hero nya itu itu aja ditambah Xavier gak pernah ketemu lagi dikasih Hero sora Sora Sora kayak bagus aja Hero jelek tuh,1,2026-07-25 18:28:57,oi brawl diperbaiki lah yakali dikasih hero nya aja ditambah xavier tidak pernah ketemu dikasih hero sora sora sora kayak bagus aja hero jelek tuh,oi brawl baik lah yakali kasih hero nya aja tambah xavier tidak pernah ketemu kasih hero sora sora sora kayak bagus aja hero jelek tuh,-11.0,Negatif,-6.0,Negatif,Negatif,train
"cuma habiskan waktu kalian,, mending dwonload game lain,kalah menang di atur monton sendiri,",1,2026-07-25 18:27:53,cuma habiskan waktu kalian mending dwonload game kalah menang atur moonton sendiri,cuma habis waktu kalian mending dwonload game kalah menang atur moonton sendiri,-10.0,Negatif,-6.0,Negatif,Negatif,train
oii montol vexana gilakk lu kasih lord sm skill bikin oleng,5,2026-07-25 18:24:06,oii moonton vexana gilakk kamu kasih lord sama skill bikin oleng,oii moonton vexana gilakk kamu kasih lord sama skill bikin oleng,4.0,Positif,4.0,Positif,Positif,test
"dark sistem semakin parah, solo player dirugikan",1,2026-07-25 18:22:05,dark sistem semakin parah solo player dirugikan,dark sistem makin parah solo player rugi,-5.0,Negatif,-5.0,Negatif,Negatif,train
saya senang memainkan game ini,5,2026-07-25 18:17:47,senang memainkan game,senang main game,3.0,Positif,3.0,Positif,Positif,test
kasih tim yang bener jing,3,2026-07-25 18:15:47,kasih tim bener jing,kasih tim bener jing,-1.0,Negatif,-1.0,Negatif,Negatif,train
setelah update makin aneh gua gasengaja ke close dari game terus login kembali eh gabisa lanjutkan permainan bukan sekali dua kali terjadi udah berkali kali.. gua hubungi cs juga ga berguna Mending gua habus ini game kont*,1,2026-07-25 18:14:54,update makin aneh gasengaja close game terus login eh gabisa lanjutkan permainan bukan sekali kali terjadi udah berkali kali hubungi cs tidak berguna mending habus game kont,update makin aneh gasengaja close game terus login eh gabisa lanjut main bukan sekali kali jadi udah kali kali hubung cs tidak guna mending habus game kont,-5.0,Negatif,-5.0,Negatif,Negatif,train
"setelah 4 tahun pensi,setelah 4 kali akun hilang,gw mutusin,buat mengulang lagi,bermain ml,sebagai manusia biasa.",5,2026-07-25 18:14:44,tahun pensi kali akun hilang mutusin buat mengulang bermain ml manusia biasa,tahun pensi kali akun hilang mutusin buat ulang main ml manusia biasa,1.0,Positif,1.0,Positif,Positif,train
game bodoh membuat naik darah lebih baik jangan di install daripada sakit hati kalian,1,2026-07-25 18:14:10,game bodoh membuat naik darah lebih baik jangan install sakit hati kalian,game bodoh buat naik darah lebih baik jangan install sakit hati kalian,2.0,Positif,2.0,Positif,Positif,train
"game, nya banyak komputer nya memang gh game gak punya otak bego dongo emang player banyak yg di mainin komputer, pantesan reting nya jlk game nya aja gk adil, kalah sama game sebelah reting nya lebih bagus",5,2026-07-25 18:13:21,game nya banyak komputer nya memang gh game tidak punya otak bego dongo emang player banyak mainin komputer pantesan reting nya jlk game nya aja tidak adil kalah sama game sebelah reting nya lebih bagus,game nya banyak komputer nya memang gh game tidak punya otak bego dongo emang player banyak mainin komputer pantesan reting nya jlk game nya aja tidak adil kalah sama game belah reting nya lebih bagus,-13.0,Negatif,-8.0,Negatif,Negatif,train
gamenya mksa banget udah itu mati suri lagi heheheh tapi boong ayo mainkan ml sekarang juga,5,2026-07-25 18:12:53,gamenya mksa banget udah mati suri heheheh boong ayo mainkan ml sekarang,gamenya mksa banget udah mati suri heheheh boong ayo main ml sekarang,-1.0,Negatif,-1.0,Negatif,Negatif,train
"game yang udah penuh cheater ping gak jelas hijau merah paketan banyak full.sistem game juga udah gak jelas.masih honor ketemu rank tingkat imo ke atas.Match making udah buruk.season paling buruk season ini.kalau solo ketemu tim wr 50 ke bawah gak sesuai sistem nya.perbaiki sistem nya lagi.hero""udah bagus banyak player bikin susah.alias poke.dari awal season solo terus ketemu player troll.Harusnya hukuman yang troll di beratkan Ban atau mute rank kalau gak mute Chat sama voice.perbaiki sistem",1,2026-07-25 18:12:23,game udah penuh cheater ping tidak jelas hijau merah paketan banyak full sistem game udah tidak jelas honor ketemu rank tingkat imo atas match making udah buruk season paling buruk season kalau solo ketemu tim winrate bawah tidak sesuai sistem nya perbaiki sistem nya hero udah bagus banyak player bikin susah alias poke awal season solo terus ketemu player troll harusnya hukuman troll beratkan ban mute rank kalau tidak mute chat sama voice perbaiki sistem,game udah penuh cheater ping tidak jelas hijau merah paket banyak full sistem game udah tidak jelas honor ketemu rank tingkat imo atas match making udah buruk season paling buruk season kalau solo ketemu tim winrate bawah tidak sesuai sistem nya baik sistem nya hero udah bagus banyak player bikin susah alias poke awal season solo terus ketemu player troll harus hukum troll rat ban mute rank kalau tidak mute chat sama voice baik sistem,-38.0,Negatif,-43.0,Negatif,Negatif,train
"game gjls di kasih team bot truss bikin stress, mending main game laen",1,2026-07-25 18:11:40,game gjls kasih team bot truss bikin stress mending main game laen,game gjls kasih team bot truss bikin stress mending main game laen,-2.0,Negatif,-2.0,Negatif,Negatif,test
"Game aneh, main solo selalu dapet tim yang gak jelas, ga seimbang ga adil, perbaiki sistemnya montoon,",1,2026-07-25 18:07:58,game aneh main solo selalu dapet tim tidak jelas tidak seimbang tidak adil perbaiki sistemnya moonton,game aneh main solo selalu dapet tim tidak jelas tidak imbang tidak adil baik sistem moonton,-12.0,Negatif,-12.0,Negatif,Negatif,train
"masalah jaringan tolong moonton diperbaiki lagi, masa setiap main sering banget lag jumping, padahal wifi aman aman aja. tolong masalah ""JARINGAN"" diperbaiki lagi. terima kasih",3,2026-07-25 18:06:57,masalah jaringan moonton diperbaiki masa main sering banget lag jumping padahal wifi aman aman aja masalah jaringan diperbaiki terima kasih,masalah jaring moonton baik masa main sering banget lag jumping padahal wifi aman aman aja masalah jaring baik terima kasih,-2.0,Negatif,-5.0,Negatif,Negatif,train
Uda bosen main game ini pemilihan tim GK jls selalu ketemu Mabar Mulu mls,1,2026-07-25 18:06:39,uda bosen main game pemilihan tim tidak jls selalu ketemu mabar mulu mls,uda bosen main game pilih tim tidak jls selalu ketemu mabar mulu mls,-13.0,Negatif,-13.0,Negatif,Negatif,train
seru aku suka ml,5,2026-07-25 18:04:33,seru aku suka ml,seru aku suka ml,3.0,Positif,6.0,Positif,Positif,train
"game gajelas masa ada hero valir yang cc nya se abad, apus hero valir atau gua apus emel",1,2026-07-25 18:03:54,game gajelas masa hero valir cc nya se abad apus hero valir apus emel,game gajelas masa hero valir cc nya se abad apus hero valir apus emel,2.0,Positif,2.0,Positif,Positif,test
kenapa gw di kasih tim yg kaga jelas semua minimal kasih tim yg sama sama jago gitu bukan yang tolol,1,2026-07-25 17:53:51,kasih tim tidak jelas semua minimal kasih tim sama sama jago gitu bukan tolol,kasih tim tidak jelas semua minimal kasih tim sama sama jago gitu bukan tolol,-4.0,Negatif,-4.0,Negatif,Negatif,train
di kasi tim apas terus tiap kali maen kalah terus,1,2026-07-25 17:48:59,kasi tim apas terus tiap kali maen kalah terus,kasi tim apas terus tiap kali maen kalah terus,-6.0,Negatif,-6.0,Negatif,Negatif,train
game terkontol yg pernah gw mainin matching gak adill rank gak sesuai terus,1,2026-07-25 17:48:12,game terkontol pernah mainin matching tidak adill rank tidak sesuai terus,game kontol pernah mainin matching tidak adill rank tidak sesuai terus,-13.0,Negatif,-13.0,Negatif,Negatif,train
tolong monton kalo lagi main jaringan jan di lag lag kin saya jdi kepental history jadi full afk ini termasuk ke gemes nya saya cuma mau cari ketenangan malah jadi kemarahan,2,2026-07-25 17:47:44,moonton kalau main jaringan jan lag lag kin jdi kepental history jadi full afk termasuk gemes nya cuma mau cari ketenangan malah jadi kemarahan,moonton kalau main jaring jan lag lag kin jdi pental history jadi full afk masuk gemes nya cuma mau cari tenang malah jadi marah,-15.0,Negatif,-23.0,Negatif,Negatif,train
game nya gk seimbang masa tim lawan jago² tim saya kaya ayam,1,2026-07-25 17:46:53,game nya tidak seimbang masa tim lawan jago tim kaya ayam,game nya tidak imbang masa tim lawan jago tim kaya ayam,-11.0,Negatif,-11.0,Negatif,Negatif,train
moonton tolol ngasih musuh yg gk wajar sedangkan tim nya busuk banget tolong lah moonton kasih musuh yg mudah lol,1,2026-07-25 17:45:21,moonton tolol ngasih musuh tidak wajar tim nya busuk banget lah moonton kasih musuh mudah lol,moonton tolol ngasih musuh tidak wajar tim nya busuk banget lah moonton kasih musuh mudah lol,-19.0,Negatif,-19.0,Negatif,Negatif,train
"saran buat moontooon kalau macth ranked player yg dapet coklat turunin 2/3 bintang biar mainnya gk pada ngetrol, yg MVP kga turun bintang 🙏",1,2026-07-25 17:43:44,saran buat moontoon kalau macth ranked player dapet coklat turunin bintang mainnya tidak ngetrol mvp kga turun bintang emoji_netral,saran buat moontoon kalau macth ranked player dapet coklat turunin bintang main tidak ngetrol mvp kga turun bintang emoji_netral,-6.0,Negatif,-6.0,Negatif,Negatif,train
"gem yang sangat buruk,dapat tim kalah trus jadi capek main nya",1,2026-07-25 17:42:03,gem sangat buruk tim kalah trus jadi capek main nya,gem sangat buruk tim kalah trus jadi capek main nya,-16.0,Negatif,-16.0,Negatif,Negatif,train
pembentukan tim makin aneh,1,2026-07-25 17:41:25,pembentukan tim makin aneh,bentuk tim makin aneh,-2.0,Negatif,-2.0,Negatif,Negatif,train
sistem nya sangat parah sampai di kasih bintang -20 pun kasih tidak pantas apalagi sistem mech nya ga waras tim honor mawi lawan nya imo glory ga logis jam terbang aja udh beda trus sistem len nya juga rusak jelas jelas saya user Jungler tapi saya malah di kasih len lain padahal saya sudah memilih yang benar tapi tetap saya tim nya yang ga waras buang buang waktu saja.,1,2026-07-25 17:40:59,sistem nya sangat parah kasih bintang kasih tidak pantas sistem mech nya tidak waras tim honor mawi lawan nya imo glory tidak logis jam terbang aja beda trus sistem len nya rusak jelas jelas user jungler malah kasih len padahal memilih benar tetap tim nya tidak waras buang buang waktu,sistem nya sangat parah kasih bintang kasih tidak pantas sistem mech nya tidak waras tim honor mawi lawan nya imo glory tidak logis jam terbang aja beda trus sistem len nya rusak jelas jelas user jungler malah kasih len padahal pilih benar tetap tim nya tidak waras buang buang waktu,-52.0,Negatif,-52.0,Negatif,Negatif,train
pasti selalu dapet bot sampe losestrike tolong jangan gitu dong moonton kasian player solo kalo begini terus,1,2026-07-25 17:40:06,selalu dapet bot sampe losestrike jangan gitu dong moonton kasian player solo kalau begini terus,selalu dapet bot sampe losestrike jangan gitu dong moonton kasi player solo kalau begini terus,-6.0,Negatif,-6.0,Negatif,Negatif,train
"hadirkan fitur pilih role tanpa minimal lane selain roam aku cuma mau main mid tapi selalu dapat role lain pilih 1 gak bisa, pilih 2 selalu gk kebagian mid apa justru sengaja karna macth mid ku banyak makanya gak pernah dapat mid?",1,2026-07-25 17:39:30,hadirkan fitur pilih role tanpa minimal lane roam aku cuma mau main mid selalu role pilih tidak pilih selalu tidak kebagian mid apa justru sengaja macth mid ku banyak makanya tidak pernah mid,hadir fitur pilih role tanpa minimal lane roam aku cuma mau main mid selalu role pilih tidak pilih selalu tidak bagi mid apa justru sengaja macth mid ku banyak makanya tidak pernah mid,-17.0,Negatif,-17.0,Negatif,Negatif,train
ga adil,1,2026-07-25 17:38:58,tidak adil,tidak adil,-6.0,Negatif,-6.0,Negatif,Negatif,train
"ls melulu, pdhl main dh bnr, tp mlh di ajakin tim nya yg gjls, wkw, emg sngja kli y",1,2026-07-25 17:35:34,losestreak melulu pdhl main dh bnr mlh ajakin tim nya gjls wkw emg sngja kli y,losestreak melulu pdhl main dh bnr mlh ajakin tim nya gjls wkw emg sngja kli y,-8.0,Negatif,-8.0,Negatif,Negatif,test
sengaja bet di lag lain biar gak bisa naik rank dasar game cacat,1,2026-07-25 17:32:43,sengaja bet lag tidak naik rank dasar game cacat,sengaja bet lag tidak naik rank dasar game cacat,-11.0,Negatif,-14.0,Negatif,Negatif,train
"akhir"" ini tim gua kek T41 semua gua kalah trus kek mana ini moonton nggak bisa diperbaiki lagi kah dalam hal kekompakan tim gua rasa nggak cuman gua yang kek gini update berikutnya tolong perbaiki moonton janginam ma moonton janginam",1,2026-07-25 17:32:33,akhir tim kek t semua kalah trus kek mana moonton tidak diperbaiki kekompakan tim rasa tidak cuman kek gini update berikutnya perbaiki moonton janginam ma moonton janginam,akhir tim kek t semua kalah trus kek mana moonton tidak baik kompak tim rasa tidak cuman kek gin update ikut baik moonton janginam ma moonton janginam,-27.0,Negatif,-27.0,Negatif,Negatif,test
"mantap, cuma banyak darksystem nya min",5,2026-07-25 17:30:52,mantap cuma banyak darksystem nya min,mantap cuma banyak darksystem nya min,2.0,Positif,2.0,Positif,Positif,test
sistem match making nya konyol kalo habis menang dapet timnya bot sampah,1,2026-07-25 17:30:46,sistem match making nya konyol kalau habis menang dapet timnya bot sampah,sistem match making nya konyol kalau habis menang dapet tim bot sampah,-13.0,Negatif,-9.0,Negatif,Negatif,train
musuh nya tidak setara teman saya bodoh,1,2026-07-25 17:27:28,musuh nya tidak setara teman bodoh,musuh nya tidak tara teman bodoh,-11.0,Negatif,-11.0,Negatif,Negatif,test
tolong lah montoon kalau ngasih matchmaking yg adil dikit lah aku glory ketemu nya Ama legend sedangkan musuhnya glory apaan³ dah ga adil bngt,3,2026-07-25 17:27:26,lah moonton kalau ngasih matchmaking adil dikit lah aku glory ketemu nya ama legend musuhnya glory apaan tidak adil banget,lah moonton kalau ngasih matchmaking adil dikit lah aku glory ketemu nya ama legend musuh glory apa tidak adil banget,-10.0,Negatif,-10.0,Negatif,Negatif,test
musuh tidak setara dan teman yang bodoh,1,2026-07-25 17:27:21,musuh tidak setara teman bodoh,musuh tidak tara teman bodoh,-11.0,Negatif,-11.0,Negatif,Negatif,train
ga jls ga bisa masuk pas abis draft pick,1,2026-07-25 17:24:34,tidak jls tidak masuk pas abis draft pick,tidak jls tidak masuk pas abis draft pick,-5.0,Negatif,-5.0,Negatif,Negatif,train
busuk,1,2026-07-25 17:24:25,busuk,busuk,-5.0,Negatif,-5.0,Negatif,Negatif,test
👍👍👍👍,4,2026-07-25 17:23:00,emoji_positif emoji_positif emoji_positif emoji_positif,emoji_positif emoji_positif emoji_positif emoji_positif,0.0,Positif,0.0,Positif,Positif,train
kasih gua ws dongg pilss capekk ls terusss,1,2026-07-25 17:22:38,kasih winstreak dongg pilss capekk losestreak teruss,kasih winstreak dongg pilss capekk losestreak teruss,1.0,Positif,1.0,Positif,Positif,test
"Game penambah stress, lose streak gak pernah menang rank masih epic match macking lama sistem sampah pensi aja gue",1,2026-07-25 17:22:07,game penambah stress lose streak tidak pernah menang rank epic match macking lama sistem sampah pensi aja,game tambah stress lose streak tidak pernah menang rank epic match macking lama sistem sampah pensi aja,-20.0,Negatif,-16.0,Negatif,Negatif,test
gini yah rasanya pakek hp baru dikira baru maen ml,5,2026-07-25 17:20:30,gini yah rasanya pakek handphone baru dikira baru maen ml,gin yah rasa pakek handphone baru kira baru maen ml,0.0,Positif,0.0,Positif,Positif,train
timnya tolol dark sistem kalo tim musuh GK tolol kayak tim kami geme kikir montonnnnn stn,1,2026-07-25 17:20:06,timnya tolol dark sistem kalau tim musuh tidak tolol kayak tim geme kikir montonn stn,tim tolol dark sistem kalau tim musuh tidak tolol kayak tim geme kikir montonn stn,-21.0,Negatif,-21.0,Negatif,Negatif,train
"menang kalah menang kalah gitu aja trus cuma menghabiskan waktu,bikin emosi bagus main game lain",1,2026-07-25 17:19:37,menang kalah menang kalah gitu aja trus cuma menghabiskan waktu bikin emosi bagus main game,menang kalah menang kalah gitu aja trus cuma habis waktu bikin emosi bagus main game,-17.0,Negatif,-4.0,Negatif,Negatif,train
"yg bnr kalo ngasih team, sesuai rolenya aja, bbrpa kali gak sesuai terus perasaan, perbaiki sistemnya, tolong, mksh",1,2026-07-25 17:17:23,bnr kalau ngasih team sesuai rolenya aja bbrpa kali tidak sesuai terus perasaan perbaiki sistemnya mksh,bnr kalau ngasih team sesuai rolenya aja bbrpa kali tidak sesuai terus asa baik sistem mksh,-1.0,Negatif,-1.0,Negatif,Negatif,train
"game ngntd kurangi dark sistem nya, dapat tim bot trus",1,2026-07-25 17:16:58,game ngntd kurangi dark sistem nya tim bot trus,game ngntd kurang dark sistem nya tim bot trus,-8.0,Negatif,-8.0,Negatif,Negatif,test
gem busuk,1,2026-07-25 17:13:48,gem busuk,gem busuk,-5.0,Negatif,-5.0,Negatif,Negatif,train
game penghilang stress,5,2026-07-25 17:13:29,game penghilang stress,game hilang stress,-3.0,Negatif,-3.0,Negatif,Negatif,train
settingan frame rate nya mentok tinggi ga bisa super padahal hp bisa,3,2026-07-25 17:12:01,settingan frame rate nya mentok tinggi tidak super padahal handphone,settingan frame rate nya mentok tinggi tidak super padahal handphone,-10.0,Negatif,-10.0,Negatif,Negatif,test
"menurut saya, sistem di game ini sangat tidak adil. banyak pemain (solo ranked) yang mengeluh karena dipertemukan dengan tim ataupun musuh yang sedang bermain bersama (mabar). jika mau main (solo ranked), seharusnya dipertemukan dengan tim ataupun musuh yg bermain (solo ranked) juga. soalnya kalo pemain yang sedang bermain bersama (mabar), itu biasanya tier rank nya berbeda beda, jadi bisa mempengaruhi kinerja di setiap tim.",1,2026-07-25 17:09:02,sistem game sangat tidak adil banyak pemain solo ranked mengeluh dipertemukan tim ataupun musuh sedang bermain bersama mabar mau main solo ranked dipertemukan tim ataupun musuh bermain solo ranked soalnya kalau pemain sedang bermain bersama mabar biasanya tier rank nya berbeda beda jadi mempengaruhi kinerja tim,sistem game sangat tidak adil banyak main solo ranked keluh temu tim atau musuh sedang main sama mabar mau main solo ranked temu tim atau musuh main solo ranked soal kalau main sedang main sama mabar biasa tier rank nya beda beda jadi pengaruh kerja tim,-29.0,Negatif,-29.0,Negatif,Negatif,train
karna ini gw kepengen jadi pemain ml,5,2026-07-25 17:08:54,kepengen jadi pemain ml,ken jadi main ml,-4.0,Negatif,-4.0,Negatif,Negatif,train
di kasih tim kagak becus,3,2026-07-25 17:06:51,kasih tim kagak becus,kasih tim kagak becus,-9.0,Negatif,-9.0,Negatif,Negatif,train
jujur dapet tim serasa computer musuh nya kaya uda IMO semua jadi di sini aku udah ga tahan ama tim ku,1,2026-07-25 17:03:29,jujur dapet tim serasa computer musuh nya kaya uda imo semua jadi sini aku udah tidak tahan ama tim ku,jujur dapet tim serasa computer musuh nya kaya uda imo semua jadi sini aku udah tidak tahan ama tim ku,-14.0,Negatif,-14.0,Negatif,Negatif,train
game taiiii jadi xp cuma buat di liatin doang,1,2026-07-25 17:02:08,game taii jadi xp cuma buat liatin doang,game taii jadi xp cuma buat liatin doang,-1.0,Negatif,-1.0,Negatif,Negatif,train
bagus bgt game nya yang waras hrus download agar menjadi tdk waras lagi +tim nya slalu bagus yg uda imo di kasi tim mentok legend masyaAllah bagus bgt pokona maa,5,2026-07-25 17:00:52,bagus banget game nya waras hrus download menjadi tdk waras tim nya slalu bagus uda imo kasi tim mentok legend masyaallah bagus banget pokona maa,bagus banget game nya waras hrus download jadi tdk waras tim nya slalu bagus uda imo kasi tim mentok legend masyaallah bagus banget pokona maa,-20.0,Negatif,-5.0,Negatif,Negatif,train
sangat memuaskan sekali,1,2026-07-25 16:58:16,sangat memuaskan sekali,sangat muas sekali,-3.0,Negatif,-3.0,Negatif,Negatif,train
game asu,1,2026-07-25 16:56:49,game asu,game asu,2.0,Positif,2.0,Positif,Positif,train
jelek apalah dikit dikit dikasih beban,1,2026-07-25 16:56:12,jelek apalah dikit dikit dikasih beban,jelek apa dikit dikit kasih beban,-18.0,Negatif,-18.0,Negatif,Negatif,train
"kenapa kredit skor gw turun gara2 di report orang, padahal main bener, dapet gold medal mlh diblg sengaja mengalah",1,2026-07-25 16:55:55,kredit skor turun gara report orang padahal main bener dapet gold medal mlh diblg sengaja mengalah,kredit skor turun gara report orang padahal main bener dapet gold medal mlh diblg sengaja kalah,-6.0,Negatif,-6.0,Negatif,Negatif,train
"halo kak, saya berkomitmen medapatkan permainan yang adil",2,2026-07-25 16:55:16,halo kak berkomitmen medapatkan permainan adil,halo kak komitmen medapatkan main adil,2.0,Positif,2.0,Positif,Positif,train
"game rusak ngetik team bisa kena mute aneh emang arti team apaan perbaiki lagi, sistem mu itu moonton",1,2026-07-25 16:54:32,game rusak ngetik team kena mute aneh emang arti team apaan perbaiki sistem mu moonton,game rusak ngetik team kena mute aneh emang arti team apa baik sistem mu moonton,-7.0,Negatif,-7.0,Negatif,Negatif,test
"tidak dapat protec bintang pas ada yg afk,banyak system hitam pula",2,2026-07-25 16:54:12,tidak protec bintang pas afk banyak system hitam,tidak protec bintang pas afk banyak system hitam,-6.0,Negatif,-8.0,Negatif,Negatif,train
"dasar game jelek, pas main lag bgt sampai gabisa ngapa ngapain, padahal sinyal saya bagus ga lag sama sekali 10ms loh kenapa pas loading screen ga nambah sama sekali, dan pas saat war lag parahh!!!",1,2026-07-25 16:53:21,dasar game jelek pas main lag banget gabisa ngapa ngapain padahal sinyal bagus tidak lag sama sekali ms loh pas loading screen tidak nambah sama sekali pas war lag parahh,dasar game jelek pas main lag banget gabisa ngapa ngapain padahal sinyal bagus tidak lag sama sekali ms loh pas loading screen tidak nambah sama sekali pas war lag parahh,-1.0,Negatif,1.0,Positif,Positif,train
eh moontom itu kalo tier bawah jangan di gabungin sama high tier gw udh ls 15x gaada menang moonton hamaaa,1,2026-07-25 16:53:07,eh moontom kalau tier bawah jangan gabungin sama high tier losestreak x gaada menang moonton hamaa,eh moontom kalau tier bawah jangan gabungin sama high tier losestreak x gaada menang moonton hamaa,-5.0,Negatif,-1.0,Negatif,Negatif,train
"moonton tolong lah jangan kau kasih tim yang kek baru main kek gimana gitu ,beri tim yang seimbang jangan yang kasih tim yang membuat keuntungan besar bagi lawan ,kami tau bahwa permainan harus adil tapi gimana letak keadilan nya kalau kek gini masa 231 Mach rank gak naik naik ,udah mau naik malah turun lagi masalahnya gak pernah ganti itu"" aja kalau gak jaringannya bugnya ,timnya yang kacau ,udah main semaksimal mungkin tapi kalau timnya kek gini mau apa aja juga tetap kalah astaga cape dah",3,2026-07-25 16:52:34,moonton lah jangan kau kasih tim kek baru main kek gimana gitu beri tim seimbang jangan kasih tim membuat keuntungan besar lawan tau permainan adil gimana letak keadilan nya kalau kek gini masa mach rank tidak naik naik udah mau naik malah turun masalahnya tidak pernah ganti aja kalau tidak jaringannya bugnya timnya kacau udah main semaksimal mungkin kalau timnya kek gini mau apa aja tetap kalah astaga cape,moonton lah jangan kau kasih tim kek baru main kek gimana gitu beri tim imbang jangan kasih tim buat untung besar lawan tau main adil gimana letak adil nya kalau kek gin masa mach rank tidak naik naik udah mau naik malah turun masalah tidak pernah ganti aja kalau tidak jaring bugnya tim kacau udah main maksimal mungkin kalau tim kek gin mau apa aja tetap kalah astaga cape,-36.0,Negatif,-36.0,Negatif,Negatif,train
apaan maen menang kalah menang kalah doang,1,2026-07-25 16:52:05,apaan maen menang kalah menang kalah doang,apa maen menang kalah menang kalah doang,-11.0,Negatif,-3.0,Negatif,Negatif,train
"terimakasih sudah nemenin kurang lebih 10 tahun ini, belajar main di season 3, mulai main di season 4, mulai dari kuliah semester 2 sekarang sudah punya kerjaan, sudah nikah dan sudah punya anak, sempat kehilangan akun 2 kali, tapi tetap kembali bermain, sekarang waktunya istirahat dahulu, mungkin akan kembali jika ada bintang dan rank khusus solo player, karena saya suka bermain solo, btw ini email istri saya thanks montooon byee..!!",3,2026-07-25 16:50:55,terimakasih nemenin kurang lebih tahun belajar main season mulai main season mulai kuliah semester sekarang punya kerjaan nikah punya anak sempat kehilangan akun kali tetap bermain sekarang waktunya istirahat mungkin bintang rank khusus solo player suka bermain solo btw email istri thanks moonton byee,terimakasih nemenin kurang lebih tahun ajar main season mulai main season mulai kuliah semester sekarang punya kerja nikah punya anak sempat hilang akun kali tetap main sekarang waktu istirahat mungkin bintang rank khusus solo player suka main solo btw email istri thanks moonton byee,16.0,Positif,16.0,Positif,Positif,test
ketidakadilan lingkungan bermain yg saya dapat kan,1,2026-07-25 16:49:23,ketidakadilan lingkungan bermain kan,ketidakadilan lingkung main kan,3.0,Positif,3.0,Positif,Positif,train
game mati suri,5,2026-07-25 16:47:07,game mati suri,game mati suri,0.0,Positif,0.0,Positif,Positif,test
udah lah gak usah kejar aku lagi aku muak sama game mu ditik tok ada yutub apa lagi udah 9 h loh aku gak main,1,2026-07-25 16:42:00,udah lah tidak usah kejar aku aku muak sama game mu ditik tok yutub apa udah h loh aku tidak main,udah lah tidak usah kejar aku aku muak sama game mu tik tok yutub apa udah h loh aku tidak main,-8.0,Negatif,-8.0,Negatif,Negatif,train
"udh ga beres ini game makin parah system nya, bocil berkeliaran, dark system berkeliaran, nyari duit doang lol lah, makin parah montoon, bocil2 dan boot beresin lah.... rusak rusak",1,2026-07-25 16:41:01,tidak beres game makin parah system nya bocil berkeliaran dark system berkeliaran nyari duit doang lol lah makin parah moonton bocil boot beresin lah rusak rusak,tidak beres game makin parah system nya bocil liar dark system liar nyari duit doang lol lah makin parah moonton bocil boot resin lah rusak rusak,-13.0,Negatif,-13.0,Negatif,Negatif,test
game bagus sinyal gak pernah di optimalkan admin lol,1,2026-07-25 16:39:42,game bagus sinyal tidak pernah optimalkan admin lol,game bagus sinyal tidak pernah optimal admin lol,-5.0,Negatif,0.0,Negatif,Negatif,test
perbedaan tier pada match tidak seimbang,3,2026-07-25 16:39:26,perbedaan tier match tidak seimbang,beda tier match tidak imbang,-7.0,Negatif,-7.0,Negatif,Negatif,train
ini ko ga bisa masuk stack di loading???,2,2026-07-25 16:37:31,ko tidak masuk stack loading,ko tidak masuk stack loading,-2.0,Negatif,-2.0,Negatif,Negatif,train
game rusak setelah match relog sendiri dan nggak bisa masuk kedalam game,1,2026-07-25 16:37:25,game rusak match relog sendiri tidak masuk kedalam game,game rusak match relog sendiri tidak masuk dalam game,-2.0,Negatif,-2.0,Negatif,Negatif,train
banyak tim yang ngetroll apa lagi kalau war di bawa 50%pasti dapat tim nya tolol terus,1,2026-07-25 16:36:51,banyak tim ngetroll apa kalau war bawa tim nya tolol terus,banyak tim ngetroll apa kalau war bawa tim nya tolol terus,-19.0,Negatif,-19.0,Negatif,Negatif,train
moonton asuuuu,1,2026-07-25 16:36:11,moonton asuu,moonton asuu,0.0,Negatif,0.0,Negatif,Negatif,train
Sulit tapi seru,5,2026-07-25 16:30:50,sulit seru,sulit seru,0.0,Positif,3.0,Positif,Positif,train
"game ini perlu ditingkatkan lagi karena bikin stres musuh dapat tim jago sedangkan saya selalu mendapat tim gajelas,jadi ini saran saya!",3,2026-07-25 16:29:19,game perlu ditingkatkan bikin stres musuh tim jago selalu mendapat tim gajelas jadi saran,game perlu tingkat bikin stres musuh tim jago selalu dapat tim gajelas jadi saran,-8.0,Negatif,-8.0,Negatif,Negatif,test
"Parah buat solo player sekarang, dapat team parah trus",5,2026-07-25 16:27:50,parah buat solo player sekarang team parah trus,parah buat solo player sekarang team parah trus,-6.0,Negatif,-6.0,Negatif,Negatif,train
"game buruk saran gw ga usah di dongload, masak setiap main musuh full glory propalyer sedangkan team busuk semua",1,2026-07-25 16:27:13,game buruk saran tidak usah dongload masak main musuh full glory propalyer team busuk semua,game buruk saran tidak usah dongload masak main musuh full glory propalyer team busuk semua,-15.0,Negatif,-15.0,Negatif,Negatif,train
memang bagus game nya. tapi monton tolong jangan kasih dark sistem terus dari tadi bintang saya naik turun terus,5,2026-07-25 16:26:34,memang bagus game nya moonton jangan kasih dark sistem terus tadi bintang naik turun terus,memang bagus game nya moonton jangan kasih dark sistem terus tadi bintang naik turun terus,-7.0,Negatif,-2.0,Negatif,Negatif,train
kasih bintang 1 aja soalnya game nya bukannya makin bagus malahan makin gak jelas kalo kasih match anomali semua isi nya betul betul lahh klo kasih tim orang mau main buat hilangin stres bukan nambah,1,2026-07-25 16:26:16,kasih bintang aja soalnya game nya bukannya makin bagus malahan makin tidak jelas kalau kasih match anomali semua isi nya betul betul lahh kalau kasih tim orang mau main buat hilangin stres bukan nambah,kasih bintang aja soal game nya bukan makin bagus malah makin tidak jelas kalau kasih match anomali semua isi nya betul betul lahh kalau kasih tim orang mau main buat hilangin stres bukan nambah,-17.0,Negatif,-12.0,Negatif,Negatif,train
satu kali lagi gua ketemu dark sistem gua uninstal ni game,1,2026-07-25 16:24:29,satu kali ketemu dark sistem uninstal ni game,satu kali ketemu dark sistem uninstal ni game,1.0,Positif,1.0,Positif,Positif,train
moonton terimakasih karna engkau saya lose streak 5 kali dan bertemu top global dan party jokian saya jadi mendapat pengalaman buruk 🥰🥰🥰🥰🥰🥰,1,2026-07-25 16:24:00,moonton terimakasih engkau lose streak kali bertemu top global party jokian jadi mendapat pengalaman buruk emoji_positif emoji_positif emoji_positif emoji_positif emoji_positif emoji_positif,moonton terimakasih engkau lose streak kali temu top global party joki jadi dapat alam buruk emoji_positif emoji_positif emoji_positif emoji_positif emoji_positif emoji_positif,7.0,Positif,7.0,Positif,Positif,train
game bikin streess,1,2026-07-25 16:23:25,game bikin streess,game bikin streess,2.0,Positif,2.0,Positif,Positif,train
kasih tim yang bener lah,1,2026-07-25 16:23:23,kasih tim bener lah,kasih tim bener lah,-1.0,Negatif,-1.0,Negatif,Negatif,test
geme nya gak enak di kasih tim gak jelas musuh nya juga jogo semua tim kita di kasih tim bot monton rasis gak usah download ini geme gak usah buat geme monton,1,2026-07-25 16:21:44,geme nya tidak enak kasih tim tidak jelas musuh nya jogo semua tim kasih tim bot moonton rasis tidak usah download geme tidak usah buat geme moonton,geme nya tidak enak kasih tim tidak jelas musuh nya jogo semua tim kasih tim bot moonton ras tidak usah download geme tidak usah buat geme moonton,-27.0,Negatif,-29.0,Negatif,Negatif,train
sumpah baik bet montoon ngasih gw kalah 12 kali kayanyah gw bakalh pensi ml lagih 🥲🥲🥲,5,2026-07-25 16:21:31,sumpah baik bet moonton ngasih kalah kali kayanyah bakalh pensi ml lagih emoji_negatif emoji_negatif emoji_negatif,sumpah baik bet moonton ngasih kalah kali kayanyah bakalh pensi ml lagih emoji_negatif emoji_negatif emoji_negatif,-1.0,Negatif,-1.0,Negatif,Negatif,train
"najis banget jaringan hijau pun tetep lag, banyak bag dll, kadang kasih tim yang kek ta* musuh gg, main game bukannya buat ngeredain stres malah makin stres males main, langsung ambruk mood ku",2,2026-07-25 16:19:35,najis banget jaringan hijau tetep lag banyak bag kadang kasih tim kek ta musuh gg main game bukannya buat ngeredain stres malah makin stres males main langsung ambruk mood ku,najis banget jaring hijau tetep lag banyak bag kadang kasih tim kek ta musuh gg main game bukan buat ngeredain stres malah makin stres males main langsung ambruk mood ku,-18.0,Negatif,-18.0,Negatif,Negatif,test
lumayan banget sihhh,5,2026-07-25 16:18:58,lumayan banget sihh,lumayan banget sihh,-2.0,Negatif,-2.0,Negatif,Negatif,test
bug stak ga bisa login euy,1,2026-07-25 16:17:47,bug stak tidak login euy,bug stak tidak login euy,-5.0,Negatif,-7.0,Negatif,Negatif,train
Montoon sekarang pilih kasih,5,2026-07-25 16:16:51,moonton sekarang pilih kasih,moonton sekarang pilih kasih,-1.0,Negatif,-1.0,Negatif,Negatif,train
mengapa saya selalu di beri tim yang seperti bot hingga membuat saya losetreak??saya selalu mvp dan terus mendapatkan tim yg tidak seimbang dengan lawan.sangat kecewa!.,1,2026-07-25 16:15:01,selalu beri tim bot hingga membuat losetreak selalu mvp terus mendapatkan tim tidak seimbang lawan sangat kecewa,selalu beri tim bot hingga buat losetreak selalu mvp terus dapat tim tidak imbang lawan sangat kecewa,-19.0,Negatif,-19.0,Negatif,Negatif,train
"lu kalo buat sistem matching tu yang rada ngotak dikit, musuh full imo team sendiri mentok honor, adil adil gimana maksudnya",1,2026-07-25 16:14:50,kamu kalau buat sistem matching tu rada ngotak dikit musuh full imo team sendiri mentok honor adil adil gimana maksudnya,kamu kalau buat sistem matching tu rada ngotak dikit musuh full imo team sendiri mentok honor adil adil gimana maksud,-18.0,Negatif,-18.0,Negatif,Negatif,test
tolong di benerin game nya saya lagi main suka tiba² relog ga jelas udah gitu gak bisa masuk lagi,2,2026-07-25 16:14:16,benerin game nya main suka tiba relog tidak jelas udah gitu tidak masuk,benerin game nya main suka tiba relog tidak jelas udah gitu tidak masuk,-1.0,Negatif,-1.0,Negatif,Negatif,train
ini gem baby gak ada otak monton ya,1,2026-07-25 16:14:04,gem baby tidak otak moonton,gem baby tidak otak moonton,-3.0,Negatif,-3.0,Negatif,Negatif,train
"repetitif,bosen,bikin emosi ga seru",1,2026-07-25 16:13:55,repetitif bosen bikin emosi tidak seru,repetitif bosen bikin emosi tidak seru,-10.0,Negatif,-13.0,Negatif,Negatif,train
saya baru saja buat akun beberapa jam yang lalu dan saya main solo sampai gm 3 b4 dengan ws 31 dan al hasil ws saya pecah gegara team saya yang computer tidak mau recal pas team yang lain mati 3 termasuk saya 1 komputer nya malah tidak mau recal kan konyol seharusnya computer itu di sistem harus tau atau memahami bagaimana dasar' nya contohnya seperti kita harus recal di saat team kita rata bukanya malah tetap clear saya sungguh kecewa sangat' kecewa walaupun saya sudah memainkan ni game lama,1,2026-07-25 16:13:50,baru buat akun beberapa jam lalu main solo gm b winstreak al hasil winstreak pecah gegara team computer tidak mau recal pas team mati termasuk komputer nya malah tidak mau recal kan konyol computer sistem tau memahami bagaimana dasar nya contohnya recal team rata bukanya malah tetap clear sungguh kecewa sangat kecewa walaupun memainkan ni game lama,baru buat akun beberapa jam lalu main solo gm b winstreak al hasil winstreak pecah gegara team computer tidak mau recal pas team mati masuk komputer nya malah tidak mau recal kan konyol computer sistem tau paham bagaimana dasar nya contoh recal team rata buka malah tetap clear sungguh kecewa sangat kecewa walaupun main ni game lama,-19.0,Negatif,-19.0,Negatif,Negatif,train
tolong service nya di perbaiki karena saya ga bisa masuk lagi setelah keluar gara gara lag,1,2026-07-25 16:13:35,service nya perbaiki tidak masuk keluar gara gara lag,service nya baik tidak masuk keluar gara gara lag,-13.0,Negatif,-16.0,Negatif,Negatif,train
game nya ada unsur tawuran dan ada unsur 18+ jadi gak cocok untuk anak anak dibawah umur,1,2026-07-25 16:12:42,game nya unsur tawuran unsur jadi tidak cocok anak anak dibawah umur,game nya unsur tawur unsur jadi tidak cocok anak anak bawah umur,-9.0,Negatif,-9.0,Negatif,Negatif,train
"Sampai sekarang blom di benerin juga system matchmakingnya,dikasih tim troll,musuh honor padahal lagi maen di tier epic,udah dikasih 10x ls,gw coba maen mro malah makin parah,moonton gak profesional membuat system matchmaking,asal naro,tiba tiba2 lag,pelit emblem,moonton mending ganti rugi lagi aja ke Dev lol,biar mereka tau seberapa busuk matchmaking game ini",5,2026-07-25 16:11:50,sekarang blom benerin system matchmakingnya dikasih tim troll musuh honor padahal maen tier epic udah dikasih x losestreak coba maen mro malah makin parah moonton tidak profesional membuat system matchmaking asal naro tiba tiba lag pelit emblem moonton mending ganti rugi aja dev lol tau seberapa busuk matchmaking game,sekarang blom benerin system matchmakingnya kasih tim troll musuh honor padahal maen tier epic udah kasih x losestreak coba maen mro malah makin parah moonton tidak profesional buat system matchmaking asal naro tiba tiba lag pelit emblem moonton mending ganti rugi aja dev lol tau berapa busuk matchmaking game,-17.0,Negatif,-23.0,Negatif,Negatif,test
montonn tolong berantas cheater di game karna banyak cheater yang bertebaran di global saat bermain,1,2026-07-25 16:10:28,montonn berantas cheater game banyak cheater bertebaran global bermain,montonn berantas cheater game banyak cheater tebar global main,-3.0,Negatif,-11.0,Negatif,Negatif,train
kalau nyariin kawan yg imbang ton montoon masak glory di temukan legend abadi,5,2026-07-25 16:09:50,kalau nyariin kawan imbang ton moonton masak glory temukan legend abadi,kalau nyariin kawan imbang ton moonton masak glory temu legend abadi,0.0,Positif,0.0,Positif,Positif,train
mending gausah di maen nin ni game game rusak tim darsistem,1,2026-07-25 16:09:38,mending gausah maen nin ni game game rusak tim darsistem,mending gausah maen nin ni game game rusak tim darsistem,-3.0,Negatif,-3.0,Negatif,Negatif,train
game gblok buang waktu,1,2026-07-25 16:08:54,game gblok buang waktu,game gblok buang waktu,-1.0,Negatif,-1.0,Negatif,Negatif,train
"sinyal/jaringan bagus, tapi ngeleq. makin busuk",1,2026-07-25 16:06:41,sinyal jaringan bagus ngeleq makin busuk,sinyal jaring bagus ngeleq makin busuk,-6.0,Negatif,-1.0,Negatif,Negatif,train
"untuk game nya sudah bagus tapi untuk keseimbangan antara tim dan musuh itu sangat tidak adil tolong di perbaiki SEGERA!!,karena saya sudah capek bermain selalu mendapatkan tim dan musuh yang tidak adil!!,saya sering mendapatkan tim yang tidak kompa sementara tim musuh itu sangat kompak dan kuat sehingga sangat sulit untuk dikalahkan SEGERA PERBAIKI SISTEM KESEIMBANGAN TIM DAN MUSUH😠😠😠😠😠😠😠😠😠😠😠😠😠😠😠😠😠😠😠😠😠😠😠😠😠😠😠😠😠😠😠😠😠😠😠😠😠😠😠😠😠😠😠😠😠😠😠😠😠😠😠😠😠😠😠😠😠",3,2026-07-25 16:05:36,game nya bagus keseimbangan tim musuh sangat tidak adil perbaiki segera capek bermain selalu mendapatkan tim musuh tidak adil sering mendapatkan tim tidak kompa tim musuh sangat kompak kuat sangat sulit dikalahkan segera perbaiki sistem keseimbangan tim musuh emoji_negatif emoji_negatif emoji_negatif emoji_negatif emoji_negatif emoji_negatif emoji_negatif emoji_negatif emoji_negatif emoji_negatif emoji_negatif emoji_negatif emoji_negatif emoji_negatif emoji_negatif emoji_negatif emoji_negatif emoji_negatif emoji_negatif emoji_negatif emoji_negatif emoji_negatif emoji_negatif emoji_negatif emoji_negatif emoji_negatif emoji_negatif emoji_negatif emoji_negatif emoji_negatif emoji_negatif emoji_negatif emoji_negatif emoji_negatif emoji_negatif emoji_negatif emoji_negatif emoji_negatif emoji_negatif emoji_negatif emoji_negatif emoji_negatif emoji_negatif emoji_negatif emoji_negatif emoji_negatif emoji_negatif emoji_negatif emoji_negatif emoji_negatif emoji_negatif emoji_negatif emoji_negatif emoji_negatif emoji_negatif emoji_negatif emoji_negatif,game nya bagus imbang tim musuh sangat tidak adil baik segera capek main selalu dapat tim musuh tidak adil sering dapat tim tidak kompa tim musuh sangat kompak kuat sangat sulit kalah segera baik sistem imbang tim musuh emoji_negatif emoji_negatif emoji_negatif emoji_negatif emoji_negatif emoji_negatif emoji_negatif emoji_negatif emoji_negatif emoji_negatif emoji_negatif emoji_negatif emoji_negatif emoji_negatif emoji_negatif emoji_negatif emoji_negatif emoji_negatif emoji_negatif emoji_negatif emoji_negatif emoji_negatif emoji_negatif emoji_negatif emoji_negatif emoji_negatif emoji_negatif emoji_negatif emoji_negatif emoji_negatif emoji_negatif emoji_negatif emoji_negatif emoji_negatif emoji_negatif emoji_negatif emoji_negatif emoji_negatif emoji_negatif emoji_negatif emoji_negatif emoji_negatif emoji_negatif emoji_negatif emoji_negatif emoji_negatif emoji_negatif emoji_negatif emoji_negatif emoji_negatif emoji_negatif emoji_negatif emoji_negatif emoji_negatif emoji_negatif emoji_negatif emoji_negatif,-53.0,Negatif,-48.0,Negatif,Negatif,test
"banyak player yang bermain feed dan musuh yang kuat, tidak imbang sulit dapat menang, musuh terlalu kuat",1,2026-07-25 16:03:53,banyak player bermain feed musuh kuat tidak imbang sulit menang musuh terlalu kuat,banyak player main feed musuh kuat tidak imbang sulit menang musuh terlalu kuat,-18.0,Negatif,-14.0,Negatif,Negatif,train
"ml makin lama makin banyak buq nya jaringan wifi bagus pas masuk game merah tiba"" tolong di perbaiki",1,2026-07-25 16:01:30,ml makin lama makin banyak buq nya jaringan wifi bagus pas masuk game merah tiba perbaiki,ml makin lama makin banyak buq nya jaring wifi bagus pas masuk game merah tiba baik,0.0,Negatif,5.0,Positif,Positif,train
game nya bagus tapi tim nya kaya agus,5,2026-07-25 16:01:10,game nya bagus tim nya kaya agus,game nya bagus tim nya kaya agus,-4.0,Negatif,1.0,Positif,Positif,test
sukaaaaa lopee mlll,5,2026-07-25 16:01:05,sukaa lopee mll,sukaa lopee mll,0.0,Positif,0.0,Positif,Positif,train
"kntll, mau pindah akun aja susah tll",1,2026-07-25 15:59:08,kntll mau pindah akun aja susah tll,kntll mau pindah akun aja susah tll,0.0,Negatif,0.0,Negatif,Negatif,train
"Jangan bermain gameini semunya,gmae ini tidak layak dimainkan",1,2026-07-25 15:58:32,jangan bermain gameini semunya gmae tidak layak dimainkan,jangan main gameini semu gmae tidak layak main,-6.0,Negatif,-6.0,Negatif,Negatif,train
game taik skor kredit 79,1,2026-07-25 15:58:24,game taik skor kredit,game taik skor kredit,-3.0,Negatif,-3.0,Negatif,Negatif,train
"benerin machtmaking nya monton masa di glory dpt tim legend sedang musuh ex imo cape gwe ls Mulu, padahal pada main solo Napa bisa dpt player legend jembut",1,2026-07-25 15:57:14,benerin machtmaking nya moonton masa glory tim legend sedang musuh ex imo cape gwe losestreak mulu padahal main solo napa player legend jembut,benerin machtmaking nya moonton masa glory tim legend sedang musuh ex imo cape gwe losestreak mulu padahal main solo napa player legend jembut,-12.0,Negatif,-12.0,Negatif,Negatif,train
GK tau mau ngetik apa tapi saya suka MLBB🗿,4,2026-07-25 15:55:46,tidak tau mau ngetik apa suka mlbb emoji_netral,tidak tau mau ngetik apa suka mlbb emoji_netral,2.0,Positif,2.0,Positif,Positif,test
PERBAIKI JARINGANYA ATAU SAYA PINDAH HONOR OF KINGS PADAHAL JARINGAN SUDAH BAGUS TAPI MASIH NGELEG,1,2026-07-25 15:54:16,perbaiki jaringanya pindah honor of kings padahal jaringan bagus ngeleg,baik jaringanya pindah honor of kings padahal jaring bagus ngeleg,-5.0,Negatif,0.0,Negatif,Negatif,test
sangat bagus saya main game ini saya jadi gila,5,2026-07-25 15:54:15,sangat bagus main game jadi gila,sangat bagus main game jadi gila,-9.0,Negatif,-4.0,Negatif,Negatif,train
game dajal dk bisa login ulang ke game dongok game rusak game rusak kalo buat game tu kayak ff bisa login ulang jaringan dh bagus tapi GK bisa login ulang game dajal,1,2026-07-25 15:53:01,game dajal dk login ulang game dongok game rusak game rusak kalau buat game tu kayak ff login ulang jaringan dh bagus tidak login ulang game dajal,game dajal dk login ulang game dongok game rusak game rusak kalau buat game tu kayak ff login ulang jaring dh bagus tidak login ulang game dajal,-16.0,Negatif,-11.0,Negatif,Negatif,train
game seru,5,2026-07-25 15:52:42,game seru,game seru,2.0,Positif,5.0,Positif,Positif,train
"padahal 1 bintang, lagi naik malah kalah roam nya bukan tb sama janggel nya tolol",1,2026-07-25 15:50:03,padahal bintang naik malah kalah roam nya bukan tb sama janggel nya tolol,padahal bintang naik malah kalah roam nya bukan tb sama janggel nya tolol,-8.0,Negatif,-8.0,Negatif,Negatif,train
game gak jelas,1,2026-07-25 15:49:03,game tidak jelas,game tidak jelas,-1.0,Negatif,-1.0,Negatif,Negatif,test
ihh seru aku udah epic ikutin akun aku yah nXall_inCall,5,2026-07-25 15:46:36,ihh seru aku udah epic ikutin akun aku yah nxall_incall,ihh seru aku udah epic ikutin akun aku yah nxall incall,-3.0,Negatif,0.0,Positif,Positif,train
di kasih tim Kya 👹 semua padahal main AQ baguss 😭😭😭 ngeselin,1,2026-07-25 15:44:14,kasih tim kya semua padahal main baguss ngeselin emoji_negatif emoji_negatif emoji_negatif emoji_negatif,kasih tim kya semua padahal main baguss ngeselin emoji_negatif emoji_negatif emoji_negatif emoji_negatif,-11.0,Negatif,-11.0,Negatif,Negatif,train
nice,5,2026-07-25 15:43:58,nice,nice,4.0,Positif,4.0,Positif,Positif,train
moonton tolong kalo mvp tapi kalah jangan diturunin bintangnya cape lose trs kasih tim yang setara kek benci bnget 💜,2,2026-07-25 15:42:38,moonton kalau mvp kalah jangan diturunin bintangnya cape lose terus kasih tim setara kek benci bnget emoji_positif,moonton kalau mvp kalah jangan diturunin bintang cape lose terus kasih tim tara kek benci bnget emoji_positif,-14.0,Negatif,-14.0,Negatif,Negatif,train
oke gass,4,2026-07-25 15:41:59,oke gass,oke gass,2.0,Positif,2.0,Positif,Positif,test
sebenernya gamenya bagus bagus aja cuman saran aja fitur afk 3 menit di naikin jadi 5 menit kasian buat hp kentang yang nungguin nya lama sekitar 5 menit atau yang di isengin temen malah login ulang,5,2026-07-25 15:40:39,sebenernya gamenya bagus bagus aja cuman saran aja fitur afk menit naikin jadi menit kasian buat handphone kentang nungguin nya lama menit isengin temen malah login ulang,sebenernya gamenya bagus bagus aja cuman saran aja fitur afk menit naikin jadi menit kasi buat handphone kentang nungguin nya lama menit isengin temen malah login ulang,-11.0,Negatif,-3.0,Negatif,Negatif,train
apaan MONTOON ga jelas banget padahal sinyal kuat 4 ms.kok gw relog lagi di dlm in game ga bisa balik ke dlm game aneh emang game ini.mending pindah ke game sebelah ga jelas banget peringatan sinyal lemah segala macem udh jelas jelas sinyal 4-8 ms kenceng malah gabisa masuk gajelas ni montoon montoon,1,2026-07-25 15:40:21,apaan moonton tidak jelas banget padahal sinyal kuat ms kok relog dlm in game tidak balik dlm game aneh emang game mending pindah game sebelah tidak jelas banget peringatan sinyal lemah segala macem jelas jelas sinyal ms kenceng malah gabisa masuk gajelas ni moonton moonton,apa moonton tidak jelas banget padahal sinyal kuat ms kok relog dlm in game tidak balik dlm game aneh emang game mending pindah game belah tidak jelas banget ingat sinyal lemah segala macem jelas jelas sinyal ms kenceng malah gabisa masuk gajelas ni moonton moonton,-20.0,Negatif,-20.0,Negatif,Negatif,train
mantap sekarang sering lag/delay tiba² jadi makin semangat mainnya. jmbot tiba² pas mau main selalu macet bikin kredit score turun sampe 80 gara² macet jmbot. update malah makin parah,1,2026-07-25 15:39:16,mantap sekarang sering lag delay tiba jadi makin semangat mainnya jmbot tiba pas mau main selalu macet bikin kredit score turun sampe gara macet jmbot update malah makin parah,mantap sekarang sering lag delay tiba jadi makin semangat main jmbot tiba pas mau main selalu macet bikin kredit score turun sampe gara macet jmbot update malah makin parah,7.0,Positif,4.0,Positif,Positif,train
"game anji,di kasih tim computer mulu benerin dulu tuh game",1,2026-07-25 15:38:50,game anji kasih tim computer mulu benerin dulu tuh game,game anji kasih tim computer mulu benerin dulu tuh game,2.0,Positif,2.0,Positif,Positif,train
GAME IDIOT KETEMU PLAYER TROLL TRUS.,1,2026-07-25 15:37:41,game idiot ketemu player troll trus,game idiot ketemu player troll trus,-2.0,Negatif,-5.0,Negatif,Negatif,train
ngeleg gk jelas,1,2026-07-25 15:34:38,ngeleg tidak jelas,ngeleg tidak jelas,-3.0,Negatif,-3.0,Negatif,Negatif,train
jujur gua butuh buff alucard karna damagenya kurang bgt,5,2026-07-25 15:34:12,jujur butuh buff alucard damagenya kurang banget,jujur butuh buff alucard damagenya kurang banget,-6.0,Negatif,-6.0,Negatif,Negatif,train
bugny parah.,1,2026-07-25 15:33:46,bugny parah,bugny parah,-5.0,Negatif,-5.0,Negatif,Negatif,train
darksistem smua,2,2026-07-25 15:32:44,darksistem smua,darksistem smua,0.0,Negatif,0.0,Negatif,Negatif,test
"game perusak mental, tim yg di berikan tidak adil musuh nya jago. sedangkan tim kita terlalu cupu (harap jangan perhan dimainkan)",1,2026-07-25 15:32:33,game perusak mental tim berikan tidak adil musuh nya jago tim terlalu cupu harap jangan perhan dimainkan,game usak mental tim ikan tidak adil musuh nya jago tim terlalu cupu harap jangan perhan main,-19.0,Negatif,-19.0,Negatif,Negatif,train
luar biasa,5,2026-07-25 15:31:38,luar biasa,luar biasa,-2.0,Negatif,-2.0,Negatif,Negatif,train
"Game ini rusak gara2 developer melihara player tolol, bukannya ngasih sanksi tegas malah ngebiarin player tolol seenaknya, Pantesan banyak player pindah ke HOK",1,2026-07-25 15:31:28,game rusak gara developer melihara player tolol bukannya ngasih sanksi tegas malah ngebiarin player tolol seenaknya pantesan banyak player pindah hok,game rusak gara developer melihara player tolol bukan ngasih sanksi tegas malah ngebiarin player tolol enak pantesan banyak player pindah hok,-23.0,Negatif,-23.0,Negatif,Negatif,train
hapus aja ml biar hati kalian tenang teman,1,2026-07-25 15:30:34,hapus aja ml hati kalian tenang teman,hapus aja ml hati kalian tenang teman,2.0,Positif,2.0,Positif,Positif,test
"gak masuk akal ni game, bisa bisa main hampir 3 kali lebih gak ada yang menang, dapat tim pun dark sistem semua, nafsu kali pingin kill musuh, setiap main solo ketemu tim ampas terus, apalagi main di rank epic sama legend, memang tolol rata2 mainnya dan untuk jaringan ngelag kali, coba game lain lancar aja, kayak mana developer nya ni, perbaiki lah sistem nya",1,2026-07-25 15:30:33,tidak masuk akal ni game main hampir kali lebih tidak menang tim dark sistem semua nafsu kali pingin kill musuh main solo ketemu tim ampas terus main rank epic sama legend memang tolol rata mainnya jaringan ngelag kali coba game lancar aja kayak mana developer nya ni perbaiki lah sistem nya,tidak masuk akal ni game main hampir kali lebih tidak menang tim dark sistem semua nafsu kali pingin kill musuh main solo ketemu tim ampas terus main rank epic sama legend memang tolol rata main jaring ngelag kali coba game lancar aja kayak mana developer nya ni baik lah sistem nya,-25.0,Negatif,-32.0,Negatif,Negatif,train
game gajelas,1,2026-07-25 15:28:35,game gajelas,game gajelas,2.0,Positif,2.0,Positif,Positif,train
"game bikin stres dari legend 1 bintang 5 di kasih tim drak sistem Mulu jadi turun lagi ke epik,game gila mana ping nya buruk terus kalo maen, game stres",5,2026-07-25 15:27:46,game bikin stres legend bintang kasih tim drak sistem mulu jadi turun epik game gila mana ping nya buruk terus kalau maen game stres,game bikin stres legend bintang kasih tim drak sistem mulu jadi turun epik game gila mana ping nya buruk terus kalau maen game stres,-20.0,Negatif,-20.0,Negatif,Negatif,train
seru sih! seru tapi KLO malam rusak keluar sendiri mlu g jls pas gua lgi rising lgi Cok cape gua plis lah KLO lgi main rank atau lgi main ml jangan ry load cape gua,4,2026-07-25 15:26:55,seru sih seru kalau malam rusak keluar sendiri mlu g jls pas lgi rising lgi cok cape plis lah kalau lgi main rank lgi main ml jangan ry load cape,seru sih seru kalau malam rusak keluar sendiri mlu g jls pas lgi rising lgi cok cape plis lah kalau lgi main rank lgi main ml jangan ry load cape,-18.0,Negatif,-12.0,Negatif,Negatif,train
"game gjls, gua jago malah ketemu sm tim sistem gelap, makin banyak yg berbau porno",1,2026-07-25 15:25:51,game gjls jago malah ketemu sama tim sistem gelap makin banyak berbau porno,game gjls jago malah ketemu sama tim sistem gelap makin banyak bau porno,-6.0,Negatif,-6.0,Negatif,Negatif,train
game gajls macth making ga bner hpus aja game lu,1,2026-07-25 15:25:24,game gajls macth making tidak bner hpus aja game kamu,game gajls macth making tidak bner hpus aja game kamu,0.0,Negatif,0.0,Negatif,Negatif,train
Mau naik bintang aja susa.,1,2026-07-25 15:24:41,mau naik bintang aja susa,mau naik bintang aja susa,6.0,Positif,6.0,Positif,Positif,train
monton jmt,5,2026-07-25 15:24:08,moonton jmt,moonton jmt,0.0,Positif,0.0,Positif,Positif,train
"tolong apa, jangan mentang2 akun saya udah lama dari tahun 2017. setiap bertanding selalu gx seimbang, main 5 kali kalah 4 kali dan sekali menang. tolong lah tolong lah kenapa setiap matcmaking selalu lag atau BUG, padahal sudah menggunakan WiFi dan data",3,2026-07-25 15:23:24,apa jangan mentang akun udah lama tahun bertanding selalu gx seimbang main kali kalah kali sekali menang lah lah matcmaking selalu lag bug padahal menggunakan wifi data,apa jangan mentang akun udah lama tahun tanding selalu gx imbang main kali kalah kali sekali menang lah lah matcmaking selalu lag bug padahal guna wifi data,-18.0,Negatif,-19.0,Negatif,Negatif,test
"ngasih tim tuh yang jelas dikit napa dah, hah? udh berapa hari gua mainnya menang kalah menang kalah menang kalah, dan gua selalu MVP kalo gak gold. Kenapa bisa? ya karena tim yang lu kasih dodol tpi musuh yang lu kasih setara Onic bjir. Gua gk minta skin gratis, gua gk minta apa apa, gua cuman minta sistem matchmaking lu yang ampas itu diperbaikilah, drpd lu ngurus skin skin, dll..lu perbaiki sistem matchmaking lu. asli g karuan sistemnya.",1,2026-07-25 15:23:09,ngasih tim tuh jelas dikit napa hah berapa hari mainnya menang kalah menang kalah menang kalah selalu mvp kalau tidak gold tim kamu kasih dodol tpi musuh kamu kasih setara onic bjir tidak minta skin gratis tidak minta apa apa cuman minta sistem matchmaking kamu ampas diperbaikilah drpd kamu ngurus skin skin kamu perbaiki sistem matchmaking kamu asli g karuan sistemnya,ngasih tim tuh jelas dikit napa hah berapa hari main menang kalah menang kalah menang kalah selalu mvp kalau tidak gold tim kamu kasih dodol tpi musuh kamu kasih tara onic bjir tidak minta skin gratis tidak minta apa apa cuman minta sistem matchmaking kamu ampas baik drpd kamu ngurus skin skin kamu baik sistem matchmaking kamu asli g karuan sistem,-56.0,Negatif,-44.0,Negatif,Negatif,train
"game bikin stresss, musuh susah, temen bot... anehhh, gajelasss",1,2026-07-25 15:22:33,game bikin stress musuh susah temen bot anehh gajelass,game bikin stress musuh susah temen bot anehh gajelass,-12.0,Negatif,-12.0,Negatif,Negatif,train
gjls diksi tim jelek mulu bkin stres,1,2026-07-25 15:22:10,gjls diksi tim jelek mulu bkin stres,gjls diksi tim jelek mulu bkin stres,-12.0,Negatif,-12.0,Negatif,Negatif,train
"ga seimbang pembagian timnya, selalu se tim sama player afk atau rank di bawah tapi lawannya rank lebih tinggi tolong perbaiki lagi sistemnya",1,2026-07-25 15:20:09,tidak seimbang pembagian timnya selalu se tim sama player afk rank bawah lawannya rank lebih tinggi perbaiki sistemnya,tidak imbang bagi tim selalu se tim sama player afk rank bawah lawan rank lebih tinggi baik sistem,-4.0,Negatif,-6.0,Negatif,Negatif,train
Game sampah match gak jelas banyak dark sistem,1,2026-07-25 15:18:30,game sampah match tidak jelas banyak dark sistem,game sampah match tidak jelas banyak dark sistem,-9.0,Negatif,-9.0,Negatif,Negatif,test
game santai,5,2026-07-25 15:17:38,game santai,game santai,4.0,Positif,4.0,Positif,Positif,train
"ini game bikin hari hari lu hancur, mood lu hancur, kalo mau masih waras gk usah main game ini, percaya sama gua, dah banyak gua bakar waktu gua untuk main game ini dan gak dapat apa apa, dapat ~senang~ aja gak ada. ini pendapat ku terserah mau suka atau enggak. makasih",1,2026-07-25 15:15:29,game bikin hari hari kamu hancur mood kamu hancur kalau mau waras tidak usah main game percaya sama banyak bakar waktu main game tidak apa apa senang aja tidak pendapat ku terserah mau suka tidak makasih,game bikin hari hari kamu hancur mood kamu hancur kalau mau waras tidak usah main game percaya sama banyak bakar waktu main game tidak apa apa senang aja tidak dapat ku serah mau suka tidak makasih,-1.0,Negatif,-1.0,Negatif,Negatif,train
percuma guys ngasih ulasan jelek toh juga kga di tanggepin pindah game sebelah aja,1,2026-07-25 15:13:59,percuma guys ngasih ulasan jelek kga tanggepin pindah game sebelah aja,percuma guys ngasih ulas jelek kga tanggepin pindah game belah aja,-3.0,Negatif,-3.0,Negatif,Negatif,train
"f youuuuuu, please give me win butch fix the bug, please bug lock hero",1,2026-07-25 15:13:15,f youu please give me win butch fix the bug please bug lock hero,f youu please give me win butch fix the bug please bug lock hero,-8.0,Negatif,-12.0,Negatif,Negatif,train
"skrg ku uninstall ni apk apalah dibikin lose streak bgtt, gini bbgt moonton skrg.",1,2026-07-25 15:13:05,skrg ku uninstall ni apk apalah dibikin lose streak bgtt gini bbgt moonton skrg,skrg ku uninstall ni apk apa bikin lose streak bgtt gin bbgt moonton skrg,-2.0,Negatif,-2.0,Negatif,Negatif,train
"Game apaan, udah 24 jam nggak brenti² main masih aja nge stuck di Epic 2, temen gua aja yang dark sistem solo rank udah myitic🤦🏻 Mending Game sebelah",1,2026-07-25 15:12:12,game apaan udah jam tidak brenti main aja nge stuck epic temen aja dark sistem solo rank udah myitic mending game sebelah emoji_lain,game apa udah jam tidak brenti main aja nge stuck epic temen aja dark sistem solo rank udah myitic mending game belah emoji_lain,-10.0,Negatif,-10.0,Negatif,Negatif,train
min tolong dapet timnya itu setara seimbang gitu jangan berat sebelah tolong banget,2,2026-07-25 15:11:26,min dapet timnya setara seimbang gitu jangan berat sebelah banget,min dapet tim tara imbang gitu jangan berat belah banget,-2.0,Negatif,-2.0,Negatif,Negatif,train
"Matchmacking tidak adil min, tolong diperbaiki saya sebagai user roam merasa dirugikan dalam Matchmacking, pls monton tolong didengarkan!!!",1,2026-07-25 15:10:14,matchmacking tidak adil min diperbaiki user roam merasa dirugikan matchmacking pls moonton didengarkan,matchmacking tidak adil min baik user roam rasa rugi matchmacking pls moonton dengar,-11.0,Negatif,-11.0,Negatif,Negatif,train
"geme hama,ini geme bukan 5 vs 5,udh di trol tim sendiri bot lagi,hapus aja tuh fiktur solo ganti wajib party,geme ta1,mending HOK cuihh,bnyak skin gratis bagus pula,dari pada ni geme udh susah dapat skin elite ama spesial,cuih geme kikir",1,2026-07-25 15:10:07,geme hama geme bukan vs trol tim sendiri bot hapus aja tuh fiktur solo ganti wajib party geme ta mending hok cuihh bnyak skin gratis bagus ni geme susah skin elite ama spesial cuih geme kikir,geme hama geme bukan vs trol tim sendiri bot hapus aja tuh fiktur solo ganti wajib party geme ta mending hok cuihh bnyak skin gratis bagus ni geme susah skin elite ama spesial cuih geme kikir,-9.0,Negatif,-4.0,Negatif,Negatif,train
"game nya aneh setiap main rank ga di kasih menang sampe bener bener turun rank nya, kenapa si lu moonton ngasih tim nya oon semua ga ada yang bener ga becus semua lagi, game gajelas emang ini males mainnya juga🤮",1,2026-07-25 15:09:50,game nya aneh main rank tidak kasih menang sampe bener bener turun rank nya si kamu moonton ngasih tim nya oon semua tidak bener tidak becus semua game gajelas emang males mainnya emoji_lain,game nya aneh main rank tidak kasih menang sampe bener bener turun rank nya si kamu moonton ngasih tim nya oon semua tidak bener tidak becus semua game gajelas emang males main emoji_lain,-28.0,Negatif,-24.0,Negatif,Negatif,train
game penambah stress 😭😭,1,2026-07-25 15:08:45,game penambah stress emoji_negatif emoji_negatif,game tambah stress emoji_negatif emoji_negatif,-3.0,Negatif,-3.0,Negatif,Negatif,train
"game gajelas sumpah asli dah draft pick nya kga benr bikin gw pusing kelapa doang,gw main Jung dikasih exp ga bener gw main exp dikasih Jung g bener gw main Jung lagi dikasih mm g bener gw main mid dikasih Jung g gw main roam dikasih Jung g bener,terus gw main apa moonton plisss lah draf pick dibenerin pal a gw udh pusing bngt ini dari kemarin push dari mitik 25 turun ke mitik 15 aneh sumpah dah ga sekalian aja kasih gw rank legen atau g warior dah jing, sebenarnya moonton ada dendam apa?,,,,,,",2,2026-07-25 15:04:57,game gajelas sumpah asli draft pick nya kga benr bikin pusing kelapa doang main jung dikasih exp tidak bener main exp dikasih jung g bener main jung dikasih matchmaking g bener main mid dikasih jung g main roam dikasih jung g bener terus main apa moonton pliss lah draf pick dibenerin pal a pusing banget kemarin push mitik turun mitik aneh sumpah tidak sekalian aja kasih rank legen g warior jing sebenarnya moonton dendam apa,game gajelas sumpah asli draft pick nya kga benr bikin pusing kelapa doang main jung kasih exp tidak bener main exp kasih jung g bener main jung kasih matchmaking g bener main mid kasih jung g main roam kasih jung g bener terus main apa moonton pliss lah draf pick dibenerin pal a pusing banget kemarin push mitik turun mitik aneh sumpah tidak sekali aja kasih rank legen g warior jing benar moonton dendam apa,-6.0,Negatif,-6.0,Negatif,Negatif,train
gamelu rusak sistem ngasih tim gapernah bner,1,2026-07-25 15:04:50,gamelu rusak sistem ngasih tim gapernah bner,gamelu rusak sistem ngasih tim gapernah bner,-11.0,Negatif,-11.0,Negatif,Negatif,train
my likes dyrroth,5,2026-07-25 15:02:51,my likes dyrroth,my likes dyrroth,0.0,Positif,0.0,Positif,Positif,train
"Diamond saya belum masuk padahal udah ada bukti pembayaran nya berhasil ini namanya penipuan gua laporin ke polisi aja biar lu kena tuntutt enak aja uang dapet barangnya gak dikasih, belinyasaya digoogle play udah di tanya kecs gak dikasih solusi",1,2026-07-25 15:01:53,diamond belum masuk padahal udah bukti pembayaran nya berhasil namanya penipuan laporin polisi aja kamu kena tuntutt enak aja uang dapet barangnya tidak dikasih belinyasaya digoogle play udah tanya kecs tidak dikasih solusi,diamond belum masuk padahal udah bukti bayar nya hasil nama tipu laporin polisi aja kamu kena tuntutt enak aja uang dapet barang tidak kasih belinyasaya digoogle play udah tanya kecs tidak kasih solusi,-6.0,Negatif,-4.0,Negatif,Negatif,test
"makin lama makin stres,udh cape ngegendong juga ternyata yang main akun bot,kurangin lah akun bot yang foto blur² itu, atau kalo bisa di hilangkan lah, cape lose streak gara² ketemu tim kyk gitu",1,2026-07-25 15:01:37,makin lama makin stres cape ngegendong ternyata main akun bot kurangin lah akun bot foto blur kalau hilangkan lah cape lose streak gara ketemu tim kyk gitu,makin lama makin stres cape ngegendong nyata main akun bot rangin lah akun bot foto blur kalau hilang lah cape lose streak gara ketemu tim kyk gitu,-25.0,Negatif,-25.0,Negatif,Negatif,test
"game ga jelas ngasi tim bot Mulu, lu niat buat game apa gak ?",1,2026-07-25 15:01:16,game tidak jelas ngasi tim bot mulu kamu niat buat game apa tidak,game tidak jelas ngasi tim bot mulu kamu niat buat game apa tidak,-11.0,Negatif,-11.0,Negatif,Negatif,train
game peli,1,2026-07-25 15:01:06,game peli,game pel,2.0,Positif,2.0,Positif,Positif,test
game penambah stres,1,2026-07-25 15:00:23,game penambah stres,game tambah stres,-2.0,Negatif,-2.0,Negatif,Negatif,train
RANK GLORY BISA BISA NYA KETEMU LEGEND BLOK,5,2026-07-25 15:00:17,rank glory nya ketemu legend blok,rank glory nya ketemu legend blok,1.0,Positif,1.0,Positif,Positif,train
MOBA sampah....jelek banget,1,2026-07-25 15:00:03,moba sampah jelek banget,moba sampah jelek banget,-8.0,Negatif,-8.0,Negatif,Negatif,test
udah agak gak nyaman ini game kalah terus kasih menang muntun😭😭😭😭😭😭😭😭😭😭 udah lostrek 15 kali ahhhhh,3,2026-07-25 14:59:58,udah tidak nyaman game kalah terus kasih menang moonton udah lostrek kali ahh emoji_negatif emoji_negatif emoji_negatif emoji_negatif emoji_negatif emoji_negatif emoji_negatif emoji_negatif emoji_negatif emoji_negatif,udah tidak nyaman game kalah terus kasih menang moonton udah lostrek kali ahh emoji_negatif emoji_negatif emoji_negatif emoji_negatif emoji_negatif emoji_negatif emoji_negatif emoji_negatif emoji_negatif emoji_negatif,-11.0,Negatif,-7.0,Negatif,Negatif,train
bagus bagus aja sih -di sepinan hero aja agak pellit,4,2026-07-25 14:59:23,bagus bagus aja sih sepinan hero aja pellit,bagus bagus aja sih pin hero aja pellit,-2.0,Negatif,8.0,Positif,Positif,train
"Untuk devoloper nya, Tolong di atasi masalah ping sinyal saat bermain karna sangat menggangu sekali saat bermain dan freezz saat war untuk hp spek biasa tolong ditanggapi. tambahan, habis season kemarin kenapa aku selalu dapat tim yang nggak bisa main, mainnya selalu coklat atau silver aku sendiri yang mvp/emas, tolong lah moonton kasih tim yang sepadan lah sama lawannya",4,2026-07-25 14:57:45,devoloper nya atasi masalah ping sinyal bermain sangat menggangu sekali bermain freezz war handphone spek biasa ditanggapi tambahan habis season kemarin aku selalu tim tidak main mainnya selalu coklat silver aku sendiri mvp emas lah moonton kasih tim sepadan lah sama lawannya,devoloper nya atas masalah ping sinyal main sangat menggangu sekali main freezz war handphone spek biasa tanggap tambah habis season kemarin aku selalu tim tidak main main selalu coklat silver aku sendiri mvp emas lah moonton kasih tim padan lah sama lawan,-14.0,Negatif,-14.0,Negatif,Negatif,train
moonton tolong diperbaiki game ny yahh soal ny game lu rusak,1,2026-07-25 14:56:57,moonton diperbaiki game ny yahh soal ny game kamu rusak,moonton baik game ny yahh soal ny game kamu rusak,2.0,Positif,2.0,Positif,Positif,train
game nya asik tapi sayangnya lose treak trus,5,2026-07-25 14:55:30,game nya asik sayangnya lose treak trus,game nya asik sayang lose treak trus,4.0,Positif,4.0,Positif,Positif,test
tidak pantas,1,2026-07-25 14:54:26,tidak pantas,tidak pantas,-1.0,Negatif,-1.0,Negatif,Negatif,test
wow,5,2026-07-25 14:53:33,wow,wow,0.0,Positif,0.0,Positif,Positif,train
perbaiki chat dalam game mau nulis apa kena suspend Mulu 🤬,3,2026-07-25 14:52:32,perbaiki chat game mau nulis apa kena suspend mulu emoji_negatif,baik chat game mau nulis apa kena suspend mulu emoji_negatif,1.0,Positif,1.0,Positif,Positif,train
ada hero tank dan semua level up gampang,5,2026-07-25 14:52:06,hero tank semua level up gampang,hero tank semua level up gampang,-2.0,Negatif,-2.0,Negatif,Negatif,test
knp pke Indosat suka lag tbtb smpe 3x pdhl sinyal bgs,1,2026-07-25 14:51:31,pke indosat suka lag tbtb smpe x pdhl sinyal bgs,pke indosat suka lag tbtb smpe x pdhl sinyal bgs,2.0,Positif,-1.0,Negatif,Negatif,train
game nya sengaja bikin kalah aku mainin di mitik kalah terus sampe wr nya turun drastis game nya bikin kalian stres,1,2026-07-25 14:50:53,game nya sengaja bikin kalah aku mainin mitik kalah terus sampe winrate nya turun drastis game nya bikin kalian stres,game nya sengaja bikin kalah aku mainin mitik kalah terus sampe winrate nya turun drastis game nya bikin kalian stres,-13.0,Negatif,-13.0,Negatif,Negatif,train
game sepi,1,2026-07-25 14:49:37,game sepi,game sepi,-1.0,Negatif,-1.0,Negatif,Negatif,train
"game payah sistem jelek jebol,banyak banget sekarang yang main curang pakai akun akun bot GB ,RW,Main flek,Pakai VPN,semua memanfaatkan pt 5,setengah dari orang yang memainkan ini ngerasa terugikan yang curang dengan gampang enak naik,MMR naik gampang masuk Global INI ML SISTEM NYA TOLONG DI KONDISIKAN,buatlah game yg di mana player nya main bersih,di laporin orang orang curang di cs tetap ga mempan,BAN ORANG ORANG YANG GB DI TOP LEADER BANYAK.",1,2026-07-25 14:49:19,game payah sistem jelek jebol banyak banget sekarang main curang pakai akun akun bot gb rw main flek pakai vpn semua memanfaatkan pt setengah orang memainkan ngerasa terugikan curang gampang enak naik mmr naik gampang masuk global ml sistem nya kondisikan buatlah game mana player nya main bersih laporin orang orang curang cs tetap tidak mempan ban orang orang gb top leader banyak,game payah sistem jelek jebol banyak banget sekarang main curang pakai akun akun bot gb rw main flek pakai vpn semua manfaat pt tengah orang main ngerasa rugi curang gampang enak naik mmr naik gampang masuk global ml sistem nya kondisi buat game mana player nya main bersih laporin orang orang curang cs tetap tidak mempan ban orang orang gb top leader banyak,-31.0,Negatif,-29.0,Negatif,Negatif,train
"game lelet gak baakal tim dikasih yg lol Mulu, sampai lose 10 kali, mvp gak ada perubahan masih aja turun bintang,",1,2026-07-25 14:49:02,game lelet tidak baakal tim dikasih lol mulu lose kali mvp tidak perubahan aja turun bintang,game lelet tidak baakal tim kasih lol mulu lose kali mvp tidak ubah aja turun bintang,-14.0,Negatif,-14.0,Negatif,Negatif,test
jaringan nya lag banget Klo pake hp android tolong di benerin Klo ga pensi ml Klo pada pensi game nya sepi mau ?,1,2026-07-25 14:48:35,jaringan nya lag banget kalau pake handphone android benerin kalau tidak pensi ml kalau pensi game nya sepi mau,jaring nya lag banget kalau pake handphone android benerin kalau tidak pensi ml kalau pensi game nya sepi mau,-5.0,Negatif,-8.0,Negatif,Negatif,test
Game Ttolol,1,2026-07-25 14:47:48,game ttolol,game ttolol,2.0,Positif,2.0,Positif,Positif,train
gokil min emg abis update gitu suka lag tapi pas mid season gk thanks y min,4,2026-07-25 14:47:24,gokil min emg abis update gitu suka lag pas mid season tidak thanks y min,gokil min emg abis update gitu suka lag pas mid season tidak thanks y min,-5.0,Negatif,-8.0,Negatif,Negatif,train
☹️☹️,1,2026-07-25 14:45:59,emoji_lain emoji_lain,emoji_lain emoji_lain,0.0,Negatif,0.0,Negatif,Negatif,train
gem yang gak adil buat player solo baru menang 2 kali udah dapat tim bot apalagi kalau udah win lima kali (pasti ada bot kalo ngak bot Computer di tim),2,2026-07-25 14:45:01,gem tidak adil buat player solo baru menang kali udah tim bot kalau udah win lima kali bot kalau ngak bot computer tim,gem tidak adil buat player solo baru menang kali udah tim bot kalau udah win lima kali bot kalau ngak bot computer tim,-20.0,Negatif,-16.0,Negatif,Negatif,train
"pengalaman matcs macking yang tidak seimbang kalo mau kalah ya yang adil aja lah jangan langsung yang Abang IMO , masa saya pernah terjadi main 20 kali cuma menang 2 kali doang kami sebagai player juga punya perasaan",5,2026-07-25 14:44:34,pengalaman matcs macking tidak seimbang kalau mau kalah adil aja lah jangan langsung abang imo masa pernah terjadi main kali cuma menang kali doang player punya perasaan,alam matcs macking tidak imbang kalau mau kalah adil aja lah jangan langsung abang imo masa pernah jadi main kali cuma menang kali doang player punya asa,-6.0,Negatif,-2.0,Negatif,Negatif,train
dahlah makin cape tambah stress rank legend pus Malah ke grandmaster dahlah,1,2026-07-25 14:44:04,dahlah makin cape tambah stress rank legend pus malah grandmaster dahlah,dah makin cape tambah stress rank legend pus malah grandmaster dah,-10.0,Negatif,-10.0,Negatif,Negatif,train
metcmekik kurang sesuai dapet tim nya deraksistem semua game ga jelas bgt,1,2026-07-25 14:44:04,metcmekik kurang sesuai dapet tim nya deraksistem semua game tidak jelas banget,metcmekik kurang sesuai dapet tim nya deraksistem semua game tidak jelas banget,-11.0,Negatif,-11.0,Negatif,Negatif,train
"game kntol, mkin aneh tim sekarang klo main ml, banyak bocil ny",1,2026-07-25 14:43:27,game kntol mkin aneh tim sekarang kalau main ml banyak bocil ny,game kntol mkin aneh tim sekarang kalau main ml banyak bocil ny,-3.0,Negatif,-3.0,Negatif,Negatif,test
"Dikasih team yang jelek melulu, capek lose streak.",1,2026-07-25 14:40:39,dikasih team jelek melulu capek lose streak,kasih team jelek melulu capek lose streak,-5.0,Negatif,-5.0,Negatif,Negatif,train
"tim selalu tidak seimbang, system moonton makin bodoh",1,2026-07-25 14:39:35,tim selalu tidak seimbang system moonton makin bodoh,tim selalu tidak imbang system moonton makin bodoh,-7.0,Negatif,-7.0,Negatif,Negatif,train
moonton ngasih tim yang bener pls cpee ls trus moonton,5,2026-07-25 14:39:16,moonton ngasih tim bener pls cpee losestreak trus moonton,moonton ngasih tim bener pls cpee losestreak trus moonton,-4.0,Negatif,-4.0,Negatif,Negatif,train
Game tolol argus udah bagus malah di otak atik dongo,1,2026-07-25 14:38:38,game tolol argus udah bagus malah otak atik dongo,game tolol argus udah bagus malah otak atik dongo,-5.0,Negatif,0.0,Negatif,Negatif,test
"woy ini game apaan dah,masa gw dari glory 62 sampe honor,terus tim gw klo solo sering banget Masi hohor semua,sedangkan gw glory sendiri,dan di tim musuh glory semua, gimana ini,gw bakal apus ML",1,2026-07-25 14:38:26,woy game apaan masa glory sampe honor terus tim kalau solo sering banget masi hohor semua glory sendiri tim musuh glory semua gimana bakal apus ml,woy game apa masa glory sampe honor terus tim kalau solo sering banget mas hohor semua glory sendiri tim musuh glory semua gimana bakal apus ml,-18.0,Negatif,-18.0,Negatif,Negatif,train
"lagi main rank keluar sendiri, pas masuk malah gabisa lanjutin game nya.",1,2026-07-25 14:37:54,main rank keluar sendiri pas masuk malah gabisa lanjutin game nya,main rank keluar sendiri pas masuk malah gabisa lanjutin game nya,-4.0,Negatif,-4.0,Negatif,Negatif,train
monton kayak angjeng ngasih tim sampah,1,2026-07-25 14:37:50,moonton kayak angjeng ngasih tim sampah,moonton kayak angjeng ngasih tim sampah,-10.0,Negatif,-10.0,Negatif,Negatif,train
"nih game bikin tambah stres,jadi kalo mau ngilangin stres jangan di game ini,kasih bintang satu aja ora sudi",1,2026-07-25 14:37:30,nih game bikin tambah stres jadi kalau mau ngilangin stres jangan game kasih bintang satu aja ora sudi,nih game bikin tambah stres jadi kalau mau ngilangin stres jangan game kasih bintang satu aja ora sudi,-6.0,Negatif,-6.0,Negatif,Negatif,train
gak seru,1,2026-07-25 14:37:10,tidak seru,tidak seru,-5.0,Negatif,-8.0,Negatif,Negatif,test
ko terlalu lama kalau di update,1,2026-07-25 14:37:02,ko terlalu lama kalau update,ko terlalu lama kalau update,-8.0,Negatif,-8.0,Negatif,Negatif,test
game yg sangat bagus,5,2026-07-25 14:36:12,game sangat bagus,game sangat bagus,-2.0,Negatif,3.0,Positif,Positif,train
game koncet isi nya bot semua pas gw main duh saran gw kalo ga mau stress jgn download ini sie :),1,2026-07-25 14:35:57,game koncet isi nya bot semua pas main duh saran kalau tidak mau stress jangan download sie,game koncet isi nya bot semua pas main duh saran kalau tidak mau stress jangan download sie,-26.0,Negatif,-26.0,Negatif,Negatif,test
jelek gamenya. kalah terus. jaringan tidak pernah stabil seperti versi sebelumnya,1,2026-07-25 14:35:24,jelek gamenya kalah terus jaringan tidak pernah stabil versi sebelumnya,jelek gamenya kalah terus jaring tidak pernah stabil versi belum,-12.0,Negatif,-12.0,Negatif,Negatif,train
banned citer yang sangat meresahkan itu moonton,3,2026-07-25 14:34:06,banned cheater sangat meresahkan moonton,banned cheater sangat resah moonton,-6.0,Negatif,-10.0,Negatif,Negatif,train
aku suka game ini aku sudah sampai epic yey,5,2026-07-25 14:33:16,aku suka game aku epic yey,aku suka game aku epic yey,6.0,Positif,6.0,Positif,Positif,train
game sampah rank ga naik bikin orang stress iya emang geme mobile legend gak kayak untuk di mainkan gem sebelah ga kaya gini naik naik ga nurun,1,2026-07-25 14:33:05,game sampah rank tidak naik bikin orang stress iya emang geme mobile legend tidak kayak mainkan gem sebelah tidak kaya gini naik naik tidak nurun,game sampah rank tidak naik bikin orang stress iya emang geme mobile legend tidak kayak main gem belah tidak kaya gin naik naik tidak nurun,-27.0,Negatif,-27.0,Negatif,Negatif,train
ajg ajg dari kemarin Nyampe sekarang dpt drak sistem terus asw hapus aj lah game ni bikin stres bukan bikin waras,1,2026-07-25 14:32:05,ajg ajg kemarin nyampe sekarang drak sistem terus asw hapus aj lah game ni bikin stres bukan bikin waras,ajg ajg kemarin nyampe sekarang drak sistem terus asw hapus aj lah game ni bikin stres bukan bikin waras,-13.0,Negatif,-13.0,Negatif,Negatif,test
game yg asik...penghilang rasa capek,5,2026-07-25 14:30:23,game asik penghilang rasa capek,game asik hilang rasa capek,4.0,Positif,4.0,Positif,Positif,train
banyak sistem yng rusak trus lelet banyak bug,1,2026-07-25 14:30:17,banyak sistem yng rusak trus lelet banyak bug,banyak sistem yng rusak trus lelet banyak bug,-5.0,Negatif,-7.0,Negatif,Negatif,train
Game penghilang strees terbaik,5,2026-07-25 14:28:40,game penghilang strees terbaik,game hilang strees baik,7.0,Positif,7.0,Positif,Positif,train
di kasih tim anj semua,1,2026-07-25 14:27:32,kasih tim anj semua,kasih tim anj semua,-6.0,Negatif,-6.0,Negatif,Negatif,train
"game penghilang stress, timnya sangat seimbang, saya sangat merekomendasikan game ini untuk orang² yang ingin masuk RSJ",1,2026-07-25 14:26:42,game penghilang stress timnya sangat seimbang sangat merekomendasikan game orang masuk rsj,game hilang stress tim sangat imbang sangat rekomendasi game orang masuk rsj,-8.0,Negatif,-8.0,Negatif,Negatif,train
gemburik draksistem semu tim pada GK bisa maen yg jago campur yg bit² yg baru maen,1,2026-07-25 14:26:41,gemburik draksistem semu tim tidak maen jago campur bit baru maen,gemburik draksistem semu tim tidak maen jago campur bit baru maen,2.0,Positif,2.0,Positif,Positif,test
"ini game rusak, dark sistem , apa lagi buat player solo kalo abis menang match berikutnya pasti di buat kalah,, win lose win lose terus,,makin kesini makin rusak ini game,jaringan juga sering lag pula.",1,2026-07-25 14:26:35,game rusak dark sistem apa buat player solo kalau abis menang match berikutnya buat kalah win lose win lose terus makin kesini makin rusak game jaringan sering lag,game rusak dark sistem apa buat player solo kalau abis menang match ikut buat kalah win lose win lose terus makin kesini makin rusak game jaring sering lag,-2.0,Negatif,-1.0,Negatif,Negatif,test
tolong sistem timnya perbaiki saya dapat lawan tidak seimbang dan kebanyakan dari tim saya gak tau main,1,2026-07-25 14:26:25,sistem timnya perbaiki lawan tidak seimbang kebanyakan tim tidak tau main,sistem tim baik lawan tidak imbang banyak tim tidak tau main,-15.0,Negatif,-15.0,Negatif,Negatif,train
banyak dark sistem jadi stress gajelas game apa ini,1,2026-07-25 14:26:06,banyak dark sistem jadi stress gajelas game apa,banyak dark sistem jadi stress gajelas game apa,-11.0,Negatif,-11.0,Negatif,Negatif,train
akun Saya di hack Saya sudah laporan ke Cs moonton tetapi di tolak game apaan ini masa akun Milik gw buat dari nol gw laporan ke Cs moonton data nya sudah akurat tetapi di tolak trus trus apa guna nya ini game gk jlas sumpah.,1,2026-07-25 14:26:06,akun hack laporan cs moonton tolak game apaan masa akun milik buat nol laporan cs moonton data nya akurat tolak trus trus apa nya game tidak jlas sumpah,akun hack lapor cs moonton tolak game apa masa akun milik buat nol lapor cs moonton data nya akurat tolak trus trus apa nya game tidak jlas sumpah,-34.0,Negatif,-34.0,Negatif,Negatif,train
"tolong lebih diadil kan dalam pembagian performa bermain tim dengan tim lawan,jgn pikirkan untung sendiri doang,lebih di utamakan kenyamanan penggunanya,kalo kayk gini gk ush update"" game nya biar gk banyak peminatnya lagi",1,2026-07-25 14:25:25,lebih diadil kan pembagian performa bermain tim tim lawan jangan pikirkan untung sendiri doang lebih utamakan kenyamanan penggunanya kalau kayk gini tidak ush update game nya tidak banyak peminatnya,lebih adil kan bagi performa main tim tim lawan jangan pikir untung sendiri doang lebih utama nyaman guna kalau kayk gin tidak ush update game nya tidak banyak minat,-18.0,Negatif,-18.0,Negatif,Negatif,train
knp si monton gua mau ke mitik ketemu musuh yang susah terus sampe ke legend 5 lagi kasihani lah aku (aku kasih bintang 3 biar seneng lu monton),3,2026-07-25 14:25:15,si moonton mau mitik ketemu musuh susah terus sampe legend kasihani lah aku aku kasih bintang seneng kamu moonton,si moonton mau mitik ketemu musuh susah terus sampe legend kasihan lah aku aku kasih bintang neng kamu moonton,5.0,Positif,5.0,Positif,Positif,train
gj hampir gila gw main nya dapet tim Drakseste,1,2026-07-25 14:24:57,gj hampir gila main nya dapet tim drakseste,gj hampir gila main nya dapet tim drakseste,-8.0,Negatif,-8.0,Negatif,Negatif,train
saya sangat tertarik,5,2026-07-25 14:23:55,sangat tertarik,sangat tarik,0.0,Positif,0.0,Positif,Positif,train
jangan main game ini game ini banyak draksistem nya main seharian gada menang mau solo mau party sama aja.. game kebanyakan draksystem! game rusak,1,2026-07-25 14:23:35,jangan main game game banyak draksistem nya main seharian gada menang mau solo mau party sama aja game kebanyakan draksystem game rusak,jangan main game game banyak draksistem nya main hari gada menang mau solo mau party sama aja game banyak draksystem game rusak,19.0,Positif,23.0,Positif,Positif,train
"saya hampir stres main game ini, tiap main selalu aja dikasih dark sistem cape banget asli",3,2026-07-25 14:21:53,hampir stres main game tiap main selalu aja dikasih dark sistem cape banget asli,hampir stres main game tiap main selalu aja kasih dark sistem cape banget asli,-4.0,Negatif,-4.0,Negatif,Negatif,train
setiap proses pertandingan kalo tim musuh atau tim sendiri pake skin animasi ga bisa masuk loading nya lama udah gitu dihitung afk,1,2026-07-25 14:19:35,proses pertandingan kalau tim musuh tim sendiri pake skin animasi tidak masuk loading nya lama udah gitu dihitung afk,proses tanding kalau tim musuh tim sendiri pake skin animasi tidak masuk loading nya lama udah gitu hitung afk,-21.0,Negatif,-23.0,Negatif,Negatif,train
udah spin 10× di event fighter ga dapet skin nya gimana ni moonton heiyy,1,2026-07-25 14:19:32,udah spin event fighter tidak dapet skin nya gimana ni moonton heiyy,udah spin event fighter tidak dapet skin nya gimana ni moonton heiyy,-7.0,Negatif,-7.0,Negatif,Negatif,train
ml ga ada pintu,1,2026-07-25 14:18:07,ml tidak pintu,ml tidak pintu,-5.0,Negatif,-5.0,Negatif,Negatif,test
"Buruk, matchmakingnya sangat buruk. saya ditempatkan dengan 2 orang yang feed yang sengaja mati 12 dan membeli item yang sama",1,2026-07-25 14:17:48,buruk matchmakingnya sangat buruk ditempatkan orang feed sengaja mati membeli item sama,buruk matchmakingnya sangat buruk tempat orang feed sengaja mati beli item sama,-17.0,Negatif,-17.0,Negatif,Negatif,train
gamee kontolllll,1,2026-07-25 14:17:13,gamee kontoll,gamee kontoll,0.0,Negatif,0.0,Negatif,Negatif,train
ga ada dm geratis,1,2026-07-25 14:17:06,tidak dm geratis,tidak dm gerat,-5.0,Negatif,-5.0,Negatif,Negatif,train
"benerin sistem kau moonton,setiap main di rank glory,ketemu legend Mawi legend Mawi, sedangkan musuhnya glory honor,tolong lah moonton gaush kau siksa player mu sendiri,kami main mau mencari kesenangan bukan malah kau bikin kami pusing dapet tim yang gabisa main, jangan kau pikirin colab sana colab sini, sedangkan sistem matching mu masih rusak kaya gitu,orang sudah top up banyak"" main malah jadi stres,tolong benerin sistem macth kau, setidaknya kalau gada yg rank setara paling tidak bisa main.",1,2026-07-25 14:17:04,benerin sistem kau moonton main rank glory ketemu legend mawi legend mawi musuhnya glory honor lah moonton gaush kau siksa player mu sendiri main mau mencari kesenangan bukan malah kau bikin pusing dapet tim gabisa main jangan kau pikirin colab sana colab sini sistem matching mu rusak kaya gitu orang top up banyak main malah jadi stres benerin sistem macth kau kalau gada rank setara paling tidak main,benerin sistem kau moonton main rank glory ketemu legend mawi legend mawi musuh glory honor lah moonton gaush kau siksa player mu sendiri main mau cari senang bukan malah kau bikin pusing dapet tim gabisa main jangan kau pikirin colab sana colab sini sistem matching mu rusak kaya gitu orang top up banyak main malah jadi stres benerin sistem macth kau kalau gada rank tara paling tidak main,-35.0,Negatif,-35.0,Negatif,Negatif,train
"memberikan musuh yang susah padahal rank mau naik.lebih baik gua main HOK ,soalanya game nya mudah.gak kayak ml susah naik rank mobile legends gak asik",1,2026-07-25 14:17:01,memberikan musuh susah padahal rank mau naik lebih baik main hok soalanya game nya mudah tidak kayak ml susah naik rank mobile legends tidak asik,beri musuh susah padahal rank mau naik lebih baik main hok soalanya game nya mudah tidak kayak ml susah naik rank mobile legends tidak asik,-7.0,Negatif,-7.0,Negatif,Negatif,train
"Bagus banget,aku bertahan sampe rank gm 2,,sama kasih hero baru kek,tapi biasanya pas aku main tim ku tu bot semua,jadi milih heronya yg lemah²,jadi aku saranin kasih musuh tu levelnya yg setara aja ya,biar gk kalah trus,jadi kyk gk adil kan kalo musuhnya jago² rank kita trus turun,capek² main malah kalah aku kasih bintang 5 aja ya dan jangan kasih musuh yg kuat ya,banyakin event nya klo bisa ya🎀🎈",5,2026-07-25 14:16:20,bagus banget aku bertahan sampe rank gm sama kasih hero baru kek biasanya pas aku main tim ku tu bot semua jadi milih heronya lemah jadi aku saranin kasih musuh tu levelnya setara aja tidak kalah trus jadi kyk tidak adil kan kalau musuhnya jago rank trus turun capek main malah kalah aku kasih bintang aja jangan kasih musuh kuat banyakin event nya kalau emoji_lain emoji_lain,bagus banget aku tahan sampe rank gm sama kasih hero baru kek biasa pas aku main tim ku tu bot semua jadi milih hero lemah jadi aku saranin kasih musuh tu level tara aja tidak kalah trus jadi kyk tidak adil kan kalau musuh jago rank trus turun capek main malah kalah aku kasih bintang aja jangan kasih musuh kuat banyakin event nya kalau emoji_lain emoji_lain,-22.0,Negatif,-17.0,Negatif,Negatif,train
ml burik,2,2026-07-25 14:15:41,ml burik,ml burik,0.0,Negatif,0.0,Negatif,Negatif,train
"jelek, sistem kacau, dapet player busuk melulu",1,2026-07-25 14:15:06,jelek sistem kacau dapet player busuk melulu,jelek sistem kacau dapet player busuk melulu,-15.0,Negatif,-15.0,Negatif,Negatif,train
mas boleh ga tier epic di ilangin karena epic isinya orang orang ga bisa maen semua prustasi saya lose streak,2,2026-07-25 14:13:50,mas tidak tier epic ilangin epic isinya orang orang tidak maen semua prustasi lose streak,mas tidak tier epic ilangin epic isi orang orang tidak maen semua prustasi lose streak,-16.0,Negatif,-16.0,Negatif,Negatif,test
"moonton ini game nya sudah bagus gameplay, tetapi saya tidak nyaman dengan pemain lain yang tidak bisa memainkan game ini tolong ya moonton bisa di fix, untuk tidak di pertemukan dengan dark sistem dalam team.",1,2026-07-25 14:12:13,moonton game nya bagus gameplay tidak nyaman pemain tidak memainkan game moonton fix tidak pertemukan dark sistem team,moonton game nya bagus gameplay tidak nyaman main tidak main game moonton fix tidak temu dark sistem team,-23.0,Negatif,-18.0,Negatif,Negatif,train
jujur gamenya si bagus ya tapi kebanyakan drak sistem,3,2026-07-25 14:11:37,jujur gamenya si bagus kebanyakan drak sistem,jujur gamenya si bagus banyak drak sistem,-1.0,Negatif,4.0,Positif,Positif,train
"game nya gak enak , di kasih tim bot semua di kasih kalah terus naik kagak yang ada malah buang buang waktu aja",1,2026-07-25 14:10:13,game nya tidak enak kasih tim bot semua kasih kalah terus naik kagak malah buang buang waktu aja,game nya tidak enak kasih tim bot semua kasih kalah terus naik kagak malah buang buang waktu aja,-22.0,Negatif,-24.0,Negatif,Negatif,train
gg king,5,2026-07-25 14:08:20,gg king,gg king,0.0,Positif,3.0,Positif,Positif,train
"game yang sangat bagus sekali, player² juga sangat ramah, matching sangat adil apalagi kalau mau naik rank, dan sangat bisa meredakan stress di dalam kehidupan mu. 🙏🏻👍🏽",5,2026-07-25 14:08:18,game sangat bagus sekali player sangat ramah matching sangat adil kalau mau naik rank sangat meredakan stress kehidupan mu emoji_positif emoji_netral emoji_lain emoji_lain,game sangat bagus sekali player sangat ramah matching sangat adil kalau mau naik rank sangat reda stress hidup mu emoji_positif emoji_netral emoji_lain emoji_lain,-7.0,Negatif,-2.0,Negatif,Negatif,test
Intinya Aj Kadang Timnya Ketemu Draks system musuh nya jago kali apa gak terlalu seimbang gitu permainan Gamenya,1,2026-07-25 14:06:31,intinya aj kadang timnya ketemu draks system musuh nya jago kali apa tidak terlalu seimbang gitu permainan gamenya,inti aj kadang tim ketemu draks system musuh nya jago kali apa tidak terlalu imbang gitu main gamenya,-2.0,Negatif,-2.0,Negatif,Negatif,test
"lumayan lah,tapi ngeleg banget bisa pls lah moonton tipis tipis lag ya ga ngotak loh gua ngeleg ga bisa jalan,btw ini gua kasih bintang empat karena bagus dan jadi game favorit gua, semoga kedepannya lebih sedikit lag ya atau ngeleg ya agar bisa masuk top game terbaik di dunia mungkin",4,2026-07-25 14:04:44,lumayan lah ngeleg banget pls lah moonton tipis tipis lag tidak ngotak loh ngeleg tidak jalan btw kasih bintang empat bagus jadi game favorit semoga kedepannya lebih sedikit lag ngeleg masuk top game terbaik dunia mungkin,lumayan lah ngeleg banget pls lah moonton tipis tipis lag tidak ngotak loh ngeleg tidak jalan btw kasih bintang empat bagus jadi game favorit moga depan lebih sedikit lag ngeleg masuk top game baik dunia mungkin,-9.0,Negatif,-10.0,Negatif,Negatif,train
"geme bikin sters,ad temen gw sampe masuk rjs",1,2026-07-25 14:04:25,geme bikin sters ad temen sampe masuk rjs,geme bikin sters ad temen sampe masuk rjs,-3.0,Negatif,-3.0,Negatif,Negatif,test
"game tolol, waras dikit ngasih temen. terus tiba"" lag lagi war jaringan padah hijau. cuih.",1,2026-07-25 14:04:16,game tolol waras dikit ngasih temen terus tiba lag war jaringan padah hijau cuih,game tolol waras dikit ngasih temen terus tiba lag war jaring padah hijau cuih,-5.0,Negatif,-8.0,Negatif,Negatif,train
game apasih gua dapet mvp mulu tapi ga pernah dapet protection,1,2026-07-25 14:03:06,game apasih dapet mvp mulu tidak pernah dapet protection,game apasih dapet mvp mulu tidak pernah dapet protection,-2.0,Negatif,-2.0,Negatif,Negatif,train
sanga bagus,5,2026-07-25 14:00:38,sanga bagus,sanga bagus,-2.0,Negatif,3.0,Positif,Positif,train
"game macam apa ini,klau perbaiki system lo moonton",1,2026-07-25 14:00:18,game macam apa klau perbaiki system kamu moonton,game macam apa klau baik system kamu moonton,-1.0,Negatif,-1.0,Negatif,Negatif,train
ganti engine woi lag nya ping merah terus wifi + data hidup pun tetap merah,1,2026-07-25 13:59:11,ganti engine woi lag nya ping merah terus wifi data hidup tetap merah,ganti engine woi lag nya ping merah terus wifi data hidup tetap merah,0.0,Negatif,-3.0,Negatif,Negatif,train
"muak dh gw maen, solo dimatching sama bot dpt tim ampe selusin lose streak matching di mitik, diketemui sama tim toxic kek bot mainy, matching ga balance",1,2026-07-25 13:59:00,muak dh maen solo dimatching sama bot tim ampe selusin lose streak matching mitik diketemui sama tim toxic kek bot mainy matching tidak balance,muak dh maen solo dimatching sama bot tim ampe lusin lose streak matching mitik ketemu sama tim toxic kek bot mainy matching tidak balance,-11.0,Negatif,-15.0,Negatif,Negatif,train
"ini gw kasih bintang 5 biar di lihat, ton tolong lah minimal kasih tim yg sama2 niat main. tim musuh serius tim sendiri dark sistem",5,2026-07-25 13:57:41,kasih bintang lihat ton lah minimal kasih tim sama niat main tim musuh serius tim sendiri dark sistem,kasih bintang lihat ton lah minimal kasih tim sama niat main tim musuh serius tim sendiri dark sistem,-23.0,Negatif,-23.0,Negatif,Negatif,train
gajelas banget dapet tim masa main di honor 47 kalah 9x sampe bintang 40 main dari siang sampai malam cuma buat kalah,1,2026-07-25 13:55:37,gajelas banget dapet tim masa main honor kalah x sampe bintang main siang malam cuma buat kalah,gajelas banget dapet tim masa main honor kalah x sampe bintang main siang malam cuma buat kalah,-12.0,Negatif,-12.0,Negatif,Negatif,train
benerin server nya lag terus,1,2026-07-25 13:55:18,benerin server nya lag terus,benerin server nya lag terus,0.0,Negatif,-3.0,Negatif,Negatif,test
perbaiki sistem buat solo,1,2026-07-25 13:55:00,perbaiki sistem buat solo,baik sistem buat solo,-1.0,Negatif,-1.0,Negatif,Negatif,train
tol*l bet ping gua ijo tpi masih aja ngelag,1,2026-07-25 13:54:03,tol l bet ping ijo tpi aja ngelag,tol l bet ping ijo tpi aja ngelag,1.0,Positif,-2.0,Negatif,Negatif,train
"buruk di kasih tim yg nyusin sampe losstrekk kecwa ,niat ingin asik malah sakit",1,2026-07-25 13:53:37,buruk kasih tim nyusin sampe losstrekk kecwa niat asik malah sakit,buruk kasih tim nyusin sampe losstrekk kecwa niat asik malah sakit,-9.0,Negatif,-9.0,Negatif,Negatif,train
mending mati mootoon di kasih pablic cuman bisa hiro suprt dameng sedangkan tim musuh drakpik gak ngotak,1,2026-07-25 13:53:28,mending mati moonton kasih pablic cuman hiro suprt dameng tim musuh drakpik tidak ngotak,mending mati moonton kasih pablic cuman hiro suprt dameng tim musuh drakpik tidak ngotak,-14.0,Negatif,-14.0,Negatif,Negatif,train
lambat menanggapi laporan pertandingan,1,2026-07-25 13:52:53,lambat menanggapi laporan pertandingan,lambat tanggap lapor tanding,-6.0,Negatif,-6.0,Negatif,Negatif,train
game sampah nge-lag trus,1,2026-07-25 13:52:52,game sampah nge lag trus,game sampah nge lag trus,-2.0,Negatif,-5.0,Negatif,Negatif,train
"lama"" jadi gak jelas, tiap main solo lawannya slalu squad, gimana mau menang, tiap menang 1x kalahnya 3x,, menangnya susah payah, giliran main dapet tim ngetrol belum ada 10mnit sudah kalah,,,",2,2026-07-25 13:52:15,lama jadi tidak jelas tiap main solo lawannya slalu squad gimana mau menang tiap menang x kalahnya x menangnya susah payah giliran main dapet tim ngetrol belum mnit kalah,lama jadi tidak jelas tiap main solo lawan slalu squad gimana mau menang tiap menang x kalah x menang susah payah gilir main dapet tim ngetrol belum mnit kalah,-10.0,Negatif,-2.0,Negatif,Negatif,train
"pembagian tim yang buruk,masa saya di pertemukan dengan player baru dan player noob.Dan fitur invalid yang sangat jelek,karna apabila tim sedang posisi menang malah musuh invalid, menjadikan mlbb game yang sangat mudah untuk menyulut emosi😡🤬",1,2026-07-25 13:51:44,pembagian tim buruk masa pertemukan player baru player noob fitur invalid sangat jelek apabila tim sedang posisi menang malah musuh invalid menjadikan mlbb game sangat mudah menyulut emosi emoji_negatif emoji_negatif,bagi tim buruk masa temu player baru player noob fitur invalid sangat jelek apabila tim sedang posisi menang malah musuh invalid jadi mlbb game sangat mudah sulut emosi emoji_negatif emoji_negatif,-37.0,Negatif,-33.0,Negatif,Negatif,train
"monton makin kesini makin gak jelas Mending judi, minimal kalahnya jujur. Ini kalah karena di setting Monton. tim saya pas pertandingan di kasih lawan yang lebih tinggi rank nya sedangkan tim saya rank nya di atas lawan agak lain",2,2026-07-25 13:50:48,moonton makin kesini makin tidak jelas mending judi minimal kalahnya jujur kalah setting moonton tim pas pertandingan kasih lawan lebih tinggi rank nya tim rank nya atas lawan,moonton makin kesini makin tidak jelas mending judi minimal kalah jujur kalah setting moonton tim pas tanding kasih lawan lebih tinggi rank nya tim rank nya atas lawan,-16.0,Negatif,-16.0,Negatif,Negatif,train
BENERIN DULU ITU SISTEM JARINGAN BUAT BUKA YT GAME LAIN LANCAR GILIRAN BUKA ML NGE LAG,1,2026-07-25 13:50:22,benerin dulu sistem jaringan buat buka yt game lancar giliran buka ml nge lag,benerin dulu sistem jaring buat buka yt game lancar gilir buka ml nge lag,3.0,Positif,0.0,Negatif,Negatif,train
halo moonton tolong ya kondisikan game mu kami penjuang solo kami jarang dapet team bagus main solo 4 orang pada gak bisa main main trio 2 orang gak bisa main main party serasa mpl dan juga kuota internet banyak pas main ngeleg Mulu di kasih saran malah didiemin tolonglah kamu mau menikmati game ini dengan tenang niatan menghilangkan setres bukan menambah setres (saya rekomendasikan game yang lebih baik dari ini supaya yang setres gak nambah setres apa lagi pejuang solo),2,2026-07-25 13:49:41,halo moonton kondisikan game mu penjuang solo jarang dapet team bagus main solo orang tidak main main trio orang tidak main main party serasa mpl kuota internet banyak pas main ngeleg mulu kasih saran malah didiemin tolonglah kamu mau menikmati game tenang niatan menghilangkan setres bukan menambah setres rekomendasikan game lebih baik setres tidak nambah setres apa pejuang solo,halo moonton kondisi game mu juang solo jarang dapet team bagus main solo orang tidak main main trio orang tidak main main party serasa mpl kuota internet banyak pas main ngeleg mulu kasih saran malah didiemin tolong kamu mau nikmat game tenang niat hilang tres bukan tambah tres rekomendasi game lebih baik tres tidak nambah tres apa juang solo,0.0,Negatif,5.0,Positif,Positif,train
"hei, aku tau aku tidak hebat dalam suatu bidang, tapi cuman di game ini aku bisa di puji ""hei roam, kamu sangat keren!!!"", memang solo itu tidak semudah itu, tapi karna aku sendirian, aku bisa mendapatkan gelar yg selama ini aku impikan, memang di mata mereka itu hanya sebuah tulisan yg berisi ""Sobang nomer 46 tigreal"" itu memang tidak seberapa, sampai sampai aku di katakan gila game oleh temanku sendiri, tapi, pencapaian ku di sekolah juga banyak, dan aku hanya bisa mengucapkan, terima kasih",5,2026-07-25 13:48:07,hei aku tau aku tidak hebat suatu bidang cuman game aku puji hei roam kamu sangat keren memang solo tidak semudah aku sendirian aku mendapatkan gelar selama aku impikan memang mata sebuah tulisan berisi sobang nomer tigreal memang tidak seberapa aku katakan gila game temanku sendiri pencapaian ku sekolah banyak aku mengucapkan terima kasih,hei aku tau aku tidak hebat suatu bidang cuman game aku puji hei roam kamu sangat keren memang solo tidak mudah aku sendiri aku dapat gelar lama aku impi memang mata buah tulis isi sobang nomer tigreal memang tidak berapa aku kata gila game teman sendiri capai ku sekolah banyak aku ucap terima kasih,0.0,Positif,4.0,Positif,Positif,train
"cape gua moonton moonton, wl wl terus",1,2026-07-25 13:47:33,cape moonton moonton wl wl terus,cape moonton moonton wl wl terus,-4.0,Negatif,-4.0,Negatif,Negatif,train
aku bug saat main ketika sesudah draf pick terus ada notif menghubungkan kembali terus saat aku reloq malah gak masuk lagi stak di lobby gak bisa masuk lagi coba servernya di perbaiki aku setiap main afk terus karena itu kredit skor ku turun coba di benar kan pliss,1,2026-07-25 13:47:15,aku bug main draf pick terus notif menghubungkan terus aku reloq malah tidak masuk stak lobby tidak masuk coba servernya perbaiki aku main afk terus kredit skor ku turun coba benar kan pliss,aku bug main draf pick terus notif hubung terus aku reloq malah tidak masuk stak lobby tidak masuk coba servernya baik aku main afk terus kredit skor ku turun coba benar kan pliss,-3.0,Negatif,-7.0,Negatif,Negatif,train
kurang puas karna ping teruss,3,2026-07-25 13:46:02,kurang puas ping teruss,kurang puas ping teruss,-6.0,Negatif,-6.0,Negatif,Negatif,test
"mantap min win streak terussss , semoga rejekinya tambah lancar dan banyak player,terus Mabar sama temen enak lagi , pokonya jossss lah buruan download",5,2026-07-25 13:45:39,mantap min win streak teruss semoga rejekinya tambah lancar banyak player terus mabar sama temen enak pokonya joss lah buruan download,mantap min win streak teruss moga rejekinya tambah lancar banyak player terus mabar sama temen enak poko joss lah buru download,13.0,Positif,15.0,Positif,Positif,train
tolong perbaiki game kenapa saat afk sebentar tiba-tiba ngestuck diloby?,2,2026-07-25 13:45:13,perbaiki game afk sebentar tiba tiba ngestuck diloby,baik game afk sebentar tiba tiba ngestuck diloby,0.0,Negatif,-2.0,Negatif,Negatif,train
tolong diperbaiki dlu dong sinyal nya jangan mikirin skin Mulu gua main hyper Sampek GK bisa gua dikatain poke sama temen gua nih tolong lah ton perbaiki dlu sinyalnya,1,2026-07-25 13:44:58,diperbaiki dlu dong sinyal nya jangan mikirin skin mulu main hyper sampek tidak dikatain poke sama temen nih lah ton perbaiki dlu sinyalnya,baik dlu dong sinyal nya jangan mikirin skin mulu main hyper sampek tidak dikatain poke sama temen nih lah ton baik dlu sinyal,2.0,Positif,2.0,Positif,Positif,train
Menarik,4,2026-07-25 13:43:39,menarik,tarik,0.0,Positif,0.0,Positif,Positif,train
tolong APUS aja item sky banyak DS yang pake tapi ga bener,1,2026-07-25 13:43:39,apus aja item sky banyak ds pake tidak bener,apus aja item sky banyak ds pake tidak bener,-10.0,Negatif,-10.0,Negatif,Negatif,train
"tolong masalah jaringan di perbaiki udah bertahun tahun gw main ini game tapi,masalah jaringan server ini gk pernah di perbaiki mohon diperbaiki 🙏",1,2026-07-25 13:42:43,masalah jaringan perbaiki udah bertahun tahun main game masalah jaringan server tidak pernah perbaiki mohon diperbaiki emoji_netral,masalah jaring baik udah tahun tahun main game masalah jaring server tidak pernah baik mohon baik emoji_netral,-13.0,Negatif,-13.0,Negatif,Negatif,train
kebanyakan bot bukan player,1,2026-07-25 13:42:36,kebanyakan bot bukan player,banyak bot bukan player,-3.0,Negatif,-3.0,Negatif,Negatif,train
permainannya tuh seru ada mode vs ai jadi adek aku bisa coba,5,2026-07-25 13:42:15,permainannya tuh seru mode vs ai jadi adek aku coba,main tuh seru mode vs ai jadi adek aku coba,1.0,Positif,4.0,Positif,Positif,train
"sangat buruk pengalaman bermain sangat jelek, tim terkadang ngawur saat bermain dan saya mengalami kekalahan dan kemenangan berulang yang membuat bintang saya tidak naik sama sekali, setelah itu malah losetreak karena tim yang stress. Nasib jadi seorang solo player. Di mythic honor serasa rank epic",2,2026-07-25 13:41:51,sangat buruk pengalaman bermain sangat jelek tim terkadang ngawur bermain mengalami kekalahan kemenangan berulang membuat bintang tidak naik sama sekali malah losetreak tim stress nasib jadi seorang solo player mythic honor serasa rank epic,sangat buruk alam main sangat jelek tim terkadang ngawur main alami kalah menang ulang buat bintang tidak naik sama sekali malah losetreak tim stress nasib jadi orang solo player mythic honor serasa rank epic,-24.0,Negatif,-24.0,Negatif,Negatif,train
game jos jis,5,2026-07-25 13:39:47,game jos jis,game jos jis,2.0,Positif,2.0,Positif,Positif,train
"saya tidak bisa keluar dari akun saya yang dibanned, tolong pihak monton untuk mengeluarkan saya dari akun saya",1,2026-07-25 13:37:53,tidak keluar akun dibanned pihak moonton mengeluarkan akun,tidak keluar akun dibanned pihak moonton keluar akun,-5.0,Negatif,-5.0,Negatif,Negatif,train
game nya bikin gila win sekali lose 10 kali gem aneh,3,2026-07-25 13:36:42,game nya bikin gila win sekali lose kali gem aneh,game nya bikin gila win sekali lose kali gem aneh,-5.0,Negatif,-5.0,Negatif,Negatif,train
"3 tahun gak main,2026 nyoba main, eh tetap aja sampah semakin sampah matchmaking nya,kikir battle point,spam debu ungu doang, grafik tetap burik meskipun rata kanan. saya yakin yg main game ini cuma bocah dibawah umur dan hp kentang doang.",1,2026-07-25 13:36:34,tahun tidak main nyoba main eh tetap aja sampah semakin sampah matchmaking nya kikir battle point spam debu ungu doang grafik tetap burik meskipun rata kanan yakin main game cuma bocah dibawah umur handphone kentang doang,tahun tidak main nyoba main eh tetap aja sampah makin sampah matchmaking nya kikir battle point spam debu ungu doang grafik tetap burik meski rata kanan yakin main game cuma bocah bawah umur handphone kentang doang,-7.0,Negatif,-7.0,Negatif,Negatif,test
"matchmaking ga adil,gk mendukung player solo,tim bot musuh ex imo,moonton benerin sikit lah",2,2026-07-25 13:36:30,matchmaking tidak adil tidak mendukung player solo tim bot musuh ex imo moonton benerin sikit lah,matchmaking tidak adil tidak dukung player solo tim bot musuh ex imo moonton benerin sikit lah,-23.0,Negatif,-23.0,Negatif,Negatif,train
"ayo lah muntun kalo ngasih tim yang setara lah tim sendiri mainnya kaya epic sedangkan tim musuh jago2 semua, jadi tolong ya buat pertandingan sesuai dengan rank dan skill yang setara",2,2026-07-25 13:36:15,ayo lah moonton kalau ngasih tim setara lah tim sendiri mainnya kaya epic tim musuh jago semua jadi buat pertandingan sesuai rank skill setara,ayo lah moonton kalau ngasih tim tara lah tim sendiri main kaya epic tim musuh jago semua jadi buat tanding sesuai rank skill tara,-8.0,Negatif,-8.0,Negatif,Negatif,train
terimakasih atas mobile sudah berjuang anteran dengan anime blue archive,5,2026-07-25 13:35:54,terimakasih atas mobile berjuang anteran anime blue archive,terimakasih atas mobile juang anter anime blue archive,1.0,Positif,1.0,Positif,Positif,test
WOI kalo bikin geme bikin yang bener gw main naik turun sama gw main leg mulu saat dalam pertandingan sama ketemu tim yang kayak ajim benerin lah lama lama gw hapus juga ni geme jangan sampek bales nya cuman minta maaf percuma minta maaf doang kalo gak di benerin. malah tambah gak jelas geme ini niat apa kagak benerin gak jelas,1,2026-07-25 13:35:08,woi kalau bikin geme bikin bener main naik turun sama main leg mulu pertandingan sama ketemu tim kayak ajim benerin lah lama lama hapus ni geme jangan sampek bales nya cuman minta maaf percuma minta maaf doang kalau tidak benerin malah tambah tidak jelas geme niat apa kagak benerin tidak jelas,woi kalau bikin geme bikin bener main naik turun sama main leg mulu tanding sama ketemu tim kayak ajim benerin lah lama lama hapus ni geme jangan sampek bales nya cuman minta maaf percuma minta maaf doang kalau tidak benerin malah tambah tidak jelas geme niat apa kagak benerin tidak jelas,-35.0,Negatif,-35.0,Negatif,Negatif,test
"Hai monton, tolong perbaiki game nya ya, tolong kasi tim yg seimbang dan musuh yg seimbang, gini lah monton yg main ml yg dark sistem kumpulin ama yg drak sistem, yg jago kumpulin ama yg jago, gitu nae, tiap hari gw di kasi tim lol, dan musuh jago, dan setiap harinya kalah kalah mulu, di buat gila ama monton ni",1,2026-07-25 13:33:54,hai moonton perbaiki game nya kasi tim seimbang musuh seimbang gini lah moonton main ml dark sistem kumpulin ama drak sistem jago kumpulin ama jago gitu nae tiap hari kasi tim lol musuh jago harinya kalah kalah mulu buat gila ama moonton ni,hai moonton baik game nya kasi tim imbang musuh imbang gin lah moonton main ml dark sistem kumpulin ama drak sistem jago kumpulin ama jago gitu nae tiap hari kasi tim lol musuh jago hari kalah kalah mulu buat gila ama moonton ni,-28.0,Negatif,-28.0,Negatif,Negatif,train
game seru buat di mainkan,5,2026-07-25 13:33:27,game seru buat mainkan,game seru buat main,3.0,Positif,6.0,Positif,Positif,test
moonton loco,1,2026-07-25 13:31:29,moonton loco,moonton loco,0.0,Negatif,0.0,Negatif,Negatif,train
"Game sampah, Sarang dark sistem, Sinyal enggak stabil, server down 👎 jaringan kenceng pakai wifi game sampah",1,2026-07-25 13:31:13,game sampah sarang dark sistem sinyal tidak stabil server down jaringan kenceng pakai wifi game sampah emoji_negatif,game sampah sarang dark sistem sinyal tidak stabil server down jaring kenceng pakai wifi game sampah emoji_negatif,-22.0,Negatif,-22.0,Negatif,Negatif,train
"kebanyakan bot ngsih tim gk ngotak tim aja bot masa musuhnya dikasih yg ex imo, ex glory ping jelek parah tolong lh moonton",1,2026-07-25 13:30:39,kebanyakan bot ngsih tim tidak ngotak tim aja bot masa musuhnya dikasih ex imo ex glory ping jelek parah lh moonton,banyak bot ngsih tim tidak ngotak tim aja bot masa musuh kasih ex imo ex glory ping jelek parah lh moonton,-24.0,Negatif,-24.0,Negatif,Negatif,train
makin keisni makin dongo dark sistem di banyakin lawak bau,1,2026-07-25 13:29:53,makin keisni makin dongo dark sistem banyakin lawak bau,makin keisni makin dongo dark sistem banyakin lawak bau,-4.0,Negatif,-4.0,Negatif,Negatif,train
"ini bagus tapi suka ngeleg, itu yang bikin kesal, kalo saya memainkan mode rank, hero yang saya pakai berhenti tiba-tiba dan langsung dimainkan oleh komputer saya hanya bisa melihat hero saya dimainkan oleh komputer saya juga tidak bisa berbuat apa-apa, apa lagi mengendalikan hero yang saya pakai itu hal mustahil untuk saya. Saya harap bisa diperbaiki selebihnya bagus dan epicc banget, I like in the game💜",4,2026-07-25 13:29:44,bagus suka ngeleg bikin kesal kalau memainkan mode rank hero pakai berhenti tiba tiba langsung dimainkan komputer melihat hero dimainkan komputer tidak berbuat apa apa apa mengendalikan hero pakai mustahil harap diperbaiki selebihnya bagus epicc banget i like in the game emoji_positif,bagus suka ngeleg bikin kesal kalau main mode rank hero pakai henti tiba tiba langsung main komputer lihat hero main komputer tidak buat apa apa apa kendali hero pakai mustahil harap baik lebih bagus epicc banget i like in the game emoji_positif,-8.0,Negatif,2.0,Positif,Positif,train
Game ngebug setiap relog gk pernah masuk ke match lagi malah stuck di loby utama Game nya banyak bug skrng,2,2026-07-25 13:29:43,game ngebug relog tidak pernah masuk match malah stuck loby utama game nya banyak bug skrng,game ngebug relog tidak pernah masuk match malah stuck loby utama game nya banyak bug skrng,-4.0,Negatif,-6.0,Negatif,Negatif,test
apalah. padahal sinyal gw bagus main game lain tapi pas main ml ping terendah cuma 60 an (pakai internet sama game lain) apalagi pas udah nemu match malah gak bisa masuk... tolong diperbaiki karena di Mobile legends delay dikit juga sangat berpengaruh menuruku,1,2026-07-25 13:29:30,apalah padahal sinyal bagus main game pas main ml ping terendah cuma an pakai internet sama game pas udah nemu match malah tidak masuk diperbaiki mobile legends delay dikit sangat berpengaruh menuruku,apa padahal sinyal bagus main game pas main ml ping rendah cuma an pakai internet sama game pas udah nemu match malah tidak masuk baik mobile legends delay dikit sangat pengaruh menuruku,-6.0,Negatif,-1.0,Negatif,Negatif,train
gamenya seru cocok buat Mabar,5,2026-07-25 13:29:11,gamenya seru cocok buat mabar,gamenya seru cocok buat mabar,2.0,Positif,5.0,Positif,Positif,train
mau main ml,1,2026-07-25 13:28:57,mau main ml,mau main ml,4.0,Positif,4.0,Positif,Positif,test
game jelek jaringan ijo tapi pas main maju² sendiri ga jelas skill ga bisa d pencet,1,2026-07-25 13:26:05,game jelek jaringan ijo pas main maju sendiri tidak jelas skill tidak d pencet,game jelek jaring ijo pas main maju sendiri tidak jelas skill tidak d pencet,-14.0,Negatif,-14.0,Negatif,Negatif,train
game nya lumayan bagus tapi tolong kenapa setiap saya main solo rank sama selalu kalah,4,2026-07-25 13:25:49,game nya lumayan bagus main solo rank sama selalu kalah,game nya lumayan bagus main solo rank sama selalu kalah,0.0,Positif,5.0,Positif,Positif,train
saya sangat suka karena banyak hero,5,2026-07-25 13:24:59,sangat suka banyak hero,sangat suka banyak hero,0.0,Positif,0.0,Positif,Positif,train
APALAH SERVERNYA BURIK Minimal UPGRADE server kikir,1,2026-07-25 13:24:58,apalah servernya burik minimal upgrade server kikir,apa servernya burik minimal upgrade server kikir,-1.0,Negatif,-1.0,Negatif,Negatif,train
baguss Bett cuyy,5,2026-07-25 13:24:56,baguss bett cuyy,baguss bett cuyy,0.0,Positif,0.0,Positif,Positif,train
"game bgst perusak mood,matchmacking nya perbaiki kocak,lagi pula dah kikir hapus aja ini game",1,2026-07-25 13:24:43,game bgst perusak mood matchmacking nya perbaiki kocak kikir hapus aja game,game bgst usak mood matchmacking nya baik kocak kikir hapus aja game,6.0,Positif,6.0,Positif,Positif,train
"monton baned la para drak sistem itu batasi yang bisa pakek sky,di real life udah sengsara main ml malah ketemu tim hama monton🫠🫠",1,2026-07-25 13:23:41,moonton baned la drak sistem batasi pakek sky real life udah sengsara main ml malah ketemu tim hama moonton emoji_lain emoji_lain,moonton baned la drak sistem batas pakek sky real life udah sengsara main ml malah ketemu tim hama moonton emoji_lain emoji_lain,-15.0,Negatif,-15.0,Negatif,Negatif,train
"game jelek, pelit win, udah main dari jam berapa juga dapetnya lostrik terus. pantes banyak yang pensi, orang main udah bener tetep aja dikasih lostrik. kalau pilih kasih gausah buat game",1,2026-07-25 13:23:10,game jelek pelit win udah main jam berapa dapetnya lostrik terus pantes banyak pensi orang main udah bener tetep aja dikasih lostrik kalau pilih kasih gausah buat game,game jelek pelit win udah main jam berapa dapetnya lostrik terus pantes banyak pensi orang main udah bener tetep aja kasih lostrik kalau pilih kasih gausah buat game,-4.0,Negatif,-4.0,Negatif,Negatif,train
bagus sih tapi bintang lima nya gak bisa kepencet maaf yahh🙏🏻🙏🏻,1,2026-07-25 13:22:25,bagus sih bintang lima nya tidak kepencet maaf yahh emoji_netral emoji_netral emoji_lain emoji_lain,bagus sih bintang lima nya tidak pencet maaf yahh emoji_netral emoji_netral emoji_lain emoji_lain,-6.0,Negatif,-1.0,Negatif,Negatif,train
game keren,1,2026-07-25 13:22:15,game keren,game keren,2.0,Positif,6.0,Positif,Positif,train
game yg bikin naik darah jngan mau main game ini.....saya udah uninstal game buruk ini mending main yg lain aja yg bisa menghasilkan uang tapi bukan main slot,1,2026-07-25 13:22:08,game bikin naik darah jngan mau main game udah uninstal game buruk mending main aja menghasilkan uang bukan main slot,game bikin naik darah jngan mau main game udah uninstal game buruk mending main aja hasil uang bukan main slot,6.0,Positif,6.0,Positif,Positif,train
server ngelag babi,1,2026-07-25 13:21:23,server ngelag babi,server ngelag babi,-4.0,Negatif,-7.0,Negatif,Negatif,train
legendary,5,2026-07-25 13:20:24,legendary,legendary,0.0,Positif,0.0,Positif,Positif,train
moonton tolong gamenya perbaiki gamenya males banget tiba tiba ngelag padahal sinyal bagus,1,2026-07-25 13:18:31,moonton gamenya perbaiki gamenya males banget tiba tiba ngelag padahal sinyal bagus,moonton gamenya baik gamenya males banget tiba tiba ngelag padahal sinyal bagus,-5.0,Negatif,-3.0,Negatif,Negatif,train
"saya sangat resah dengan game ini kenapa karena game ini membuat orang menjadi streess karena banyak orang gj contohnya gila kill, gabisa maen, yapping, dan bucin gj. game nya rusak gw main pake sinyal bagus malah gak masuk ke game play nya terus pas udah bisa malah for close gj game bagus tapi rusak. perbaiki lah monton",1,2026-07-25 13:18:28,sangat resah game game membuat orang menjadi streess banyak orang gj contohnya gila kill gabisa maen yapping bucin gj game nya rusak main pake sinyal bagus malah tidak masuk game play nya terus pas udah malah for close gj game bagus rusak perbaiki lah moonton,sangat resah game game buat orang jadi streess banyak orang gj contoh gila kill gabisa maen yapping bucin gj game nya rusak main pake sinyal bagus malah tidak masuk game play nya terus pas udah malah for close gj game bagus rusak baik lah moonton,-6.0,Negatif,4.0,Positif,Positif,train
"gamenya seru tapi tim nya yang gak seru. papi moonton ksih lah tim yang white system secerah surga, jangan kasih yang dark system lah papi moontonnnnn tolonh",5,2026-07-25 13:18:21,gamenya seru tim nya tidak seru papi moonton ksih lah tim white system secerah surga jangan kasih dark system lah papi moontonn tolonh,gamenya seru tim nya tidak seru papi moonton ksih lah tim white system cerah surga jangan kasih dark system lah papi moontonn tolonh,-17.0,Negatif,-17.0,Negatif,Negatif,train
"masih banyak lagi karena server TOLONG DIPERBAIKIIIIII,UNTUK KENYAMANAN KITAAA MONTONNNNNNN PING WIFI 6ms ,pas main drop parahh",1,2026-07-25 13:17:58,banyak server diperbaikii kenyamanan kitaa montonn ping wifi ms pas main drop parahh,banyak server diperbaikii nyaman kitaa montonn ping wifi ms pas main drop parahh,4.0,Positif,4.0,Positif,Positif,train
"geme nya seru tpi sistem pencarian tim nya gak jelas udah nunggu 3 kali gak masuk pas udah masuk dpet tim yg ngetrol, pada gk bisa main, percuma klo nunggu lama dpet tim nya gk jelas, tolong di perbaiki monton, masa nunggu lama² dpat tim yg gak jelas gitu",3,2026-07-25 13:17:55,geme nya seru tpi sistem pencarian tim nya tidak jelas udah nunggu kali tidak masuk pas udah masuk dpet tim ngetrol tidak main percuma kalau nunggu lama dpet tim nya tidak jelas perbaiki moonton masa nunggu lama dpat tim tidak jelas gitu,geme nya seru tpi sistem cari tim nya tidak jelas udah nunggu kali tidak masuk pas udah masuk dpet tim ngetrol tidak main percuma kalau nunggu lama dpet tim nya tidak jelas baik moonton masa nunggu lama dpat tim tidak jelas gitu,-42.0,Negatif,-39.0,Negatif,Negatif,train
OI INI GW PUSH MMR BELERICK DARI KEMAREN KENAPA GK DI KIRIM NUNGGU 6 HARI LAGI KLO BIKIN GAME BUG NYA LANGSUNG DI FIX KEK BUKAN MALAH DI BAN GC GITU KLO ADA BUG GW CAPE CAPE PUSH MMR SAMPE BERAPA TUH GW LUPA TURUN KE 56 TAPI GK DAPET APA APA YANG DI DAPET CUMA APA CUMA HIKMAH COK BUAT APA GW BUANG BUANG WAKTU 24 JAM GW MAEN KETEMU HAMA FANNY BELAJAR DI RANK LAWANNYA MAKE RW KLO MAKE CIT JUGA KENAPA HARUS DI BAN 30 TAHUN BUAT APA COK MINIMAL HARUS CARI CARA GITU BIKIN GAME ANTI CIT BERLEBIHAN,3,2026-07-25 13:16:29,oi push mmr belerick kemaren tidak kirim nunggu hari kalau bikin game bug nya langsung fix kek bukan malah ban gc gitu kalau bug cape cape push mmr sampe berapa tuh lupa turun tidak dapet apa apa dapet cuma apa cuma hikmah cok buat apa buang buang waktu jam maen ketemu hama fanny belajar rank lawannya make rw kalau make cheater ban tahun buat apa cok minimal cari cara gitu bikin game anti cheater berlebihan,oi push mmr belerick kemaren tidak kirim nunggu hari kalau bikin game bug nya langsung fix kek bukan malah ban gc gitu kalau bug cape cape push mmr sampe berapa tuh lupa turun tidak dapet apa apa dapet cuma apa cuma hikmah cok buat apa buang buang waktu jam maen ketemu hama fanny ajar rank lawan make rw kalau make cheater ban tahun buat apa cok minimal cari cara gitu bikin game anti cheater lebih,-49.0,Negatif,-61.0,Negatif,Negatif,train
download aja udh kasih bintang 5,5,2026-07-25 13:16:07,download aja kasih bintang,download aja kasih bintang,2.0,Positif,2.0,Positif,Positif,train
monton tolong la kalau kami main solo temennya bot Mulu kasih lah yang bagus kami main mobile legends ini hanya merebut kan satu bintang aja susahnya minta ampun game apa ini. kasian yang player solo nanti kami kalo mau main bareng dikatain rank lu kecil kalo kaya gini gimana mau tinggi ranknya ya cobalah yu main gimana rasanya dapet temen bot menang sekali kalah Mulu coba lah main solo sakit hati dan juga males mending fre fire aja.,1,2026-07-25 13:14:21,moonton la kalau main solo temennya bot mulu kasih lah bagus main mobile legends merebut kan satu bintang aja susahnya minta ampun game apa kasian player solo kalau mau main bareng dikatain rank kamu kecil kalau kaya gini gimana mau tinggi ranknya cobalah yu main gimana rasanya dapet temen bot menang sekali kalah mulu coba lah main solo sakit hati males mending fre fire aja,moonton la kalau main solo temennya bot mulu kasih lah bagus main mobile legends rebut kan satu bintang aja susah minta ampun game apa kasi player solo kalau mau main bareng dikatain rank kamu kecil kalau kaya gin gimana mau tinggi ranknya coba yu main gimana rasa dapet temen bot menang sekali kalah mulu coba lah main solo sakit hati males mending fre fire aja,-18.0,Negatif,-9.0,Negatif,Negatif,train
muntun kenapa kau kasih drak sistem diayang boot gw yang disalahin,1,2026-07-25 13:13:38,moonton kau kasih drak sistem diayang boot disalahin,moonton kau kasih drak sistem diayang boot disalahin,-6.0,Negatif,-6.0,Negatif,Negatif,train
kikir 😭,1,2026-07-25 13:12:14,kikir emoji_negatif,kikir emoji_negatif,4.0,Positif,4.0,Positif,Positif,train
"moonton kalo kasih tim yg jelas beda kali sama tim musuh sengaja kasih sekali menang mau nutupi lima kali kalah ga logika , kalau memang mau buat game susah buat dengan gameplay game mu bukan pemain mending di buang dari ml orang ga pandai main kalo ga ajarin buat latihan sesuai rank jangan yg udah pandai main bersatu sama yang belum main apalagi aku pernah sampai empat orang yang berarti semua tim ku ga pandai main, tolong lah ya aku bukan apa apa tapi kayak gini buang waktu makasih",1,2026-07-25 13:09:15,moonton kalau kasih tim jelas beda kali sama tim musuh sengaja kasih sekali menang mau nutupi lima kali kalah tidak logika kalau memang mau buat game susah buat gameplay game mu bukan pemain mending buang ml orang tidak pandai main kalau tidak ajarin buat latihan sesuai rank jangan udah pandai main bersatu sama belum main aku pernah empat orang berarti semua tim ku tidak pandai main lah aku bukan apa apa kayak gini buang waktu makasih,moonton kalau kasih tim jelas beda kali sama tim musuh sengaja kasih sekali menang mau nutupi lima kali kalah tidak logika kalau memang mau buat game susah buat gameplay game mu bukan main mending buang ml orang tidak pandai main kalau tidak ajarin buat latih sesuai rank jangan udah pandai main satu sama belum main aku pernah empat orang arti semua tim ku tidak pandai main lah aku bukan apa apa kayak gin buang waktu makasih,-41.0,Negatif,-37.0,Negatif,Negatif,test
Jangan terlalu ngelek,4,2026-07-25 13:09:02,jangan terlalu ngelek,jangan terlalu ngelek,0.0,Positif,0.0,Positif,Positif,train
makasih monton inih b 4 kalo b 5 lu lasih tim gak bisa main,4,2026-07-25 13:08:48,makasih moonton inih b kalau b kamu lasih tim tidak main,makasih moonton inih b kalau b kamu lasih tim tidak main,-6.0,Negatif,-6.0,Negatif,Negatif,train
"tolong servernya diperbaiki / di upgrade soalnya saya setiap kali main rank itu di mid game sinyalnya merah padahal pas early bagus dan setiap kali main begitu terus edit: walaupun udah pake wifi saudara wifi sendiri bahkan data tetep aja ngeleg, dahlah pensi ae mending maen honor of king atau aov",1,2026-07-25 13:07:57,servernya diperbaiki upgrade soalnya kali main rank mid game sinyalnya merah padahal pas early bagus kali main terus edit walaupun udah pake wifi saudara wifi sendiri bahkan data tetep aja ngeleg dahlah pensi ae mending maen honor of king aov,servernya baik upgrade soal kali main rank mid game sinyal merah padahal pas early bagus kali main terus edit walaupun udah pake wifi saudara wifi sendiri bahkan data tetep aja ngeleg dah pensi ae mending maen honor of king aov,-3.0,Negatif,2.0,Positif,Positif,train
game nya bagus sekali 👍,5,2026-07-25 13:06:51,game nya bagus sekali emoji_positif,game nya bagus sekali emoji_positif,-1.0,Negatif,4.0,Positif,Positif,train
game gajee setiap maen berlimaa ping nggak karuan padahal wifi dekat ping wifi full benahi lagi sistemm sinyalnya ton,1,2026-07-25 13:06:31,game gajee maen berlimaa ping tidak karuan padahal wifi dekat ping wifi full benahi sistemm sinyalnya ton,game gajee maen berlimaa ping tidak karuan padahal wifi dekat ping wifi full benah sistemm sinyal ton,-3.0,Negatif,-3.0,Negatif,Negatif,train
montoon ko gini ya sekarang,2,2026-07-25 13:06:02,moonton ko gini sekarang,moonton ko gin sekarang,0.0,Negatif,0.0,Negatif,Negatif,test
geme membuat mental kuat,1,2026-07-25 13:05:46,geme membuat mental kuat,geme buat mental kuat,0.0,Negatif,0.0,Negatif,Negatif,train
gamenya bagus tapi ada bug pas mau masuk ml di tulisan mobile legends bang bang itu ngestack terus disitu,3,2026-07-25 13:04:21,gamenya bagus bug pas mau masuk ml tulisan mobile legends bang bang ngestack terus disitu,gamenya bagus bug pas mau masuk ml tulis mobile legends bang bang ngestack terus situ,2.0,Positif,5.0,Positif,Positif,train
SUMPAH KECEWA SAMA INI GAME MAKIN LAMA MAKIN GAK BENER SISTEM NYA TOLONG LAH MONTOON BENERIN SISTEM NYA MATCHING NYA TOLONG DI BENERIN CAPEK SAYA MONTOON 🥲🥲,1,2026-07-25 13:04:20,sumpah kecewa sama game makin lama makin tidak bener sistem nya lah moonton benerin sistem nya matching nya benerin capek moonton emoji_negatif emoji_negatif,sumpah kecewa sama game makin lama makin tidak bener sistem nya lah moonton benerin sistem nya matching nya benerin capek moonton emoji_negatif emoji_negatif,-10.0,Negatif,-10.0,Negatif,Negatif,train
sistemnya jelek sangat buruk tidak baik sistem tim selalu dark sistem,1,2026-07-25 13:02:47,sistemnya jelek sangat buruk tidak baik sistem tim selalu dark sistem,sistem jelek sangat buruk tidak baik sistem tim selalu dark sistem,-31.0,Negatif,-31.0,Negatif,Negatif,train
mobil legen tolong😭🙏 dong anuin akun ku akun ku tiba tiba ajah beda kaya server lain tolong dikembaliin akun kesayang ku tolong ya mobil legen pelis😭,5,2026-07-25 13:00:37,mobil legen dong anuin akun ku akun ku tiba tiba ajah beda kaya server dikembaliin akun kesayang ku mobil legen pelis emoji_negatif emoji_negatif emoji_netral,mobil legen dong anuin akun ku akun ku tiba tiba ajah beda kaya server dikembaliin akun sayang ku mobil legen pel emoji_negatif emoji_negatif emoji_netral,0.0,Positif,0.0,Positif,Positif,train
gamenya bagus tapi napag sinyalnya merah terus moonton pantas game ini bikin emosi terus kalau macam ini terus moonton mending hapus aja ml ini gk guna,5,2026-07-25 12:58:50,gamenya bagus napag sinyalnya merah terus moonton pantas game bikin emosi terus kalau macam terus moonton mending hapus aja ml tidak,gamenya bagus napag sinyal merah terus moonton pantas game bikin emosi terus kalau macam terus moonton mending hapus aja ml tidak,-13.0,Negatif,-8.0,Negatif,Negatif,train
MOONTON!!!!. kasih tim yg waras dikitlah. di tim sendiri. kayak orang baru main ML. sedangkan musuh nya kayak lawan para top global. tolong perbaiki Match nya.,1,2026-07-25 12:58:02,moonton kasih tim waras dikitlah tim sendiri kayak orang baru main ml musuh nya kayak lawan top global perbaiki match nya,moonton kasih tim waras dikit tim sendiri kayak orang baru main ml musuh nya kayak lawan top global baik match nya,-19.0,Negatif,-19.0,Negatif,Negatif,train
game kampang,1,2026-07-25 12:57:06,game kampang,game kampang,2.0,Positif,2.0,Positif,Positif,train
soryy nih montoon gua dapat dark system terusss turun BINTANG GUA!!,3,2026-07-25 12:56:55,soryy nih moonton dark system teruss turun bintang,soryy nih moonton dark system teruss turun bintang,-2.0,Negatif,-2.0,Negatif,Negatif,train
publik game ini sakit semua,2,2026-07-25 12:55:22,publik game sakit semua,publik game sakit semua,-6.0,Negatif,-6.0,Negatif,Negatif,test
guys gw cmn mau bilang game ini ga work it buat kalian download. pentingin masa depan kalian jangan game yang gajelas ini pasti kalian bkalan cape😮‍💨😮‍💨😮‍💨,1,2026-07-25 12:53:48,guys cmn mau bilang game tidak work it buat kalian download pentingin masa depan kalian jangan game gajelas kalian bkalan cape emoji_lain emoji_lain emoji_lain,guys cmn mau bilang game tidak work it buat kalian download pentingin masa depan kalian jangan game gajelas kalian bkalan cape emoji_lain emoji_lain emoji_lain,-6.0,Negatif,-6.0,Negatif,Negatif,train
ml sangat baguss,5,2026-07-25 12:53:22,ml sangat baguss,ml sangat baguss,-2.0,Negatif,-2.0,Negatif,Negatif,test
"bagi yang bilang ini game susah lah game tim bot musuh jago lah, match making g seimbang dan apalah itu berarti mereka aja yang g bisa maen",5,2026-07-25 12:51:15,bilang game susah lah game tim bot musuh jago lah match making g seimbang apalah berarti aja g maen,bilang game susah lah game tim bot musuh jago lah match making g imbang apa arti aja g maen,-3.0,Negatif,-3.0,Negatif,Negatif,train
"game rusak, pantes Udah Mau Bangkrut ini Game, banyak pada pergi player, game busuk, Jangan Mau Download lagi game ini guys,",1,2026-07-25 12:50:57,game rusak pantes udah mau bangkrut game banyak pergi player game busuk jangan mau download game guys,game rusak pantes udah mau bangkrut game banyak pergi player game busuk jangan mau download game guys,-9.0,Negatif,-9.0,Negatif,Negatif,train
klo kasih tim yang bener la gw Sampek ls terus mvp kalah pula,1,2026-07-25 12:50:32,kalau kasih tim bener la sampek losestreak terus mvp kalah,kalau kasih tim bener la sampek losestreak terus mvp kalah,-6.0,Negatif,-6.0,Negatif,Negatif,train
sistem nya tolong di perbaiki masih jaringan bagus tapi ngelag,1,2026-07-25 12:49:31,sistem nya perbaiki jaringan bagus ngelag,sistem nya baik jaring bagus ngelag,-7.0,Negatif,-5.0,Negatif,Negatif,test
seruu,5,2026-07-25 12:49:11,seruu,seruu,0.0,Positif,0.0,Positif,Positif,train
"sekarang ketahuan bahwa moonton curang. buktinya tim tidak adil, baterei cepat habis (saat hapenya layarnya hitam), aku dikurangi credit score. pasti moonton hakker. gak usah menipuku, kalau sudah ketahuan. benerin ini sekarang juga atau aku hapus dari play store dimasa yang akan datang. bilang aja moonton curang. gak usah bilang kalau mau menang harus pake kemampuan tim.",1,2026-07-25 12:48:58,sekarang ketahuan moonton curang buktinya tim tidak adil baterei cepat habis hapenya layarnya hitam aku dikurangi credit score moonton hakker tidak usah menipuku kalau ketahuan benerin sekarang aku hapus play store dimasa datang bilang aja moonton curang tidak usah bilang kalau mau menang pake kemampuan tim,sekarang tahu moonton curang bukti tim tidak adil baterei cepat habis hapenya layar hitam aku rang credit score moonton hakker tidak usah tipu kalau tahu benerin sekarang aku hapus play store masa datang bilang aja moonton curang tidak usah bilang kalau mau menang pake mampu tim,-37.0,Negatif,-33.0,Negatif,Negatif,train
gada yang menarik game aneh,1,2026-07-25 12:47:51,gada menarik game aneh,gada tarik game aneh,2.0,Positif,2.0,Positif,Positif,test
game ter ajg,1,2026-07-25 12:47:15,game ter ajg,game ter ajg,2.0,Positif,2.0,Positif,Positif,test
"game sampah, player tidak ramah",1,2026-07-25 12:45:39,game sampah player tidak ramah,game sampah player tidak ramah,-9.0,Negatif,-9.0,Negatif,Negatif,test
💔,5,2026-07-25 12:43:40,emoji_negatif,emoji_negatif,0.0,Positif,0.0,Positif,Positif,train
game buruk masa lalu 20 kali dalam 12 jam?,1,2026-07-25 12:43:08,game buruk masa lalu kali jam,game buruk masa lalu kali jam,0.0,Negatif,0.0,Negatif,Negatif,test
enak dan mantap game-nya tidak tidak ada kesulitan pas bermain,5,2026-07-25 12:42:33,enak mantap game nya tidak tidak kesulitan pas bermain,enak mantap game nya tidak tidak sulit pas main,16.0,Positif,18.0,Positif,Positif,train
seru games nya,4,2026-07-25 12:42:21,seru games nya,seru games nya,0.0,Positif,3.0,Positif,Positif,train
jujur seru mainnya apalagi banyak event nya dan Hero baru nya pokonya bagus deh ini game👍👍👍,5,2026-07-25 12:41:59,jujur seru mainnya banyak event nya hero baru nya pokonya bagus deh game emoji_positif emoji_positif emoji_positif,jujur seru main banyak event nya hero baru nya poko bagus deh game emoji_positif emoji_positif emoji_positif,1.0,Positif,9.0,Positif,Positif,train
gamenya rusak parah,2,2026-07-25 12:40:57,gamenya rusak parah,gamenya rusak parah,-6.0,Negatif,-6.0,Negatif,Negatif,train
masalah jaringan tolong diperhatikan lagi dan machmaking juga tolong di kondisikan dengan cara yang adil atau sesuai kemampuan player dan yang paling penting tolong di perketat lagi sistem kemanan nya soalnya aku pernah ketemu citer aku udah report tapi tidak ada respon oleh developer game nya pokok itu saja yang ingin saya sampaikan,5,2026-07-25 12:39:29,masalah jaringan diperhatikan machmaking kondisikan cara adil sesuai kemampuan player paling penting perketat sistem kemanan nya soalnya aku pernah ketemu cheater aku udah report tidak respon developer game nya pokok sampaikan,masalah jaring perhati machmaking kondisi cara adil sesuai mampu player paling penting ketat sistem keman nya soal aku pernah ketemu cheater aku udah report tidak respon developer game nya pokok sampai,-5.0,Negatif,-9.0,Negatif,Negatif,train
"Update makin lama makin ngelek, jaringan ku bagus bagus aja tapi pas main Tah kenapa ngelek-ngelek,Mending kalian jangan Download ini game mending kalian Download Honor Of King aja",1,2026-07-25 12:38:23,update makin lama makin ngelek jaringan ku bagus bagus aja pas main tah ngelek ngelek mending kalian jangan download game mending kalian download honor of king aja,update makin lama makin ngelek jaring ku bagus bagus aja pas main tah ngelek ngelek mending kalian jangan download game mending kalian download honor of king aja,-3.0,Negatif,7.0,Positif,Positif,train
game nya gak jelas anak saya sampai masuk rsj tolong diperbaiki,1,2026-07-25 12:37:20,game nya tidak jelas anak masuk rsj diperbaiki,game nya tidak jelas anak masuk rsj baik,-7.0,Negatif,-7.0,Negatif,Negatif,train
MOONTONN KENAPA SIH PADAHAL TULISANNYA PERLINDUNGAN BINTANG 1X SEHARI PAKE ROAM TAPI KOK MALAH NGURANG TERUS JADI MALES MAIN,1,2026-07-25 12:35:01,moontonn sih padahal tulisannya perlindungan bintang x sehari pake roam kok malah ngurang terus jadi males main,moontonn sih padahal tulis lindung bintang x hari pake roam kok malah ngurang terus jadi males main,-5.0,Negatif,-5.0,Negatif,Negatif,train
game jago isinya drakkk sistemmmmm😹😹😹,5,2026-07-25 12:34:29,game jago isinya drakk sistemm emoji_netral emoji_netral emoji_netral,game jago isi drakk sistemm emoji_netral emoji_netral emoji_netral,5.0,Positif,5.0,Positif,Positif,train
main di hp ip15 resoulusi udh rendah masih patapata,1,2026-07-25 12:31:35,main handphone ip resoulusi rendah patapata,main handphone ip resoulusi rendah patapata,-5.0,Negatif,-5.0,Negatif,Negatif,train
monton perbaiki mlbb gw namanya /sopan kalo gak bisa lagi gua pansi,2,2026-07-25 12:31:15,moonton perbaiki mlbb namanya sopan kalau tidak pansi,moonton baik mlbb nama sopan kalau tidak pansi,-6.0,Negatif,-6.0,Negatif,Negatif,train
"hallo kk admin montoon,aku hari ini ulang tahun masa dikasih skin trial doang, saya rekomendasikan bagi kode redeem skin napa, biar pada betah engga pindah game sebelah, salam dari akun server (2319) terimakasih🙏🙏🙏",5,2026-07-25 12:29:02,hallo kk admin moonton aku hari ulang tahun masa dikasih skin trial doang rekomendasikan kode redeem skin napa betah tidak pindah game sebelah salam akun server terimakasih emoji_netral emoji_netral emoji_netral,hallo kk admin moonton aku hari ulang tahun masa kasih skin trial doang rekomendasi kode redeem skin napa betah tidak pindah game belah salam akun server terimakasih emoji_netral emoji_netral emoji_netral,2.0,Positif,2.0,Positif,Positif,train
"game pembuat emosi stresss, kenapa setiap main malah dipasangin sama orang yang ga bisa main ? cape turun teross, percuma mau di ulas kayak apa pasti jawaban nya maaf minta tangkapan layar, hadehhhhhh",1,2026-07-25 12:28:46,game pembuat emosi stress main malah dipasangin sama orang tidak main cape turun teross percuma mau ulas kayak apa jawaban nya maaf minta tangkapan layar hadehh,game buat emosi stress main malah dipasangin sama orang tidak main cape turun teross percuma mau ulas kayak apa jawab nya maaf minta tangkap layar hadehh,-21.0,Negatif,-21.0,Negatif,Negatif,test
ini sangat bagusss,5,2026-07-25 12:25:13,sangat baguss,sangat baguss,-2.0,Negatif,-2.0,Negatif,Negatif,train
game bagus pls ws,5,2026-07-25 12:19:40,game bagus pls winstreak,game bagus pls winstreak,-3.0,Negatif,2.0,Positif,Positif,train
wah game nya sangat seru sekali aku kalah terus tim ku coklat aku yang gendong tapi kalah moonton anak anj..baik tolong donk😁,1,2026-07-25 12:19:39,wah game nya sangat seru sekali aku kalah terus tim ku coklat aku gendong kalah moonton anak anj baik donk emoji_positif,wah game nya sangat seru sekali aku kalah terus tim ku coklat aku gendong kalah moonton anak anj baik donk emoji_positif,-12.0,Negatif,-9.0,Negatif,Negatif,test
tidak bisakah anda memilihkan rekan tim yg seimbang,1,2026-07-25 12:19:02,tidak bisakah memilihkan rekan tim seimbang,tidak bisa pilih rekan tim imbang,-7.0,Negatif,-7.0,Negatif,Negatif,test
"game nya si enak, tapi dark sistem nya tolong di basmiin y min🗿",4,2026-07-25 12:18:28,game nya si enak dark sistem nya basmiin y min emoji_netral,game nya si enak dark sistem nya basmiin y min emoji_netral,-1.0,Negatif,1.0,Positif,Positif,test
like....,5,2026-07-25 12:17:41,like,like,0.0,Positif,0.0,Positif,Positif,train
seru sih game nya wajib di coba soal nya bukan cuma war biasa harus ngerti item dan lain lain,5,2026-07-25 12:16:06,seru sih game nya wajib coba soal nya bukan cuma war biasa ngerti item,seru sih game nya wajib coba soal nya bukan cuma war biasa ngerti item,-6.0,Negatif,-3.0,Negatif,Negatif,train
games ampas jangan di download kalau gk mau nyesal,1,2026-07-25 12:13:38,games ampas jangan download kalau tidak mau nyesal,games ampas jangan download kalau tidak mau nyesal,-20.0,Negatif,-20.0,Negatif,Negatif,train
pemilihan player kadang tidak seimbang dan sering dapat team lemah,4,2026-07-25 12:13:35,pemilihan player kadang tidak seimbang sering team lemah,pilih player kadang tidak imbang sering team lemah,3.0,Positif,3.0,Positif,Positif,train
ampun gw main gem ini gw legend dapat tim epic padahal tim kayak computer tapi musuh jago mending gk usah main gem ini bisa gila mending main gem sebelah,1,2026-07-25 12:13:25,ampun main gem legend tim epic padahal tim kayak computer musuh jago mending tidak usah main gem gila mending main gem sebelah,ampun main gem legend tim epic padahal tim kayak computer musuh jago mending tidak usah main gem gila mending main gem belah,-26.0,Negatif,-26.0,Negatif,Negatif,train
"di tier epic perasaan banyak deh playernya. kenapa pas main classic, tim gua dikasi computer. ini ga jarang ya, bro. plis lah ya, se-engganya kalo sepi pemain jangan masukin computer (akun tanpa pemain) di suatu match lah, co. kalah meski sama² sportif mainnya masi okey, kalo kayak gini ya ga seimbang namanya",2,2026-07-25 12:13:10,tier epic perasaan banyak deh playernya pas main classic tim dikasi computer tidak jarang bro plis lah se engganya kalau sepi pemain jangan masukin computer akun tanpa pemain suatu match lah co kalah meski sama sportif mainnya masi okey kalau kayak gini tidak seimbang namanya,tier epic asa banyak deh playernya pas main classic tim kasi computer tidak jarang bro plis lah se engganya kalau sepi main jangan masukin computer akun tanpa main suatu match lah co kalah meski sama sportif main mas okey kalau kayak gin tidak imbang nama,-22.0,Negatif,-22.0,Negatif,Negatif,train
heran gua setiap kali mau naik pasti kalah kok bisa pas ya curiga gua,1,2026-07-25 12:12:21,heran kali mau naik kalah kok pas curiga,heran kali mau naik kalah kok pas curiga,2.0,Positif,2.0,Positif,Positif,test
"selamat tinggal game ml , ini terakhir kalinya gua main ml q",1,2026-07-25 12:11:17,selamat tinggal game ml terakhir kalinya main ml q,selamat tinggal game ml akhir kali main ml q,5.0,Positif,5.0,Positif,Positif,test
di kasih bot mulu temen nya,1,2026-07-25 12:10:02,kasih bot mulu temen nya,kasih bot mulu temen nya,0.0,Negatif,0.0,Negatif,Negatif,train
Tolong ya game seseru ini tapi ancur gegara sistemnya sendiri yang ngebuat para playernya setres terutama untuk player solo.. sistem matchmaking begitu ampas dibuat losestreak sampe puluhan menang cuma 2-3x gila gila.. waktu di cek akun2 rekan tim ternyata bukan player asli melainkan bot di tim kita.. yang jelas2 merugikan para solo player untuk main ranked.. tolonglah muntun game mu udah bagus banget janhan dirusak sama sistem mu yang seperti itu.. yang ada game mu makin sepi..,1,2026-07-25 12:09:36,game seseru ancur gegara sistemnya sendiri ngebuat playernya setres terutama player solo sistem matchmaking ampas dibuat losestreak sampe puluhan menang cuma x gila gila waktu cek akun rekan tim ternyata bukan player asli bot tim jelas merugikan solo player main ranked tolonglah moonton game mu udah bagus banget janhan dirusak sama sistem mu game mu makin sepi,game seru ancur gegara sistem sendiri ngebuat playernya tres utama player solo sistem matchmaking ampas buat losestreak sampe puluh menang cuma x gila gila waktu cek akun rekan tim nyata bukan player asli bot tim jelas rugi solo player main ranked tolong moonton game mu udah bagus banget janhan rusak sama sistem mu game mu makin sepi,-33.0,Negatif,-24.0,Negatif,Negatif,train
"tiba tiba suka leg, sedangkan kalo lain loba sebelah jaringan aman aman aja anehhh dah",1,2026-07-25 12:09:17,tiba tiba suka leg kalau loba sebelah jaringan aman aman aja anehh,tiba tiba suka leg kalau loba belah jaring aman aman aja anehh,-3.0,Negatif,-3.0,Negatif,Negatif,train
i hate you moonton,1,2026-07-25 12:07:46,i hate you moonton,i hate you moonton,-5.0,Negatif,-5.0,Negatif,Negatif,test
"jaringan servernya di perbaikin dong saya lagi war tiba tiba ga bisa ngapa ngapain jaringan saya ijo wifi nya juga baru di bayar kuota nya juga baru di beli kemarin belum kepake, tim saya juga gitu pada ngelag bilang nya pas lagi party",2,2026-07-25 12:07:26,jaringan servernya perbaikin dong war tiba tiba tidak ngapa ngapain jaringan ijo wifi nya baru bayar kuota nya baru beli kemarin belum kepake tim gitu ngelag bilang nya pas party,jaring servernya perbaikin dong war tiba tiba tidak ngapa ngapain jaring ijo wifi nya baru bayar kuota nya baru beli kemarin belum kepake tim gitu ngelag bilang nya pas party,-13.0,Negatif,-16.0,Negatif,Negatif,train
"team tidak setara, kikir, banyak DS, makin kesini makin elek aj ni game, dasar montooddd.",1,2026-07-25 12:06:41,team tidak setara kikir banyak ds makin kesini makin elek aj ni game dasar montoodd,team tidak tara kikir banyak ds makin kesini makin elek aj ni game dasar montoodd,4.0,Positif,4.0,Positif,Positif,train
game gajelas banyak dark siatem,1,2026-07-25 12:05:39,game gajelas banyak dark siatem,game gajelas banyak dark siatem,2.0,Positif,2.0,Positif,Positif,train
gamenya bagus darksistemnya tolong dihapus,5,2026-07-25 12:04:34,gamenya bagus darksistemnya dihapus,gamenya bagus darksistemnya hapus,-2.0,Negatif,3.0,Positif,Positif,test
muntun gemnya bagus banget,5,2026-07-25 12:03:14,moonton gemnya bagus banget,moonton gemnya bagus banget,-1.0,Negatif,4.0,Positif,Positif,train
aku suka tapi sulit banget untuk naik rank dan musuhnya pada jago sedangkan aku buat mainnya ayah sulit di mana mau naik tapi keren banget sih,4,2026-07-25 12:02:29,aku suka sulit banget naik rank musuhnya jago aku buat mainnya ayah sulit mana mau naik keren banget sih,aku suka sulit banget naik rank musuh jago aku buat main ayah sulit mana mau naik keren banget sih,16.0,Positif,20.0,Positif,Positif,train
katanya game bagus dan adil alasan biar di download tayi gak ada bagus bagus nya gk recommended buat di download mending main free fire aj,5,2026-07-25 12:01:23,katanya game bagus adil alasan download tayi tidak bagus bagus nya tidak recommended buat download mending main free fire aj,kata game bagus adil alas download tayi tidak bagus bagus nya tidak recommended buat download mending main free fire aj,-7.0,Negatif,-2.0,Negatif,Negatif,train
Gamenya sih mudah dimainkan tapi banyak player yang kurang ngerti cara main game ini dan saya sering di rugikan karena mendapatkan player kurang tahu cara main jadi untuk player yang mvp kalah harusnya mendapatkan kompensasi berupa bintangnya tidak berkurang,3,2026-07-25 12:00:53,gamenya sih mudah dimainkan banyak player kurang ngerti cara main game sering rugikan mendapatkan player kurang tahu cara main jadi player mvp kalah harusnya mendapatkan kompensasi berupa bintangnya tidak berkurang,gamenya sih mudah main banyak player kurang ngerti cara main game sering rugi dapat player kurang tahu cara main jadi player mvp kalah harus dapat kompensasi upa bintang tidak kurang,-5.0,Negatif,-5.0,Negatif,Negatif,train
game banyak cheat nyaa,1,2026-07-25 12:00:31,game banyak cheat nyaa,game banyak cheat nyaa,2.0,Positif,2.0,Positif,Positif,train
game nya seru banget jadi ketagihan mainnya juga grafiknya bagus banget,5,2026-07-25 12:00:14,game nya seru banget jadi ketagihan mainnya grafiknya bagus banget,game nya seru banget jadi tagih main grafik bagus banget,-2.0,Negatif,6.0,Positif,Positif,train
bagusss,5,2026-07-25 11:58:24,baguss,baguss,0.0,Positif,0.0,Positif,Positif,train
game seru bangetttttttttt dariiiiiii pagiiiiiiiii hinggaaaaaa malaaaammmmm sayaaaaaaa mengalamiiiiiii loseeeee streakkkkkkkk yanggggg sangggattttt menyenangkannnn,5,2026-07-25 11:56:56,game seru bangett darii pagii hinggaa malaamm sayaa mengalamii losee streakk yangg sanggatt menyenangkann,game seru bangett dari pagi hinggaa malaamm sayaa alami losee streakk yangg sanggatt menyenangkann,0.0,Positif,3.0,Positif,Positif,train
bagus dan sangat indah gerafik mobile,5,2026-07-25 11:56:16,bagus sangat indah gerafik mobile,bagus sangat indah gerafik mobile,-3.0,Negatif,2.0,Positif,Positif,test
game sangat ramah,5,2026-07-25 11:54:06,game sangat ramah,game sangat ramah,2.0,Positif,2.0,Positif,Positif,train
moonton mohon di perbaiki jaringan bermasalah apalagi klo orang lagi main merah walaupun gw pake data tetap merah kumohon perbaiki,1,2026-07-25 11:54:05,moonton mohon perbaiki jaringan bermasalah kalau orang main merah walaupun pake data tetap merah kumohon perbaiki,moonton mohon baik jaring masalah kalau orang main merah walaupun pake data tetap merah mohon baik,0.0,Negatif,0.0,Negatif,Negatif,train
game hama di kasihnya aku tim dongo,1,2026-07-25 11:53:26,game hama kasihnya aku tim dongo,game hama kasih aku tim dongo,-4.0,Negatif,-4.0,Negatif,Negatif,train
monton apa salah gue sampai sampai lu beri gue kalah mulu,1,2026-07-25 11:53:13,moonton apa salah kamu beri kalah mulu,moonton apa salah kamu beri kalah mulu,-10.0,Negatif,-10.0,Negatif,Negatif,train
jelek su,1,2026-07-25 11:52:40,jelek su,jelek su,-5.0,Negatif,-5.0,Negatif,Negatif,test
ahh game ampas,1,2026-07-25 11:52:36,ahh game ampas,ahh game ampas,-1.0,Negatif,-1.0,Negatif,Negatif,train
matchmaking lu benerin anj season sekarang hancur banget dah dapet tim legend mulu padahal rank honor dari honor 40 turun sampe honor 30 wr 63-56 apaan dah tim ge jalas semua enemy jago semua ditim anomali semua mana gua yang mvp. last season ini mah.,1,2026-07-25 11:52:03,matchmaking kamu benerin anj season sekarang hancur banget dapet tim legend mulu padahal rank honor honor turun sampe honor winrate apaan tim ge jalas semua enemy jago semua ditim anomali semua mana mvp last season mah,matchmaking kamu benerin anj season sekarang hancur banget dapet tim legend mulu padahal rank honor honor turun sampe honor winrate apa tim ge jalas semua enemy jago semua tim anomali semua mana mvp last season mah,-16.0,Negatif,-16.0,Negatif,Negatif,train
"game nya seru dan bisa main offline kalo gaada kuota tinggal main main offline dan juga banyak promo skin,🧢",5,2026-07-25 11:51:10,game nya seru main offline kalau gaada kuota tinggal main main offline banyak promo skin emoji_lain,game nya seru main offline kalau gaada kuota tinggal main main offline banyak promo skin emoji_lain,-3.0,Negatif,0.0,Positif,Positif,train
hilangkan draksistem moonton,4,2026-07-25 11:50:04,hilangkan draksistem moonton,hilang draksistem moonton,0.0,Positif,0.0,Positif,Positif,test
game sampah.di game online..puiiiiihhhh,1,2026-07-25 11:49:56,game sampah game online puiihh,game sampah game online puiihh,0.0,Negatif,0.0,Negatif,Negatif,train
"saya masih belum bisa mengembalikan akun saya yang email-nya sudah tidak aktif lagi. ketika login dengan akun moonton harus masukin kode verifikasi padahal sandi bener,cuman emailnya aja yang sudah gak ada karna hp saya teriset data pabrik kirim email ke moonton jg gak ada solusi. terus ke CS yang ada di game juga gak bisa di pulihkan, padahal buktinya ada semua bukti topup,bukti pembuatan, terus id dan server hapal semua. tolong di bantu pihak moonton akun saya saya main dari season 4",3,2026-07-25 11:48:18,belum mengembalikan akun email nya tidak aktif login akun moonton masukin kode verifikasi padahal sandi bener cuman emailnya aja tidak handphone teriset data pabrik kirim email moonton jg tidak solusi terus cs game tidak pulihkan padahal buktinya semua bukti topup bukti pembuatan terus id server hapal semua bantu pihak moonton akun main season,belum kembali akun email nya tidak aktif login akun moonton masukin kode verifikasi padahal sandi bener cuman email aja tidak handphone riset data pabrik kirim email moonton jg tidak solusi terus cs game tidak pulih padahal bukti semua bukti topup bukti buat terus id server hapal semua bantu pihak moonton akun main season,-37.0,Negatif,-37.0,Negatif,Negatif,train
karena game ini suka buat orang lain marah tapi saya sangat menyukai game ini,5,2026-07-25 11:47:58,game suka buat orang marah sangat menyukai game,game suka buat orang marah sangat suka game,3.0,Positif,3.0,Positif,Positif,train
Highly competitive fast mobile MOBA balancing thrilling quick competitive matches.,5,2026-07-25 11:47:57,highly competitive fast mobile moba balancing thrilling quick competitive matches,highly competitive fast mobile moba balancing thrilling quick competitive matches,0.0,Positif,0.0,Positif,Positif,train
"season ini terparah, dapat tim gk jelas",1,2026-07-25 11:46:50,season terparah tim tidak jelas,season parah tim tidak jelas,-7.0,Negatif,-7.0,Negatif,Negatif,train
game play yang mendunia,5,2026-07-25 11:46:12,game play mendunia,game play dunia,2.0,Positif,2.0,Positif,Positif,test
gem ya seruh kok,5,2026-07-25 11:44:27,gem seruh kok,gem seruh kok,0.0,Positif,0.0,Positif,Positif,train
"gila sih, gak bagus buat di download dibikin setres ni bro, masa dari lejen 1 di kasih ls sampe balik epik🗿 jangan donlod mending kita rame' main pou, apus aja apk ni, pinda epep aja yok, atau main pou 🗿",1,2026-07-25 11:43:44,gila sih tidak bagus buat download dibikin setres ni bro masa lejen kasih losestreak sampe balik epik jangan donlod mending rame main pou apus aja apk ni pinda epep aja yok main pou emoji_netral emoji_netral,gila sih tidak bagus buat download bikin tres ni bro masa lejen kasih losestreak sampe balik epik jangan donlod mending rame main pou apus aja apk ni pinda epep aja yok main pou emoji_netral emoji_netral,-12.0,Negatif,-17.0,Negatif,Negatif,train
woi niat bikin game gak sih ada citer udah ku laporin belum ada kena ban padahal udah 10 bulan terlewat mana masih main lagi ws terus kalau gini mending gak usah bikin game buat gak nyaman aja kalau emang izinin ngecit lama-lama ku ikutan ngecit nih jadi Dev jan lol napa,1,2026-07-25 11:43:33,woi niat bikin game tidak sih cheater udah ku laporin belum kena ban padahal udah bulan terlewat mana main winstreak terus kalau gini mending tidak usah bikin game buat tidak nyaman aja kalau emang izinin ngecit lama lama ku ikutan ngecit nih jadi dev jan lol napa,woi niat bikin game tidak sih cheater udah ku laporin belum kena ban padahal udah bulan lewat mana main winstreak terus kalau gin mending tidak usah bikin game buat tidak nyaman aja kalau emang izinin ngecit lama lama ku ikut ngecit nih jadi dev jan lol napa,-24.0,Negatif,-28.0,Negatif,Negatif,train
seru jadi nagihhh,5,2026-07-25 11:43:03,seru jadi nagihh,seru jadi nagihh,-1.0,Negatif,2.0,Positif,Positif,train
game bagus playernya tolong di hapus,1,2026-07-25 11:42:00,game bagus playernya hapus,game bagus playernya hapus,-3.0,Negatif,2.0,Positif,Positif,train
tolong moonton perbaiki lagi sistemnya karna saat main dan di tengah tengah war game tersebut sering kali jaringannya merah dan mengganggu saya saat main dan untuk lainnya sudah bagus tapi kurangi bug di matchmakingnya,5,2026-07-25 11:41:39,moonton perbaiki sistemnya main tengah tengah war game tersebut sering kali jaringannya merah mengganggu main lainnya bagus kurangi bug matchmakingnya,moonton baik sistem main tengah tengah war game sebut sering kali jaring merah ganggu main lain bagus kurang bug matchmakingnya,8.0,Positif,11.0,Positif,Positif,train
game nya keren saya di beri lose streak 8x dan saat saya winstreak winstreak saya dj pecahkan oleh darksistem dan karna itu game menjadi seru dan emosional perbanyak darksistem nya montoon agar game smakin seru dan mendebarkan lagi terimakasih montoon☺😘🥰,5,2026-07-25 11:40:54,game nya keren beri lose streak x winstreak winstreak dj pecahkan darksistem game menjadi seru emosional perbanyak darksistem nya moonton game smakin seru mendebarkan terimakasih moonton emoji_positif emoji_positif emoji_lain,game nya keren beri lose streak x winstreak winstreak dj pecah darksistem game jadi seru emosional banyak darksistem nya moonton game smakin seru debar terimakasih moonton emoji_positif emoji_positif emoji_lain,7.0,Positif,17.0,Positif,Positif,test
suka tidak bisa masuk saat maching di temukan.,2,2026-07-25 11:39:34,suka tidak masuk maching temukan,suka tidak masuk maching temu,0.0,Negatif,0.0,Negatif,Negatif,train
"tolong dong match making nya setarain kalo solo ya ketemu solo, jangan ktemu duo atau trio, ini gua solo ketemu nya anomali, yang baru naik epic lah, yang baru naik legend lah tim nya, sementar tim musuh rank tertinggi dah glory, honor. apa apa an ini game lama lama busuk, bukan nya bikin seneng malah bikin streeessss, yg udh stres makin stress",1,2026-07-25 11:38:57,dong match making nya setarain kalau solo ketemu solo jangan ktemu duo trio solo ketemu nya anomali baru naik epic lah baru naik legend lah tim nya sementar tim musuh rank tertinggi glory honor apa apa an game lama lama busuk bukan nya bikin seneng malah bikin streess stres makin stress,dong match making nya setarain kalau solo ketemu solo jangan ktemu duo trio solo ketemu nya anomali baru naik epic lah baru naik legend lah tim nya tar tim musuh rank tinggi glory honor apa apa an game lama lama busuk bukan nya bikin neng malah bikin streess stres makin stress,-26.0,Negatif,-26.0,Negatif,Negatif,test
game toksik,2,2026-07-25 11:38:32,game toksik,game toksik,2.0,Positif,2.0,Positif,Positif,train
game ny bagus bgt!! suka sama event nya juga n selalu dapet skin gratis suka deh,5,2026-07-25 11:37:17,game ny bagus banget suka sama event nya n selalu dapet skin gratis suka deh,game ny bagus banget suka sama event nya n selalu dapet skin gratis suka deh,14.0,Positif,19.0,Positif,Positif,train
kok aku gaada model 3D pas selesai match ya sedangkan temen gua ada?,1,2026-07-25 11:35:29,kok aku gaada model d pas selesai match temen,kok aku gaada model d pas selesai match temen,2.0,Positif,2.0,Positif,Positif,train
kok saya beli wdp hanyan sehari itupun dapetnya hanyan 80 dm,3,2026-07-25 11:35:12,kok beli wdp hanyan sehari itupun dapetnya hanyan dm,kok beli wdp hanyan hari itu dapetnya hanyan dm,-1.0,Negatif,-1.0,Negatif,Negatif,train
dikasih tim poke terus,1,2026-07-25 11:32:15,dikasih tim poke terus,kasih tim poke terus,-2.0,Negatif,-2.0,Negatif,Negatif,train
seru bngt,5,2026-07-25 11:31:39,seru banget,seru banget,1.0,Positif,4.0,Positif,Positif,test
game hama,1,2026-07-25 11:30:54,game hama,game hama,-1.0,Negatif,-1.0,Negatif,Negatif,test
"ya....saya hanya ingin mengatakan, game nya bagus.baguus banget. saya adalah player solo rank, saya main dari tahun 2018 sampe sekarang, dan yg saya dapat hanya kesiasia an mentok bintang 47 SELAMA SAYA MAIN, dan saya telah menjual akun saya dengan harga murah padahal udah banyak yg saya top up, mungkin karena bintang nya yg mentok 47 itu, sama sama atas ke sia sia annya",5,2026-07-25 11:28:30,mengatakan game nya bagus baguus banget player solo rank main tahun sampe sekarang kesiasia an mentok bintang selama main menjual akun harga murah padahal udah banyak top up mungkin bintang nya mentok sama sama atas sia sia annya,kata game nya bagus baguus banget player solo rank main tahun sampe sekarang kesiasia an mentok bintang lama main jual akun harga murah padahal udah banyak top up mungkin bintang nya mentok sama sama atas sia sia annya,-9.0,Negatif,-4.0,Negatif,Negatif,train
gimana si monton kok ada ada temen satu tim yang ga becus main aku main 6 mect 7 mect naik nya 1 kalo ga dua temen satu tim yang ga guna banned aja akunya cape tau main renk cuman dapat emosinya aja,3,2026-07-25 11:27:57,gimana si moonton kok temen satu tim tidak becus main aku main mect mect naik nya kalau tidak temen satu tim tidak banned aja akunya cape tau main renk cuman emosinya aja,gimana si moonton kok temen satu tim tidak becus main aku main mect mect naik nya kalau tidak temen satu tim tidak banned aja aku cape tau main renk cuman emosi aja,-22.0,Negatif,-22.0,Negatif,Negatif,train
makasih,5,2026-07-25 11:27:51,makasih,makasih,4.0,Positif,4.0,Positif,Positif,train
saya suka dengan hero namanya aurora tapi karena waktu memilih hero biasanya aurora gak ada di pilihan biasanya itu vexana karena pertama kali main karena aurora bisa c ee pat naik rank jadi agak lumayan suka,5,2026-07-25 11:27:06,suka hero namanya aurora waktu memilih hero biasanya aurora tidak pilihan biasanya vexana pertama kali main aurora c ee pat naik rank jadi lumayan suka,suka hero nama aurora waktu pilih hero biasa aurora tidak pilih biasa vexana pertama kali main aurora c ee pat naik rank jadi lumayan suka,-7.0,Negatif,-7.0,Negatif,Negatif,test
"jaringan selalu merah saat bermain sangat tidak nyaman,,tolong perbaiki",1,2026-07-25 11:26:49,jaringan selalu merah bermain sangat tidak nyaman perbaiki,jaring selalu merah main sangat tidak nyaman baik,-11.0,Negatif,-11.0,Negatif,Negatif,train
"aku masih heran sama developer game ini kok bisa dapet tim bot semua kalau nggak bot musuhnya jago jago, tolong bisa ganti nggak draf picknya jadi sesuai skil bukan rank tapi setidaknya aku kasih bintang tiga aja",3,2026-07-25 11:25:56,aku heran sama developer game kok dapet tim bot semua kalau tidak bot musuhnya jago jago ganti tidak draf picknya jadi sesuai skil bukan rank aku kasih bintang tiga aja,aku heran sama developer game kok dapet tim bot semua kalau tidak bot musuh jago jago ganti tidak draf picknya jadi sesuai skil bukan rank aku kasih bintang tiga aja,-1.0,Negatif,-1.0,Negatif,Negatif,train
"SEMOGA ini game TDK masuk ke server China,amin,demi tuhan",1,2026-07-25 11:23:52,semoga game tdk masuk server china amin tuhan,moga game tdk masuk server china amin tuhan,2.0,Positif,2.0,Positif,Positif,train
"saya kehilangan akun saya, sy diberi tahu untuk isi formulir pemulihan akun dan disuruh mengisi data sesuai keluhan dan bukti yg benar, semua bukti mulai dri foto akun, id, dan bukti top up semua sudah lengkap dan akurat. tapi malah ditolak. maaf akan saya post bukti dari semua masalah ini semua akun sosmed saya.",1,2026-07-25 11:22:23,kehilangan akun diberi tahu isi formulir pemulihan akun disuruh mengisi data sesuai keluhan bukti benar semua bukti mulai dri foto akun id bukti top up semua lengkap akurat malah ditolak maaf post bukti semua masalah semua akun sosmed,hilang akun beri tahu isi formulir pulih akun suruh isi data sesuai keluh bukti benar semua bukti mulai dri foto akun id bukti top up semua lengkap akurat malah tolak maaf post bukti semua masalah semua akun sosmed,-37.0,Negatif,-37.0,Negatif,Negatif,test
hero dyrot sm florin klu ada 1 team sama kalian itu darksistem.komputer sampah mau win di tmbah lag sinyal hijau tp gk gerak. kebaca sistem lu moonton sedikit ya yg maen ni ghame makanya jelek bintang lu karena buruknya sistem cara ghame lu gk adil..w tunggu kehancuran ni ghame cape solo rank,1,2026-07-25 11:21:40,hero dyrot sama florin klu team sama kalian darksistem komputer sampah mau win tmbah lag sinyal hijau tidak gerak kebaca sistem kamu moonton sedikit maen ni ghame makanya jelek bintang kamu buruknya sistem cara ghame kamu tidak adil w tunggu kehancuran ni ghame cape solo rank,hero dyrot sama florin klu team sama kalian darksistem komputer sampah mau win tmbah lag sinyal hijau tidak gerak baca sistem kamu moonton sedikit maen ni ghame makanya jelek bintang kamu buruk sistem cara ghame kamu tidak adil w tunggu hancur ni ghame cape solo rank,-19.0,Negatif,-22.0,Negatif,Negatif,train
hero dyrot sm florin klu ada 1 team sama kalian itu darksistem auto defeat pokoknya secape apapun kalian gendong gk bakal win,5,2026-07-25 11:21:04,hero dyrot sama florin klu team sama kalian darksistem auto defeat pokoknya secape apapun kalian gendong tidak bakal win,hero dyrot sama florin klu team sama kalian darksistem auto defeat pokok cape apa kalian gendong tidak bakal win,-1.0,Negatif,-1.0,Negatif,Negatif,train
saya sngt suka bngt sama ni game mllb permainannya ramah skla 😇😇👍,5,2026-07-25 11:20:49,sngt suka banget sama ni game mllb permainannya ramah skla emoji_positif emoji_positif emoji_positif,sngt suka banget sama ni game mllb main ramah skla emoji_positif emoji_positif emoji_positif,10.0,Positif,10.0,Positif,Positif,train
saya beli diamon tidak masuk tolong di perbaiki,5,2026-07-25 11:19:33,beli diamon tidak masuk perbaiki,beli diamon tidak masuk baik,-3.0,Negatif,-3.0,Negatif,Negatif,train
bug di lobyy ya ton tolong perbaiki apa perlu viral baru dilihat?,1,2026-07-25 11:19:09,bug lobyy ton perbaiki apa perlu viral baru dilihat,bug lobyy ton baik apa perlu viral baru lihat,-1.0,Negatif,-3.0,Negatif,Negatif,train
"gue kasi bintang tiga karena ga seru jumpa tim yg ga kompak jumpa lawan ga sepadan aturan nya lebih rendah lagi,udh ga rekomend pokok nya gue pensi gara'tim ga kompak",3,2026-07-25 11:19:08,kasi bintang tiga tidak seru jumpa tim tidak kompak jumpa lawan tidak sepadan aturan nya lebih rendah tidak rekomend pokok nya pensi gara tim tidak kompak,kasi bintang tiga tidak seru jumpa tim tidak kompak jumpa lawan tidak padan atur nya lebih rendah tidak rekomend pokok nya pensi gara tim tidak kompak,-47.0,Negatif,-50.0,Negatif,Negatif,train
game yang menarik,5,2026-07-25 11:17:38,game menarik,game tarik,2.0,Positif,2.0,Positif,Positif,train
assalamualaikum wr.wb maaf menggangu moonton yang terhormat saya mau melaporkan ada kendala jadi gini saat bermain nggak tau kenapa setiap aku main satu match ketemu musuh top global Hero sedangkn tim aku yang tidak seimbang Tolong montonn rank aku terus turun naik turun naik padahal rank mityk Roma bintang 1 harusnya musuhnya sedang itu saja kendala aku harap biar rank nya bisa seimbang,3,2026-07-25 11:16:01,assalamualaikum winrate wb maaf menggangu moonton terhormat mau melaporkan kendala jadi gini bermain tidak tau aku main satu match ketemu musuh top global hero sedangkn tim aku tidak seimbang montonn rank aku terus turun naik turun naik padahal rank mityk roma bintang harusnya musuhnya sedang kendala aku harap rank nya seimbang,assalamualaikum winrate wb maaf menggangu moonton hormat mau lapor kendala jadi gin main tidak tau aku main satu match ketemu musuh top global hero sedangkn tim aku tidak imbang montonn rank aku terus turun naik turun naik padahal rank mityk roma bintang harus musuh sedang kendala aku harap rank nya imbang,1.0,Positif,1.0,Positif,Positif,train
"game apa ini, gak ada town hall nya udah gitu gak ada yang bisa di up hadeh, aku kasih rating 1 yaa!!!",1,2026-07-25 11:14:52,game apa tidak town hall nya udah gitu tidak up hadeh aku kasih rating yaa,game apa tidak town hall nya udah gitu tidak up hadeh aku kasih rating yaa,-13.0,Negatif,-13.0,Negatif,Negatif,test
"game rusak, sistem match gak bener, jual skin terus, beneri tu sistem mu, paling pas kasi bintang 1 aja, smoga player laen jg kasih bintang 1, biar tutup aja ni game",1,2026-07-25 11:13:43,game rusak sistem match tidak bener jual skin terus beneri tu sistem mu paling pas kasi bintang aja smoga player laen jg kasih bintang tutup aja ni game,game rusak sistem match tidak bener jual skin terus beneri tu sistem mu paling pas kasi bintang aja smoga player laen jg kasih bintang tutup aja ni game,-10.0,Negatif,-10.0,Negatif,Negatif,train
"tololng pembagian timnya di benarkan lagi,masa tim saya dibawah honor tapi musuhnya bintang glory keatas semua",1,2026-07-25 11:13:09,tololng pembagian timnya benarkan masa tim dibawah honor musuhnya bintang glory keatas semua,tololng bagi tim benar masa tim bawah honor musuh bintang glory atas semua,-7.0,Negatif,-7.0,Negatif,Negatif,train
"game nya seru dan sangat kompetitif tapi tolong kurangi dark system,dan player toxic",4,2026-07-25 11:12:23,game nya seru sangat kompetitif kurangi dark system player toxic,game nya seru sangat kompetitif kurang dark system player toxic,0.0,Positif,-1.0,Negatif,Negatif,train
terimakasih atas semua darksistem dan tim tolol nya mlbb tapi sangat di sayangkan memberi bintang 1 di karnakan game ini bisa merusak mental seseorang dan bikin teman ku gila sampai masuk rsj melamun gajelas ketawa sendiri akibat dari banyak nya kalah kemungkinan ini akan menjadi akhir gw di game ini dan saya akan berpindah game yg ramah dan gabuat mental seseorang terganggu sampai gila kayak temen ku,1,2026-07-25 11:12:12,terimakasih atas semua darksistem tim tolol nya mlbb sangat sayangkan memberi bintang karnakan game merusak mental seseorang bikin teman ku gila masuk rsj melamun gajelas ketawa sendiri akibat banyak nya kalah kemungkinan menjadi akhir game berpindah game ramah gabuat mental seseorang terganggu gila kayak temen ku,terimakasih atas semua darksistem tim tolol nya mlbb sangat sayang beri bintang karnakan game rusak mental orang bikin teman ku gila masuk rsj lamun gajelas ketawa sendiri akibat banyak nya kalah mungkin jadi akhir game pindah game ramah gabuat mental orang ganggu gila kayak temen ku,-29.0,Negatif,-29.0,Negatif,Negatif,train
"game lawak, dapet tim anomali mlu, cape gw bang kasih ws kek, anj emng😹",1,2026-07-25 11:12:06,game lawak dapet tim anomali mlu cape bang kasih winstreak kek anj emng emoji_netral,game lawak dapet tim anomali mlu cape bang kasih winstreak kek anj emng emoji_netral,-3.0,Negatif,-3.0,Negatif,Negatif,train
game nya bagus tapi player noob dan darksistem troll nya banyak tolong kurangin player gelap,5,2026-07-25 11:11:05,game nya bagus player noob darksistem troll nya banyak kurangin player gelap,game nya bagus player noob darksistem troll nya banyak rangin player gelap,-4.0,Negatif,-2.0,Negatif,Negatif,train
kagak pernah di kasi menang mulu ama di kasi tim yg jelek tapi tim musuh bagus,1,2026-07-25 11:10:09,kagak pernah kasi menang mulu ama kasi tim jelek tim musuh bagus,kagak pernah kasi menang mulu ama kasi tim jelek tim musuh bagus,-28.0,Negatif,-19.0,Negatif,Negatif,train
"90% lag , 19% matchmaking ga seimbang, 1% hoki win",1,2026-07-25 11:09:29,lag matchmaking tidak seimbang hoki win,lag matchmaking tidak imbang hoki win,-5.0,Negatif,-8.0,Negatif,Negatif,train
patah patah mainnya kurangi lah ram nya min,1,2026-07-25 11:07:19,patah patah mainnya kurangi lah ram nya min,patah patah main kurang lah ram nya min,-8.0,Negatif,-8.0,Negatif,Negatif,train
😋,5,2026-07-25 11:06:52,emoji_lain,emoji_lain,0.0,Positif,0.0,Positif,Positif,test
"lumayan, tapi please, player nya,, di bilang fefek hitam lah, emang lu pernah liat?? kata gw, yg ngatain berarti dia yg bgtu, eh maap, lc yah?",5,2026-07-25 11:06:49,lumayan please player nya bilang fefek hitam lah emang kamu pernah liat kata ngatain berarti bgtu eh maap lc yah,lumayan please player nya bilang fefek hitam lah emang kamu pernah liat kata ngatain arti bgtu eh maap lc yah,-15.0,Negatif,-15.0,Negatif,Negatif,train
turun aja game nya gk adil,1,2026-07-25 11:06:04,turun aja game nya tidak adil,turun aja game nya tidak adil,-5.0,Negatif,-5.0,Negatif,Negatif,train
karena moonton tidak mau kasih aku ke Mythical,1,2026-07-25 10:58:37,moonton tidak mau kasih aku mythical,moonton tidak mau kasih aku mythical,-7.0,Negatif,-7.0,Negatif,Negatif,train
"makasih moonton,game ini sudah banyak menghibur saya",5,2026-07-25 10:55:55,makasih moonton game banyak menghibur,makasih moonton game banyak hibur,6.0,Positif,6.0,Positif,Positif,train
burik jelek,1,2026-07-25 10:55:12,burik jelek,burik jelek,-5.0,Negatif,-5.0,Negatif,Negatif,train
machmcaking buruk banyak dark sistem,1,2026-07-25 10:54:27,machmcaking buruk banyak dark sistem,machmcaking buruk banyak dark sistem,-9.0,Negatif,-9.0,Negatif,Negatif,train
gw suka sumpah sama ni game GG amat sama enak kalo lagi bosen,5,2026-07-25 10:54:13,suka sumpah sama ni game gg sama enak kalau bosen,suka sumpah sama ni game gg sama enak kalau bosen,6.0,Positif,11.0,Positif,Positif,train
"omon omon katanya mau memperbaiki sistem matcmakingnya,daripada janji manis tapi boongan,mending gak usah,kenapa?hanya omon omon",1,2026-07-25 10:53:19,omon omon katanya mau memperbaiki sistem matcmakingnya janji manis boongan mending tidak usah omon omon,omon omon kata mau baik sistem matcmakingnya janji manis boongan mending tidak usah omon omon,1.0,Positif,1.0,Positif,Positif,test
"main 1 mingu ga peranh menang, game ta*",1,2026-07-25 10:51:29,main mingu tidak peranh menang game ta,main mingu tidak peranh menang game ta,-7.0,Negatif,-3.0,Negatif,Negatif,test
game ini seruuu banget buat orang yang suka gabut kayak aku,5,2026-07-25 10:51:09,game seruu banget buat orang suka gabut kayak aku,game seruu banget buat orang suka gabut kayak aku,-1.0,Negatif,-1.0,Negatif,Negatif,train
tolong lebih banyak skin gratis,5,2026-07-25 10:50:14,lebih banyak skin gratis,lebih banyak skin gratis,5.0,Positif,5.0,Positif,Positif,train
"game yang sangat jelek dan buruk mending di hapus saja dari Indonesia, banyak kalah nya daripada menang nya ini bukan game happy fun, tapi ini game laknat tim sama musuh lebih jago musuh dapat tim sampah semua kaya baru main ml aja ga recommended lah mending out dari Indonesia, mending main pubg senang"" , makanya ratingnya cuman 3🤣",1,2026-07-25 10:50:02,game sangat jelek buruk mending hapus indonesia banyak kalah nya menang nya bukan game happy fun game laknat tim sama musuh lebih jago musuh tim sampah semua kaya baru main ml aja tidak recommended lah mending out indonesia mending main pubg senang makanya ratingnya cuman emoji_netral,game sangat jelek buruk mending hapus indonesia banyak kalah nya menang nya bukan game happy fun game laknat tim sama musuh lebih jago musuh tim sampah semua kaya baru main ml aja tidak recommended lah mending out indonesia mending main pubg senang makanya ratingnya cuman emoji_netral,-43.0,Negatif,-39.0,Negatif,Negatif,train
"game bikin stres jir, masa klo udh epik 1 bintang 5,kalo mau push ke legend selalu kalah terus jir, dikasih tim gjls trus, ga pernah menang, giliran bintang 3/4 jdi menang, trus klo dh bintang lima lagi ke gitu lagi. knt",1,2026-07-25 10:48:43,game bikin stres jir masa kalau epik bintang kalau mau push legend selalu kalah terus jir dikasih tim gjls trus tidak pernah menang giliran bintang jdi menang trus kalau dh bintang lima gitu knt,game bikin stres jir masa kalau epik bintang kalau mau push legend selalu kalah terus jir kasih tim gjls trus tidak pernah menang gilir bintang jdi menang trus kalau dh bintang lima gitu knt,-17.0,Negatif,-9.0,Negatif,Negatif,train
pelis lh ee monton dari tadi los trik tula katek nian aku menang 7kali los trik,1,2026-07-25 10:48:40,pelis lh ee moonton tadi los trik tula katek nian aku menang kali los trik,pel lh ee moonton tadi los trik tula katek nian aku menang kali los trik,4.0,Positif,8.0,Positif,Positif,train
tolong dong kenapa belakangan ini masalah jaringan suka gk jelas tiba² gk bisa gerak mohon di perbaiki,2,2026-07-25 10:48:29,dong belakangan masalah jaringan suka tidak jelas tiba tidak gerak mohon perbaiki,dong belakang masalah jaring suka tidak jelas tiba tidak gerak mohon baik,-11.0,Negatif,-11.0,Negatif,Negatif,train
"sudah ku uninstall. cape bro. buat orang jadi tertekan batin. aku mundur diri. lama lama disini udah ga nyaman. mau healing jadi pusing.... disimpen 10 GB buat pusing doang. mending main block blast, pusingnya jelas. kalian ini keras kepala. yg tidak sehat itu kalian,mengatur pemain untuk menciptakan permainan sehat. kalian memasukkan pemain yg sakit jiwa. atau yg sakit jiwa itu kalian? aku istirahat dulu. dari semalam aku membuang waktu untuk hal bodoh yg kalian buat ini. dasar game konyol.",1,2026-07-25 10:48:05,ku uninstall cape bro buat orang jadi tertekan batin aku mundur diri lama lama disini udah tidak nyaman mau healing jadi pusing disimpen gb buat pusing doang mending main block blast pusingnya jelas kalian keras kepala tidak sehat kalian mengatur pemain menciptakan permainan sehat kalian memasukkan pemain sakit jiwa sakit jiwa kalian aku istirahat dulu semalam aku membuang waktu bodoh kalian buat dasar game konyol,ku uninstall cape bro buat orang jadi tekan batin aku mundur diri lama lama sini udah tidak nyaman mau healing jadi pusing disimpen gb buat pusing doang mending main block blast pusing jelas kalian keras kepala tidak sehat kalian atur main cipta main sehat kalian masuk main sakit jiwa sakit jiwa kalian aku istirahat dulu malam aku buang waktu bodoh kalian buat dasar game konyol,-57.0,Negatif,-57.0,Negatif,Negatif,train
"untuk game nya ya bisa di bilang bagus. bug sinyal juga udah gak ada naik turun. game nya juga gak maksain buat pay to win jadi bagus lah aman juga buat palyer yang emng cuman mau main doang. tapi tolong lah sistem matchmaking tetap serasa gak adil apa lagi di saat kita udah win streak tim yang kita dapet performanya bisa di bilang aneh aneh soalnya draf nya mereka suka ngaco, setidaknya samain lah skil mereka dengan skil kita. gua gak paham sih ini dari game nya atau emng playernya.",4,2026-07-25 10:47:23,game nya bilang bagus bug sinyal udah tidak naik turun game nya tidak maksain buat pay to win jadi bagus lah aman buat palyer emng cuman mau main doang lah sistem matchmaking tetap serasa tidak adil apa udah win streak tim dapet performanya bilang aneh aneh soalnya draf nya suka ngaco samain lah skil skil tidak paham sih game nya emng playernya,game nya bilang bagus bug sinyal udah tidak naik turun game nya tidak maksain buat pay to win jadi bagus lah aman buat palyer emng cuman mau main doang lah sistem matchmaking tetap serasa tidak adil apa udah win streak tim dapet performa bilang aneh aneh soal draf nya suka ngaco samain lah skil skil tidak paham sih game nya emng playernya,-22.0,Negatif,-14.0,Negatif,Negatif,test
makin bobrok !,1,2026-07-25 10:46:46,makin bobrok,makin bobrok,-3.0,Negatif,-3.0,Negatif,Negatif,train
"game ini seru banget kalo dimainin saat gabut ataupun saat naikin rank!!🤩🤩, tapi yang gak seru gak punya diamond😔😔...",5,2026-07-25 10:46:05,game seru banget kalau dimainin gabut ataupun naikin rank tidak seru tidak punya diamond emoji_positif emoji_positif emoji_negatif emoji_negatif,game seru banget kalau dimainin gabut atau naikin rank tidak seru tidak punya diamond emoji_positif emoji_positif emoji_negatif emoji_negatif,-13.0,Negatif,-13.0,Negatif,Negatif,train
itu game paling seru.,5,2026-07-25 10:45:52,game paling seru,game paling seru,2.0,Positif,5.0,Positif,Positif,train
tolong developer ketika solo kasih temenya yang bener aja,1,2026-07-25 10:45:02,developer solo kasih temenya bener aja,developer solo kasih temenya bener aja,6.0,Positif,6.0,Positif,Positif,train
"gw udh cape montoon gw sakit 3jam ngepush ga dapet apa apa last match tadi malah lu ketemuin ama legend apa ga sakit gw match making lu kek gitu, gw kasih bintang 5 biar ulasan gw ada di atas dan lu bisa liat gimana cape nya org ama sistem matchmaking lu yg belum bener",5,2026-07-25 10:44:40,cape moonton sakit jam ngepush tidak dapet apa apa last match tadi malah kamu ketemuin ama legend apa tidak sakit match making kamu kek gitu kasih bintang ulasan atas kamu liat gimana cape nya org ama sistem matchmaking kamu belum bener,cape moonton sakit jam ngepush tidak dapet apa apa last match tadi malah kamu ketemuin ama legend apa tidak sakit match making kamu kek gitu kasih bintang ulas atas kamu liat gimana cape nya org ama sistem matchmaking kamu belum bener,-34.0,Negatif,-34.0,Negatif,Negatif,train
lose streak bisa bikin lu stress,1,2026-07-25 10:43:52,lose streak bikin kamu stress,lose streak bikin kamu stress,-5.0,Negatif,-5.0,Negatif,Negatif,train
"game aneh bot banyak, akun gabisa di pulihin balikin akun gua, udh minta layanan pelanggan tetep aja ga bisa di pulihin g guna",1,2026-07-25 10:43:13,game aneh bot banyak akun gabisa pulihin balikin akun minta layanan pelanggan tetep aja tidak pulihin g,game aneh bot banyak akun gabisa pulihin balikin akun minta layan langgan tetep aja tidak pulihin g,2.0,Positif,2.0,Positif,Positif,train
saya suka dengan game mobile legend reng nya semakin naik semakin susah terkadang menurun rengnya dan terkadang naik pokok nya saya kasih bintang ⭐⭐⭐⭐⭐ 😅👍,5,2026-07-25 10:42:40,suka game mobile legend reng nya semakin naik semakin susah terkadang menurun rengnya terkadang naik pokok nya kasih bintang emoji_positif emoji_netral emoji_lain emoji_lain emoji_lain emoji_lain emoji_lain,suka game mobile legend reng nya makin naik makin susah terkadang turun reng terkadang naik pokok nya kasih bintang emoji_positif emoji_netral emoji_lain emoji_lain emoji_lain emoji_lain emoji_lain,11.0,Positif,11.0,Positif,Positif,train
kalo ngasih tim yang bener tim sendiri kocak tim lawan jago,1,2026-07-25 10:41:58,kalau ngasih tim bener tim sendiri kocak tim lawan jago,kalau ngasih tim bener tim sendiri kocak tim lawan jago,-15.0,Negatif,-15.0,Negatif,Negatif,test
woh lah muntun ini kenapa masa garis 2 di gem lek kadang remak kadang kuning memang gem gak jelas semakin kesini semakin busuk ml,1,2026-07-25 10:41:16,woh lah moonton masa garis gem lek kadang remak kadang kuning memang gem tidak jelas semakin kesini semakin busuk ml,woh lah moonton masa garis gem lek kadang remak kadang kuning memang gem tidak jelas makin kesini makin busuk ml,-3.0,Negatif,-3.0,Negatif,Negatif,train
menyenangkan,5,2026-07-25 10:39:38,menyenangkan,senang,1.0,Positif,1.0,Positif,Positif,test
aku kasih bintang 5 meski pun aku GK puas.kadng saat milih Hero di dalam role.kadang ada teman PIK Hero tidak sesuai rolnya misalnya espi PIK mage.misal mm jdi tank.mm jadi mage.jadi tolong jauhkan player yg kayak gitu di tim saya.pada saat sy main rank. dan jauhkan tim2 kuat SM sy.dan aku rekan tim yg kuat ke aku.gue capek kalah mulu.di saat main rank.karna dpt tim yg egois dan GK mentiging rekan tim di rank.maunya mau di gendong terus GK mau usaha.sendiri,5,2026-07-25 10:37:47,aku kasih bintang meski aku tidak puas kadng milih hero role kadang teman pik hero tidak sesuai rolnya misalnya espi pik mage misal matchmaking jdi tank matchmaking jadi mage jadi jauhkan player kayak gitu tim main rank jauhkan tim kuat sama aku rekan tim kuat aku capek kalah mulu main rank tim egois tidak mentiging rekan tim rank maunya mau gendong terus tidak mau usaha sendiri,aku kasih bintang meski aku tidak puas kadng milih hero role kadang teman pik hero tidak sesuai rol misal espi pik mage misal matchmaking jdi tank matchmaking jadi mage jadi jauh player kayak gitu tim main rank jauh tim kuat sama aku rekan tim kuat aku capek kalah mulu main rank tim egois tidak mentiging rekan tim rank mau mau gendong terus tidak mau usaha sendiri,-57.0,Negatif,-57.0,Negatif,Negatif,train
"pliss gua mau main lancar pin ijo aku gak peduli menang atau kalah tapi kasih gua pengalaman bermain yang adil orang² pada lancar gua kagak, gua user wifi gem lain lancar tapi di MLBB kagak, masih lancar si tapi di lobby@#@$#@",1,2026-07-25 10:36:35,pliss mau main lancar pin ijo aku tidak peduli menang kalah kasih pengalaman bermain adil orang lancar kagak user wifi gem lancar mlbb kagak lancar si lobby,pliss mau main lancar pin ijo aku tidak peduli menang kalah kasih alam main adil orang lancar kagak user wifi gem lancar mlbb kagak lancar si lobby,-2.0,Negatif,2.0,Positif,Positif,train
muantap,5,2026-07-25 10:35:51,muantap,muantap,0.0,Positif,0.0,Positif,Positif,test
"montoon bagaimana cara mengatasi, di saat mactmaking, yang stuk di tulisan pertandingan ditemukan",3,2026-07-25 10:35:35,moonton bagaimana cara mengatasi mactmaking stuk tulisan pertandingan ditemukan,moonton bagaimana cara atas mactmaking stuk tulis tanding temu,0.0,Negatif,0.0,Negatif,Negatif,train
seru dan asik,5,2026-07-25 10:34:25,seru asik,seru asik,4.0,Positif,7.0,Positif,Positif,train
"plss lah ini game dah bagus cok tapi kenapa harus banget ya keliatan banget cok ga adil nya masa gw mythic satu tim sama legend tapi musuh honor semua, aneh sumpah sama ini game ga adil bener,",1,2026-07-25 10:31:38,plss lah game bagus cok banget keliatan banget cok tidak adil nya masa mythic satu tim sama legend musuh honor semua aneh sumpah sama game tidak adil bener,plss lah game bagus cok banget liat banget cok tidak adil nya masa mythic satu tim sama legend musuh honor semua aneh sumpah sama game tidak adil bener,-8.0,Negatif,-3.0,Negatif,Negatif,train
sangat puas Dengan model model skinnya,5,2026-07-25 10:31:26,sangat puas model model skinnya,sangat puas model model skinnya,7.0,Positif,7.0,Positif,Positif,train
matchmaking tidak adil glory ketemu legend udah gitu bnyak darksistem,1,2026-07-25 10:30:34,matchmaking tidak adil glory ketemu legend udah gitu bnyak darksistem,matchmaking tidak adil glory ketemu legend udah gitu bnyak darksistem,-5.0,Negatif,-5.0,Negatif,Negatif,test
"mantap, tergantung skill bermain",5,2026-07-25 10:30:32,mantap tergantung skill bermain,mantap gantung skill main,8.0,Positif,8.0,Positif,Positif,train
"makin hari makin sampah. matcha ga adil, ga pernah diperbaiki.",1,2026-07-25 10:28:00,makin hari makin sampah matcha tidak adil tidak pernah diperbaiki,makin hari makin sampah matcha tidak adil tidak pernah baik,-11.0,Negatif,-11.0,Negatif,Negatif,train
walaupun bikin setres tapi seru,5,2026-07-25 10:25:55,walaupun bikin setres seru,walaupun bikin tres seru,0.0,Positif,3.0,Positif,Positif,train
Game yg pas buat adu omong🤣🤣🤣,2,2026-07-25 10:25:54,game pas buat adu omong emoji_netral emoji_netral emoji_netral,game pas buat adu omong emoji_netral emoji_netral emoji_netral,-1.0,Negatif,-1.0,Negatif,Negatif,train
game bagus bikin gp turun rengket,5,2026-07-25 10:25:26,game bagus bikin gp turun rengket,game bagus bikin gp turun rengket,-2.0,Negatif,3.0,Positif,Positif,test
Saya sangat suka game ini,5,2026-07-25 10:23:14,sangat suka game,sangat suka game,2.0,Positif,2.0,Positif,Positif,test
"game ga jelas, banyak anomalinya",1,2026-07-25 10:23:07,game tidak jelas banyak anomalinya,game tidak jelas banyak anomali,-1.0,Negatif,-1.0,Negatif,Negatif,train
kita tak boleh,5,2026-07-25 10:23:07,tak,tak,0.0,Positif,0.0,Positif,Positif,train
dapat tim bloon truss. menang sekli kalah bisa berkali kali,1,2026-07-25 10:22:37,tim bloon truss menang sekli kalah berkali kali,tim bloon truss menang sekli kalah kali kali,-12.0,Negatif,-8.0,Negatif,Negatif,train
moonton tolol ngasih musuh yang pro,1,2026-07-25 10:21:57,moonton tolol ngasih musuh pro,moonton tolol ngasih musuh pro,-8.0,Negatif,-8.0,Negatif,Negatif,train
keren game nya seru banget kalo di mainin bareng temen,5,2026-07-25 10:19:52,keren game nya seru banget kalau mainin bareng temen,keren game nya seru banget kalau mainin bareng temen,0.0,Positif,7.0,Positif,Positif,train
kasih reset akun lah pas akun aku gak sengaja ke ban gak bisa reset atau login yang lain Tambahin fitur dikit pelis,4,2026-07-25 10:17:22,kasih reset akun lah pas akun aku tidak sengaja ban tidak reset login tambahin fitur dikit pelis,kasih reset akun lah pas akun aku tidak sengaja ban tidak reset login tambahin fitur dikit pel,-7.0,Negatif,-7.0,Negatif,Negatif,train
bagusssssss,5,2026-07-25 10:16:43,baguss,baguss,0.0,Positif,0.0,Positif,Positif,train
di kasih tim g pernah bener,3,2026-07-25 10:16:31,kasih tim g pernah bener,kasih tim g pernah bener,-1.0,Negatif,-1.0,Negatif,Negatif,train
jaringan lag Skali padahal pakai wifi aneh,5,2026-07-25 10:15:15,jaringan lag skali padahal pakai wifi aneh,jaring lag skali padahal pakai wifi aneh,-1.0,Negatif,-4.0,Negatif,Negatif,train
tolong server nya benerin masa sinyal ijo ngelak hp gak mungkin yang jelek di perbaikin lagi,5,2026-07-25 10:14:59,server nya benerin masa sinyal ijo ngelak handphone tidak mungkin jelek perbaikin,server nya benerin masa sinyal ijo ngelak handphone tidak mungkin jelek perbaikin,-9.0,Negatif,-9.0,Negatif,Negatif,train
yang males nya gini udah menang kalah terus pas 1 bintang lagi immo mytic atau legend di kasih susah sama moonton emang seru banget dari dulu mobile legends itu orang tinggal beberapa skor lagi immo di kasih dikit lagi harus satu match itu doang yang jadi masalah kurang adil,3,2026-07-25 10:11:32,males nya gini udah menang kalah terus pas bintang immo mytic legend kasih susah sama moonton emang seru banget dulu mobile legends orang tinggal beberapa skor immo kasih dikit satu match doang jadi masalah kurang adil,males nya gin udah menang kalah terus pas bintang immo mytic legend kasih susah sama moonton emang seru banget dulu mobile legends orang tinggal beberapa skor immo kasih dikit satu match doang jadi masalah kurang adil,-16.0,Negatif,-9.0,Negatif,Negatif,train
pertemuan war di kecepatan duitnya 100% gak adil tolong gan di perbaiki,5,2026-07-25 10:11:05,pertemuan war kecepatan duitnya tidak adil gan perbaiki,temu war cepat duit tidak adil gan baik,1.0,Positif,1.0,Positif,Positif,test
ga ngotak bikin game di beri musuh yg jgo sama yim yg aneh,1,2026-07-25 10:10:27,tidak ngotak bikin game beri musuh jgo sama yim aneh,tidak ngotak bikin game beri musuh jgo sama yim aneh,-4.0,Negatif,-4.0,Negatif,Negatif,train
maen dari s12 smpe skrng mentok glory 🗿. mana hp udah kentank bet woii ml updte makin berat pntk,4,2026-07-25 10:09:06,maen s smpe skrng mentok glory mana handphone udah kentank bet woii ml updte makin berat pntk emoji_netral,maen s smpe skrng mentok glory mana handphone udah kentank bet woii ml updte makin berat pntk emoji_netral,0.0,Positif,0.0,Positif,Positif,test
saya sampai stres memainkan game ini,4,2026-07-25 10:08:58,stres memainkan game,stres main game,-2.0,Negatif,-2.0,Negatif,Negatif,test
plis lah udah lah kasih tim yang si imbang kek gak adil ini nama nya permainan gak adil masa tim musuh kuat tim ku gak pandai main gak adil kalo gini mending hok,1,2026-07-25 10:08:16,plis lah udah lah kasih tim si imbang kek tidak adil nama nya permainan tidak adil masa tim musuh kuat tim ku tidak pandai main tidak adil kalau gini mending hok,plis lah udah lah kasih tim si imbang kek tidak adil nama nya main tidak adil masa tim musuh kuat tim ku tidak pandai main tidak adil kalau gin mending hok,-42.0,Negatif,-42.0,Negatif,Negatif,train
sistem pemilihan tim yang buruk,2,2026-07-25 10:07:59,sistem pemilihan tim buruk,sistem pilih tim buruk,-13.0,Negatif,-13.0,Negatif,Negatif,train
GAME TER KIKIR SEPANJANG SEJARAH,1,2026-07-25 10:04:22,game ter kikir sepanjang sejarah,game ter kikir panjang sejarah,6.0,Positif,6.0,Positif,Positif,test
mlbb and tqq its peak,5,2026-07-25 10:03:01,mlbb and tqq its peak,mlbb and tqq its peak,0.0,Positif,0.0,Positif,Positif,train
gamenya sangat bagus tapi mohon perbaiki bug sama ping ya,5,2026-07-25 10:00:36,gamenya sangat bagus mohon perbaiki bug sama ping,gamenya sangat bagus mohon baik bug sama ping,-1.0,Negatif,2.0,Positif,Positif,train
game ini sangat burik grafik sangat jelek,1,2026-07-25 09:58:20,game sangat burik grafik sangat jelek,game sangat burik grafik sangat jelek,-7.0,Negatif,-7.0,Negatif,Negatif,train
jika boleh saya ingin ikut tournament,5,2026-07-25 09:58:06,ikut tournament,ikut tournament,-3.0,Negatif,-3.0,Negatif,Negatif,train
2 aja makin jlek selalu kasi tim yg satu PP nya KLO solo,2,2026-07-25 09:57:55,aja makin jlek selalu kasi tim satu pp nya kalau solo,aja makin jlek selalu kasi tim satu pp nya kalau solo,-1.0,Negatif,-1.0,Negatif,Negatif,test
cara ngatasin ml stuck di login gimana monton pliss,2,2026-07-25 09:56:01,cara ngatasin ml stuck login gimana moonton pliss,cara ngatasin ml stuck login gimana moonton pliss,0.0,Negatif,0.0,Negatif,Negatif,train
"timnya gak jelas,game lol",2,2026-07-25 09:56:00,timnya tidak jelas game lol,tim tidak jelas game lol,-1.0,Negatif,-1.0,Negatif,Negatif,train
aku win streak terus di epic,3,2026-07-25 09:54:47,aku win streak terus epic,aku win streak terus epic,1.0,Positif,1.0,Positif,Positif,train
"mengadukan gk bisa di permainan,stak d loby,jawaban ny malah gratis 1*ganti nama,astaga🤦",1,2026-07-25 09:50:33,mengadukan tidak permainan stak d loby jawaban ny malah gratis ganti nama astaga emoji_lain,adu tidak main stak d loby jawab ny malah gratis ganti nama astaga emoji_lain,-4.0,Negatif,-4.0,Negatif,Negatif,train
orang orang nya minta dikatain semua,5,2026-07-25 09:49:33,orang orang nya minta dikatain semua,orang orang nya minta dikatain semua,-7.0,Negatif,-7.0,Negatif,Negatif,train
monton gimana sih cara hapus akun ml nya tapi di ganti akun baru soal nya akun ini punya kenangan dari orang yang nyakitin aku 😭😭,5,2026-07-25 09:48:41,moonton gimana sih cara hapus akun ml nya ganti akun baru soal nya akun punya kenangan orang nyakitin aku emoji_negatif emoji_negatif,moonton gimana sih cara hapus akun ml nya ganti akun baru soal nya akun punya kenang orang nyakitin aku emoji_negatif emoji_negatif,-2.0,Negatif,-2.0,Negatif,Negatif,train
saya sangat suka,5,2026-07-25 09:45:49,sangat suka,sangat suka,0.0,Positif,0.0,Positif,Positif,test
Ng lag banget moonton,3,2026-07-25 09:45:15,ng lag banget moonton,ng lag banget moonton,1.0,Positif,-2.0,Negatif,Negatif,train
game jelek banget bikin stres mending hapus aj dari playstrore gw ga bakal main lagi,1,2026-07-25 09:44:20,game jelek banget bikin stres mending hapus aj playstrore tidak bakal main,game jelek banget bikin stres mending hapus aj playstrore tidak bakal main,-15.0,Negatif,-15.0,Negatif,Negatif,train
Stop dulu main mobile legends tunggu siseon turun dulu memang main di legends susah betul jadi sy putus khan berenti main sampai turun ke gm baru sy main lgi sm ke epic setelah sampai di epic sy berenti main tunggu siseon turun lgi bgitu ak main,1,2026-07-25 09:44:12,stop dulu main mobile legends tunggu siseon turun dulu memang main legends susah betul jadi putus khan berenti main turun gm baru main lgi sama epic epic berenti main tunggu siseon turun lgi bgitu main,stop dulu main mobile legends tunggu siseon turun dulu memang main legends susah betul jadi putus khan renti main turun gm baru main lgi sama epic epic renti main tunggu siseon turun lgi bgitu main,-17.0,Negatif,-17.0,Negatif,Negatif,train
Gamenya bagus bangettt,5,2026-07-25 09:43:46,gamenya bagus bangett,gamenya bagus bangett,-4.0,Negatif,1.0,Positif,Positif,train
"banyak bug nya, masa gw lagi enak main tiba-tiba di keluarin dari dalam game, gajelas bgt mana gabisa masuk kedalam game nya lagi",4,2026-07-25 09:43:42,banyak bug nya masa enak main tiba tiba keluarin game gajelas banget mana gabisa masuk kedalam game nya,banyak bug nya masa enak main tiba tiba keluarin game gajelas banget mana gabisa masuk dalam game nya,3.0,Positif,3.0,Positif,Positif,train
layar gw jadi kecil tll,1,2026-07-25 09:43:26,layar jadi kecil tll,layar jadi kecil tll,-4.0,Negatif,-4.0,Negatif,Negatif,test
"masih banyak darksistem,mohon agar lebih di kondisi kan lagi darksistem nya",4,2026-07-25 09:43:18,banyak darksistem mohon lebih kondisi kan darksistem nya,banyak darksistem mohon lebih kondisi kan darksistem nya,1.0,Positif,1.0,Positif,Positif,train
"Game nya bagus👍playernya juga ramah-ramah, Playernya juga suka merekomendasikan game lain seperti, Free Fire dan Pou atau Barbie, Intinya gamenya bagus, Karna playernya yang baik dan sopan dan permainannya yang seru, Dan game ini cocok untuk menghilangkan stres kalian.🗿👍",5,2026-07-25 09:42:25,game nya bagus playernya ramah ramah playernya suka merekomendasikan game free fire pou barbie intinya gamenya bagus playernya baik sopan permainannya seru game cocok menghilangkan stres kalian emoji_positif emoji_positif emoji_netral,game nya bagus playernya ramah ramah playernya suka rekomendasi game free fire pou barbie inti gamenya bagus playernya baik sopan main seru game cocok hilang stres kalian emoji_positif emoji_positif emoji_netral,10.0,Positif,23.0,Positif,Positif,train
"game bagus ,moonton baik kasih nya dark sistem mulu",5,2026-07-25 09:42:01,game bagus moonton baik kasih nya dark sistem mulu,game bagus moonton baik kasih nya dark sistem mulu,0.0,Positif,5.0,Positif,Positif,train
"susah banget dapet tim yang bagus, kalah Mulu padahal main udh bagus",1,2026-07-25 09:41:24,susah banget dapet tim bagus kalah mulu padahal main bagus,susah banget dapet tim bagus kalah mulu padahal main bagus,-11.0,Negatif,-1.0,Negatif,Negatif,train
"banyak dark sistem nya, kacau banget ini game",1,2026-07-25 09:41:18,banyak dark sistem nya kacau banget game,banyak dark sistem nya kacau banget game,-1.0,Negatif,-1.0,Negatif,Negatif,train
ga jelas ni game menang 1x kalah 10x dpt tim bot mulu aneh kalo kek gini kapan gue imo nya GUE GAMAU SETIM SAMA BOT gue cape tau ga udah ya gue uninstal nanti kalo mut donlot lagi lama² stres beneran ni gue. JARINGAN LO GMN SI TIAP MAIN KEJANG AJA TEROSSSSS,1,2026-07-25 09:39:47,tidak jelas ni game menang x kalah x tim bot mulu aneh kalau kek gini kapan imo nya gamau setim sama bot cape tau tidak udah uninstal kalau mut donlot lama stres beneran ni jaringan kamu bagaimana si tiap main kejang aja teross,tidak jelas ni game menang x kalah x tim bot mulu aneh kalau kek gin kapan imo nya gamau tim sama bot cape tau tidak udah uninstal kalau mut donlot lama stres beneran ni jaring kamu bagaimana si tiap main kejang aja teross,-34.0,Negatif,-30.0,Negatif,Negatif,train
emng gamenya ngesetting gua buat kalag mau gimna lagi di kasih tim dark sistem sampe lose 12 kali itu ga wajar banget,1,2026-07-25 09:34:30,emng gamenya ngesetting buat kalag mau gimna kasih tim dark sistem sampe lose kali tidak wajar banget,emng gamenya ngesetting buat kalag mau gimna kasih tim dark sistem sampe lose kali tidak wajar banget,-4.0,Negatif,-4.0,Negatif,Negatif,test
game player nya idiot semua kek yang nyiptainn,1,2026-07-25 09:32:57,game player nya idiot semua kek nyiptainn,game player nya idiot semua kek nyiptainn,-6.0,Negatif,-6.0,Negatif,Negatif,train
game kontl,1,2026-07-25 09:31:09,game kontl,game kontl,2.0,Positif,2.0,Positif,Positif,test
"seru banget,game fav",5,2026-07-25 09:30:07,seru banget game fav,seru banget game fav,8.0,Positif,11.0,Positif,Positif,train
game nipu katanya 1 vs 5 eh dalam gamenya malah 1 vs 9 kocak banget bukan sekali dua kali berkali-kali malah 1 vs 9 mana 5vs5 yang kau janjikan itu wok?,1,2026-07-25 09:27:30,game nipu katanya vs eh gamenya malah vs kocak banget bukan sekali kali berkali kali malah vs mana vs kau janjikan wok,game nipu kata vs eh gamenya malah vs kocak banget bukan sekali kali kali kali malah vs mana vs kau janji wok,-2.0,Negatif,-2.0,Negatif,Negatif,test
akun saya di retas bagaimana cara mengembalikannya,5,2026-07-25 09:26:21,akun retas bagaimana cara mengembalikannya,akun retas bagaimana cara kembali,-3.0,Negatif,-3.0,Negatif,Negatif,train
game gak adil,1,2026-07-25 09:26:19,game tidak adil,game tidak adil,-4.0,Negatif,-4.0,Negatif,Negatif,test
moonton tolong bikin fitur/player yg rank tertinggi nya setara contoh kalau kita main solo dapat tim sama2 ex glory begitu juga di tier bawah soalnya tim gw beban abis dan juga tolong diperbaiki sinyal nya sekarang gw kalo main pas war suka ngelag pdhl sebelumnya gapernah gini apalagi wifi udh mentok masih ngelag tolong juga kalo player main rank tolong cariin server terdekat aja biar ga lag itu aja sih sisanya bagus2 aja,4,2026-07-25 09:25:49,moonton bikin fitur player rank tertinggi nya setara contoh kalau main solo tim sama ex glory tier bawah soalnya tim beban abis diperbaiki sinyal nya sekarang kalau main pas war suka ngelag pdhl sebelumnya gapernah gini wifi mentok ngelag kalau player main rank cariin server terdekat aja tidak lag aja sih sisanya bagus aja,moonton bikin fitur player rank tinggi nya tara contoh kalau main solo tim sama ex glory tier bawah soal tim beban abis baik sinyal nya sekarang kalau main pas war suka ngelag pdhl belum gapernah gin wifi mentok ngelag kalau player main rank cariin server dekat aja tidak lag aja sih sisa bagus aja,-17.0,Negatif,-15.0,Negatif,Negatif,test
kasih event skin Collab Naruto,1,2026-07-25 09:25:44,kasih event skin collab naruto,kasih event skin collab naruto,1.0,Positif,1.0,Positif,Positif,train
game tolol sinyak gw bagus malah lag,1,2026-07-25 09:25:28,game tolol sinyak bagus malah lag,game tolol sinyak bagus malah lag,-5.0,Negatif,-3.0,Negatif,Negatif,train
"semenjak update sistem matchmaking menjadi tidak seimbang. Setelah menang dan mendapat KDA yang bagus, pada saat akan bermain untuk permainan selanjutnya kita diberikan player dengan KDA yang buruk pada game sebelumnya (dark sistem). Sistem seperti ini tidak adil untuk player yang bermain secara solo, dan membuat player malas untuk bermain game seperti ini lagi. Berbeda jauh dengan game sebelah, sistem yang anda berikan sangat mengecewakan!",1,2026-07-25 09:25:05,semenjak update sistem matchmaking menjadi tidak seimbang menang mendapat kda bagus bermain permainan selanjutnya diberikan player kda buruk game sebelumnya dark sistem sistem tidak adil player bermain solo membuat player malas bermain game berbeda jauh game sebelah sistem berikan sangat mengecewakan,semenjak update sistem matchmaking jadi tidak imbang menang dapat kda bagus main main lanjut beri player kda buruk game belum dark sistem sistem tidak adil player main solo buat player malas main game beda jauh game belah sistem ikan sangat kecewa,-44.0,Negatif,-35.0,Negatif,Negatif,train
gamenya bagus banget,5,2026-07-25 09:23:48,gamenya bagus banget,gamenya bagus banget,-1.0,Negatif,4.0,Positif,Positif,train
game tolol mambu tau ngasu,1,2026-07-25 09:22:57,game tolol mambu tau ngasu,game tolol mambu tau ngasu,-7.0,Negatif,-7.0,Negatif,Negatif,train
ku kasih 1 bintang game ini membuat ku gila stres,1,2026-07-25 09:22:43,ku kasih bintang game membuat ku gila stres,ku kasih bintang game buat ku gila stres,-6.0,Negatif,-6.0,Negatif,Negatif,train
"bintang lima buat game ini,karena game ini sukses bikin saya sesak nafas karena player nya yang pada buta,ml kasih saimbara kaca mata biar ga buta",5,2026-07-25 09:21:24,bintang lima buat game game sukses bikin sesak nafas player nya buta ml kasih saimbara kaca mata tidak buta,bintang lima buat game game sukses bikin sesak nafas player nya buta ml kasih saimbara kaca mata tidak buta,-1.0,Negatif,-1.0,Negatif,Negatif,train
bagus monton bagus,1,2026-07-25 09:20:56,bagus moonton bagus,bagus moonton bagus,-4.0,Negatif,6.0,Positif,Positif,train
gamex mantap,5,2026-07-25 09:20:12,gamex mantap,gamex mantap,5.0,Positif,5.0,Positif,Positif,train
"makin hari makin parah, jaringan bagus (hijau) ko patah2 bahkan lek parah, kok bisa begini, bukannya di perbaiki malah update ngak jelas",5,2026-07-25 09:20:11,makin hari makin parah jaringan bagus hijau ko patah bahkan lek parah kok begini bukannya perbaiki malah update ngak jelas,makin hari makin parah jaring bagus hijau ko patah bahkan lek parah kok begini bukan baik malah update ngak jelas,-16.0,Negatif,-11.0,Negatif,Negatif,train
"Tolong perbaiki bug pasif benedettanya, pas ulti gabisa ngedash malah suka stag jalan kaki",2,2026-07-25 09:19:08,perbaiki bug pasif benedettanya pas ulti gabisa ngedash malah suka stag jalan kaki,baik bug pasif benedettanya pas ulti gabisa ngedash malah suka stag jalan kaki,3.0,Positif,1.0,Positif,Positif,train
"sangat baik, saya epic",5,2026-07-25 09:19:04,sangat baik epic,sangat baik epic,0.0,Positif,0.0,Positif,Positif,train
"wah game ini sangat bagus untuk menaikkan darah tinggi, apa lagi kalo sering di kasih lose treak saat hendak mencapai rank selanjutnya 😊😊, ada yang lebih parah yaitu selalu di kasih tim draksistem dan lawan yng jago, berbanding jauh bukan?.. sejauh ini yang aku takutin bukan cuma lawan yang jago tapi yang paling aku takutin itu tim yang.. aduh th O lo l nya tapi gapapa moonton emang suka nguji kesabaran orang, untung aku orang nya sabaran (boong bgt su)",5,2026-07-25 09:18:58,wah game sangat bagus menaikkan darah tinggi apa kalau sering kasih lose treak hendak mencapai rank selanjutnya lebih parah selalu kasih tim draksistem lawan yng jago berbanding jauh bukan sejauh aku takutin bukan cuma lawan jago paling aku takutin tim aduh th o kamu l nya gapapa moonton emang suka nguji kesabaran orang untung aku orang nya sabaran boong banget su emoji_positif emoji_positif,wah game sangat bagus naik darah tinggi apa kalau sering kasih lose treak hendak capai rank lanjut lebih parah selalu kasih tim draksistem lawan yng jago banding jauh bukan jauh aku takutin bukan cuma lawan jago paling aku takutin tim aduh th o kamu l nya gapapa moonton emang suka nguji sabar orang untung aku orang nya sabar boong banget su emoji_positif emoji_positif,-12.0,Negatif,-7.0,Negatif,Negatif,train
"sistem match making tidak adil, ketika melaporkan player troll juga tidak ada tanggapan ini sangat merugikan ini adalah kesalahan moonton yg membuat rating di PlayStore jelek, mungkin bisa dipertimbangkan untuk sistem match making di game, dan buat sistem nya lebih bisa tanggap laporan atau report",1,2026-07-25 09:18:05,sistem match making tidak adil melaporkan player troll tidak tanggapan sangat merugikan kesalahan moonton membuat rating playstore jelek mungkin dipertimbangkan sistem match making game buat sistem nya lebih tanggap laporan report,sistem match making tidak adil lapor player troll tidak tanggap sangat rugi salah moonton buat rating playstore jelek mungkin timbang sistem match making game buat sistem nya lebih tanggap lapor report,-36.0,Negatif,-39.0,Negatif,Negatif,train
game sangat seru,5,2026-07-25 09:15:07,game sangat seru,game sangat seru,0.0,Positif,3.0,Positif,Positif,train
👍👍👍👍👍👍👍👍👍😁😁😁😁,5,2026-07-25 09:14:36,emoji_positif emoji_positif emoji_positif emoji_positif emoji_positif emoji_positif emoji_positif emoji_positif emoji_positif emoji_positif emoji_positif emoji_positif emoji_positif,emoji_positif emoji_positif emoji_positif emoji_positif emoji_positif emoji_positif emoji_positif emoji_positif emoji_positif emoji_positif emoji_positif emoji_positif emoji_positif,0.0,Positif,0.0,Positif,Positif,train
l wont stop until The boys is mine..,5,2026-07-25 09:13:51,l wont stop until the boys is mine,l wont stop until the boys is mine,0.0,Positif,0.0,Positif,Positif,train
pemilihan musuh tidak seimbang,1,2026-07-25 09:12:30,pemilihan musuh tidak seimbang,pilih musuh tidak imbang,-9.0,Negatif,-9.0,Negatif,Negatif,train
game nya bagus ga bikin bosenn pokoknya menghibur lah the best👍💯,5,2026-07-25 09:12:05,game nya bagus tidak bikin bosenn pokoknya menghibur lah the best emoji_positif emoji_positif,game nya bagus tidak bikin bosenn pokok hibur lah the best emoji_positif emoji_positif,-8.0,Negatif,-3.0,Negatif,Negatif,test
"Tolong nerf skill 1 cici jadi 1,75-2,75% max hp lawan bukan 3,5-4,5%",5,2026-07-25 09:09:47,nerf skill cici jadi max handphone lawan bukan,nerf skill cici jadi max handphone lawan bukan,-7.0,Negatif,-7.0,Negatif,Negatif,train
Sangat seru mainnya terkadang lawan nya menantang,5,2026-07-25 09:09:30,sangat seru mainnya terkadang lawan nya menantang,sangat seru main terkadang lawan nya tantang,-6.0,Negatif,-3.0,Negatif,Negatif,train
aku lebih suka ml daripada ff karena ff itu burik terima kasih moonton,5,2026-07-25 09:07:07,aku lebih suka ml ff ff burik terima kasih moonton,aku lebih suka ml ff ff burik terima kasih moonton,7.0,Positif,7.0,Positif,Positif,train
makasih telah mempromosikan game lain ☺😋,5,2026-07-25 09:06:52,makasih mempromosikan game emoji_lain emoji_lain,makasih promosi game emoji_lain emoji_lain,9.0,Positif,9.0,Positif,Positif,train
"percuma punya perlindungan rank kalo GK bisa kepake, apa gunanya coba punya perlindungan tapi kalo GK bisa dipake aneh agak laen juga ini game, hama bener",1,2026-07-25 09:06:51,percuma punya perlindungan rank kalau tidak kepake apa gunanya coba punya perlindungan kalau tidak dipake aneh laen game hama bener,percuma punya lindung rank kalau tidak kepake apa guna coba punya lindung kalau tidak dipake aneh laen game hama bener,-7.0,Negatif,-7.0,Negatif,Negatif,train
kayak bab1 game nya ga di kasih tim yg setara,1,2026-07-25 09:06:40,kayak bab game nya tidak kasih tim setara,kayak bab game nya tidak kasih tim tara,-13.0,Negatif,-13.0,Negatif,Negatif,train
"gacha ga hoki, match ga seimbang, waktu main sering ngelek, dan masih banyak lagi.",2,2026-07-25 09:03:44,gacha tidak hoki match tidak seimbang waktu main sering ngelek banyak,gacha tidak hoki match tidak imbang waktu main sering ngelek banyak,-7.0,Negatif,-7.0,Negatif,Negatif,train
"tidak jelas sinyal saya macet di merah padahal wifinya baik"" aj",1,2026-07-25 09:03:30,tidak jelas sinyal macet merah padahal wifinya baik aj,tidak jelas sinyal macet merah padahal wifinya baik aj,0.0,Negatif,0.0,Negatif,Negatif,test
pembagian tim tidak adil tim musuh pada glory semua masa tim saya ada yg legend ada yg honor,1,2026-07-25 09:02:10,pembagian tim tidak adil tim musuh glory semua masa tim legend honor,bagi tim tidak adil tim musuh glory semua masa tim legend honor,-25.0,Negatif,-25.0,Negatif,Negatif,train
seru banget walau ketemu dark sistem tapi moonton aku pengen ke mytich,5,2026-07-25 09:02:01,seru banget ketemu dark sistem moonton aku pengen mytich,seru banget ketemu dark sistem moonton aku ken mytich,0.0,Positif,3.0,Positif,Positif,train
"game tolol, main solo rank slalu dikasih kalah dan tim bot !!!",1,2026-07-25 09:00:10,game tolol main solo rank slalu dikasih kalah tim bot,game tolol main solo rank slalu kasih kalah tim bot,-9.0,Negatif,-9.0,Negatif,Negatif,test
"sistem aneh masa iya player mythic ketemu immortal maupun Cl dan rank setiap hari lose streak perbaiki sistem itu aja kalau bagus,bintang 5",1,2026-07-25 09:00:07,sistem aneh masa iya player mythic ketemu immortal maupun cl rank hari lose streak perbaiki sistem aja kalau bagus bintang,sistem aneh masa iya player mythic ketemu immortal maupun cl rank hari lose streak baik sistem aja kalau bagus bintang,-9.0,Negatif,-4.0,Negatif,Negatif,train
"Game nya sering bermasalah nih, masa pas lagi main rank pas di draft pick tiba tiba reconnect dan itu makan waktu yang lama (padahal jaringan ku gak bermasalah) ini bener bener merugikan diriku karena teranggapnya afk dan bisa mengurangi kredit skor.",3,2026-07-25 08:59:12,game nya sering bermasalah nih masa pas main rank pas draft pick tiba tiba reconnect makan waktu lama padahal jaringan ku tidak bermasalah bener bener merugikan diriku teranggapnya afk mengurangi kredit skor,game nya sering masalah nih masa pas main rank pas draft pick tiba tiba reconnect makan waktu lama padahal jaring ku tidak masalah bener bener rugi diri anggap afk kurang kredit skor,5.0,Positif,3.0,Positif,Positif,train
game gg,5,2026-07-25 08:58:46,game gg,game gg,2.0,Positif,5.0,Positif,Positif,test
gemnya seru dan dapat banyak teman bintang 5🤩🤩,5,2026-07-25 08:58:33,gemnya seru banyak teman bintang emoji_positif emoji_positif,gemnya seru banyak teman bintang emoji_positif emoji_positif,0.0,Positif,3.0,Positif,Positif,train
gem seru tapi kenapa aku di kasih kalah mulu,5,2026-07-25 08:58:29,gem seru aku kasih kalah mulu,gem seru aku kasih kalah mulu,-1.0,Negatif,2.0,Positif,Positif,train
"game lawak maen dikasih dark sistem terus kalo gini trus kasian dong player yg udh buang buang waktu cuma buat bintang turun lawak org kasih yg setara kek biar seru ini mah dapet nya tim bot semua musuh nya banyak yg jago hadeh lawak !!!, game ini soal matchmaking problem nya banyak bgt ga abis pikir dah sama ml skrang!!!,perbaiki dulu noh matchmaking Lo yang burik itu",1,2026-07-25 08:56:20,game lawak maen dikasih dark sistem terus kalau gini trus kasian dong player buang buang waktu cuma buat bintang turun lawak org kasih setara kek seru mah dapet nya tim bot semua musuh nya banyak jago hadeh lawak game soal matchmaking problem nya banyak banget tidak abis pikir sama ml skrang perbaiki dulu noh matchmaking kamu burik,game lawak maen kasih dark sistem terus kalau gin trus kasi dong player buang buang waktu cuma buat bintang turun lawak org kasih tara kek seru mah dapet nya tim bot semua musuh nya banyak jago hadeh lawak game soal matchmaking problem nya banyak banget tidak abis pikir sama ml skrang baik dulu noh matchmaking kamu burik,-24.0,Negatif,-21.0,Negatif,Negatif,train
selalu di kasih musuh ga setara,1,2026-07-25 08:55:44,selalu kasih musuh tidak setara,selalu kasih musuh tidak tara,-10.0,Negatif,-10.0,Negatif,Negatif,train
epic sarang binatang,1,2026-07-25 08:54:02,epic sarang binatang,epic sarang binatang,0.0,Negatif,0.0,Negatif,Negatif,train
bagus tapi lostrak mulu,5,2026-07-25 08:53:18,bagus lostrak mulu,bagus lostrak mulu,-1.0,Negatif,4.0,Positif,Positif,train
sangat seru dan menarik,5,2026-07-25 08:53:06,sangat seru menarik,sangat seru tarik,-2.0,Negatif,1.0,Positif,Positif,train
Kenapa Aku Gabisa Download Ya Moonton Woilah Ditolak Karna Terlalu Jago😎,1,2026-07-25 08:52:46,aku gabisa download moonton woilah ditolak terlalu jago emoji_lain,aku gabisa download moonton woilah tolak terlalu jago emoji_lain,-3.0,Negatif,-3.0,Negatif,Negatif,train
Makin parah... .uninstal aja,1,2026-07-25 08:52:19,makin parah uninstal aja,makin parah uninstal aja,-2.0,Negatif,-2.0,Negatif,Negatif,test
INI GAME TAU DIRI ORANG LAGI SETRESS ATURAN MAH INI MENGHIBUR TAPI MALAH BUAT MAKIN BURUK,1,2026-07-25 08:50:42,game tau diri orang setress aturan mah menghibur malah buat makin buruk,game tau diri orang setress atur mah hibur malah buat makin buruk,-5.0,Negatif,-5.0,Negatif,Negatif,test
game on ol gaje banget gw maen cmn buat kalah,1,2026-07-25 08:49:19,game on ol gaje banget maen cmn buat kalah,game on ol gaje banget maen cmn buat kalah,0.0,Negatif,0.0,Negatif,Negatif,test
gem nya sangat bagus,5,2026-07-25 08:48:40,gem nya sangat bagus,gem nya sangat bagus,-4.0,Negatif,1.0,Positif,Positif,train
halo. kenapa aku stuck di loding ml dan tidak bisa masuk ke game padahal siyal ku bagus bagus aja tetapi setelah aku relock beberapa kali sudah bisa. tapi nanti terulang lagi dan karakter loby ku kaku gak bisa bergerak cuman bisa muncul teck pembicaraan dan juga lagi aku sering ketemu bot/computer saat main apakah memang sudah terlalu sedikit player yang main?,1,2026-07-25 08:48:10,halo aku stuck loding ml tidak masuk game padahal siyal ku bagus bagus aja aku relock beberapa kali terulang karakter loby ku kaku tidak bergerak cuman muncul teck pembicaraan aku sering ketemu bot computer main memang terlalu sedikit player main,halo aku stuck loding ml tidak masuk game padahal siyal ku bagus bagus aja aku relock beberapa kali ulang karakter loby ku kaku tidak gerak cuman muncul teck bicara aku sering ketemu bot computer main memang terlalu sedikit player main,-9.0,Negatif,1.0,Positif,Positif,train
"yok uninstal game ini, game mobile legend lama alama gk jelas,, uninstall aja ,, tiap hari main di kasih tim bot,, uninstall ganti game baru,, game norak kampungan",1,2026-07-25 08:48:08,yok uninstal game game mobile legend lama alama tidak jelas uninstall aja tiap hari main kasih tim bot uninstall ganti game baru game norak kampungan,yok uninstal game game mobile legend lama alama tidak jelas uninstall aja tiap hari main kasih tim bot uninstall ganti game baru game norak kampung,-8.0,Negatif,-8.0,Negatif,Negatif,train
games sudah tidak layak buat mainin banyak lawan yang gunakan cheat,1,2026-07-25 08:47:09,games tidak layak buat mainin banyak lawan gunakan cheat,games tidak layak buat mainin banyak lawan guna cheat,-7.0,Negatif,-7.0,Negatif,Negatif,test
tolong moonton benerin ml saya kok ada tulisan menghubungi kembali terus tolong ya saya mau main,5,2026-07-25 08:47:07,moonton benerin ml kok tulisan menghubungi terus mau main,moonton benerin ml kok tulis hubung terus mau main,5.0,Positif,5.0,Positif,Positif,test
"sarang gw, klo udh kalah 1-2 kali jgn di terusin lagi, pasti bakalan kalah trus",1,2026-07-25 08:46:36,sarang kalau kalah kali jangan terusin bakalan kalah trus,sarang kalau kalah kali jangan terusin bakal kalah trus,-12.0,Negatif,-12.0,Negatif,Negatif,train
"untuk saat ini saya kasih 1 bintang!!!, tolong segera berikan solusinya gimana agar di saat main rank di in game jaringan tidak jumping/ lagg,,",1,2026-07-25 08:46:16,kasih bintang segera berikan solusinya gimana main rank in game jaringan tidak jumping lagg,kasih bintang segera ikan solusi gimana main rank in game jaring tidak jumping lagg,0.0,Negatif,0.0,Negatif,Negatif,train
moonton tolonglah ini saya main buat cari kesenangan ketenangan tapi setiap saya main kalah terus udah hp gak sanggup lagi buat main game ini di mainin gamenya cuma dapat kalah terus,4,2026-07-25 08:45:32,moonton tolonglah main buat cari kesenangan ketenangan main kalah terus udah handphone tidak sanggup buat main game mainin gamenya cuma kalah terus,moonton tolong main buat cari senang tenang main kalah terus udah handphone tidak sanggup buat main game mainin gamenya cuma kalah terus,-23.0,Negatif,-23.0,Negatif,Negatif,train
sukaa,4,2026-07-25 08:44:58,sukaa,sukaa,0.0,Positif,0.0,Positif,Positif,train
"game busuk, gameplay enggak seimbang, gajelas masak kalah bisa lebih 8 kali",1,2026-07-25 08:43:36,game busuk gameplay tidak seimbang gajelas masak kalah lebih kali,game busuk gameplay tidak imbang gajelas masak kalah lebih kali,-11.0,Negatif,-11.0,Negatif,Negatif,train
Tolong Kasih tim yang seimbang soalnya Udahlah matchmaking lama Tim bot musuh jago semua kayak rugi gitu makanya kasih tim yang seimbang lah kalo engga matchmaking Dipercepat Terimakasih,4,2026-07-25 08:41:22,kasih tim seimbang soalnya udahlah matchmaking lama tim bot musuh jago semua kayak rugi gitu makanya kasih tim seimbang lah kalau tidak matchmaking dipercepat terimakasih,kasih tim imbang soal udahlah matchmaking lama tim bot musuh jago semua kayak rugi gitu makanya kasih tim imbang lah kalau tidak matchmaking cepat terimakasih,-30.0,Negatif,-30.0,Negatif,Negatif,train
bagus untuk saat ini bot AI nya untuk penguasa pada setiap bot AI nya di sesuaikan sesuai rank jadi kalo rank lebih tinggi bot AI nya lebih pintar untuk rank yang pemula Bot AI nya tidak terlalu agresif bagus trus kan mooton,5,2026-07-25 08:40:22,bagus bot ai nya penguasa bot ai nya sesuaikan sesuai rank jadi kalau rank lebih tinggi bot ai nya lebih pintar rank pemula bot ai nya tidak terlalu agresif bagus trus kan moonton,bagus bot ai nya kuasa bot ai nya sesuai sesuai rank jadi kalau rank lebih tinggi bot ai nya lebih pintar rank mula bot ai nya tidak terlalu agresif bagus trus kan moonton,-10.0,Negatif,0.0,Positif,Positif,train
"game nya udah jelek, apalagi yang main solo harus bisa lah kita gendong 4 orang, masa 200 macth mentok di lengend, emang makin lama kek game gk jelas",1,2026-07-25 08:39:54,game nya udah jelek main solo lah gendong orang masa macth mentok lengend emang makin lama kek game tidak jelas,game nya udah jelek main solo lah gendong orang masa macth mentok lengend emang makin lama kek game tidak jelas,-9.0,Negatif,-9.0,Negatif,Negatif,train
gameplay nya bagus tapi tolong diperbaiki bug nya Jagan kasih dark sistem lagi saya mau push rank jadi kalah Terus,4,2026-07-25 08:39:39,gameplay nya bagus diperbaiki bug nya jagan kasih dark sistem mau push rank jadi kalah terus,gameplay nya bagus baik bug nya jagan kasih dark sistem mau push rank jadi kalah terus,-6.0,Negatif,-3.0,Negatif,Negatif,train
"apaan si ini moonton , udah top up weekly diamon pass tapi kaga masuk diamonnya padahal udah dibayar ada buktinya juga , game rusak korup",1,2026-07-25 08:39:32,apaan si moonton udah top up weekly diamon pass tidak masuk diamonnya padahal udah dibayar buktinya game rusak korup,apa si moonton udah top up weekly diamon pass tidak masuk diamonnya padahal udah bayar bukti game rusak korup,-2.0,Negatif,-2.0,Negatif,Negatif,test
saya tidak melakukan pelanggaran tetapi akun saya tidak bisa main padahal sudah ada data yg lancar baik,1,2026-07-25 08:39:08,tidak melakukan pelanggaran akun tidak main padahal data lancar baik,tidak laku langgar akun tidak main padahal data lancar baik,-9.0,Negatif,-9.0,Negatif,Negatif,test
ga adil saya main tidak di beri tim setara dan lawan tak setara,1,2026-07-25 08:38:26,tidak adil main tidak beri tim setara lawan tak setara,tidak adil main tidak beri tim tara lawan tak tara,-14.0,Negatif,-14.0,Negatif,Negatif,test
"Game yang buruk, saya baru beberapa Minggu tidak login ke akun saya yang namanya ヨギ glexプラセ, kemudian saya login kembali tapi sudah disuruh untuk buat akun lagi, jadi akun saya ヨギ glexプラセ sudah hilang, saya coba pemulihan akun juga tidak bisa, tolong kepada pihak moonton untuk memulihkan akun saya.",1,2026-07-25 08:37:36,game buruk baru beberapa minggu tidak login akun namanya glex kemudian login disuruh buat akun jadi akun glex hilang coba pemulihan akun tidak pihak moonton memulihkan akun,game buruk baru beberapa minggu tidak login akun nama glex kemudian login suruh buat akun jadi akun glex hilang coba pulih akun tidak pihak moonton pulih akun,-12.0,Negatif,-12.0,Negatif,Negatif,test
Unstable connection in Mobile Legends while the game is running,1,2026-07-25 08:36:51,unstable connection in mobile legends while the game is running,unstable connection in mobile legends while the game is running,2.0,Positif,2.0,Positif,Positif,train
server nya benerin,1,2026-07-25 08:34:56,server nya benerin,server nya benerin,0.0,Negatif,0.0,Negatif,Negatif,train
ya bagus aja sih walau kadang bikin stress 🗿,5,2026-07-25 08:34:38,bagus aja sih kadang bikin stress emoji_netral,bagus aja sih kadang bikin stress emoji_netral,-3.0,Negatif,2.0,Positif,Positif,train
ngasih tim drafsistem mlu...kalah mah 10 kali menang sekali sistem apa kali buta g liat draf...buang2 waktu gua unistal.,1,2026-07-25 08:34:07,ngasih tim drafsistem mlu kalah mah kali menang sekali sistem apa kali buta g liat draf buang waktu unistal,ngasih tim drafsistem mlu kalah mah kali menang sekali sistem apa kali buta g liat draf buang waktu unistal,-21.0,Negatif,-17.0,Negatif,Negatif,test
buruk game banyak bug,1,2026-07-25 08:34:06,buruk game banyak bug,buruk game banyak bug,-3.0,Negatif,-5.0,Negatif,Negatif,train
ml kok gak bisa hapus konten skin dalam pertandingan cepet rusak perangkat kayak gini,1,2026-07-25 08:33:06,ml kok tidak hapus konten skin pertandingan cepet rusak perangkat kayak gini,ml kok tidak hapus konten skin tanding cepet rusak perangkat kayak gin,-4.0,Negatif,-4.0,Negatif,Negatif,test
coba benerin draksisitem nya min,1,2026-07-25 08:32:29,coba benerin draksisitem nya min,coba benerin draksisitem nya min,1.0,Positif,1.0,Positif,Positif,test
"klo mau kasih tim yang adil dong masa tim musuh semuanya udh pernah imo sedangkan tim saya glory aja belum pernah , ini saya player solo, gak adil bgt",3,2026-07-25 08:32:17,kalau mau kasih tim adil dong masa tim musuh semuanya pernah imo tim glory aja belum pernah player solo tidak adil banget,kalau mau kasih tim adil dong masa tim musuh semua pernah imo tim glory aja belum pernah player solo tidak adil banget,-16.0,Negatif,-16.0,Negatif,Negatif,train
gamenya sangat bagus bagi saya user roam yang sengsara tolong lah moonton kasih team gak dark sistem dan tolong hapus fitur bunga mekar,1,2026-07-25 08:31:37,gamenya sangat bagus user roam sengsara lah moonton kasih team tidak dark sistem hapus fitur bunga mekar,gamenya sangat bagus user roam sengsara lah moonton kasih team tidak dark sistem hapus fitur bunga mekar,-16.0,Negatif,-11.0,Negatif,Negatif,train
"nih mas monton udah kasih 5 lagi kalo kalah dua kali lagi,gw turunin lagi bintang nya",5,2026-07-25 08:31:30,nih mas moonton udah kasih kalau kalah kali turunin bintang nya,nih mas moonton udah kasih kalau kalah kali turunin bintang nya,-4.0,Negatif,-4.0,Negatif,Negatif,train
"game ANEH, awalnya mudah aja, tapi lama kelamaan kok makin susah, musuh nya jago² lagi, bug, awalnya aku exited lohh download game ini, tapi tidak memuaskan, harus adil dong, masa ga, huhh, tapi tim ku sebenarnya pro, tapi aku itu lohh, aku udh nyerang tapi malah yg lain yg dibilang nyerang, bintang ku hangus tau.",3,2026-07-25 08:31:18,game aneh awalnya mudah aja lama kelamaan kok makin susah musuh nya jago bug awalnya aku exited lohh download game tidak memuaskan adil dong masa tidak huhh tim ku sebenarnya pro aku lohh aku nyerang malah dibilang nyerang bintang ku hangus tau,game aneh awal mudah aja lama lama kok makin susah musuh nya jago bug awal aku exited lohh download game tidak muas adil dong masa tidak huhh tim ku benar pro aku lohh aku nyerang malah bilang nyerang bintang ku hangus tau,-15.0,Negatif,-17.0,Negatif,Negatif,train
"geme apa kek gini org main gem buat hilangin stress malah makin streess, dapat tim BOT,tim kayak baru main ml padahal rank legend, rotasi gak ngerti beda kali sama musuh nya, maen aman, kompak jago rusuh, tapi tim kita , udah roam di golden selalu xp gak ngerti bantu ken kek apa lah ni geme, hapus aja ni geme main ep ep enak lagi bisa solo",1,2026-07-25 08:29:56,geme apa kek gini org main gem buat hilangin stress malah makin streess tim bot tim kayak baru main ml padahal rank legend rotasi tidak ngerti beda kali sama musuh nya maen aman kompak jago rusuh tim udah roam golden selalu xp tidak ngerti bantu ken kek apa lah ni geme hapus aja ni geme main ep ep enak solo,geme apa kek gin org main gem buat hilangin stress malah makin streess tim bot tim kayak baru main ml padahal rank legend rotasi tidak ngerti beda kali sama musuh nya maen aman kompak jago rusuh tim udah roam golden selalu xp tidak ngerti bantu ken kek apa lah ni geme hapus aja ni geme main ep ep enak solo,-34.0,Negatif,-32.0,Negatif,Negatif,train
gimana tau..lvl kecil ketemunya lvl timggi ya kalah mulu lah..gimana mau naik rank'a.. adil darimana nya suuu lah 😡..uninstal langsung,1,2026-07-25 08:29:46,gimana tau lvl kecil ketemunya lvl timggi kalah mulu lah gimana mau naik rank a adil darimana nya suu lah uninstal langsung emoji_negatif,gimana tau lvl kecil ketemu lvl timggi kalah mulu lah gimana mau naik rank a adil darimana nya suu lah uninstal langsung emoji_negatif,-1.0,Negatif,-1.0,Negatif,Negatif,train
game buruk tim yang gak bisa main aku selalu dibuat susah sama timnya mending aku main Free fire daripada main game ML soalnya timnya nggak jelas semoga didengarkan,1,2026-07-25 08:29:34,game buruk tim tidak main aku selalu dibuat susah sama timnya mending aku main free fire main game ml soalnya timnya tidak jelas semoga didengarkan,game buruk tim tidak main aku selalu buat susah sama tim mending aku main free fire main game ml soal tim tidak jelas moga dengar,-10.0,Negatif,-10.0,Negatif,Negatif,train
tidak bisa login,1,2026-07-25 08:29:13,tidak login,tidak login,-5.0,Negatif,-5.0,Negatif,Negatif,train
"mantap, meski terkadang rekan nya ngetroll sihh",5,2026-07-25 08:28:46,mantap meski terkadang rekan nya ngetroll sihh,mantap meski terkadang rekan nya ngetroll sihh,6.0,Positif,6.0,Positif,Positif,train
kenapa ini kok gk bisa masuk dicutomer server,1,2026-07-25 08:28:41,kok tidak masuk dicutomer server,kok tidak masuk dicutomer server,-2.0,Negatif,-2.0,Negatif,Negatif,train
Game nya keren gk ngebosenin tapi yang bikin kesel itu team nya dra system semua apa lagi banyak yang cheat kesel tapi jujur ml itu seru banyak yang bilang ff paling seru ml yang paling seru bodo amat lah hp gw ini game gw ini yang unduh kita lawan anak ff hidup moonton ✊,5,2026-07-25 08:28:13,game nya keren tidak ngebosenin bikin kesel team nya dra system semua apa banyak cheat kesel jujur ml seru banyak bilang ff paling seru ml paling seru bodo lah handphone game unduh lawan anak ff hidup moonton emoji_lain,game nya keren tidak ngebosenin bikin kesel team nya dra system semua apa banyak cheat kesel jujur ml seru banyak bilang ff paling seru ml paling seru bodo lah handphone game unduh lawan anak ff hidup moonton emoji_lain,-26.0,Negatif,-13.0,Negatif,Negatif,train
"epic ex legend ketemu epic ex imo gimana ceritanya, udah kasih masukan ratusan kali tetep aja sama gak di perbaiki, pengalaman bermain yang buruk",1,2026-07-25 08:27:46,epic ex legend ketemu epic ex imo gimana ceritanya udah kasih masukan ratusan kali tetep aja sama tidak perbaiki pengalaman bermain buruk,epic ex legend ketemu epic ex imo gimana cerita udah kasih masuk ratus kali tetep aja sama tidak baik alam main buruk,-2.0,Negatif,-2.0,Negatif,Negatif,test
selalu leg sinyal gk padahal bagus tpi pas di game leg parah terus sekarang gak bisa login,1,2026-07-25 08:26:12,selalu leg sinyal tidak padahal bagus tpi pas game leg parah terus sekarang tidak login,selalu leg sinyal tidak padahal bagus tpi pas game leg parah terus sekarang tidak login,-12.0,Negatif,-7.0,Negatif,Negatif,train
"game aneh. keluar sebentar dri aplikasinya, login ulang malah lama bgt, padahal masih main rank lho, berharap ga di cap afk sm ml eh tau nya afk terus bot yg mainin TOLOL bgt, lucu dah ni game",1,2026-07-25 08:25:47,game aneh keluar sebentar dri aplikasinya login ulang malah lama banget padahal main rank lho berharap tidak cap afk sama ml eh tau nya afk terus bot mainin tolol banget lucu ni game,game aneh keluar sebentar dri aplikasi login ulang malah lama banget padahal main rank lho harap tidak cap afk sama ml eh tau nya afk terus bot mainin tolol banget lucu ni game,-16.0,Negatif,-20.0,Negatif,Negatif,train
Moonton kenapa ml ku pas di loading scren kaga bisa masuk ke in game nya jadinya afk mulu bantu,2,2026-07-25 08:24:57,moonton ml ku pas loading scren tidak masuk in game nya jadinya afk mulu bantu,moonton ml ku pas loading scren tidak masuk in game nya jadi afk mulu bantu,3.0,Positif,1.0,Positif,Positif,test
Gem tambah setres,3,2026-07-25 08:24:31,gem tambah setres,gem tambah tres,3.0,Positif,3.0,Positif,Positif,train
game nya seru polllll😍😍😍😍,5,2026-07-25 08:24:28,game nya seru poll emoji_positif emoji_positif emoji_positif emoji_positif,game nya seru poll emoji_positif emoji_positif emoji_positif emoji_positif,2.0,Positif,5.0,Positif,Positif,train
sangat tidak mendukung player jangan di download,1,2026-07-25 08:22:26,sangat tidak mendukung player jangan download,sangat tidak dukung player jangan download,-10.0,Negatif,-10.0,Negatif,Negatif,train
"perbaiki dulu lah game mu ini moonton,orang make cheter akun ku yg kena imbas nya",1,2026-07-25 08:22:22,perbaiki dulu lah game mu moonton orang make cheter akun ku kena imbas nya,baik dulu lah game mu moonton orang make cheter akun ku kena imbas nya,-5.0,Negatif,-5.0,Negatif,Negatif,test
Gamenya seru bgt,5,2026-07-25 08:20:22,gamenya seru banget,gamenya seru banget,1.0,Positif,4.0,Positif,Positif,train
gampang imonya,5,2026-07-25 08:18:41,gampang imonya,gampang imonya,1.0,Positif,1.0,Positif,Positif,test
aku sangat suka,5,2026-07-25 08:18:10,aku sangat suka,aku sangat suka,1.0,Positif,1.0,Positif,Positif,test
jaringan saat main merah dan 300+ gabisa gerak sama sekali jadi diperbaikin dulu biar nyaman orang² mainnya tambahan:jangan kikir,3,2026-07-25 08:16:30,jaringan main merah gabisa gerak sama sekali jadi diperbaikin dulu nyaman orang mainnya tambahan jangan kikir,jaring main merah gabisa gerak sama sekali jadi diperbaikin dulu nyaman orang main tambah jangan kikir,3.0,Positif,3.0,Positif,Positif,train
"game apasi ini, banyak anomali nya, jaringan bagus tiba tiba nge lag",5,2026-07-25 08:16:07,game apasi banyak anomali nya jaringan bagus tiba tiba nge lag,game apas banyak anomali nya jaring bagus tiba tiba nge lag,-4.0,Negatif,-2.0,Negatif,Negatif,train
woy monton kasih tim gua yg bagus dong gua mau naik imo susah bener Jangankan imo honor aja susah kasih kek nya tim yg bagus kasih gua ws dong,1,2026-07-25 08:15:23,woy moonton kasih tim bagus dong mau naik imo susah bener jangankan imo honor aja susah kasih kek nya tim bagus kasih winstreak dong,woy moonton kasih tim bagus dong mau naik imo susah bener jangan imo honor aja susah kasih kek nya tim bagus kasih winstreak dong,-10.0,Negatif,0.0,Negatif,Negatif,train
"game aneh, masa pas udah win muncul tulisan ""menghubungkan kembali"" padahal jaringan gw bagus, trus pas relog bintangnya gak nambah dan hasil pertandingannya gak muncul tapi pas di cek replay ada. udah relog berkali-kali tapi bintangnya gak nambah",1,2026-07-25 08:14:59,game aneh masa pas udah win muncul tulisan menghubungkan padahal jaringan bagus trus pas relog bintangnya tidak nambah hasil pertandingannya tidak muncul pas cek replay udah relog berkali kali bintangnya tidak nambah,game aneh masa pas udah win muncul tulis hubung padahal jaring bagus trus pas relog bintang tidak nambah hasil tanding tidak muncul pas cek replay udah relog kali kali bintang tidak nambah,-8.0,Negatif,-3.0,Negatif,Negatif,train
"kenapa dah monton jaringan nya Leng parah padahal aman aman aja. kalau lagi main game ini suka Leng ini, ini game apa dah Leng Mulu",3,2026-07-25 08:14:33,moonton jaringan nya leng parah padahal aman aman aja kalau main game suka leng game apa leng mulu,moonton jaring nya leng parah padahal aman aman aja kalau main game suka leng game apa leng mulu,-2.0,Negatif,-2.0,Negatif,Negatif,test
bagus banget dan seru lagiiii,5,2026-07-25 08:14:20,bagus banget seru lagii,bagus banget seru lagi,-1.0,Negatif,7.0,Positif,Positif,train
bagusi tapi hpku udah mulai ga kuat🗿,5,2026-07-25 08:13:38,bagusi hpku udah mulai tidak kuat emoji_netral,bagus hpku udah mulai tidak kuat emoji_netral,-3.0,Negatif,-3.0,Negatif,Negatif,train
agk ngeleg dikit,5,2026-07-25 08:13:19,agk ngeleg dikit,agk ngeleg dikit,-4.0,Negatif,-4.0,Negatif,Negatif,train
woii MONTONN Kenapa game lu ga bisa login di hp gw,5,2026-07-25 08:12:58,woii montonn game kamu tidak login handphone,woii montonn game kamu tidak login handphone,-3.0,Negatif,-3.0,Negatif,Negatif,test
karena saya di kasih tim yang kaga bisa maen setiap hari bukan cuma sekali dua kali setiap hari di kasih temen yang ga bisa maen,1,2026-07-25 08:12:08,kasih tim tidak maen hari bukan cuma sekali kali hari kasih temen tidak maen,kasih tim tidak maen hari bukan cuma sekali kali hari kasih temen tidak maen,-19.0,Negatif,-19.0,Negatif,Negatif,test
"game ini sangat seru, playernya ramah, banyak sekali jenis2 hewannya, jaringan sangat lancar dikarnakan ada cheater, menaikkan ranknya sangat gampang sekali, intinya game ini dapat menghilangkan stressss",5,2026-07-25 08:11:40,game sangat seru playernya ramah banyak sekali jenis hewannya jaringan sangat lancar dikarnakan cheater menaikkan ranknya sangat gampang sekali intinya game menghilangkan stress,game sangat seru playernya ramah banyak sekali jenis hewan jaring sangat lancar dikarnakan cheater naik ranknya sangat gampang sekali inti game hilang stress,-5.0,Negatif,-6.0,Negatif,Negatif,test
gem sepi isi nya computer 5 pertandingan ketemu 5 computer tolong berbaikan sistem mu ini monton,1,2026-07-25 08:11:05,gem sepi isi nya computer pertandingan ketemu computer berbaikan sistem mu moonton,gem sepi isi nya computer tanding ketemu computer baik sistem mu moonton,-9.0,Negatif,-9.0,Negatif,Negatif,train
keren banget,5,2026-07-25 08:08:32,keren banget,keren banget,1.0,Positif,5.0,Positif,Positif,test
gk bisa login,1,2026-07-25 08:08:11,tidak login,tidak login,-5.0,Negatif,-5.0,Negatif,Negatif,train
GAME NYA JELEK GUA GA BISA LOGIN UDAH 2 HARI JANGAN DI MAININ LAGI,1,2026-07-25 08:08:03,game nya jelek tidak login udah hari jangan mainin,game nya jelek tidak login udah hari jangan mainin,-9.0,Negatif,-9.0,Negatif,Negatif,train
wow game stuck di loading gambar GK bisa masuk,1,2026-07-25 08:07:16,wow game stuck loading gambar tidak masuk,wow game stuck loading gambar tidak masuk,-1.0,Negatif,-1.0,Negatif,Negatif,test
saya sudah main baru saja tapi entah ada yang ngecit atau apa gitu lalu tiba² keluar ngeleh dan gak bisa login tolong moonton akun irhas•sebyan,5,2026-07-25 08:07:11,main baru entah ngecit apa gitu lalu tiba keluar ngeleh tidak login moonton akun irhas sebyan,main baru entah ngecit apa gitu lalu tiba keluar ngeleh tidak login moonton akun irhas sebyan,-11.0,Negatif,-11.0,Negatif,Negatif,train
ngasih tim selalu gk adil,1,2026-07-25 08:05:28,ngasih tim selalu tidak adil,ngasih tim selalu tidak adil,-9.0,Negatif,-9.0,Negatif,Negatif,test
banyak promosi pow kalo under perfom,5,2026-07-25 08:03:38,banyak promosi pow kalau under perfom,banyak promosi pow kalau under perfom,-1.0,Negatif,-1.0,Negatif,Negatif,train
"bagus ,tapi proses download majemen konten mohon dipercepat ya terima terimakasih 😎",5,2026-07-25 08:03:36,bagus proses download majemen konten mohon dipercepat terima terimakasih emoji_lain,bagus proses download majemen konten mohon cepat terima terimakasih emoji_lain,6.0,Positif,11.0,Positif,Positif,train
bewan kita montoon,5,2026-07-25 08:03:11,bewan moonton,bewan moonton,0.0,Positif,0.0,Positif,Positif,test
"Ini Dev saking bagusnya pengelolaan server sampe nge crash loh ya, lagi main rank tetiba freeze hilang sinyal, Di relog nggak ngaruh. Hebat memang Montoon, aku cinta Montoon dan MLBB, terimakasih sudah menciptakan game sebagus ini #MlbbTheBest #MontoonDevTerbaik #GreatestOfAllTime",1,2026-07-25 08:02:10,dev saking bagusnya pengelolaan server sampe nge crash loh main rank tetiba freeze hilang sinyal relog tidak ngaruh hebat memang moonton aku cinta moonton mlbb terimakasih menciptakan game sebagus mlbbthebest montoondevterbaik greatestofalltime,dev saking bagus kelola server sampe nge crash loh main rank tetiba freeze hilang sinyal relog tidak ngaruh hebat memang moonton aku cinta moonton mlbb terimakasih cipta game bagus mlbbthebest montoondevterbaik greatestofalltime,-1.0,Negatif,-1.0,Negatif,Negatif,train
GK jelas yg maen dongo benerin match making moonton,1,2026-07-25 08:02:02,tidak jelas maen dongo benerin match making moonton,tidak jelas maen dongo benerin match making moonton,0.0,Negatif,0.0,Negatif,Negatif,train
Dark sistem baik,1,2026-07-25 08:01:10,dark sistem baik,dark sistem baik,-2.0,Negatif,-2.0,Negatif,Negatif,train
"tempat laporan ml dimana,akun saya disconnect sudah 1 jam lebih",1,2026-07-25 08:00:57,tempat laporan ml akun disconnect jam lebih,tempat lapor ml akun disconnect jam lebih,-7.0,Negatif,-7.0,Negatif,Negatif,train
kenapa jadi lose streak terus ya? kasih team yang seimbang lah,1,2026-07-25 08:00:16,jadi lose streak terus kasih team seimbang lah,jadi lose streak terus kasih team imbang lah,1.0,Positif,1.0,Positif,Positif,train
"burik, skin nya gada yg bagus 😊",1,2026-07-25 07:58:55,burik skin nya gada bagus emoji_positif,burik skin nya gada bagus emoji_positif,-2.0,Negatif,3.0,Positif,Positif,train
"Matchmaking sangat tidak adil. saat gw main di game pertama menang, game selanjutnya gak semesti menang lagi, paling kesempatan menang nya 50% dan kalah 50%. TAPIIIIII pas game pertama kalah game selanjutnya mustahil menang😈😈. kalau main game pertama KALAH, lanjut main bergame game sudah pasti akan KALAH. gw main game pertama menang dan game selanjutnya kalah, pas gw terusin jadi LOSE TREAK 9x😈😈 Padahal gw main roam tapi tetep kalah soalnya tim gw GAK SEIMBANG SAMA MUSUH😈😈😈INI KHUSUS SOLO",3,2026-07-25 07:58:33,matchmaking sangat tidak adil main game pertama menang game selanjutnya tidak semesti menang paling kesempatan menang nya kalah tapii pas game pertama kalah game selanjutnya mustahil menang kalau main game pertama kalah lanjut main bergame game kalah main game pertama menang game selanjutnya kalah pas terusin jadi lose treak x padahal main roam tetep kalah soalnya tim tidak seimbang sama musuh khusus solo emoji_lain emoji_lain emoji_lain emoji_lain emoji_lain emoji_lain emoji_lain,matchmaking sangat tidak adil main game pertama menang game lanjut tidak mesti menang paling sempat menang nya kalah tapi pas game pertama kalah game lanjut mustahil menang kalau main game pertama kalah lanjut main bergame game kalah main game pertama menang game lanjut kalah pas terusin jadi lose treak x padahal main roam tetep kalah soal tim tidak imbang sama musuh khusus solo emoji_lain emoji_lain emoji_lain emoji_lain emoji_lain emoji_lain emoji_lain,-33.0,Negatif,-13.0,Negatif,Negatif,test
kak akun saya hilang setelah menerima invit bermain game tolong dibantu,5,2026-07-25 07:58:17,kak akun hilang menerima invit bermain game dibantu,kak akun hilang terima invit main game bantu,6.0,Positif,6.0,Positif,Positif,train
"game nya bagus bagus bagus aja sih tapi gw aja yg muak ketemu dark system' anj, Woi moonton benerin dah sistem match lu biar gak ketemu Mawi padahal udh glory",1,2026-07-25 07:58:11,game nya bagus bagus bagus aja sih aja muak ketemu dark system anj woi moonton benerin sistem match kamu tidak ketemu mawi padahal glory,game nya bagus bagus bagus aja sih aja muak ketemu dark system anj woi moonton benerin sistem match kamu tidak ketemu mawi padahal glory,-16.0,Negatif,-1.0,Negatif,Negatif,train
game ini keren,5,2026-07-25 07:58:02,game keren,game keren,2.0,Positif,6.0,Positif,Positif,train
karena permainan itu seru,5,2026-07-25 07:57:12,permainan seru,main seru,0.0,Positif,3.0,Positif,Positif,train
gasuka matchmaking nya ga sesuai gua padahal mentok pengendara masa ketemu musuh yg mentok honor lahh mythic lahh mana ls mulu sering juga ketemu lah pokok nya gasuka ama game ini,1,2026-07-25 07:56:56,gasuka matchmaking nya tidak sesuai padahal mentok pengendara masa ketemu musuh mentok honor lahh mythic lahh mana losestreak mulu sering ketemu lah pokok nya gasuka ama game,gasuka matchmaking nya tidak sesuai padahal mentok kendara masa ketemu musuh mentok honor lahh mythic lahh mana losestreak mulu sering ketemu lah pokok nya gasuka ama game,-22.0,Negatif,-22.0,Negatif,Negatif,train
akun ku di bajak,1,2026-07-25 07:55:51,akun ku bajak,akun ku bajak,-4.0,Negatif,-4.0,Negatif,Negatif,train
makin kesini makin jelek lawan tidak imbang tim sendiri di kasih boot,2,2026-07-25 07:54:40,makin kesini makin jelek lawan tidak imbang tim sendiri kasih boot,makin kesini makin jelek lawan tidak imbang tim sendiri kasih boot,-14.0,Negatif,-14.0,Negatif,Negatif,train
Game Aneh Jir,1,2026-07-25 07:54:02,game aneh jir,game aneh jir,-1.0,Negatif,-1.0,Negatif,Negatif,train
saya suka game ini karna pemilihan tim yang sangat bagus dan Player nya sangat ramah dan jago jago,5,2026-07-25 07:53:54,suka game pemilihan tim sangat bagus player nya sangat ramah jago jago,suka game pilih tim sangat bagus player nya sangat ramah jago jago,2.0,Positif,7.0,Positif,Positif,train
gak jelas ni game lagi dalam pertandingan tiba tiba jaringan terputus Kataya padahal jaringan aku bagus sampai sekarang masih seperti itu gak tau lagi udh lah game sampah,1,2026-07-25 07:53:50,tidak jelas ni game pertandingan tiba tiba jaringan terputus kataya padahal jaringan aku bagus sekarang tidak tau lah game sampah,tidak jelas ni game tanding tiba tiba jaring putus kataya padahal jaring aku bagus sekarang tidak tau lah game sampah,-7.0,Negatif,-2.0,Negatif,Negatif,train
game rusak ngasih publik kaga pernah adil,1,2026-07-25 07:50:23,game rusak ngasih publik tidak pernah adil,game rusak ngasih publik tidak pernah adil,-2.0,Negatif,-2.0,Negatif,Negatif,train
"ga adil, masa gw selalu dapet tim yg ga bener padahal di rank honor? bukan karna ga ga jago, tapi tetep aja gw jago kalo ga ada yg ngimbangin, setidaknnya kasih 2 orang an yg setara ini mah ga ada sama sekali, dapet publik jago juga cuma kadang"" itu juga bisa keitung pake jari, benerin lagi deh sistem nya moonton kalo bisa ada sistem seleksi dulu biar nentuin dapet tim nya gimana dan bisa dapet tim yg setara",3,2026-07-25 07:49:15,tidak adil masa selalu dapet tim tidak bener padahal rank honor bukan tidak tidak jago tetep aja jago kalau tidak ngimbangin setidaknnya kasih orang an setara mah tidak sama sekali dapet publik jago cuma kadang keitung pake jari benerin deh sistem nya moonton kalau sistem seleksi dulu nentuin dapet tim nya gimana dapet tim setara,tidak adil masa selalu dapet tim tidak bener padahal rank honor bukan tidak tidak jago tetep aja jago kalau tidak ngimbangin setidaknnya kasih orang an tara mah tidak sama sekali dapet publik jago cuma kadang keitung pake jari benerin deh sistem nya moonton kalau sistem seleksi dulu nentuin dapet tim nya gimana dapet tim tara,-29.0,Negatif,-29.0,Negatif,Negatif,test
karena banyak drack sistem,1,2026-07-25 07:47:56,banyak drack sistem,banyak drack sistem,-4.0,Negatif,-4.0,Negatif,Negatif,train
ini kenapa sih ga bisa login ngestak Mulu di loading screen?,1,2026-07-25 07:47:42,sih tidak login ngestak mulu loading screen,sih tidak login ngestak mulu loading screen,-4.0,Negatif,-4.0,Negatif,Negatif,train
game hama😹😹 sekali mau naik mythic langsung menang kalah. apalah game hama. satu team legend semua tapi isinya kek warior😹😹,1,2026-07-25 07:47:17,game hama sekali mau naik mythic langsung menang kalah apalah game hama satu team legend semua isinya kek warior emoji_netral emoji_netral emoji_netral emoji_netral,game hama sekali mau naik mythic langsung menang kalah apa game hama satu team legend semua isi kek warior emoji_netral emoji_netral emoji_netral emoji_netral,-2.0,Negatif,2.0,Positif,Positif,train
apalah ini ga bisa main pdhal lagi Mabar,4,2026-07-25 07:44:24,apalah tidak main pdhal mabar,apa tidak main pdhal mabar,-9.0,Negatif,-9.0,Negatif,Negatif,test
lagi eror kah ini game dri tadi menyambungkan mulu,1,2026-07-25 07:43:02,eror game dri tadi menyambungkan mulu,eror game dri tadi sambung mulu,-1.0,Negatif,-1.0,Negatif,Negatif,train
gua stuck di loading screen anjir,1,2026-07-25 07:42:56,stuck loading screen anjir,stuck loading screen anjir,-2.0,Negatif,-2.0,Negatif,Negatif,train
saya mengalami kesalahan server game nya ngak bisa dimainkan,1,2026-07-25 07:42:28,mengalami kesalahan server game nya ngak dimainkan,alami salah server game nya ngak main,-3.0,Negatif,-3.0,Negatif,Negatif,train
"seru tapi kebanyakan bocil darksistem yg gbisa main tolong kasih tim yg bener, capek main solo,duo gini kena troll Mulu",3,2026-07-25 07:42:03,seru kebanyakan bocil darksistem gbisa main kasih tim bener capek main solo duo gini kena troll mulu,seru banyak bocil darksistem gbisa main kasih tim bener capek main solo duo gin kena troll mulu,1.0,Positif,1.0,Positif,Positif,train
"Semenjak Muncul hero hirara match making rusak,saat jam siang satu tim sama bocil asal main,saat jam malam nabrak akun smurf dan abang abangan glory-imo,plis benerin matchmakingnya moonton",2,2026-07-25 07:42:02,semenjak muncul hero hirara match making rusak jam siang satu tim sama bocil asal main jam malam nabrak akun smurf abang abangan glory imo plis benerin matchmakingnya moonton,semenjak muncul hero hirara match making rusak jam siang satu tim sama bocil asal main jam malam nabrak akun smurf abang abangan glory imo plis benerin matchmakingnya moonton,-7.0,Negatif,-7.0,Negatif,Negatif,train
saya gak bisa login,1,2026-07-25 07:41:44,tidak login,tidak login,-5.0,Negatif,-5.0,Negatif,Negatif,train
apa apaan ini kok GK bisa masuk ml nya,2,2026-07-25 07:41:44,apa apaan kok tidak masuk ml nya,apa apa kok tidak masuk ml nya,-9.0,Negatif,-9.0,Negatif,Negatif,train
apalah suka stuck di draft dan loading bikin ga bisa masuk ke game play padahal sinyal bagus,3,2026-07-25 07:41:10,apalah suka stuck draft loading bikin tidak masuk game play padahal sinyal bagus,apa suka stuck draft loading bikin tidak masuk game play padahal sinyal bagus,-2.0,Negatif,3.0,Positif,Positif,train
kerasin,3,2026-07-25 07:40:23,kerasin,kerasin,0.0,Negatif,0.0,Negatif,Negatif,train
kenapa tidak bisa login Hari ini ngestuck di loading screen,4,2026-07-25 07:40:04,tidak login hari ngestuck loading screen,tidak login hari ngestuck loading screen,-5.0,Negatif,-5.0,Negatif,Negatif,train
"game nya bagus tapi pliss moonton revamp nana, Harley, chou,",5,2026-07-25 07:38:27,game nya bagus pliss moonton revamp nana harley chou,game nya bagus pliss moonton revamp nana harley chou,0.0,Positif,5.0,Positif,Positif,train
ngelaggg,5,2026-07-25 07:37:38,ngelagg,ngelagg,0.0,Positif,0.0,Positif,Positif,test
"game gajelas tiba-tiba jaringannya merah pdhl klo buka apk lain lancar, mana pas relog gabisa login lagi",1,2026-07-25 07:37:35,game gajelas tiba tiba jaringannya merah pdhl kalau buka apk lancar mana pas relog gabisa login,game gajelas tiba tiba jaring merah pdhl kalau buka apk lancar mana pas relog gabisa login,7.0,Positif,7.0,Positif,Positif,train
Bagus banget setinganya,1,2026-07-25 07:36:29,bagus banget setinganya,bagus banget setinganya,-1.0,Negatif,4.0,Positif,Positif,train
ngelag parah,3,2026-07-25 07:35:40,ngelag parah,ngelag parah,-5.0,Negatif,-8.0,Negatif,Negatif,train
"Kebanyakan Collab, server gak dibenerin",1,2026-07-25 07:35:25,kebanyakan collab server tidak dibenerin,banyak collab server tidak dibenerin,-3.0,Negatif,-3.0,Negatif,Negatif,train
"geme nya bagus tapi orang"" di dalem nya jahat jahat mereka bilang mending aku main pou aja padahal aku cuman mau cari hiburan di game ini",3,2026-07-25 07:33:59,geme nya bagus orang dalem nya jahat jahat bilang mending aku main pou aja padahal aku cuman mau cari hiburan game,geme nya bagus orang dalem nya jahat jahat bilang mending aku main pou aja padahal aku cuman mau cari hibur game,-7.0,Negatif,-2.0,Negatif,Negatif,train
ngasih tim ga ada yang bener kala Mulu gua,1,2026-07-25 07:33:37,ngasih tim tidak bener kala mulu,ngasih tim tidak bener kala mulu,-9.0,Negatif,-9.0,Negatif,Negatif,train
kok bnyk dark sistem masih gm lo gmn nih ton,1,2026-07-25 07:32:38,kok bnyk dark sistem gm kamu bagaimana nih ton,kok bnyk dark sistem gm kamu bagaimana nih ton,-4.0,Negatif,-4.0,Negatif,Negatif,train
moonton ini knp saat main tiba-tiba lag trs waktu relog malah gabisa login stuck di loading trsss gmn ini.,1,2026-07-25 07:32:30,moonton main tiba tiba lag terus waktu relog malah gabisa login stuck loading trss bagaimana,moonton main tiba tiba lag terus waktu relog malah gabisa login stuck loading trss bagaimana,0.0,Negatif,-3.0,Negatif,Negatif,train
"tolonglah untuk para orang yg masih menggunakan cheat/curang segera di kasih hukuman saya bertemu orang yg curang lalu lag dan akun saya sama teman"" tidak bisa login lagi sampai sekarang",1,2026-07-25 07:30:48,tolonglah orang menggunakan cheat curang segera kasih hukuman bertemu orang curang lalu lag akun sama teman tidak login sekarang,tolong orang guna cheat curang segera kasih hukum temu orang curang lalu lag akun sama teman tidak login sekarang,-6.0,Negatif,-9.0,Negatif,Negatif,train
"jangan skin mulu yang di benerin, server nya juga diperhatikan lah, ping stuck 20 tiba tiba jumping... gegara server bapuklu gw kalah gegara salah langkah, pantesan dapet rating jelek, developernya aja mata duitan gini",2,2026-07-25 07:30:20,jangan skin mulu benerin server nya diperhatikan lah ping stuck tiba tiba jumping gegara server bapuklu kalah gegara salah langkah pantesan dapet rating jelek developernya aja mata duitan gini,jangan skin mulu benerin server nya perhati lah ping stuck tiba tiba jumping gegara server bapuklu kalah gegara salah langkah pantesan dapet rating jelek developer aja mata duit gin,-18.0,Negatif,-18.0,Negatif,Negatif,test
gema bikin stres,1,2026-07-25 07:30:02,gema bikin stres,gema bikin stres,-3.0,Negatif,-3.0,Negatif,Negatif,test
game paorit,5,2026-07-25 07:28:46,game paorit,game paorit,2.0,Positif,2.0,Positif,Positif,test
"gamenya bgus, cuman teamnya yang tidak adil dan juga team musuh jago"" mainnya tapi team sendiri ngetrol dan bocah semua lawannya abang-abangan",3,2026-07-25 07:28:39,gamenya bgus cuman teamnya tidak adil team musuh jago mainnya team sendiri ngetrol bocah semua lawannya abang abangan,gamenya bgus cuman teamnya tidak adil team musuh jago main team sendiri ngetrol bocah semua lawan abang abangan,-11.0,Negatif,-11.0,Negatif,Negatif,train
"sedikit cerita saya lagi bermaen game ini sma temen² saya, ga ada angin ga ada ujan tiba² kami ngeleg semuaa, padahal sinyal baguss ,tp sinyal di gamenya merah ga bisa gerak gak busa ngapa²in yg lebih gak masuk akal kan gak bisa gerak ga bisa ngapa²in tu, tp anehnya bisa on mic,,, gak lama dari satu sekitr 5 menitan malah ke kluar sendiri dari gamenya mental kek gitu,,udh berupaya kami buat login ulang malah gak bisa metok logo di login gamenya, udh di uninstal di downdlod ualng masih aja",1,2026-07-25 07:28:34,sedikit cerita bermaen game sma temen tidak angin tidak ujan tiba ngeleg semuaa padahal sinyal baguss sinyal gamenya merah tidak gerak tidak busa ngapa in lebih tidak masuk akal kan tidak gerak tidak ngapa in tu anehnya on mic tidak lama satu sekitr menitan malah kluar sendiri gamenya mental kek gitu berupaya buat login ulang malah tidak metok logo login gamenya uninstal downdlod ualng aja,sedikit cerita bermaen game sma temen tidak angin tidak ujan tiba ngeleg semuaa padahal sinyal baguss sinyal gamenya merah tidak gerak tidak busa ngapa in lebih tidak masuk akal kan tidak gerak tidak ngapa in tu aneh on mic tidak lama satu sekitr menit malah kluar sendiri gamenya mental kek gitu upaya buat login ulang malah tidak metok logo login gamenya uninstal downdlod ualng aja,-36.0,Negatif,-36.0,Negatif,Negatif,train
game nya seru bangat kadang bikin ketagihan kadang nyaris bikin gila,5,2026-07-25 07:27:11,game nya seru bangat kadang bikin ketagihan kadang nyaris bikin gila,game nya seru bangat kadang bikin tagih kadang nyaris bikin gila,-1.0,Negatif,2.0,Positif,Positif,train
anj gw ga bisa login co,1,2026-07-25 07:27:05,anj tidak login co,anj tidak login co,-5.0,Negatif,-5.0,Negatif,Negatif,test
"bug jaringan nya meresahkan tiba tiba lag pas masih main rank,eh pas di cek jaringan nya stabil habis itu relog dah masuk ke halaman utama ada tulisan menghubungkan kembali,di tunggu gak masuk masuk ke pertandingan nya lagi,relog lagi dan masih sama,emang rusak sistem moonton.",2,2026-07-25 07:26:58,bug jaringan nya meresahkan tiba tiba lag pas main rank eh pas cek jaringan nya stabil habis relog masuk halaman utama tulisan menghubungkan tunggu tidak masuk masuk pertandingan nya relog sama emang rusak sistem moonton,bug jaring nya resah tiba tiba lag pas main rank eh pas cek jaring nya stabil habis relog masuk halaman utama tulis hubung tunggu tidak masuk masuk tanding nya relog sama emang rusak sistem moonton,-12.0,Negatif,-17.0,Negatif,Negatif,train
game banyak citer,1,2026-07-25 07:25:20,game banyak cheater,game banyak cheater,2.0,Positif,-2.0,Negatif,Negatif,test
aku sudah masuk kedalam permainnya padahal sinyalnya bagus tapi kok 0 persen terus sih yang yeliti napa,1,2026-07-25 07:24:58,aku masuk kedalam permainnya padahal sinyalnya bagus kok persen terus sih yeliti napa,aku masuk dalam main padahal sinyal bagus kok persen terus sih yeliti napa,-4.0,Negatif,1.0,Positif,Positif,train
"gemnya bagus, cuman bikin stres",5,2026-07-25 07:24:07,gemnya bagus cuman bikin stres,gemnya bagus cuman bikin stres,-6.0,Negatif,-1.0,Negatif,Negatif,test
game ini sangat bagus jadi saya beri bintang 5 karena game play nya menarik dan banyak hadiah sekin Hero geratis dan tolong jangan beri saya musuh yang jago,5,2026-07-25 07:23:20,game sangat bagus jadi beri bintang game play nya menarik banyak hadiah sekin hero geratis jangan beri musuh jago,game sangat bagus jadi beri bintang game play nya tarik banyak hadiah sekin hero gerat jangan beri musuh jago,-4.0,Negatif,1.0,Positif,Positif,train
monnton give me winstriak,3,2026-07-25 07:23:18,monnton give me winstriak,monnton give me winstriak,0.0,Negatif,0.0,Negatif,Negatif,train
"game toolol server lagggg , gada perbaikan sekali mending maen game lain",2,2026-07-25 07:23:03,game toolol server lagg gada perbaikan sekali mending maen game,game toolol server lagg gada baik sekali mending maen game,8.0,Positif,8.0,Positif,Positif,train
"tiba"" kluar sendiri akun saya terus ga bisa login lagi nge stuck di awal terus uda berkali kali restart pun sama aja tolong bantu dong min",1,2026-07-25 07:22:43,tiba kluar sendiri akun terus tidak login nge stuck awal terus uda berkali kali restart sama aja bantu dong min,tiba kluar sendiri akun terus tidak login nge stuck awal terus uda kali kali restart sama aja bantu dong min,-5.0,Negatif,-5.0,Negatif,Negatif,train
MOONTON KENAPA AKU GABISA MAIN TIBA2 HILANG SERVER NYA TOLONG DONG,1,2026-07-25 07:22:36,moonton aku gabisa main tiba hilang server nya dong,moonton aku gabisa main tiba hilang server nya dong,0.0,Negatif,0.0,Negatif,Negatif,train
ga bisa log in tolong balas,1,2026-07-25 07:22:14,tidak log in balas,tidak log in balas,-7.0,Negatif,-7.0,Negatif,Negatif,train
bagus desain nya,5,2026-07-25 07:22:05,bagus desain nya,bagus desain nya,2.0,Positif,7.0,Positif,Positif,train
game sampah stuck mulu,1,2026-07-25 07:21:20,game sampah stuck mulu,game sampah stuck mulu,-1.0,Negatif,-1.0,Negatif,Negatif,train
lagi rank. tiba2. ngelag. terus tak bisa masuk lagi. keluar sendiri. aneehh,1,2026-07-25 07:20:53,rank tiba ngelag terus tak masuk keluar sendiri aneehh,rank tiba ngelag terus tak masuk keluar sendiri aneehh,-9.0,Negatif,-12.0,Negatif,Negatif,train
Aneh banget gw malah kaga bisa login malah stuck di tampilan awal login montoon aneh banget,1,2026-07-25 07:20:43,aneh banget malah tidak login malah stuck tampilan awal login moonton aneh banget,aneh banget malah tidak login malah stuck tampil awal login moonton aneh banget,-2.0,Negatif,-2.0,Negatif,Negatif,train
"game sampah, kenapa berhari hari mentok dilobi gangguan jariangan.",1,2026-07-25 07:20:20,game sampah berhari hari mentok dilobi gangguan jariangan,game sampah hari hari mentok lobi ganggu jariangan,-7.0,Negatif,-7.0,Negatif,Negatif,train
"game gajelas, ngasih tim ga jelas + dikasih ls mulu",1,2026-07-25 07:20:08,game gajelas ngasih tim tidak jelas dikasih losestreak mulu,game gajelas ngasih tim tidak jelas kasih losestreak mulu,-1.0,Negatif,-1.0,Negatif,Negatif,train
enak,5,2026-07-25 07:19:54,enak,enak,1.0,Positif,3.0,Positif,Positif,train
game taik cuman bisa rusak servernya mending gw hapus nih game ganti hok aj pas login juga gk bisa ngefrezee mulu,1,2026-07-25 07:19:40,game taik cuman rusak servernya mending hapus nih game ganti hok aj pas login tidak ngefrezee mulu,game taik cuman rusak servernya mending hapus nih game ganti hok aj pas login tidak ngefrezee mulu,-7.0,Negatif,-7.0,Negatif,Negatif,test
gem kayak di seting montoon kalah mulu gem jelek,1,2026-07-25 07:19:31,gem kayak seting moonton kalah mulu gem jelek,gem kayak ting moonton kalah mulu gem jelek,-11.0,Negatif,-11.0,Negatif,Negatif,test
"kesel banget gwa sama nih game. awal - awal instal emang fine aja, pas tadi pas gwa lagi push rank tiba - tiba sinyal merah. padahal pas gua cek di wa, ig, dan apk lainnya fine aja tuh. trs gua coba gua login lagi, tetep aja lamaa banget geraknya. gua login ulang, pas lagi loading nya 5 tahun, lama banget anj. udah gua coba 4x malah, tetep aja gitu. terus muncul teks ""loading resources failed"" AHH FANTEQ",1,2026-07-25 07:19:08,kesel banget gwa sama nih game awal awal instal emang fine aja pas tadi pas gwa push rank tiba tiba sinyal merah padahal pas cek wa ig apk lainnya fine aja tuh terus coba login tetep aja lamaa banget geraknya login ulang pas loading nya tahun lama banget anj udah coba x malah tetep aja gitu terus muncul teks loading resources failed ahh fanteq,kesel banget gwa sama nih game awal awal instal emang fine aja pas tadi pas gwa push rank tiba tiba sinyal merah padahal pas cek wa ig apk lain fine aja tuh terus coba login tetep aja lamaa banget gerak login ulang pas loading nya tahun lama banget anj udah coba x malah tetep aja gitu terus muncul teks loading resources failed ahh fanteq,15.0,Positif,15.0,Positif,Positif,train
karna gemnya bagus tapi hp ku ga support ya gitu aja,4,2026-07-25 07:19:04,gemnya bagus handphone ku tidak support gitu aja,gemnya bagus handphone ku tidak support gitu aja,-10.0,Negatif,-5.0,Negatif,Negatif,train
"server lag jaringan tiba"" merah bikin gak enak main sepi dah ni game,gini terus jaringannya",1,2026-07-25 07:18:39,server lag jaringan tiba merah bikin tidak enak main sepi ni game gini terus jaringannya,server lag jaring tiba merah bikin tidak enak main sepi ni game gin terus jaring,-7.0,Negatif,-12.0,Negatif,Negatif,train
gamenya ga bisa dibuka sampai saya download ulang tetap aja ga bisa kenapa ya? tolong dong developer nya,4,2026-07-25 07:18:20,gamenya tidak dibuka download ulang tetap aja tidak dong developer nya,gamenya tidak buka download ulang tetap aja tidak dong developer nya,-6.0,Negatif,-6.0,Negatif,Negatif,test
"I prefer the Hayabusa and Kagura pairing over Hayabusa and Hanabi, which is why I gave a one-star rating. If you want me to give five stars, bring back the Hayabusa and Kagura pairing!",1,2026-07-25 07:17:44,i prefer the hayabusa and kagura pairing over hayabusa and hanabi which is why i gave a one star rating if you want me to give five stars bring back the hayabusa and kagura pairing,i prefer the hayabusa and kagura pairing over hayabusa and hanabi which is why i gave a one star rating if you want me to give five stars bring back the hayabusa and kagura pairing,-2.0,Negatif,-2.0,Negatif,Negatif,test
"tolong lah ya moonton kalau bikin game waras dikit,tiba tiba lag pas main,terus login ulang sampe sekarang gabisa lagi masuk,itu maksudnya gimana moonton? kok bisa kayak gitu,udah coba hapus data,gabisa juga masuk ke background ml nya aneh ini game,tolong di respon lah,lama lama dikit yang main ini game",1,2026-07-25 07:16:59,lah moonton kalau bikin game waras dikit tiba tiba lag pas main terus login ulang sampe sekarang gabisa masuk maksudnya gimana moonton kok kayak gitu udah coba hapus data gabisa masuk background ml nya aneh game respon lah lama lama dikit main game,lah moonton kalau bikin game waras dikit tiba tiba lag pas main terus login ulang sampe sekarang gabisa masuk maksud gimana moonton kok kayak gitu udah coba hapus data gabisa masuk background ml nya aneh game respon lah lama lama dikit main game,-22.0,Negatif,-25.0,Negatif,Negatif,train
"game ga jelas perbaiki lah tuh sistemnya, masa dpt tim aneh trs, giliran musuh pda dikasih yang bener jaringan juga noh etdehh, makin lama makin rusak ni game, bye bye deh kata gue",2,2026-07-25 07:16:27,game tidak jelas perbaiki lah tuh sistemnya masa tim aneh terus giliran musuh pda dikasih bener jaringan noh etdehh makin lama makin rusak ni game bye bye deh kata,game tidak jelas baik lah tuh sistem masa tim aneh terus gilir musuh pda kasih bener jaring noh etdehh makin lama makin rusak ni game bye bye deh kata,-9.0,Negatif,-9.0,Negatif,Negatif,train
baik,5,2026-07-25 07:15:55,baik,baik,2.0,Positif,2.0,Positif,Positif,train
banyak bug gajelas,1,2026-07-25 07:15:40,banyak bug gajelas,banyak bug gajelas,0.0,Negatif,-2.0,Negatif,Negatif,train
KASIHAN YANG HP KETANG TERLALU BESAR PENYIMPANAN !!!!.,1,2026-07-25 07:15:24,kasihan handphone ketang terlalu besar penyimpanan,kasihan handphone ketang terlalu besar simpan,0.0,Negatif,0.0,Negatif,Negatif,train
saya suka game ini karena ramah sekali orang nya,5,2026-07-25 07:15:14,suka game ramah sekali orang nya,suka game ramah sekali orang nya,5.0,Positif,5.0,Positif,Positif,train
Saya menyukai gems,4,2026-07-25 07:14:21,menyukai gems,suka gems,3.0,Positif,3.0,Positif,Positif,train
"sumpahh Gweh dikasi musuh susah terus ,juga Gweh dikasi tim yg beban kaya komputer males gua jadinya KLO kayak gini",2,2026-07-25 07:14:01,sumpahh gweh dikasi musuh susah terus gweh dikasi tim beban kaya komputer males jadinya kalau kayak gini,sumpahh gweh kasi musuh susah terus gweh kasi tim beban kaya komputer males jadi kalau kayak gin,-24.0,Negatif,-24.0,Negatif,Negatif,train
stuck di loading screen padahal sinyal udah 5G,1,2026-07-25 07:13:59,stuck loading screen padahal sinyal udah g,stuck loading screen padahal sinyal udah g,0.0,Negatif,0.0,Negatif,Negatif,train
min itu kok ngebug yaa wktu in game tiba2 lag trs ku relog ttp sama gbs masuk ke in game ngestuck di main hall knp kek gtu ya min trs aku nyoba uninstall donwload lgi masih sama tlong min ditangani,1,2026-07-25 07:13:23,min kok ngebug yaa wktu in game tiba lag terus ku relog ttp sama gbs masuk in game ngestuck main hall kek gtu min terus aku nyoba uninstall donwload lgi sama tlong min ditangani,min kok ngebug yaa wktu in game tiba lag terus ku relog ttp sama gbs masuk in game ngestuck main hall kek gtu min terus aku nyoba uninstall donwload lgi sama tlong min tangan,6.0,Positif,3.0,Positif,Positif,train
loading nya lama,1,2026-07-25 07:12:33,loading nya lama,loading nya lama,-4.0,Negatif,-4.0,Negatif,Negatif,train
nglag parah hp gw udh mau meledak,1,2026-07-25 07:12:33,nglag parah handphone mau meledak,nglag parah handphone mau ledak,-5.0,Negatif,-5.0,Negatif,Negatif,test
mlbb bintang 1kudriliun plis monton kasih aku dimon,5,2026-07-25 07:12:13,mlbb bintang kudriliun plis moonton kasih aku dimon,mlbb bintang kudriliun plis moonton kasih aku dimon,2.0,Positif,2.0,Positif,Positif,test
"jaringan saya bagus, kenapa saya tidak bisa masuk ke game MOBILE LEGEND , saya lagi main tiba"" SINYALNYA MERAH. APA KEMUNGKINAN MUSUHNYA MENGGUNAKAN CHEAT? MONTOON DIBENAHI LAGI JANGAN DIBIARKAN USER MANAPUN YANG MENGGUNAKAN CHEAT. PERBAIKI MASALAH BUG PADA GAME MOBILE LEGEND , SINYAL SAYA BERJALAN LANCAR, KENAPA SAYA TIDAK BISA MASUK KE GAME MOBILE LEGEND.?",1,2026-07-25 07:11:00,jaringan bagus tidak masuk game mobile legend main tiba sinyalnya merah apa kemungkinan musuhnya menggunakan cheat moonton dibenahi jangan dibiarkan user manapun menggunakan cheat perbaiki masalah bug game mobile legend sinyal berjalan lancar tidak masuk game mobile legend,jaring bagus tidak masuk game mobile legend main tiba sinyal merah apa mungkin musuh guna cheat moonton benah jangan biar user mana guna cheat baik masalah bug game mobile legend sinyal jalan lancar tidak masuk game mobile legend,-9.0,Negatif,-6.0,Negatif,Negatif,train
game gaadil ini anj,1,2026-07-25 07:10:24,game gaadil anj,game gaadil anj,2.0,Positif,2.0,Positif,Positif,train
"ketemu citer gw, monton perbaiki monton gw ketemu cit free lag gabisa login selamanya monton pliss lahh",5,2026-07-25 07:10:18,ketemu cheater moonton perbaiki moonton ketemu cheater free lag gabisa login selamanya moonton pliss lahh,ketemu cheater moonton baik moonton ketemu cheater free lag gabisa login lama moonton pliss lahh,5.0,Positif,-6.0,Negatif,Negatif,train
assalamu'alaikum warahmatullahi wabarokatu monoton balikin ga skip 1 YIN auto aim nya pas mode lieh kalo ga di balikin akan tau akibat nya?,1,2026-07-25 07:10:12,assalamu alaikum warahmatullahi wabarokatu moonton balikin tidak skip yin auto aim nya pas mode lieh kalau tidak balikin tau akibat nya,assalamu alaikum warahmatullahi wabarokatu moonton balikin tidak skip yin auto aim nya pas mode lieh kalau tidak balikin tau akibat nya,-12.0,Negatif,-12.0,Negatif,Negatif,train
cakep bgt,5,2026-07-25 07:10:03,cakep banget,cakep banget,5.0,Positif,5.0,Positif,Positif,train
game gak masuk akal banyak server pemula di gabung ke server yang sudah pro,1,2026-07-25 07:06:58,game tidak masuk akal banyak server pemula gabung server pro,game tidak masuk akal banyak server mula gabung server pro,-5.0,Negatif,-5.0,Negatif,Negatif,train
server lu benerin woi,1,2026-07-25 07:06:53,server kamu benerin woi,server kamu benerin woi,0.0,Negatif,0.0,Negatif,Negatif,test
"game apa ini, setiap main solo kasi tim bot semua...apalah monton",2,2026-07-25 07:06:14,game apa main solo kasi tim bot semua apalah moonton,game apa main solo kasi tim bot semua apa moonton,-13.0,Negatif,-13.0,Negatif,Negatif,train
kasih lawan yg setara kek masa rank legend ketemu rank mitik keatas aneh bet sistem lu perbaiki lagi,1,2026-07-25 07:05:39,kasih lawan setara kek masa rank legend ketemu rank mitik keatas aneh bet sistem kamu perbaiki,kasih lawan tara kek masa rank legend ketemu rank mitik atas aneh bet sistem kamu baik,-3.0,Negatif,-3.0,Negatif,Negatif,test
game ga jls dapet tim nya kaya monyet semua dari bintang 5 turun sampe bintang 1 monyet mending apus aja ni game dari play store,1,2026-07-25 07:05:21,game tidak jls dapet tim nya kaya monyet semua bintang turun sampe bintang monyet mending apus aja ni game play store,game tidak jls dapet tim nya kaya monyet semua bintang turun sampe bintang monyet mending apus aja ni game play store,-14.0,Negatif,-14.0,Negatif,Negatif,train
"gua tidak bisa login anjir,pas lagi main mainya",1,2026-07-25 07:04:53,tidak login anjir pas main mainya,tidak login anjir pas main mai,-4.0,Negatif,-4.0,Negatif,Negatif,train
GAME RUSAK ORANG RELOG PAS LAGI IN GAME GA BISA MASUK LAGI MANA YANG HARUS NYA STAR GUA NAEK JADI JADI TURUN MANA KS JUGA TURUN WOY BENERIN GAME LU KOCAK JANGAN CUMA UPDATE UPDATE AJA MAKIN BAGUS MATCHMAKING NYA MAH GPP LAH INI MAKIN BUTUT,1,2026-07-25 07:04:44,game rusak orang relog pas in game tidak masuk mana nya star naek jadi jadi turun mana ks turun woy benerin game kamu kocak jangan cuma update update aja makin bagus matchmaking nya mah gpp lah makin butut,game rusak orang relog pas in game tidak masuk mana nya star naek jadi jadi turun mana ks turun woy benerin game kamu kocak jangan cuma update update aja makin bagus matchmaking nya mah gpp lah makin butut,-4.0,Negatif,1.0,Positif,Positif,train
perangkat nya tolong di perbarui,3,2026-07-25 07:03:58,perangkat nya perbarui,perangkat nya baru,0.0,Negatif,0.0,Negatif,Negatif,train
rugi kasih satu bintang doang pelit bintang tim gajelas ga lebih setengah bintang game yang kata nya paling adil dan kompetitif ini gajelassssssssssss,1,2026-07-25 07:03:57,rugi kasih satu bintang doang pelit bintang tim gajelas tidak lebih setengah bintang game kata nya paling adil kompetitif gajelass,rugi kasih satu bintang doang pelit bintang tim gajelas tidak lebih tengah bintang game kata nya paling adil kompetitif gajelass,-14.0,Negatif,-14.0,Negatif,Negatif,train
Kok ga bisa loginn,5,2026-07-25 07:03:54,kok tidak loginn,kok tidak loginn,-5.0,Negatif,-5.0,Negatif,Negatif,test
kenapa gk bisa dilogin montonn!!!!!,1,2026-07-25 07:03:09,tidak dilogin montonn,tidak dilogin montonn,-5.0,Negatif,-5.0,Negatif,Negatif,train
knapa ngebug... gx bisa terhubung kembali ke dalam pertandingan,1,2026-07-25 07:03:06,knapa ngebug gx terhubung pertandingan,knapa ngebug gx hubung tanding,0.0,Negatif,0.0,Negatif,Negatif,test
"sistem pembagian teman di rank gimana sih,gak pernah dapet teman satu team yang bener bener mau main,susah banget ya moonton,mau nya gimana sih,di pikir yang main pro player semua apa,udah main solo di kasih temen satu team yang gak serius main semua,kacau",1,2026-07-25 07:02:02,sistem pembagian teman rank gimana sih tidak pernah dapet teman satu team bener bener mau main susah banget moonton mau nya gimana sih pikir main pro player semua apa udah main solo kasih temen satu team tidak serius main semua kacau,sistem bagi teman rank gimana sih tidak pernah dapet teman satu team bener bener mau main susah banget moonton mau nya gimana sih pikir main pro player semua apa udah main solo kasih temen satu team tidak serius main semua kacau,2.0,Positif,2.0,Positif,Positif,train
"SYSTEM MONYET seandainya bisa ngasih bintang ½ , akan ku kasih ½.. 1 bintang kebanyakan ..",1,2026-07-25 07:01:46,system monyet seandainya ngasih bintang ku kasih bintang kebanyakan,system monyet anda ngasih bintang ku kasih bintang banyak,0.0,Negatif,0.0,Negatif,Negatif,train
"lagi main rank tiba tiba ngelag dan gak bisa masuk lagi , ini gimana mooonton udah coba restart ttp gak bisa",2,2026-07-25 07:01:34,main rank tiba tiba ngelag tidak masuk gimana moonton udah coba restart ttp tidak,main rank tiba tiba ngelag tidak masuk gimana moonton udah coba restart ttp tidak,-6.0,Negatif,-9.0,Negatif,Negatif,train
di kasih lawan hebat mulu jadi males main ml,1,2026-07-25 07:01:25,kasih lawan hebat mulu jadi males main ml,kasih lawan hebat mulu jadi males main ml,-6.0,Negatif,-6.0,Negatif,Negatif,train
"ada bug nya,aku tadi ngeleg trs login ulang,pas login ulang GK bisa msuk ml,trs di hp tmn ku,aku dlm pertandingan, benerin bug nya moonton TOLONG",1,2026-07-25 07:00:15,bug nya aku tadi ngeleg terus login ulang pas login ulang tidak msuk ml terus handphone tmn ku aku dlm pertandingan benerin bug nya moonton,bug nya aku tadi ngeleg terus login ulang pas login ulang tidak msuk ml terus handphone tmn ku aku dlm tanding benerin bug nya moonton,0.0,Negatif,-4.0,Negatif,Negatif,train
"untuk pihak yang bersangkutan dalam sistem mobile legend tolong ini game kenapa sistem tim dengan musuh kurng seimbang sedangkan ada bug"" yang tidak jelas padahal download data sudah melengkapi tapi masih ada saja bug nya",1,2026-07-25 07:00:14,pihak bersangkutan sistem mobile legend game sistem tim musuh kurng seimbang bug tidak jelas padahal download data melengkapi bug nya,pihak sangkut sistem mobile legend game sistem tim musuh kurng imbang bug tidak jelas padahal download data lengkap bug nya,-20.0,Negatif,-24.0,Negatif,Negatif,test
"gamee anjjjinggg,, tiba"" aja keluar dari draft phase.... sialannnnn",1,2026-07-25 07:00:12,gamee anjjingg tiba aja keluar draft phase sialann,gamee anjjingg tiba aja keluar draft phase sialann,-2.0,Negatif,-2.0,Negatif,Negatif,test
game nya sangat ramah,5,2026-07-25 07:00:08,game nya sangat ramah,game nya sangat ramah,2.0,Positif,2.0,Positif,Positif,train
"Makin kesini gameplay Mobile lagend makin aneh, sering ketemu team bot, sering ketemu team random yg gajelas ga sebanding sama team lawan, dan sekarang gw ngalamin BUG server tiba"" kluar dari game padahal mau mulai ranked notifikasinya kendala jaringan padahal gw udah pake support data+wifi, dan hp juga udh upgrade tiap tahun, entah udah mulai banyak cheater di Mobile lagend atau gimana, skrng gw mau masuk game gabisa padahal sinyal loadingnya udah full stuck di memuat game... 😡🤬",1,2026-07-25 07:00:02,makin kesini gameplay mobile lagend makin aneh sering ketemu team bot sering ketemu team random gajelas tidak sebanding sama team lawan sekarang ngalamin bug server tiba kluar game padahal mau mulai ranked notifikasinya kendala jaringan padahal udah pake support data wifi handphone upgrade tiap tahun entah udah mulai banyak cheater mobile lagend gimana skrng mau masuk game gabisa padahal sinyal loadingnya udah full stuck memuat game emoji_negatif emoji_negatif,makin kesini gameplay mobile lagend makin aneh sering ketemu team bot sering ketemu team random gajelas tidak banding sama team lawan sekarang ngalamin bug server tiba kluar game padahal mau mulai ranked notifikasi kendala jaring padahal udah pake support data wifi handphone upgrade tiap tahun entah udah mulai banyak cheater mobile lagend gimana skrng mau masuk game gabisa padahal sinyal loadingnya udah full stuck muat game emoji_negatif emoji_negatif,14.0,Positif,8.0,Positif,Positif,train
jelekkkkkkk,1,2026-07-25 06:58:46,jelekk,jelekk,0.0,Negatif,0.0,Negatif,Negatif,test
bagus seru,5,2026-07-25 06:58:11,bagus seru,bagus seru,-2.0,Negatif,6.0,Positif,Positif,train
"game jelek tim kita jelek tim lawan kek onic kairi banyak darksystem smaa yg gamau main sesuai lane dan ada yang mengambil buff tim dan ngetroll pokoknya diperbaiki moonton, sering ngelag ada chiter yang bikin ngelag bgt abis itu karna skor tim lebih tinggi dan saat keluar setelah itu masuk lagi tidak bisa",3,2026-07-25 06:58:09,game jelek tim jelek tim lawan kek onic kairi banyak darksystem smaa gamau main sesuai lane mengambil buff tim ngetroll pokoknya diperbaiki moonton sering ngelag chiter bikin ngelag banget abis skor tim lebih tinggi keluar masuk tidak,game jelek tim jelek tim lawan kek onic kairi banyak darksystem smaa gamau main sesuai lane ambil buff tim ngetroll pokok baik moonton sering ngelag chiter bikin ngelag banget abis skor tim lebih tinggi keluar masuk tidak,-37.0,Negatif,-43.0,Negatif,Negatif,train
"ml kenapa ini tiba2 ngak bisa di buka,tadi aku baru top up beli skin baru langsung main 1 match tiba2 game nya lag parah tapi sinyalku bagus trus keluar layar pas masuk lagi malah ngak bisaa, tolong....",3,2026-07-25 06:58:07,ml tiba ngak buka tadi aku baru top up beli skin baru langsung main match tiba game nya lag parah sinyalku bagus trus keluar layar pas masuk malah ngak bisaa,ml tiba ngak buka tadi aku baru top up beli skin baru langsung main match tiba game nya lag parah sinyal bagus trus keluar layar pas masuk malah ngak bisaa,0.0,Negatif,2.0,Positif,Positif,train
"Mimin monton lu gimn si?lagi asik main game ini udah malah main di rank kalo main di cl mah gpp deh, ini kan lagi main di rank, malah menghubungkan kembali?udah gitu engga bisa masuk ke ml nya ni kenapa bisa begini ml sekrng?tolong lah di perbaiki lagii terus juga suka ngeleg, udah udah ganti ke paket juga tetep aja ngeleg udah malah engga bisa' login ini stuk di logo ml aja hade.",1,2026-07-25 06:57:55,mimin moonton kamu gimn si asik main game udah malah main rank kalau main cl mah gpp deh kan main rank malah menghubungkan udah gitu tidak masuk ml nya ni begini ml sekrng lah perbaiki lagii terus suka ngeleg udah udah ganti paket tetep aja ngeleg udah malah tidak login stuk logo ml aja hade,mimin moonton kamu gimn si asik main game udah malah main rank kalau main cl mah gpp deh kan main rank malah hubung udah gitu tidak masuk ml nya ni begini ml sekrng lah baik lagi terus suka ngeleg udah udah ganti paket tetep aja ngeleg udah malah tidak login stuk logo ml aja hade,5.0,Positif,5.0,Positif,Positif,train
"diperhatikan lagi moonton buat orang yang suka cheat dsb. player makin dikit karna yg begini begini gak di tindak lanjut. ngerugiin kami player yang jujur, di menit awal udh ngelag sampe ga bisa main, sehat sehat deh buat orang yang main pake cara curang begitu, moonton sukses deh semoga game RUSAK ini ga SEMAKIN RUSAK.",2,2026-07-25 06:57:44,diperhatikan moonton buat orang suka cheat player makin dikit begini begini tidak tindak lanjut ngerugiin player jujur menit awal ngelag sampe tidak main sehat sehat deh buat orang main pake cara curang moonton sukses deh semoga game rusak tidak semakin rusak,perhati moonton buat orang suka cheat player makin dikit begini begini tidak tindak lanjut ngerugiin player jujur menit awal ngelag sampe tidak main sehat sehat deh buat orang main pake cara curang moonton sukses deh moga game rusak tidak makin rusak,-13.0,Negatif,-16.0,Negatif,Negatif,train
"game gaje, lagi war malah lag ngebug gabisa login",1,2026-07-25 06:57:03,game gaje war malah lag ngebug gabisa login,game gaje war malah lag ngebug gabisa login,-1.0,Negatif,-4.0,Negatif,Negatif,train
"JELEK BGT SINYALNYA, TIBA-TIBA ADA TULISAN KONEKSI TERPUTUS PADAHAL DATA BAGUS AMAN AJA, WAKTU DIBUKA LAGI GK MAU LOGIN, NGESELIN BGT, MATCHMAKING NYA GK SEIMBANG",1,2026-07-25 06:56:56,jelek banget sinyalnya tiba tiba tulisan koneksi terputus padahal data bagus aman aja waktu dibuka tidak mau login ngeselin banget matchmaking nya tidak seimbang,jelek banget sinyal tiba tiba tulis koneksi putus padahal data bagus aman aja waktu buka tidak mau login ngeselin banget matchmaking nya tidak imbang,-28.0,Negatif,-23.0,Negatif,Negatif,test
"musuh nya terlalu berat""",2,2026-07-25 06:56:41,musuh nya terlalu berat,musuh nya terlalu berat,-7.0,Negatif,-7.0,Negatif,Negatif,test
game rusak bikin pusing selalu lag masalah sekali mole ini hadiuuh,1,2026-07-25 06:56:35,game rusak bikin pusing selalu lag masalah sekali mole hadiuuh,game rusak bikin pusing selalu lag masalah sekali mole hadiuuh,-8.0,Negatif,-11.0,Negatif,Negatif,train
"di perbaiki itu jaringan nya,jngn asik keluar skin baru aja taunya Kelen moonton. lagi ini game, setengah game keluar sendiri,masuk game lagi ngk bisa.di anggap AFK. GAME APA INI",1,2026-07-25 06:56:03,perbaiki jaringan nya jngn asik keluar skin baru aja taunya kelen moonton game setengah game keluar sendiri masuk game ngk anggap afk game apa,baik jaring nya jngn asik keluar skin baru aja tau kelen moonton game tengah game keluar sendiri masuk game ngk anggap afk game apa,-6.0,Negatif,-8.0,Negatif,Negatif,train
saya suka banget game ini soalnya untuk penghilang stres tapi kalau WS. kalo LS saya udah jadi odgj,5,2026-07-25 06:55:47,suka banget game soalnya penghilang stres kalau winstreak kalau losestreak udah jadi odgj,suka banget game soal hilang stres kalau winstreak kalau losestreak udah jadi odgj,-3.0,Negatif,-3.0,Negatif,Negatif,train
"woi monton game kenapa gak bisa login ngestuk di lobby mulu, gw lagi ngerank kenapa disconect",1,2026-07-25 06:55:45,woi moonton game tidak login ngestuk lobby mulu ngerank disconect,woi moonton game tidak login ngestuk lobby mulu ngerank disconect,-2.0,Negatif,-2.0,Negatif,Negatif,train
masaa game besar gini gampang diretas sistemnya aku lagi main slo terus lagi posisi menang masa tiba tiba ngelag satu tim tapi masih bisa on mik nab trus aku coba reload masa ga bisa login lagi kan lol anj game taik,1,2026-07-25 06:55:35,masaa game besar gini gampang diretas sistemnya aku main slo terus posisi menang masa tiba tiba ngelag satu tim on mik nab trus aku coba reload masa tidak login kan lol anj game taik,masaa game besar gin gampang retas sistem aku main slo terus posisi menang masa tiba tiba ngelag satu tim on mik nab trus aku coba reload masa tidak login kan lol anj game taik,-3.0,Negatif,-2.0,Negatif,Negatif,train
game yang selalu memberikan drak sistem bagi pemain rank solo . mending hapus z ini game udah burik,1,2026-07-25 06:55:23,game selalu memberikan drak sistem pemain rank solo mending hapus z game udah burik,game selalu beri drak sistem main rank solo mending hapus z game udah burik,-5.0,Negatif,-5.0,Negatif,Negatif,train
"Untuk gameplay nya okelah tapi bisa ga, jauhkan dari dark sistem capek tooon tolong lah mana udh mau reset rank gua capek Cok..., udh mau win malah force close tiba"", paten kali lama"" ml ini",3,2026-07-25 06:55:13,gameplay nya okelah tidak jauhkan dark sistem capek toon lah mana mau reset rank capek cok mau win malah force close tiba paten kali lama ml,gameplay nya oke tidak jauh dark sistem capek toon lah mana mau reset rank capek cok mau win malah force close tiba paten kali lama ml,-7.0,Negatif,-7.0,Negatif,Negatif,train
"laggy ahh game, jaringan hijau tapi lelet bahkan g mau menghubungkan kembali ke game 💔 fix your game instead of adding a bunch of skins",1,2026-07-25 06:55:08,laggy ahh game jaringan hijau lelet bahkan g mau menghubungkan game fix your game instead of adding a bunch of skins emoji_negatif,laggy ahh game jaring hijau lelet bahkan g mau hubung game fix your game instead of adding a bunch of skins emoji_negatif,12.0,Positif,12.0,Positif,Positif,train
sungguh game yang sangat menjijikan,1,2026-07-25 06:54:57,sungguh game sangat menjijikan,sungguh game sangat jijik,3.0,Positif,3.0,Positif,Positif,train
ini game kenapa jadi patah patah padahal jaringan saya baik baik aja penyimpanan saya pun masih 60GB lagi knp malah patah patah dan membuat saya susah main dengan benar,1,2026-07-25 06:54:46,game jadi patah patah padahal jaringan baik baik aja penyimpanan gb malah patah patah membuat susah main benar,game jadi patah patah padahal jaring baik baik aja simpan gb malah patah patah buat susah main benar,-15.0,Negatif,-15.0,Negatif,Negatif,train
KENAPA SEKARANG ML BANYAK BUG JARINGAN DALAM PERTANDINGAN TOLONG PENANGANANYA !,1,2026-07-25 06:54:22,sekarang ml banyak bug jaringan pertandingan penangananya,sekarang ml banyak bug jaring tanding penangananya,-1.0,Negatif,-3.0,Negatif,Negatif,train
monton haram,1,2026-07-25 06:54:10,moonton haram,moonton haram,0.0,Negatif,0.0,Negatif,Negatif,train
Karena gem ini selalu seru aja adet nya seru,4,2026-07-25 06:54:08,gem selalu seru aja adet nya seru,gem selalu seru aja adet nya seru,1.0,Positif,7.0,Positif,Positif,train
menurut saya ini sangat seru apalagi saat koleb Ama Spongebob dan seru dan banyak lagi hal yang kita bisa lakukan di game ml beng beng,5,2026-07-25 06:54:04,sangat seru koleb ama spongebob seru banyak lakukan game ml beng beng,sangat seru koleb ama spongebob seru banyak laku game ml beng beng,0.0,Positif,6.0,Positif,Positif,train
moonton aku tadi login kok gk bisa yaa? padahal sinyal full.. 🙂,2,2026-07-25 06:54:03,moonton aku tadi login kok tidak yaa padahal sinyal full emoji_lain,moonton aku tadi login kok tidak yaa padahal sinyal full emoji_lain,-4.0,Negatif,-4.0,Negatif,Negatif,train
"There are still Moonton cheaters in your game 😭😭😭. Every server lags, including my server.",1,2026-07-25 06:53:32,there are still moonton cheaters in your game every server lags including my server emoji_negatif emoji_negatif emoji_negatif,there are still moonton cheaters in your game every server lags including my server emoji_negatif emoji_negatif emoji_negatif,2.0,Positif,2.0,Positif,Positif,train
banyak player gk jelas bikin muak memainkan game nya... semakin di main kan merugikan waktu tidak membuat nyaman dan banyak player dark sistem nya dari pada pemain asli,1,2026-07-25 06:53:19,banyak player tidak jelas bikin muak memainkan game nya semakin main kan merugikan waktu tidak membuat nyaman banyak player dark sistem nya pemain asli,banyak player tidak jelas bikin muak main game nya makin main kan rugi waktu tidak buat nyaman banyak player dark sistem nya main asli,-11.0,Negatif,-11.0,Negatif,Negatif,train
"gangguan ka ini monton? lagi maen tiba"" lag aduhhhh",1,2026-07-25 06:53:14,gangguan ka moonton maen tiba lag aduhh,ganggu ka moonton maen tiba lag aduhh,3.0,Positif,0.0,Negatif,Negatif,train
woy lagi ngerank pas draft pick malah keluar tiba tiba ke ban apa coba,1,2026-07-25 06:53:13,woy ngerank pas draft pick malah keluar tiba tiba ban apa coba,woy ngerank pas draft pick malah keluar tiba tiba ban apa coba,-2.0,Negatif,-2.0,Negatif,Negatif,train
"game gjelas masa gara"" jaringan langsung afk gada permbertahuan lain kah",1,2026-07-25 06:53:08,game gjelas masa gara jaringan langsung afk gada permbertahuan,game gjelas masa gara jaring langsung afk gada permbertahuan,0.0,Negatif,-2.0,Negatif,Negatif,train
gua gabisa login oy moonton solusi lah,1,2026-07-25 06:52:49,gabisa login oy moonton solusi lah,gabisa login oy moonton solusi lah,3.0,Positif,3.0,Positif,Positif,train
gajelas mau honor mlh gabisa masuk kedalam game EMG moonton,1,2026-07-25 06:52:27,gajelas mau honor mlh gabisa masuk kedalam game emg moonton,gajelas mau honor mlh gabisa masuk dalam game emg moonton,2.0,Positif,2.0,Positif,Positif,train
"ngga bagus kadang monton pelit kasih tim dan kadang leg di game pas lagi main kurang enak nii sumpah game rusak bangat tambah update tambah rusak banyak leg"" ketika lagi main",1,2026-07-25 06:52:14,ngga bagus kadang moonton pelit kasih tim kadang leg game pas main kurang enak nii sumpah game rusak bangat tambah update tambah rusak banyak leg main,ngga bagus kadang moonton pelit kasih tim kadang leg game pas main kurang enak nii sumpah game rusak bangat tambah update tambah rusak banyak leg main,5.0,Positif,8.0,Positif,Positif,train
menghubungkan mulu padahal jaringan w bagus,1,2026-07-25 06:52:11,menghubungkan mulu padahal jaringan w bagus,hubung mulu padahal jaring w bagus,-2.0,Negatif,3.0,Positif,Positif,test
"tolong lihat yang menggunakan cheat ya admin,nyusain sampe ga bisa login ml",1,2026-07-25 06:51:36,lihat menggunakan cheat admin nyusain sampe tidak login ml,lihat guna cheat admin nyusain sampe tidak login ml,-2.0,Negatif,-2.0,Negatif,Negatif,train
ping naik turun padahal dibuat maen game lain stabil anj,1,2026-07-25 06:51:26,ping naik turun padahal dibuat maen game stabil anj,ping naik turun padahal buat maen game stabil anj,7.0,Positif,7.0,Positif,Positif,train
jaringan sering error..system terlalu canggih,1,2026-07-25 06:51:24,jaringan sering error system terlalu canggih,jaring sering error system terlalu canggih,-6.0,Negatif,-3.0,Negatif,Negatif,train
Server ampas,1,2026-07-25 06:51:21,server ampas,server ampas,-3.0,Negatif,-3.0,Negatif,Negatif,train
"lumayan, tpi gw benci ni game karna banyak chit, tiba2 lag, tiba2 keluarr gua rating 2/10",2,2026-07-25 06:51:16,lumayan tpi benci ni game banyak chit tiba lag tiba keluarr rating,lumayan tpi benci ni game banyak chit tiba lag tiba keluarr rating,0.0,Negatif,-3.0,Negatif,Negatif,train
game rusak.. udah mau menang di bikin ngeleg aku lihat jaringan normal hp ku yg satu bisa youtuban n adikku main ML pun gk masalah punya ku lama lagi ngeleg nya,1,2026-07-25 06:50:52,game rusak udah mau menang bikin ngeleg aku lihat jaringan normal handphone ku satu youtuban n adikku main ml tidak masalah punya ku lama ngeleg nya,game rusak udah mau menang bikin ngeleg aku lihat jaring normal handphone ku satu youtuban n adik main ml tidak masalah punya ku lama ngeleg nya,8.0,Positif,12.0,Positif,Positif,train
"game gjls lagi main tiba "" di bikin leg pas login ulang malah gbsa masuk aneh ,bikin turun skor kredit aja ni game geblek",1,2026-07-25 06:50:47,game gjls main tiba bikin leg pas login ulang malah gbsa masuk aneh bikin turun skor kredit aja ni game geblek,game gjls main tiba bikin leg pas login ulang malah gbsa masuk aneh bikin turun skor kredit aja ni game geblek,-2.0,Negatif,-2.0,Negatif,Negatif,train
"ad bug tiba"" leg pdhl jaringan bgus.udh keluar game coba login mlh stuck di loading g bisa balik game nya",1,2026-07-25 06:50:45,ad bug tiba leg pdhl jaringan bgus keluar game coba login mlh stuck loading g balik game nya,ad bug tiba leg pdhl jaring bgus keluar game coba login mlh stuck loading g balik game nya,-2.0,Negatif,-4.0,Negatif,Negatif,train
game ngantuk klo ngantuk tidur ml tidur,1,2026-07-25 06:50:38,game ngantuk kalau ngantuk tidur ml tidur,game ngantuk kalau ngantuk tidur ml tidur,-3.0,Negatif,-3.0,Negatif,Negatif,train
moonton makin kesini makin ga seru masa lagi war bisa bisa berhenti sendiri padahal pake wifi + data bisa bisa bethenti sendiri. pas coba ilangin sampah ny trs coba masuk lg ga bisa bisa. trs menghubungkan ulang sangat menjengkelkan hufft😤😤😤,1,2026-07-25 06:50:35,moonton makin kesini makin tidak seru masa war berhenti sendiri padahal pake wifi data bethenti sendiri pas coba ilangin sampah ny terus coba masuk lg tidak terus menghubungkan ulang sangat menjengkelkan hufft emoji_negatif emoji_negatif emoji_negatif,moonton makin kesini makin tidak seru masa war henti sendiri padahal pake wifi data bethenti sendiri pas coba ilangin sampah ny terus coba masuk lg tidak terus hubung ulang sangat jengkel hufft emoji_negatif emoji_negatif emoji_negatif,-19.0,Negatif,-22.0,Negatif,Negatif,train
"apbgt dah LG main tiba"" mental lobby pdhl sinyal bgs",1,2026-07-25 06:50:18,apbgt lg main tiba mental lobby pdhl sinyal bgs,apbgt lg main tiba mental lobby pdhl sinyal bgs,0.0,Negatif,0.0,Negatif,Negatif,train
"Game burik, lebih burik dari ff",1,2026-07-25 06:50:03,game burik lebih burik ff,game burik lebih burik ff,3.0,Positif,3.0,Positif,Positif,train
"game ini sering banget bug, sinyal kuota ada, wifi juga lancar, tapi tiba² ngelag, padahal sinyal bagus, makin ke sini makin parah ni game, udah berapa kali ngebug coba, gak bener ni emang",1,2026-07-25 06:49:54,game sering banget bug sinyal kuota wifi lancar tiba ngelag padahal sinyal bagus makin sini makin parah ni game udah berapa kali ngebug coba tidak bener ni emang,game sering banget bug sinyal kuota wifi lancar tiba ngelag padahal sinyal bagus makin sini makin parah ni game udah berapa kali ngebug coba tidak bener ni emang,-1.0,Negatif,-1.0,Negatif,Negatif,train
"woyyy monton ini gimana, server lu benerin,kasi kawan yang bener rank nya sama lawan yang ngotak dikit",1,2026-07-25 06:49:32,woyy moonton gimana server kamu benerin kasi kawan bener rank nya sama lawan ngotak dikit,woyy moonton gimana server kamu benerin kasi kawan bener rank nya sama lawan ngotak dikit,-5.0,Negatif,-5.0,Negatif,Negatif,train
tim nya lol lawan nya jago GK adil moonton,1,2026-07-25 06:49:22,tim nya lol lawan nya jago tidak adil moonton,tim nya lol lawan nya jago tidak adil moonton,-10.0,Negatif,-10.0,Negatif,Negatif,train
game nge bug,1,2026-07-25 06:49:20,game nge bug,game nge bug,2.0,Positif,0.0,Negatif,Negatif,train
"pengalaman saya game mobile legend bagus sih, tapi kalo saya main sinyal suka merah padahal sinyal nya bagus coba diperbaiki lagi,sama kalo ada kesalahan server mohon diperbaiki saya main game ini suka lag juga saya kira mah cheat sapa tau nya gangguan server tapi mohon diperbaiki lagi yah biar pengalaman saya menikmati nya enak",3,2026-07-25 06:49:13,pengalaman game mobile legend bagus sih kalau main sinyal suka merah padahal sinyal nya bagus coba diperbaiki sama kalau kesalahan server mohon diperbaiki main game suka lag kira mah cheat sapa tau nya gangguan server mohon diperbaiki yah pengalaman menikmati nya enak,alam game mobile legend bagus sih kalau main sinyal suka merah padahal sinyal nya bagus coba baik sama kalau salah server mohon baik main game suka lag kira mah cheat sapa tau nya ganggu server mohon baik yah alam nikmat nya enak,0.0,Negatif,9.0,Positif,Positif,train
"jangan cuma skin Collab yang di bagusin, benerin tuh game masih nge lag nge lag aja padahal wifi lancar",1,2026-07-25 06:49:05,jangan cuma skin collab bagusin benerin tuh game nge lag nge lag aja padahal wifi lancar,jangan cuma skin collab bagusin benerin tuh game nge lag nge lag aja padahal wifi lancar,5.0,Positif,-1.0,Negatif,Negatif,train
"developer, tolong lah ini gua baru main langsing lag, mau relog dibilang ada masalah jaringan, padahal jaringan gua pake wifi sama data sama"" bagus lo",1,2026-07-25 06:48:56,developer lah baru main langsing lag mau relog dibilang masalah jaringan padahal jaringan pake wifi sama data sama bagus kamu,developer lah baru main langsing lag mau relog bilang masalah jaring padahal jaring pake wifi sama data sama bagus kamu,-1.0,Negatif,1.0,Positif,Positif,test
"server ngelag👎,ngelag lgi",1,2026-07-25 06:48:53,server ngelag ngelag lgi emoji_negatif,server ngelag ngelag lgi emoji_negatif,0.0,Negatif,-6.0,Negatif,Negatif,train
gamenya eror masuk di game play malah menghubungkan kembali terus padahal jaringan bagus😩😩,1,2026-07-25 06:48:51,gamenya eror masuk game play malah menghubungkan terus padahal jaringan bagus emoji_negatif emoji_negatif,gamenya eror masuk game play malah hubung terus padahal jaring bagus emoji_negatif emoji_negatif,-8.0,Negatif,-3.0,Negatif,Negatif,train
woyy anjiang aku gabisa mainnn,5,2026-07-25 06:48:49,woyy anjiang aku gabisa mainn,woyy anjiang aku gabisa mainn,1.0,Positif,1.0,Positif,Positif,test
"ini kenapa ya kok jaringan akhir akhir ini lag padahal jaringan nya oke aja, tapi pas main kok tiba tiba jalan sendiri.",1,2026-07-25 06:48:48,kok jaringan akhir akhir lag padahal jaringan nya oke aja pas main kok tiba tiba jalan sendiri,kok jaring akhir akhir lag padahal jaring nya oke aja pas main kok tiba tiba jalan sendiri,1.0,Positif,-2.0,Negatif,Negatif,train
game lawak😹,1,2026-07-25 06:48:46,game lawak emoji_netral,game lawak emoji_netral,2.0,Positif,2.0,Positif,Positif,test
"Masuk game baru main, kill di awal langsung jaringan drop gk bisa main restart gak bisa"" masuk. ampas betul nih game",1,2026-07-25 06:48:41,masuk game baru main kill awal langsung jaringan drop tidak main restart tidak masuk ampas betul nih game,masuk game baru main kill awal langsung jaring drop tidak main restart tidak masuk ampas betul nih game,-12.0,Negatif,-12.0,Negatif,Negatif,train
"lag parah, server error ketika main",1,2026-07-25 06:48:35,lag parah server error main,lag parah server error main,-10.0,Negatif,-10.0,Negatif,Negatif,train
keluar dari game tanpa sebab game bodoh apa ini,1,2026-07-25 06:48:28,keluar game tanpa game bodoh apa,keluar game tanpa game bodoh apa,-6.0,Negatif,-6.0,Negatif,Negatif,train
tiba tiba ngelag urusin cheater dulu jangan ngurusin patch baru mulu,1,2026-07-25 06:48:28,tiba tiba ngelag urusin cheater dulu jangan ngurusin patch baru mulu,tiba tiba ngelag urusin cheater dulu jangan ngurusin patch baru mulu,-4.0,Negatif,-11.0,Negatif,Negatif,test
makin kesini makin gajelas mulai dari tim sampai ke sinyal yang jelek padahal buat scrol atau game lain lancar lancar aja,1,2026-07-25 06:48:14,makin kesini makin gajelas mulai tim sinyal jelek padahal buat scrol game lancar lancar aja,makin kesini makin gajelas mulai tim sinyal jelek padahal buat scrol game lancar lancar aja,4.0,Positif,4.0,Positif,Positif,train
GAME GAJELAS GUA RELOG BUKANYA DI GAME MALAH BUG GAME GA GUNA,1,2026-07-25 06:48:13,game gajelas relog bukanya game malah bug game tidak,game gajelas relog buka game malah bug game tidak,1.0,Positif,-1.0,Negatif,Negatif,train
sinyal benerin jangan dikit2 lag dikit2 lag,3,2026-07-25 06:48:10,sinyal benerin jangan dikit lag dikit lag,sinyal benerin jangan dikit lag dikit lag,-3.0,Negatif,-9.0,Negatif,Negatif,train
"ngeleg banget,padahal ping nya hijau",1,2026-07-25 06:47:56,ngeleg banget padahal ping nya hijau,ngeleg banget padahal ping nya hijau,4.0,Positif,4.0,Positif,Positif,test
"Hey Moonton, your game is broken. I was playing and suddenly got lag, even though my signal was good. Please fix it, Moonton; if the lagging stops, I'll give you 5 stars and a good review.",2,2026-07-25 06:47:24,hey moonton your game is broken i was playing and suddenly got lag even though my signal was good please fix it moonton if the lagging stops i ll give you stars and a good review,hey moonton your game is broken i was playing and suddenly got lag even though my signal was good please fix it moonton if the lagging stops i ll give you stars and a good review,6.0,Positif,3.0,Positif,Positif,train
game rusak tiba2 keluar dari game jaringan bagus malah merah,1,2026-07-25 06:46:55,game rusak tiba keluar game jaringan bagus malah merah,game rusak tiba keluar game jaring bagus malah merah,-2.0,Negatif,3.0,Positif,Positif,train
"jaringan di inggame sering ilang tiba² padahal wifi lancar , dan ketika relog malah tidak bisa masuk mentok diloading screen doang",1,2026-07-25 06:46:52,jaringan inggame sering ilang tiba padahal wifi lancar relog malah tidak masuk mentok diloading screen doang,jaring inggame sering ilang tiba padahal wifi lancar relog malah tidak masuk mentok diloading screen doang,-8.0,Negatif,-8.0,Negatif,Negatif,train
game apasih banyak bug jaringan,1,2026-07-25 06:46:50,game apasih banyak bug jaringan,game apasih banyak bug jaring,-3.0,Negatif,-5.0,Negatif,Negatif,train
"jaringan lag tibatiba , montongak jelas",1,2026-07-25 06:46:21,jaringan lag tibatiba montongak jelas,jaring lag tibatiba montongak jelas,-3.0,Negatif,-6.0,Negatif,Negatif,train
ngak tau kenapa keluar sendiri dr match trus mau masuk lagi ngak bisa tolong diperbaiki lagi agar pengguna memiliki pengalaman bermain yg menyenangkan,3,2026-07-25 06:46:18,ngak tau keluar sendiri match trus mau masuk ngak diperbaiki pengguna memiliki pengalaman bermain menyenangkan,ngak tau keluar sendiri match trus mau masuk ngak baik guna milik alam main senang,-5.0,Negatif,-5.0,Negatif,Negatif,train
"barusan aja main party tiba""ngeleq semua buka aplikasi lain gak ada ngeleq game burukkk server nya rusakkkkk",1,2026-07-25 06:46:17,barusan aja main party tiba ngeleq semua buka aplikasi tidak ngeleq game burukk server nya rusakk,barusan aja main party tiba ngeleq semua buka aplikasi tidak ngeleq game burukk server nya rusakk,-9.0,Negatif,-9.0,Negatif,Negatif,test
moonton ktl main tiba tiba lag semua,1,2026-07-25 06:46:14,moonton ktl main tiba tiba lag semua,moonton ktl main tiba tiba lag semua,-3.0,Negatif,-6.0,Negatif,Negatif,test
game idiot jaringan bagus tiba tiba keluar padahal lagi main pas mau main stuck di loading screen lawa,1,2026-07-25 06:46:04,game idiot jaringan bagus tiba tiba keluar padahal main pas mau main stuck loading screen lawa,game idiot jaring bagus tiba tiba keluar padahal main pas mau main stuck loading screen lawa,-2.0,Negatif,3.0,Positif,Positif,train
moonton server mu mabok,1,2026-07-25 06:46:02,moonton server mu mabok,moonton server mu mabok,-4.0,Negatif,-4.0,Negatif,Negatif,test
Matchmaking yang tidak adil ditambah dengan server yang jelek membuat game ini tidak layak untuk dimainkan. Ditambahnya penyebaran role yang tidak sesuai membuat game ini semakin hancur. Sangat mengecewakan.,1,2026-07-25 06:45:31,matchmaking tidak adil ditambah server jelek membuat game tidak layak dimainkan ditambahnya penyebaran role tidak sesuai membuat game semakin hancur sangat mengecewakan,matchmaking tidak adil tambah server jelek buat game tidak layak main tambah sebar role tidak sesuai buat game makin hancur sangat kecewa,-19.0,Negatif,-19.0,Negatif,Negatif,train
apalah lagi draft koneksi terputus gbisa masuk lagi aneh jaringan bagus bagus aja,1,2026-07-25 06:45:26,apalah draft koneksi terputus gbisa masuk aneh jaringan bagus bagus aja,apa draft koneksi putus gbisa masuk aneh jaring bagus bagus aja,-11.0,Negatif,-1.0,Negatif,Negatif,train
"setiap aku main pasti ada bug nya,Tah kenapa padahal jaringan saya lancar nya tolong di perbaiki lagi lah,udah login tapi mesih tetap di awal aja gak masuk² hadeh capek kalii plis di bagusin lagii lahhh",2,2026-07-25 06:45:24,aku main bug nya tah padahal jaringan lancar nya perbaiki lah udah login mesih tetap awal aja tidak masuk hadeh capek kalii plis bagusin lagii lahh,aku main bug nya tah padahal jaring lancar nya baik lah udah login mesih tetap awal aja tidak masuk hadeh capek kali plis bagusin lagi lahh,0.0,Negatif,-2.0,Negatif,Negatif,train
"tiba ""ngelag gabisa gerak padahal jaringan gada bermasalah,relog pun tetal gabisa masuk ke game nya , hadehh,kayaknya citer ,tolong di kuatkan lagi keaaman nua",2,2026-07-25 06:45:19,tiba ngelag gabisa gerak padahal jaringan gada bermasalah relog tetal gabisa masuk game nya hadehh kayaknya cheater kuatkan keaaman nua,tiba ngelag gabisa gerak padahal jaring gada masalah relog tetal gabisa masuk game nya hadehh kayak cheater kuat keaaman nua,-5.0,Negatif,-12.0,Negatif,Negatif,train
"woi monton, server lu benerin noh, baru main menit 1 udah ngeleg, pas relog malah gak masuk masuk",5,2026-07-25 06:45:18,woi moonton server kamu benerin noh baru main menit udah ngeleg pas relog malah tidak masuk masuk,woi moonton server kamu benerin noh baru main menit udah ngeleg pas relog malah tidak masuk masuk,-2.0,Negatif,-2.0,Negatif,Negatif,test
"knapa tiba laggg woy, wifi gue lancar padahal, trus dibuka lagi gamau, gimana sih monton woyyy",1,2026-07-25 06:45:11,knapa tiba lagg woy wifi lancar padahal trus dibuka gamau gimana sih moonton woyy,knapa tiba lagg woy wifi lancar padahal trus buka gamau gimana sih moonton woyy,-2.0,Negatif,-2.0,Negatif,Negatif,test
"lawak ni game, tiba2 ngelag padahal sinyal aman",1,2026-07-25 06:44:52,lawak ni game tiba ngelag padahal sinyal aman,lawak ni game tiba ngelag padahal sinyal aman,2.0,Positif,-1.0,Negatif,Negatif,train
"game gila,mentang² aku afk 2 menit kau bikin jaringan ku jadi ngelag ya.Gak jelas bet padahal sebelum afk lancar jaya giliran afk 2 menit aja langsung dibikin lag sampai gk bisa masuk ke dalam game agar kedeteksi afk terus kredit skor turun.GAME GILA PANTAS 3 BINTANG",1,2026-07-25 06:44:30,game gila mentang aku afk menit kau bikin jaringan ku jadi ngelag tidak jelas bet padahal afk lancar jaya giliran afk menit aja langsung dibikin lag tidak masuk game kedeteksi afk terus kredit skor turun game gila pantas bintang,game gila mentang aku afk menit kau bikin jaring ku jadi ngelag tidak jelas bet padahal afk lancar jaya gilir afk menit aja langsung bikin lag tidak masuk game deteksi afk terus kredit skor turun game gila pantas bintang,-8.0,Negatif,-22.0,Negatif,Negatif,train
"satu bintang saja kerna kadang lagi tengha main tiba""berenti gak bis amasuk lagi pdhl jring bgus",1,2026-07-25 06:44:27,satu bintang kerna kadang tengha main tiba berenti tidak bis amasuk pdhl jring bgus,satu bintang kerna kadang tengha main tiba renti tidak bis amasuk pdhl jring bgus,-3.0,Negatif,-3.0,Negatif,Negatif,train
"oyy monton itu klo mau ngabdet pikir"" lahh gw lgi main renk tiba"" eror(dah ga bisa d buka/gemnya brhenti tiba"") pdahal jringan bagusssss😑",1,2026-07-25 06:44:21,oyy moonton kalau mau ngabdet pikir lahh lgi main renk tiba eror tidak d buka gemnya brhenti tiba pdahal jringan baguss emoji_lain,oyy moonton kalau mau ngabdet pikir lahh lgi main renk tiba eror tidak d buka gemnya brhenti tiba pdahal jringan baguss emoji_lain,-7.0,Negatif,-7.0,Negatif,Negatif,test
geme gak ada kemajuan masa jaringan hijau tiba tiba ngelek yang adil lah kalo pengen geme mu maju ada nya game mu makin turun pemain nya iya gue kasih bintang 1 aja banyak masalah server,1,2026-07-25 06:44:11,geme tidak kemajuan masa jaringan hijau tiba tiba ngelek adil lah kalau pengen geme mu maju nya game mu makin turun pemain nya iya kasih bintang aja banyak masalah server,geme tidak maju masa jaring hijau tiba tiba ngelek adil lah kalau ken geme mu maju nya game mu makin turun main nya iya kasih bintang aja banyak masalah server,-5.0,Negatif,-5.0,Negatif,Negatif,test
"game rusak akhir"" ini sering lag kag sendiri padahal wifi saya bagus bagus aja tolong di perbaiki lagi ni moonton terus sama kasih tim match yg sesuai udah di laporin dalam game masih aja juga tim nya dapat yg gak bisa main tolong lah moonton 😡",1,2026-07-25 06:44:09,game rusak akhir sering lag kag sendiri padahal wifi bagus bagus aja perbaiki ni moonton terus sama kasih tim match sesuai udah laporin game aja tim nya tidak main lah moonton emoji_negatif,game rusak akhir sering lag kag sendiri padahal wifi bagus bagus aja baik ni moonton terus sama kasih tim match sesuai udah laporin game aja tim nya tidak main lah moonton emoji_negatif,-8.0,Negatif,-1.0,Negatif,Negatif,train
game bosok pake jaringan apa pun tetep ngelek,2,2026-07-25 06:44:07,game bosok pake jaringan apa tetep ngelek,game bosok pake jaring apa tetep ngelek,-2.0,Negatif,-2.0,Negatif,Negatif,train
"server down Mulu tololllllll tolollll, udah dikasih tim idiot tapi musuhnya jago jago",2,2026-07-25 06:44:02,server down mulu tololl tololl udah dikasih tim idiot musuhnya jago jago,server down mulu tololl tololl udah kasih tim idiot musuh jago jago,-3.0,Negatif,-3.0,Negatif,Negatif,train
halloooooooooooo ini kenapa game nya tiba gak ada jaringan terus gak bisa login?,1,2026-07-25 06:43:36,halloo game nya tiba tidak jaringan terus tidak login,halloo game nya tiba tidak jaring terus tidak login,-7.0,Negatif,-7.0,Negatif,Negatif,train
"game nya sangat tidak ramah, matchmaking tidak seimbang, player nya toxic, tim musuh selalu saja lebih baik daripada tim sendiri, banyak feeder, banyak orang yang gak ngerti main, entah kenapa bisa ada di high rank, paling sering ketemu tim sendiri komputer, emang aneh, bisa bisa nya setim ama 3 komputer, bahkan parah nya ketemu 4 komputer di tim sendiri, sangat menyiksa bagi player solo, kalau ketemu tim manusia asli pun rata rata egois, gak mentingin tim, tidak di sarankan untuk di download",1,2026-07-25 06:43:29,game nya sangat tidak ramah matchmaking tidak seimbang player nya toxic tim musuh selalu lebih baik tim sendiri banyak feeder banyak orang tidak ngerti main entah high rank paling sering ketemu tim sendiri komputer emang aneh nya setim ama komputer bahkan parah nya ketemu komputer tim sendiri sangat menyiksa player solo kalau ketemu tim manusia asli rata rata egois tidak mentingin tim tidak sarankan download,game nya sangat tidak ramah matchmaking tidak imbang player nya toxic tim musuh selalu lebih baik tim sendiri banyak feeder banyak orang tidak ngerti main entah high rank paling sering ketemu tim sendiri komputer emang aneh nya tim ama komputer bahkan parah nya ketemu komputer tim sendiri sangat siksa player solo kalau ketemu tim manusia asli rata rata egois tidak mentingin tim tidak saran download,-75.0,Negatif,-79.0,Negatif,Negatif,test
kenapa tiba tiba menghubungkan ulang dah,1,2026-07-25 06:42:55,tiba tiba menghubungkan ulang,tiba tiba hubung ulang,0.0,Negatif,0.0,Negatif,Negatif,train
ngelag anj,1,2026-07-25 06:42:52,ngelag anj,ngelag anj,0.0,Negatif,-3.0,Negatif,Negatif,test
banyakkk bugg suka ngelagg saat main mode modenyaa tolong perbaikii server erorr,1,2026-07-25 06:42:40,banyakk bugg suka ngelagg main mode modenyaa perbaikii server erorr,banyakk bugg suka ngelagg main mode modenyaa perbaikii server erorr,2.0,Positif,2.0,Positif,Positif,train
"buat game niat ga! sinyal bagus stabil jadi jelek ga layak banget, hapus aja dari google play store, ga layak",1,2026-07-25 06:42:34,buat game niat tidak sinyal bagus stabil jadi jelek tidak layak banget hapus aja google play store tidak layak,buat game niat tidak sinyal bagus stabil jadi jelek tidak layak banget hapus aja google play store tidak layak,-14.0,Negatif,-9.0,Negatif,Negatif,test
Jaringan makin ngelag aneh dasar daritadi main rank ngelag mulu padahal wifi aman aja,1,2026-07-25 06:42:32,jaringan makin ngelag aneh dasar daritadi main rank ngelag mulu padahal wifi aman aja,jaring makin ngelag aneh dasar daritadi main rank ngelag mulu padahal wifi aman aja,3.0,Positif,-3.0,Negatif,Negatif,train
biki Seter,2,2026-07-25 06:41:59,biki seter,bik seter,0.0,Negatif,0.0,Negatif,Negatif,train
gk jadi,1,2026-07-25 06:41:40,tidak jadi,tidak jadi,-4.0,Negatif,-4.0,Negatif,Negatif,train
tiba tiba ngelag,1,2026-07-25 06:41:38,tiba tiba ngelag,tiba tiba ngelag,0.0,Negatif,-3.0,Negatif,Negatif,train
gem e kakean drak sistem,1,2026-07-25 06:41:27,gem e kakean drak sistem,gem e kakean drak sistem,-4.0,Negatif,-4.0,Negatif,Negatif,train
server lag Mulu t4i,1,2026-07-25 06:41:02,server lag mulu t i,server lag mulu t i,1.0,Positif,-2.0,Negatif,Negatif,train
sering membuat saya kesal tapi seru,4,2026-07-25 06:40:39,sering membuat kesal seru,sering buat kesal seru,3.0,Positif,6.0,Positif,Positif,train
game hama tim hama,1,2026-07-25 06:39:43,game hama tim hama,game hama tim hama,-8.0,Negatif,-8.0,Negatif,Negatif,train
game hama tolol,1,2026-07-25 06:39:29,game hama tolol,game hama tolol,-6.0,Negatif,-6.0,Negatif,Negatif,test
"jgn skill issue, lu jago lu aman, lu dongo lu kalah paling kalau main solo Nemu dark sistem 1/2 di tim itu juga kalau lu di rank rendah KLO di rank tinggi jarang bgt Nemu dark sistem semangat bagi yg baru belajar main mole ini game seru tapi yaaa gitulah jgn terpengaruh kata kata org di luar sana tentang ni game",5,2026-07-25 06:38:51,jangan skill issue kamu jago kamu aman kamu dongo kamu kalah paling kalau main solo nemu dark sistem tim kalau kamu rank rendah kalau rank tinggi jarang banget nemu dark sistem semangat baru belajar main mole game seru yaa gitulah jangan terpengaruh kata kata org luar sana ni game,jangan skill issue kamu jago kamu aman kamu dongo kamu kalah paling kalau main solo nemu dark sistem tim kalau kamu rank rendah kalau rank tinggi jarang banget nemu dark sistem semangat baru ajar main mole game seru yaa gitulah jangan pengaruh kata kata org luar sana ni game,-15.0,Negatif,-12.0,Negatif,Negatif,train
game sangat bagus,5,2026-07-25 06:37:43,game sangat bagus,game sangat bagus,-2.0,Negatif,3.0,Positif,Positif,test
"lebih baik jngn kalian install ini game, aneh sengaja bikin kalian kalah biar nyandu, game gk berfaedah",1,2026-07-25 06:36:39,lebih baik jngn kalian install game aneh sengaja bikin kalian kalah nyandu game tidak berfaedah,lebih baik jngn kalian install game aneh sengaja bikin kalian kalah nyandu game tidak faedah,-8.0,Negatif,-8.0,Negatif,Negatif,train
kalah mulu jadi males main game nya bagusan ff njir,1,2026-07-25 06:35:55,kalah mulu jadi males main game nya bagusan ff njir,kalah mulu jadi males main game nya bagus ff njir,-7.0,Negatif,-7.0,Negatif,Negatif,train
bagus banget,5,2026-07-25 06:35:35,bagus banget,bagus banget,-1.0,Negatif,4.0,Positif,Positif,train
seru jierr,5,2026-07-25 06:35:20,seru jierr,seru jierr,0.0,Positif,3.0,Positif,Positif,train
ini yg di sebut game bikin seru game bikin stres dan marah iya udah lah kikir ngasih kita musuh yg udah ini tim kita malah nyalahin kita game ini kuberi reting 1 untuk keburukan dan tidak ada otak dan kikir,1,2026-07-25 06:35:00,sebut game bikin seru game bikin stres marah iya udah lah kikir ngasih musuh udah tim malah nyalahin game kuberi reting keburukan tidak otak kikir,sebut game bikin seru game bikin stres marah iya udah lah kikir ngasih musuh udah tim malah nyalahin game beri reting keburu tidak otak kikir,-16.0,Negatif,-13.0,Negatif,Negatif,train
game bosokk pokoknya..nggak dapat match yang seimbang..game burikk,1,2026-07-25 06:33:05,game bosokk pokoknya tidak match seimbang game burikk,game bosokk pokok tidak match imbang game burikk,-4.0,Negatif,-4.0,Negatif,Negatif,train
mooton kasih menang tim bagus kita kasih bintang 1 di play store mooton gak jelas mooton kasih kita menang lawan dapet timnya bagus tim kita sediri bot,1,2026-07-25 06:30:24,moonton kasih menang tim bagus kasih bintang play store moonton tidak jelas moonton kasih menang lawan dapet timnya bagus tim sediri bot,moonton kasih menang tim bagus kasih bintang play store moonton tidak jelas moonton kasih menang lawan dapet tim bagus tim diri bot,-17.0,Negatif,1.0,Positif,Positif,train
"pegawai bagian perusahaan di bagian system mending di pecat aja ,soal nya di tiap game GK pernah dapet tim rank yg sesuai dengan rank yg saya miliki masa mythic ketemu epic !!, sengaja atau gmna? ,mending main hok dari pada ini game GK waras di bagian system aneh, main game padahal untuk hiburan yg ini malah bikin stress yg ada ,GK layak di instal ,KLO bisa tanpa bintang buat ranting game 0/10",1,2026-07-25 06:30:22,pegawai bagian perusahaan bagian system mending pecat aja soal nya tiap game tidak pernah dapet tim rank sesuai rank miliki masa mythic ketemu epic sengaja gmna mending main hok game tidak waras bagian system aneh main game padahal hiburan malah bikin stress tidak layak instal kalau tanpa bintang buat ranting game,pegawai bagi usaha bagi system mending pecat aja soal nya tiap game tidak pernah dapet tim rank sesuai rank milik masa mythic ketemu epic sengaja gmna mending main hok game tidak waras bagi system aneh main game padahal hibur malah bikin stress tidak layak instal kalau tanpa bintang buat ranting game,-22.0,Negatif,-22.0,Negatif,Negatif,train
capek banget lostreak Mulu main ml ngasih tim gak bener masak 10 pertanding kalah Mulu gw Mulu yang mvp kalah lu kalo ngasih tim yg bener napa hadehhhh unsril juga nih game,1,2026-07-25 06:29:41,capek banget lostreak mulu main ml ngasih tim tidak bener masak pertanding kalah mulu mulu mvp kalah kamu kalau ngasih tim bener napa hadehh unsril nih game,capek banget lostreak mulu main ml ngasih tim tidak bener masak tanding kalah mulu mulu mvp kalah kamu kalau ngasih tim bener napa hadehh unsril nih game,-16.0,Negatif,-16.0,Negatif,Negatif,train
matchmaking nya jelek banget jumpa tim yang mainnya kaya epic Mulu tolong moonton benerin dlu matchmaking gk seimbang banget soalnya sering banget dpt tim ngefeed TPI musuh spek tlph,1,2026-07-25 06:28:50,matchmaking nya jelek banget jumpa tim mainnya kaya epic mulu moonton benerin dlu matchmaking tidak seimbang banget soalnya sering banget tim ngefeed tpi musuh spek tlph,matchmaking nya jelek banget jumpa tim main kaya epic mulu moonton benerin dlu matchmaking tidak imbang banget soal sering banget tim ngefeed tpi musuh spek tlph,-16.0,Negatif,-16.0,Negatif,Negatif,test
ga masuk akal dimatching in terus sama anomali solo rank,1,2026-07-25 06:28:36,tidak masuk akal dimatching in terus sama anomali solo rank,tidak masuk akal dimatching in terus sama anomali solo rank,3.0,Positif,3.0,Positif,Positif,train
"bikin stres ama ping nya merah mulu giliran game sebelah normal2 ae, fix game burik",1,2026-07-25 06:28:29,bikin stres ama ping nya merah mulu giliran game sebelah normal ae fix game burik,bikin stres ama ping nya merah mulu gilir game belah normal ae fix game burik,2.0,Positif,2.0,Positif,Positif,test
game yang paling jelek menurut gw tim nya kek babi semua,1,2026-07-25 06:27:53,game paling jelek tim nya kek babi semua,game paling jelek tim nya kek babi semua,-14.0,Negatif,-14.0,Negatif,Negatif,train
kenapa ml ku gak bisaaa,5,2026-07-25 06:27:40,ml ku tidak bisaa,ml ku tidak bisaa,-5.0,Negatif,-5.0,Negatif,Negatif,train
"Game Settingan Kocak , Maen Solo Jangan Coba-Coba Kalau gak kuat nahan emosi 🤣",1,2026-07-25 06:27:32,game settingan kocak maen solo jangan coba coba kalau tidak kuat nahan emosi emoji_netral,game settingan kocak maen solo jangan coba coba kalau tidak kuat nahan emosi emoji_netral,-7.0,Negatif,-7.0,Negatif,Negatif,train
game ampas mending kalo tim nya jago tim nya poke²,1,2026-07-25 06:27:00,game ampas mending kalau tim nya jago tim nya poke,game ampas mending kalau tim nya jago tim nya poke,-8.0,Negatif,-8.0,Negatif,Negatif,train
menurut ku game ini bagus tapi tambah bnyak skin lagi bagus sihh,4,2026-07-25 06:26:16,ku game bagus tambah bnyak skin bagus sihh,ku game bagus tambah bnyak skin bagus sihh,-1.0,Negatif,9.0,Positif,Positif,train
pertandingan yg rusak tiap main kalah 4 atau 3 menang di kasih sekali.....mvp tiap kalah berat gendong beban silver sama coklat.....,1,2026-07-25 06:25:09,pertandingan rusak tiap main kalah menang kasih sekali mvp tiap kalah berat gendong beban silver sama coklat,tanding rusak tiap main kalah menang kasih sekali mvp tiap kalah berat gendong beban silver sama coklat,-12.0,Negatif,-8.0,Negatif,Negatif,train
player mah banyak tapi ketemu bot ai mulu kikir pula,1,2026-07-25 06:23:55,player mah banyak ketemu bot ai mulu kikir,player mah banyak ketemu bot ai mulu kikir,4.0,Positif,4.0,Positif,Positif,train
di saranin nih. mending unistal aja game ini. makin hari makin buruk. dan makin tidak menyadari kesalahan system. malah akun player yg d band. kocak. parah nya bug makin banyak dan makin rusak d game nya.,1,2026-07-25 06:23:53,saranin nih mending unistal aja game makin hari makin buruk makin tidak menyadari kesalahan system malah akun player d band kocak parah nya bug makin banyak makin rusak d game nya,saranin nih mending unistal aja game makin hari makin buruk makin tidak sadar salah system malah akun player d band kocak parah nya bug makin banyak makin rusak d game nya,-11.0,Negatif,-13.0,Negatif,Negatif,train
game ini cukup mudah dan cepat dalam tim yang hebat,4,2026-07-25 06:23:30,game cukup mudah cepat tim hebat,game cukup mudah cepat tim hebat,-4.0,Negatif,-4.0,Negatif,Negatif,train
isinya cowo aneh,1,2026-07-25 06:22:42,isinya cowo aneh,isi cowo aneh,0.0,Negatif,0.0,Negatif,Negatif,train
monton pls koleb sama tensura gw beli skin nya,5,2026-07-25 06:21:40,moonton pls koleb sama tensura beli skin nya,moonton pls koleb sama tensura beli skin nya,-1.0,Negatif,-1.0,Negatif,Negatif,train
"match nya buruk dan sering Delay, bermain di beri tim yang buruk yang membuat Lose Streak, Sungguh ini game lebih buruk dari pada One Piece Bounty Rush",1,2026-07-25 06:21:05,match nya buruk sering delay bermain beri tim buruk membuat lose streak sungguh game lebih buruk one piece bounty rush,match nya buruk sering delay main beri tim buruk buat lose streak sungguh game lebih buruk one piece bounty rush,-12.0,Negatif,-12.0,Negatif,Negatif,train
"game nya gk jelas, sya ngestuck pas lgi match padahal jaringan aman, login ulang malah udh invalid, mana lgi kna pelanggaran bintang turun, takaran lawan gk sesuai sya legen di jumpakan lawan yg glory🗿",1,2026-07-25 06:19:24,game nya tidak jelas sya ngestuck pas lgi match padahal jaringan aman login ulang malah invalid mana lgi kna pelanggaran bintang turun takaran lawan tidak sesuai sya legen jumpakan lawan glory emoji_netral,game nya tidak jelas sya ngestuck pas lgi match padahal jaring aman login ulang malah invalid mana lgi kna langgar bintang turun takar lawan tidak sesuai sya legen jumpa lawan glory emoji_netral,-25.0,Negatif,-25.0,Negatif,Negatif,train
kasih tim kgk bnr perbaikan dong matchnya jngn nambahin skin atau hero mulu lu monoton kasih tim yg bener dikit ngapa moonton gk pernah bnr lu moonton exp masa cuma bisa pasrah sih kasih star protection kek ngapa lu moonton dah skin mulu benerin match nya kek ngapa ahh elah lu moonton,1,2026-07-25 06:18:42,kasih tim kgk bnr perbaikan dong matchnya jngn nambahin skin hero mulu kamu moonton kasih tim bener dikit ngapa moonton tidak pernah bnr kamu moonton exp masa cuma pasrah sih kasih star protection kek ngapa kamu moonton skin mulu benerin match nya kek ngapa ahh elah kamu moonton,kasih tim kgk bnr baik dong matchnya jngn nambahin skin hero mulu kamu moonton kasih tim bener dikit ngapa moonton tidak pernah bnr kamu moonton exp masa cuma pasrah sih kasih star protection kek ngapa kamu moonton skin mulu benerin match nya kek ngapa ahh elah kamu moonton,-13.0,Negatif,-13.0,Negatif,Negatif,train
moonton tolong kasi saya tim yg waras masak setiap saya main pasti tim saya pada poke klo tim musuh jago bgt. tolong moonton kasi saya tim yg jago jgn yg poke,1,2026-07-25 06:17:52,moonton kasi tim waras masak main tim poke kalau tim musuh jago banget moonton kasi tim jago jangan poke,moonton kasi tim waras masak main tim poke kalau tim musuh jago banget moonton kasi tim jago jangan poke,-24.0,Negatif,-24.0,Negatif,Negatif,train
"plis Jan download ni game.mactmaking nya jelek banget sumpah demi apapun itu Sejago jago kalian malah ketemu team bot,dam sekarang kebanyakan player joki jadi gak sesuai rank",1,2026-07-25 06:15:24,plis jan download ni game mactmaking nya jelek banget sumpah apapun sejago jago kalian malah ketemu team bot dam sekarang kebanyakan player joki jadi tidak sesuai rank,plis jan download ni game mactmaking nya jelek banget sumpah apa jago jago kalian malah ketemu team bot dam sekarang banyak player joki jadi tidak sesuai rank,-9.0,Negatif,-9.0,Negatif,Negatif,train
asyik....,5,2026-07-25 06:15:20,asyik,asyik,0.0,Positif,0.0,Positif,Positif,train
Game nya seru walau kadang bikin stres dikit tapi bener enak dimain in dah itu aja makasih dah nyiptain ML nya MOONTON✌🏻,5,2026-07-25 06:14:32,game nya seru kadang bikin stres dikit bener enak dimain in aja makasih nyiptain ml nya moonton emoji_lain,game nya seru kadang bikin stres dikit bener enak main in aja makasih nyiptain ml nya moonton emoji_lain,5.0,Positif,10.0,Positif,Positif,train
monton tolonglah kasih tim yang seimbang kenapa sih musuhnya selalu jago dan gk seimbang tolonglah kasih yang seimbang game nya ini bukan kaya game paham kan hampir gk bisa dimainkan,1,2026-07-25 06:14:12,moonton tolonglah kasih tim seimbang sih musuhnya selalu jago tidak seimbang tolonglah kasih seimbang game nya bukan kaya game paham kan hampir tidak dimainkan,moonton tolong kasih tim imbang sih musuh selalu jago tidak imbang tolong kasih imbang game nya bukan kaya game paham kan hampir tidak main,-8.0,Negatif,-8.0,Negatif,Negatif,train
game kalah terus dapat tim drak sistem emng ajgg. kenapa kalah mulu dahh aku nihh tolong. kasihh win kehh nama akun manzz acc,1,2026-07-25 06:13:13,game kalah terus tim drak sistem emng ajgg kalah mulu dahh aku nihh kasihh win kehh nama akun manzz acc,game kalah terus tim drak sistem emng ajgg kalah mulu dahh aku nihh kasihh win kehh nama akun manzz acc,-18.0,Negatif,-18.0,Negatif,Negatif,train
bintang 5 untuk ML!!!!!!!!!!!!!!!!!!!!!!!!!!!!!!!!!!!!!!!!!!!!!!!!!!!!!!!!!!!!!!!!!!!!!!!!!!!!!!!!!!!!!!!!!!!!!!!!!!!!!!!!!!!!!!!!!!!!!!!!!!!!!!!!!!!!!!!!!!!!!!!!!!!!!!!!!!!!!!!!!!!!!!!!!!!!!!!!!!!!!!!!!!!!!!!!!!!!!!!!!!!!!!!!!!!!!!!!!!!!!!!!!!!!!!!!!!!!!!!!!!!!!!!!!!!!!!!!!!!!!!!!!!!!!!!!!!!!!!!!!!!!!!!!!!!!!!!!!!!!!!!!!!!!!!!!!!!!!!!!!!!!!!!!!!!!,5,2026-07-25 06:12:16,bintang ml,bintang ml,0.0,Positif,0.0,Positif,Positif,train
Sekarang sering bug!!!!!,1,2026-07-25 06:09:12,sekarang sering bug,sekarang sering bug,3.0,Positif,1.0,Positif,Positif,train
game gjls,1,2026-07-25 06:08:42,game gjls,game gjls,2.0,Positif,2.0,Positif,Positif,train
game nya bagus dari pada game fre fire udah ngga ada pintu dan burik lebih baik main mobi legend,5,2026-07-25 06:07:23,game nya bagus game fre fire udah ngga pintu burik lebih baik main mobi legend,game nya bagus game fre fire udah ngga pintu burik lebih baik main mob legend,3.0,Positif,8.0,Positif,Positif,train
game kok pelit sama player sendiri 1 bintang lagi dikasih nya musuh yg susah sama team beban monton b4b| GK mau lagi aku main game kayak gini monton kikir 1 bintang,1,2026-07-25 06:06:22,game kok pelit sama player sendiri bintang dikasih nya musuh susah sama team beban moonton b b tidak mau aku main game kayak gini moonton kikir bintang,game kok pelit sama player sendiri bintang kasih nya musuh susah sama team beban moonton b b tidak mau aku main game kayak gin moonton kikir bintang,-10.0,Negatif,-10.0,Negatif,Negatif,test
"sebenernya game nya bagus aja sih, CUMAN KENAPA LOSE STREAK MULU YA? KALAH MULU WS CUMA 6 KALAH NYA 10 KALI TOLONG YA KASIH TIM YANG BENER",2,2026-07-25 06:06:10,sebenernya game nya bagus aja sih cuman lose streak mulu kalah mulu winstreak cuma kalah nya kali kasih tim bener,sebenernya game nya bagus aja sih cuman lose streak mulu kalah mulu winstreak cuma kalah nya kali kasih tim bener,-9.0,Negatif,-4.0,Negatif,Negatif,train
"game nya bagus, tapi gak tau ini kenapa setiap kali bermain solo itu dapet musuh yg kompak, sedangkan teman satu tim kayak orang baru main, dan saya selalu kalah gara-gara dapet teman satu tim yang kayak gitu, kayak gak adil aja anda memberi kami tim seperti itu",3,2026-07-25 06:01:58,game nya bagus tidak tau kali bermain solo dapet musuh kompak teman satu tim kayak orang baru main selalu kalah gara gara dapet teman satu tim kayak gitu kayak tidak adil aja memberi tim,game nya bagus tidak tau kali main solo dapet musuh kompak teman satu tim kayak orang baru main selalu kalah gara gara dapet teman satu tim kayak gitu kayak tidak adil aja beri tim,-33.0,Negatif,-28.0,Negatif,Negatif,test
kecewa banget kan game nya invalid ada yang afk di tim terus suren ko bintang saya hilang harus nya yang afk bukan saya males banget main game ini lagi,1,2026-07-25 06:01:14,kecewa banget kan game nya invalid afk tim terus suren ko bintang hilang nya afk bukan males banget main game,kecewa banget kan game nya invalid afk tim terus suren ko bintang hilang nya afk bukan males banget main game,-3.0,Negatif,-7.0,Negatif,Negatif,train
niatnya mau main game ini buat rilekskan diri tapi malah bikin stress sinyalnya gampang ngeleg terus dapat tim dark sistem tim bot cuma bikin tambah stress,1,2026-07-25 06:01:04,niatnya mau main game buat rilekskan diri malah bikin stress sinyalnya gampang ngeleg terus tim dark sistem tim bot cuma bikin tambah stress,niat mau main game buat rileks diri malah bikin stress sinyal gampang ngeleg terus tim dark sistem tim bot cuma bikin tambah stress,-17.0,Negatif,-17.0,Negatif,Negatif,train
game nya ramah ngak bikin stres☺️,5,2026-07-25 06:00:05,game nya ramah ngak bikin stres emoji_lain,game nya ramah ngak bikin stres emoji_lain,0.0,Positif,0.0,Positif,Positif,train
"tolong moonton musnahkan orang-orang yang main nya tidak serius, kebanyakan yang main cuman mati-mati dan tidak membantu, saya dari rank legend turun ke grand master, bikin game yang betul dikit la",1,2026-07-25 05:59:25,moonton musnahkan orang orang main nya tidak serius kebanyakan main cuman mati mati tidak membantu rank legend turun grand master bikin game betul dikit la,moonton musnah orang orang main nya tidak serius banyak main cuman mati mati tidak bantu rank legend turun grand master bikin game betul dikit la,-12.0,Negatif,-12.0,Negatif,Negatif,test
gimana sih dah tau masih pemula dah langsung di kasih lawan dah kaya lawan imortal mana gak adil banget lagi toxsik,1,2026-07-25 05:57:55,gimana sih tau pemula langsung kasih lawan kaya lawan imortal mana tidak adil banget toxsik,gimana sih tau mula langsung kasih lawan kaya lawan imortal mana tidak adil banget toxsik,-11.0,Negatif,-11.0,Negatif,Negatif,train
game nya hama sering ngelag pakek kuota apalagi pas full kuotanya banyak citer nya juga di biarin,1,2026-07-25 05:56:49,game nya hama sering ngelag pakek kuota pas full kuotanya banyak cheater nya biarin,game nya hama sering ngelag pakek kuota pas full kuota banyak cheater nya biarin,0.0,Negatif,-7.0,Negatif,Negatif,test
𝐠𝐚𝐦𝐞 𝐲𝐚𝐧𝐠 𝐬𝐚𝐧𝐠𝐚𝐭 𝐭𝐢𝐝𝐚𝐤 𝐚𝐝𝐢𝐥 𝐲𝐚𝐧𝐠 𝐬𝐞𝐥𝐚𝐥𝐮 𝐝𝐢 𝐤𝐚𝐬𝐢𝐡 𝐤𝐞𝐤𝐚𝐥𝐚𝐡𝐚𝐧 𝐛𝐞𝐫𝐮𝐧𝐭𝐮𝐧 𝐭𝐞𝐫𝐤𝐚𝐝𝐚𝐧𝐠 𝐦𝐞𝐧𝐝𝐚𝐩𝐚𝐭𝐤𝐚𝐧 𝐦𝐮𝐬𝐮𝐡 𝐲𝐚𝐧𝐠 𝐥𝐞𝐛𝐢𝐡 𝐣𝐚𝐠𝐨 𝐭𝐚𝐩𝐢 𝐭𝐢𝐦 𝐬𝐚𝐲𝐚 𝐦𝐞𝐧𝐝𝐚𝐩𝐚𝐭 𝐭𝐢𝐦 𝐲𝐚𝐧𝐠 𝐭𝐢𝐝𝐚𝐤 𝐛𝐢𝐬𝐚 𝐦𝐚𝐢𝐧 𝐜𝐨𝐛𝐚 𝐝𝐢 𝐩𝐞𝐫𝐡𝐚𝐭𝐢𝐤𝐚𝐧 𝐥𝐚𝐠𝐢 𝐬𝐢𝐬𝐭𝐞𝐦 𝐲𝐚 𝐦𝐨𝐧𝐧𝐭𝐨𝐧 𝐦𝐢𝐧𝐢𝐦𝐚𝐥 𝐤𝐚𝐬𝐢𝐡 𝐥𝐚𝐰𝐚𝐧 𝐲𝐚𝐧𝐠 𝐬𝐞𝐬𝐮𝐚𝐢 𝐝𝐞𝐧𝐠𝐚𝐧 𝐫𝐚𝐧𝐠 𝐚𝐣𝐚 𝐛𝐢𝐚𝐫 𝐥𝐞𝐛𝐢𝐡 𝐬𝐞𝐢𝐦𝐛𝐚𝐧𝐠,1,2026-07-25 05:56:37,game sangat tidak adil selalu kasih kekalahan beruntun terkadang mendapatkan musuh lebih jago tim mendapat tim tidak main coba perhatikan sistem monnton minimal kasih lawan sesuai rang aja lebih seimbang,game sangat tidak adil selalu kasih kalah untun terkadang dapat musuh lebih jago tim dapat tim tidak main coba perhati sistem monnton minimal kasih lawan sesuai rang aja lebih imbang,-21.0,Negatif,-21.0,Negatif,Negatif,train
game buruk..bukannya ngurangin stres malah tambah stressss hadeeh,1,2026-07-25 05:56:31,game buruk bukannya ngurangin stres malah tambah stress hadeeh,game buruk bukan ngurangin stres malah tambah stress hadeeh,-12.0,Negatif,-12.0,Negatif,Negatif,train
gak jelas ketemu nya tim gak jelas gak setara timnya,1,2026-07-25 05:55:18,tidak jelas ketemu nya tim tidak jelas tidak setara timnya,tidak jelas ketemu nya tim tidak jelas tidak tara tim,-16.0,Negatif,-16.0,Negatif,Negatif,test
bosan ya main gams ml,5,2026-07-25 05:54:43,bosan main gams ml,bosan main gams ml,0.0,Positif,0.0,Positif,Positif,train
GAME TAEKKK,1,2026-07-25 05:54:21,game taekk,game taekk,2.0,Positif,2.0,Positif,Positif,train
"game nya aneh, taman yg dikasi gk benar semua dan banyak dark sistem nya",1,2026-07-25 05:53:35,game nya aneh taman dikasi tidak benar semua banyak dark sistem nya,game nya aneh taman kasi tidak benar semua banyak dark sistem nya,-7.0,Negatif,-7.0,Negatif,Negatif,train
"tambah parah terlalu sering lag padahal jaringan bagus, lebih banyak dapat team tidak seimbang dengan team lawan atau mungkin dari sistemnya sudah di seting biar lebih sering kalah",1,2026-07-25 05:53:21,tambah parah terlalu sering lag padahal jaringan bagus lebih banyak team tidak seimbang team lawan mungkin sistemnya seting lebih sering kalah,tambah parah terlalu sering lag padahal jaring bagus lebih banyak team tidak imbang team lawan mungkin sistem ting lebih sering kalah,-11.0,Negatif,-9.0,Negatif,Negatif,test
ayolah cuman main game malah dikasih kalah 4 lagi cuman nyobain 1 hero ngapa kasih kalah,1,2026-07-25 05:53:07,ayolah cuman main game malah dikasih kalah cuman nyobain hero ngapa kasih kalah,ayo cuman main game malah kasih kalah cuman nyobain hero ngapa kasih kalah,-3.0,Negatif,-3.0,Negatif,Negatif,train
mantap tapi mines nya pas saya ulang tahun tidak di rayakan,5,2026-07-25 05:52:28,mantap mines nya pas ulang tahun tidak rayakan,mantap mes nya pas ulang tahun tidak raya,3.0,Positif,3.0,Positif,Positif,train
seru banget permainan nya,5,2026-07-25 05:52:13,seru banget permainan nya,seru banget main nya,1.0,Positif,4.0,Positif,Positif,train
saya sering main ini game nya seru bisa Mabar juga pokok nya bintang 5 untuk ini deh,5,2026-07-25 05:52:01,sering main game nya seru mabar pokok nya bintang deh,sering main game nya seru mabar pokok nya bintang deh,5.0,Positif,8.0,Positif,Positif,train
gw lagi war tiba tiba ke relog cok game apalah jadi ke comeback kan gw ini gw ngetik sambil nge rank,4,2026-07-25 05:50:07,war tiba tiba relog cok game apalah jadi comeback kan ngetik nge rank,war tiba tiba relog cok game apa jadi comeback kan ngetik nge rank,-3.0,Negatif,-3.0,Negatif,Negatif,train
banyak drak sistem mohon ya moonton,1,2026-07-25 05:49:31,banyak drak sistem mohon moonton,banyak drak sistem mohon moonton,-4.0,Negatif,-4.0,Negatif,Negatif,train
game nya seru sekali tapi grafiknya bisa diatur ga,5,2026-07-25 05:49:18,game nya seru sekali grafiknya diatur tidak,game nya seru sekali grafik atur tidak,-4.0,Negatif,-1.0,Negatif,Negatif,train
bagus tapi sering kalah mulu tolong moonton kasih tim yang bagus,1,2026-07-25 05:49:13,bagus sering kalah mulu moonton kasih tim bagus,bagus sering kalah mulu moonton kasih tim bagus,-7.0,Negatif,3.0,Positif,Positif,train
moonton kenapa kita selalu kalah lu pilih kasih gua menang sampe legend 1 atau gua rating bintang 1 sama gua hapus mobile legend,5,2026-07-25 05:45:13,moonton selalu kalah kamu pilih kasih menang sampe legend rating bintang sama hapus mobile legend,moonton selalu kalah kamu pilih kasih menang sampe legend rating bintang sama hapus mobile legend,-6.0,Negatif,-2.0,Negatif,Negatif,test
"Saya tidak menyikai game ini karna diberi dark sistem, musuh selalu pro tapi tim bodoh kayak bot, buat apa dimainkan kalo dikasih dark sistem terus, baru belajar aja dikasih musuh sulit, bagi saya ini game tidak adil dn bikin emosi saja",1,2026-07-25 05:44:56,tidak menyikai game diberi dark sistem musuh selalu pro tim bodoh kayak bot buat apa dimainkan kalau dikasih dark sistem terus baru belajar aja dikasih musuh sulit game tidak adil dn bikin emosi,tidak sikai game beri dark sistem musuh selalu pro tim bodoh kayak bot buat apa main kalau kasih dark sistem terus baru ajar aja kasih musuh sulit game tidak adil dn bikin emosi,-28.0,Negatif,-28.0,Negatif,Negatif,train
Game ini sangat bagus cocok di main kan saat lagi stres biar makin stress🗿,5,2026-07-25 05:43:01,game sangat bagus cocok main kan stres makin stress emoji_netral,game sangat bagus cocok main kan stres makin stress emoji_netral,-8.0,Negatif,-3.0,Negatif,Negatif,train
bagus evek Hero nya itu lumayan tebel dan gem play nya itu evek nya pas hancurin tured juga tebel,5,2026-07-25 05:42:20,bagus evek hero nya lumayan tebel gem play nya evek nya pas hancurin tured tebel,bagus evek hero nya lumayan tebel gem play nya evek nya pas hancurin tured tebel,0.0,Positif,5.0,Positif,Positif,train
gila gue di kasih dark sistem terus game macam apa ini comentar saat main di mute tiap main di kasih dark sistem weiii orang main gema cari hiburan bukan mau jadi gila,1,2026-07-25 05:41:50,gila kasih dark sistem terus game macam apa comentar main mute tiap main kasih dark sistem weii orang main gema cari hiburan bukan mau jadi gila,gila kasih dark sistem terus game macam apa comentar main mute tiap main kasih dark sistem weii orang main gema cari hibur bukan mau jadi gila,-29.0,Negatif,-29.0,Negatif,Negatif,test
PERMAINAN YANG BAGUS CUMA BAYAK DRAKSISTEM BERKILIARAN DI EPIK SETELAH RESET SESON,1,2026-07-25 05:40:50,permainan bagus cuma bayak draksistem berkiliaran epik reset seson,main bagus cuma bayak draksistem berkiliaran epik reset seson,-5.0,Negatif,0.0,Negatif,Negatif,train
"machtmaking gamenya aneh, selalu 1 tim dengan akun yang tidak jelas sangat merugikan.",1,2026-07-25 05:38:40,machtmaking gamenya aneh selalu tim akun tidak jelas sangat merugikan,machtmaking gamenya aneh selalu tim akun tidak jelas sangat rugi,-9.0,Negatif,-9.0,Negatif,Negatif,test
game sampah timnya dark sistem semua,2,2026-07-25 05:38:27,game sampah timnya dark sistem semua,game sampah tim dark sistem semua,-9.0,Negatif,-9.0,Negatif,Negatif,train
seru asalkan GK ketemu dark system,5,2026-07-25 05:37:56,seru asalkan tidak ketemu dark system,seru asal tidak ketemu dark system,-6.0,Negatif,-3.0,Negatif,Negatif,train
Game nya buruk sistem matchmaking sampah masa gw mau ngepush tim gw isinya bocah legend padahal gw rank nya mythic ke atas apa apaan nih game sistem matchmaking lol game ampas semakin kesini matchmaking nya berat sebelah,1,2026-07-25 05:37:08,game nya buruk sistem matchmaking sampah masa mau ngepush tim isinya bocah legend padahal rank nya mythic atas apa apaan nih game sistem matchmaking lol game ampas semakin kesini matchmaking nya berat sebelah,game nya buruk sistem matchmaking sampah masa mau ngepush tim isi bocah legend padahal rank nya mythic atas apa apa nih game sistem matchmaking lol game ampas makin kesini matchmaking nya berat belah,-27.0,Negatif,-27.0,Negatif,Negatif,train
game tuempeeeeek,1,2026-07-25 05:36:48,game tuempeek,game tuempeek,2.0,Positif,2.0,Positif,Positif,train
thanks moonton udah bikin gua naik honor walaupun habis itu kalah 20 kali,1,2026-07-25 05:35:58,thanks moonton udah bikin naik honor walaupun habis kalah kali,thanks moonton udah bikin naik honor walaupun habis kalah kali,0.0,Negatif,0.0,Negatif,Negatif,train
makasih ya moonton gw ga dikasih hoki gaca tas tas ga dpt dpt tim kaya anji hoki kaga pernah ini aku kasih bintang 5 karna gamenya kek ajg,5,2026-07-25 05:35:18,makasih moonton tidak dikasih hoki gaca tas tas tidak tim kaya anji hoki tidak pernah aku kasih bintang gamenya kek ajg,makasih moonton tidak kasih hoki gaca tas tas tidak tim kaya anji hoki tidak pernah aku kasih bintang gamenya kek ajg,-7.0,Negatif,-7.0,Negatif,Negatif,train
bagus sekali cokk,5,2026-07-25 05:33:23,bagus sekali cokk,bagus sekali cokk,-3.0,Negatif,2.0,Positif,Positif,train
"game player bocah,darksystem mulu",1,2026-07-25 05:33:16,game player bocah darksystem mulu,game player bocah darksystem mulu,3.0,Positif,3.0,Positif,Positif,test
"game dark sistem game babi, solo player di gabungin sama skuad2 tolol",1,2026-07-25 05:30:56,game dark sistem game babi solo player gabungin sama skuad tolol,game dark sistem game babi solo player gabungin sama skuad tolol,-4.0,Negatif,-4.0,Negatif,Negatif,train
bagus banget TPI byk chiter,1,2026-07-25 05:26:05,bagus banget tpi byk chiter,bagus banget tpi byk chiter,-1.0,Negatif,4.0,Positif,Positif,train
banyakin skin gratisan dan kalo bisa ubah desain baru pada area pertandingan nya misal ada gubuk yg bisa di hancurkan ada barang yg bisa di ambil kaya di ff,3,2026-07-25 05:25:24,banyakin skin gratisan kalau ubah desain baru area pertandingan nya misal gubuk hancurkan barang ambil kaya ff,banyakin skin gratis kalau ubah desain baru area tanding nya misal gubuk hancur barang ambil kaya ff,-4.0,Negatif,-4.0,Negatif,Negatif,train
"tolong perbaiki sistem matchmakingnya, baru winstreak 3 kali langsung dikasih tim bot dan ga bisa main, dikira kita bisa gendong apa? pdhl kita jga performa mainnya tergantung tim tp mlh dikasih tim yg ga bisa main, dan knp cm dikasih maksimal 3 kali winstreak utk player solo? tolong pengertiannya utk player solo dikasih tim yg bener, setidaknya seimbang sama tim musuh, ini mlh dikasih tim yg bener' baru main ml bhkn cm pny 3 hero disuruh roam mlh pick nana dan musuhnya high ranked, ga adil🤢",1,2026-07-25 05:25:22,perbaiki sistem matchmakingnya baru winstreak kali langsung dikasih tim bot tidak main dikira gendong apa pdhl jga performa mainnya tergantung tim mlh dikasih tim tidak main cm dikasih maksimal kali winstreak player solo pengertiannya player solo dikasih tim bener seimbang sama tim musuh mlh dikasih tim bener baru main ml bhkn cm pny hero disuruh roam mlh pick nana musuhnya high ranked tidak adil emoji_negatif,baik sistem matchmakingnya baru winstreak kali langsung kasih tim bot tidak main kira gendong apa pdhl jga performa main gantung tim mlh kasih tim tidak main cm kasih maksimal kali winstreak player solo erti player solo kasih tim bener imbang sama tim musuh mlh kasih tim bener baru main ml bhkn cm pny hero suruh roam mlh pick nana musuh high ranked tidak adil emoji_negatif,-28.0,Negatif,-28.0,Negatif,Negatif,test
Bagus cuman saya pakai hp kentang,5,2026-07-25 05:25:09,bagus cuman pakai handphone kentang,bagus cuman pakai handphone kentang,-2.0,Negatif,3.0,Positif,Positif,test
game nya aneh monton saya lagi mesmeki pas banget ada notifikasi yang penting saya pencet buat Ngebales pesan terus tersebut Balum ada 1 menit pas saya mau masuk lagi ke gem nya nyetak di logo saya udah coba buat login kembali tetapi tida bisa,2,2026-07-25 05:23:58,game nya aneh moonton mesmeki pas banget notifikasi penting pencet buat ngebales pesan terus tersebut balum menit pas mau masuk gem nya nyetak logo udah coba buat login tida,game nya aneh moonton mesmeki pas banget notifikasi penting pencet buat ngebales pesan terus sebut balum menit pas mau masuk gem nya nyetak logo udah coba buat login tida,9.0,Positif,9.0,Positif,Positif,train
"game rusak,game penambah stres bukan penghilang,jangan mau main game kek t4l ini jangan mau,bahkan kalo diajak temen kalian mau jago maupun gak ,sama aja game rusak ini emang",1,2026-07-25 05:21:17,game rusak game penambah stres bukan penghilang jangan mau main game kek t l jangan mau bahkan kalau diajak temen kalian mau jago maupun tidak sama aja game rusak emang,game rusak game tambah stres bukan hilang jangan mau main game kek t l jangan mau bahkan kalau ajak temen kalian mau jago maupun tidak sama aja game rusak emang,-15.0,Negatif,-15.0,Negatif,Negatif,train
jngn main ni game klo dah epic musuhnya ga seimbang bikin stres masa ngepush rang 4 hari berturut² malah naik 1 bintang.dan kita main 1 kali menang 5 kali kalah jngn deh,1,2026-07-25 05:21:09,jngn main ni game kalau epic musuhnya tidak seimbang bikin stres masa ngepush rang hari berturut malah naik bintang main kali menang kali kalah jngn deh,jngn main ni game kalau epic musuh tidak imbang bikin stres masa ngepush rang hari turut malah naik bintang main kali menang kali kalah jngn deh,-15.0,Negatif,-11.0,Negatif,Negatif,test
game aneh ngasi tim anomali mulu,1,2026-07-25 05:20:19,game aneh ngasi tim anomali mulu,game aneh ngasi tim anomali mulu,-1.0,Negatif,-1.0,Negatif,Negatif,train
game bagus 🗿,5,2026-07-25 05:20:05,game bagus emoji_netral,game bagus emoji_netral,0.0,Positif,5.0,Positif,Positif,train
"gatau, pokoknya ga direkomendasiin buat orang yg cepet marah/ ga sabaran.",1,2026-07-25 05:19:34,gatau pokoknya tidak direkomendasiin buat orang cepet marah tidak sabaran,gatau pokok tidak direkomendasiin buat orang cepet marah tidak sabar,-16.0,Negatif,-16.0,Negatif,Negatif,train
"gimana sih ml sekarang setiap habis winstrek sinyal gwe bug merah terus jadinya kalah ,,perbaiki lagi moonton",2,2026-07-25 05:18:48,gimana sih ml sekarang habis winstrek sinyal gwe bug merah terus jadinya kalah perbaiki moonton,gimana sih ml sekarang habis winstrek sinyal gwe bug merah terus jadi kalah baik moonton,-3.0,Negatif,-5.0,Negatif,Negatif,train
enak game nya tapi rada leg dikit kasih ws bos Monton,5,2026-07-25 05:18:39,enak game nya rada leg dikit kasih winstreak bos moonton,enak game nya rada leg dikit kasih winstreak bos moonton,3.0,Positif,5.0,Positif,Positif,train
game gak jelas gak menarik tidak disarankan untuk di download game ini merusak psikologi manusia game sesat saat ini dan di besar besarkan oleh media yg populer yak tiktok atau disebut apk sarang monyet dan untuk developer playstore game ini seharusnya dibanned dari situs ini dan menyebab kan anak anak gangguan,1,2026-07-25 05:18:32,game tidak jelas tidak menarik tidak disarankan download game merusak psikologi manusia game sesat besar besarkan media populer yak tiktok disebut apk sarang monyet developer playstore game dibanned situs menyebab kan anak anak gangguan,game tidak jelas tidak tarik tidak saran download game rusak psikologi manusia game sesat besar besar media populer yak tiktok sebut apk sarang monyet developer playstore game dibanned situs sebab kan anak anak ganggu,-9.0,Negatif,-9.0,Negatif,Negatif,train
"sangat seru banyak dark sistem, orang ngetroll , bucin, dll apa lagi main sendiri layak untuk dapat bintang 1 👍👍👍jangan lupa liat map👍👍👍",1,2026-07-25 05:18:17,sangat seru banyak dark sistem orang ngetroll bucin apa main sendiri layak bintang jangan lupa liat map emoji_positif emoji_positif emoji_positif emoji_positif emoji_positif emoji_positif,sangat seru banyak dark sistem orang ngetroll bucin apa main sendiri layak bintang jangan lupa liat map emoji_positif emoji_positif emoji_positif emoji_positif emoji_positif emoji_positif,-14.0,Negatif,-11.0,Negatif,Negatif,train
ga ga jelas kasih tim dongo semua,1,2026-07-25 05:12:23,tidak tidak jelas kasih tim dongo semua,tidak tidak jelas kasih tim dongo semua,-4.0,Negatif,-4.0,Negatif,Negatif,train
dark sistem 😹 aku udah gendong tapi timnya tolong bagi dengan merata masa kalah 20 lebih menang cuman 1-2 tambahin aja losetreak nya biar banyak yang pensi,1,2026-07-25 05:11:37,dark sistem aku udah gendong timnya merata masa kalah lebih menang cuman tambahin aja losetreak nya banyak pensi emoji_netral,dark sistem aku udah gendong tim rata masa kalah lebih menang cuman tambahin aja losetreak nya banyak pensi emoji_netral,-5.0,Negatif,-1.0,Negatif,Negatif,train
musuh terlalu susah cokkkkkk,1,2026-07-25 05:11:20,musuh terlalu susah cokk,musuh terlalu susah cokk,-10.0,Negatif,-10.0,Negatif,Negatif,train
"lama ngga main, sekalinya main isinya bot,musuh ga imbang sama musuh",1,2026-07-25 05:10:34,lama ngga main sekalinya main isinya bot musuh tidak imbang sama musuh,lama ngga main sekali main isi bot musuh tidak imbang sama musuh,-17.0,Negatif,-17.0,Negatif,Negatif,test
ngasih tim nya kagak pernah adil,1,2026-07-25 05:10:10,ngasih tim nya kagak pernah adil,ngasih tim nya kagak pernah adil,-5.0,Negatif,-5.0,Negatif,Negatif,train
bagus menang dikit langsung dikasih tim yang keren. sampai saya lose ts 6 kali,5,2026-07-25 05:08:40,bagus menang dikit langsung dikasih tim keren lose ts kali,bagus menang dikit langsung kasih tim keren lose ts kali,-6.0,Negatif,7.0,Positif,Positif,train
game temendil emang,5,2026-07-25 05:07:36,game temendil emang,game temendil emang,2.0,Positif,2.0,Positif,Positif,train
COMING SOON 3.5,1,2026-07-25 05:07:01,coming soon,coming soon,0.0,Negatif,0.0,Negatif,Negatif,train
serruuuuuuuu bgttttt,5,2026-07-25 05:05:24,serruu bgtt,serruu bgtt,0.0,Positif,0.0,Positif,Positif,train
mantap tapi bikin HP saya lag mlu,4,2026-07-25 05:05:15,mantap bikin handphone lag mlu,mantap bikin handphone lag mlu,5.0,Positif,2.0,Positif,Positif,train
saya suka game nya Hero nya bagus bagus,5,2026-07-25 05:03:15,suka game nya hero nya bagus bagus,suka game nya hero nya bagus bagus,0.0,Positif,10.0,Positif,Positif,train
kok bisa ya ping/jaringan sering jadi merah gak boleh jalan lagi dan juga kalau gak login 3 hari pun langsung mengunduh data tolong lagi di perbaiki:(,2,2026-07-25 05:02:08,kok ping jaringan sering jadi merah tidak jalan kalau tidak login hari langsung mengunduh data perbaiki,kok ping jaring sering jadi merah tidak jalan kalau tidak login hari langsung unduh data baik,-9.0,Negatif,-9.0,Negatif,Negatif,train
"woi moonton, itu tolong sepatu encourage di fix minimal kalau Nerima damage baru dapet assist. ini gua barusan main ketemu khufra ULTI gak kena kena dapet assist cuma dari encourage, kalau lu mikir dia berjasa karena maju ya udah tugas badan dia maju karena paling susah mati. gua main jung udah outplay sana sini objektif dapet steal turtel, turret gua, demeg paling banyak gua. yang mvp malah khufra yang dapet asis dari gua yang ngedemeg kagak Nerima kagak, mindset nya yang penting bareng.",1,2026-07-25 05:01:45,woi moonton sepatu encourage fix minimal kalau nerima damage baru dapet assist barusan main ketemu khufra ulti tidak kena kena dapet assist cuma encourage kalau kamu mikir berjasa maju udah tugas badan maju paling susah mati main jung udah outplay sana sini objektif dapet steal turtel turret demeg paling banyak mvp malah khufra dapet asis ngedemeg kagak nerima kagak mindset nya penting bareng,woi moonton sepatu encourage fix minimal kalau nerima damage baru dapet assist barusan main ketemu khufra ulti tidak kena kena dapet assist cuma encourage kalau kamu mikir jasa maju udah tugas badan maju paling susah mati main jung udah outplay sana sini objektif dapet steal turtel turret deg paling banyak mvp malah khufra dapet asis ngedemeg kagak nerima kagak mindset nya penting bareng,-9.0,Negatif,-9.0,Negatif,Negatif,train
saran moonton buat yang main solo tolong jangan di kasih tim rondom yg ampas terus di situ kan ada winrate nah sesuaikan dengan winratenya jgn asal comot aja bodoh banget ngelolanya jgn mau untungnya aja,1,2026-07-25 05:01:32,saran moonton buat main solo jangan kasih tim rondom ampas terus situ kan winrate nah sesuaikan winratenya jangan asal comot aja bodoh banget ngelolanya jangan mau untungnya aja,saran moonton buat main solo jangan kasih tim rondom ampas terus situ kan winrate nah sesuai winratenya jangan asal comot aja bodoh banget ngelolanya jangan mau untung aja,-20.0,Negatif,-20.0,Negatif,Negatif,train
game seru jika menang jika kalah banting hape,4,2026-07-25 05:01:17,game seru menang kalah banting hape,game seru menang kalah banting hape,-5.0,Negatif,2.0,Positif,Positif,train
woy moonton kalo ngasih tim tuh yang bener yang bisa lihat maps,3,2026-07-25 05:00:45,woy moonton kalau ngasih tim tuh bener lihat maps,woy moonton kalau ngasih tim tuh bener lihat maps,1.0,Positif,1.0,Positif,Positif,train
Game ini sangat seru,5,2026-07-25 05:00:42,game sangat seru,game sangat seru,0.0,Positif,3.0,Positif,Positif,train
"cobak kalo tinggal satu bintang lagi tu jangan kasih musuh yang imo atau yang pake chit,cuma saya kasi h bintang 3 lh setiap ketemu musuh kalo GK pake chit ya partian imo , GK tu jaringan nya ngeleg parah",3,2026-07-25 04:59:25,cobak kalau tinggal satu bintang tu jangan kasih musuh imo pake chit cuma kasi h bintang lh ketemu musuh kalau tidak pake chit partian imo tidak tu jaringan nya ngeleg parah,cobak kalau tinggal satu bintang tu jangan kasih musuh imo pake chit cuma kasi h bintang lh ketemu musuh kalau tidak pake chit partian imo tidak tu jaring nya ngeleg parah,-35.0,Negatif,-35.0,Negatif,Negatif,test
"game nya bagus cuman aga ngeleg,dan aga banyak bug",4,2026-07-25 04:58:39,game nya bagus cuman aga ngeleg aga banyak bug,game nya bagus cuman aga ngeleg aga banyak bug,0.0,Positif,3.0,Positif,Positif,test
"bagi teman teman harap untuk tidak download game ini karena dalam pertandingan mengenai tim itu sudah di atur oleh moonton,jadi bagi teman yg pernah bermain game ini pasti pernah ngerasa di kasih musuh yg sangat hebat dan teman kita afk atau server kita mendadak jelek itu kareba moonton yg ngatur,harap teman teman jngan download game ini kerna tjuan bermain game untuk bersenang senang dan kebebsan bukan untuk di atur mengenai tim,ingat moonton itu curang jngan download dan uninstal game ini",3,2026-07-25 04:58:30,teman teman harap tidak download game pertandingan mengenai tim atur moonton jadi teman pernah bermain game pernah ngerasa kasih musuh sangat hebat teman afk server mendadak jelek kareba moonton ngatur harap teman teman jngan download game kerna tjuan bermain game bersenang senang kebebsan bukan atur mengenai tim ingat moonton curang jngan download uninstal game,teman teman harap tidak download game tanding kena tim atur moonton jadi teman pernah main game pernah ngerasa kasih musuh sangat hebat teman afk server dadak jelek kareba moonton ngatur harap teman teman jngan download game kerna tjuan main game senang senang kebebsan bukan atur kena tim ingat moonton curang jngan download uninstal game,-24.0,Negatif,-26.0,Negatif,Negatif,train
"banyak dosa lu monton, kasih tim masih mitik honor semua, giliran lawan mitik glory semua, hebat, ngeleg lagi, di room jaringan 50 ms, pas main malah 98-115 ms apa coba, banyak dia lu monton",2,2026-07-25 04:57:53,banyak dosa kamu moonton kasih tim mitik honor semua giliran lawan mitik glory semua hebat ngeleg room jaringan ms pas main malah ms apa coba banyak kamu moonton,banyak dosa kamu moonton kasih tim mitik honor semua gilir lawan mitik glory semua hebat ngeleg room jaring ms pas main malah ms apa coba banyak kamu moonton,-13.0,Negatif,-13.0,Negatif,Negatif,test
akun saya hilang begitu saja setelah meng uninstall game ini,1,2026-07-25 04:57:10,akun hilang meng uninstall game,akun hilang meng uninstall game,1.0,Positif,1.0,Positif,Positif,test
suka di kasih derak sistem,1,2026-07-25 04:56:04,suka kasih derak sistem,suka kasih derak sistem,-1.0,Negatif,-1.0,Negatif,Negatif,train
keren sangat seru..,5,2026-07-25 04:52:07,keren sangat seru,keren sangat seru,-2.0,Negatif,5.0,Positif,Positif,train
game stres nik turun sampe 10 kali,5,2026-07-25 04:52:03,game stres nik turun sampe kali,game stres nik turun sampe kali,-4.0,Negatif,-4.0,Negatif,Negatif,train
seru banget gamenya kalo aku mvp terus baru aku bisa ke mythic honor,5,2026-07-25 04:50:47,seru banget gamenya kalau aku mvp terus baru aku mythic honor,seru banget gamenya kalau aku mvp terus baru aku mythic honor,2.0,Positif,5.0,Positif,Positif,train
bikin setress,5,2026-07-25 04:50:12,bikin setress,bikin setress,0.0,Positif,0.0,Positif,Positif,test
game nya bagus tapi sering leg padahal udah pakay Wi-Fi,1,2026-07-25 04:49:35,game nya bagus sering leg padahal udah pakay wi fi,game nya bagus sering leg padahal udah pakay wi fi,3.0,Positif,8.0,Positif,Positif,train
ga ush di download bikin gila,1,2026-07-25 04:49:20,tidak ush download bikin gila,tidak ush download bikin gila,-11.0,Negatif,-11.0,Negatif,Negatif,train
"jangan percaya dengan obrolan costumer service , tidak ada yg dia lakukan ketika kita laporan , fakta ini mah . tidak bakal di tindak . pantes banyak AI ternyata game sepi. JANGAN TOP UP",1,2026-07-25 04:48:15,jangan percaya obrolan costumer service tidak lakukan laporan fakta mah tidak bakal tindak pantes banyak ai ternyata game sepi jangan top up,jangan percaya obrol costumer service tidak laku lapor fakta mah tidak bakal tindak pantes banyak ai nyata game sepi jangan top up,-38.0,Negatif,-38.0,Negatif,Negatif,train
taikk game gak jelas lawan imortal temen epic semua,1,2026-07-25 04:44:17,taikk game tidak jelas lawan imortal temen epic semua,taikk game tidak jelas lawan imortal temen epic semua,-7.0,Negatif,-7.0,Negatif,Negatif,test
gempley buruk servernya pilih kasih.timnya di kasih yang bot sedang kan musuh nya jago.jika begini trz semakin lama semua juga. bosan dan unistal game ini,1,2026-07-25 04:42:20,gempley buruk servernya pilih kasih timnya kasih bot sedang kan musuh nya jago begini trz semakin lama semua bosan unistal game,gempley buruk servernya pilih kasih tim kasih bot sedang kan musuh nya jago begini trz makin lama semua bosan unistal game,-12.0,Negatif,-12.0,Negatif,Negatif,train
gemenya udh bagus tapi tolong Adain map buat hevun,2,2026-07-25 04:42:08,gemenya bagus adain map buat hevun,gemenya bagus adain map buat hevun,-1.0,Negatif,4.0,Positif,Positif,train
monton plis akun gua buka in baned nya gua ga pake cit apapun,5,2026-07-25 04:41:59,moonton plis akun buka in baned nya tidak pake cheater apapun,moonton plis akun buka in baned nya tidak pake cheater apa,-5.0,Negatif,-9.0,Negatif,Negatif,test
gem terbaik sumpah,5,2026-07-25 04:40:08,gem terbaik sumpah,gem baik sumpah,5.0,Positif,5.0,Positif,Positif,test
"I like the game, it's exciting even though it's sometimes annoying, but it's okay because it's my own fault or my own team's fault. And you guys, if you lose, don't get angry at Moonton, it's your own fault or your team's fault. Unless it's because of a slow internet connection, even though your internet at home is fine, then you can complain. Don't be mean to Moonton, okay? 😊",5,2026-07-25 04:40:04,i like the game it s exciting even though it s sometimes annoying but it s okay because it s my own fault or my own team s fault and you guys if you lose don t get angry at moonton it s your own fault or your team s fault unless it s because of a slow internet connection even though your internet at home is fine then you can complain don t be mean to moonton okay emoji_positif,i like the game it s exciting even though it s sometimes annoying but it s okay because it s my own fault or my own team s fault and you guys if you lose don t get angry at moonton it s your own fault or your team s fault unless it s because of a slow internet connection even though your internet at home is fine then you can complain don t be mean to moonton okay emoji_positif,17.0,Positif,17.0,Positif,Positif,train
SERVER LAG PARAH!!!,1,2026-07-25 04:39:57,server lag parah,server lag parah,-5.0,Negatif,-8.0,Negatif,Negatif,train
buat moonton ini game bener' ga adil banget systemnya gw di pertemuin sama player yang kurang kasih sayang orang tua caper semua pada bandel ngeyel jadi buat kalian gausa dimainin ini game lu bisa stres nanti sistem tidak seimbang lawan selalu jago tetapi teman kita mainnya kayak bayi ga ngerti apa',1,2026-07-25 04:38:20,buat moonton game bener tidak adil banget systemnya pertemuin sama player kurang kasih sayang orang tua caper semua bandel ngeyel jadi buat kalian gausa dimainin game kamu stres sistem tidak seimbang lawan selalu jago teman mainnya kayak bayi tidak ngerti apa,buat moonton game bener tidak adil banget systemnya pertemuin sama player kurang kasih sayang orang tua caper semua bandel ngeyel jadi buat kalian gausa dimainin game kamu stres sistem tidak imbang lawan selalu jago teman main kayak bayi tidak ngerti apa,-41.0,Negatif,-41.0,Negatif,Negatif,train
"tolong pemilihan tim di rank epic diperadil lagi, masa pemilihan timnya gak bener",1,2026-07-25 04:37:55,pemilihan tim rank epic diperadil masa pemilihan timnya tidak bener,pilih tim rank epic adil masa pilih tim tidak bener,-11.0,Negatif,-11.0,Negatif,Negatif,train
game ya jangan terlalu susah di mainkan selalu main solo tabrak Abang Abang kan tolong ya moonton,2,2026-07-25 04:37:22,game jangan terlalu susah mainkan selalu main solo tabrak abang abang kan moonton,game jangan terlalu susah main selalu main solo tabrak abang abang kan moonton,-2.0,Negatif,-2.0,Negatif,Negatif,train
Seru Sih Tapi Kadang MOONTON NGETROL GWWW 🗿,5,2026-07-25 04:36:17,seru sih kadang moonton ngetrol gww emoji_netral,seru sih kadang moonton ngetrol gww emoji_netral,3.0,Positif,6.0,Positif,Positif,train
"Saya kecewa dengan game ini, saya rasa sistem berpihak hanya pada yang melaporkan.. sedangkan yang dilaporkan berusaha bermain dalam tim, tapi selama match berlangsung tidak ada 1 pun anggota tim yang membantu dan membuat nilai jelek.. tolong sistem yang adil kalau mau mengadili.. kalau gini kasihan player yang mainnya sungguh2 dan berusaha demi tim",1,2026-07-25 04:36:16,kecewa game rasa sistem berpihak melaporkan dilaporkan berusaha bermain tim selama match berlangsung tidak anggota tim membantu membuat nilai jelek sistem adil kalau mau mengadili kalau gini kasihan player mainnya sungguh berusaha tim,kecewa game rasa sistem pihak lapor lapor usaha main tim lama match langsung tidak anggota tim bantu buat nilai jelek sistem adil kalau mau adil kalau gin kasihan player main sungguh usaha tim,-18.0,Negatif,-18.0,Negatif,Negatif,train
"padahal saya cuma ngetik ""izin afk disuruh emak"" sama montoon kehitung chat yang tidak pantas emang gak waras montoon ini",1,2026-07-25 04:35:25,padahal cuma ngetik izin afk disuruh emak sama moonton kehitung chat tidak pantas emang tidak waras moonton,padahal cuma ngetik izin afk suruh emak sama moonton hitung chat tidak pantas emang tidak waras moonton,-8.0,Negatif,-10.0,Negatif,Negatif,train
"Gjls, ngasih tim gk waras. matchmaking lama dan aneh, dpt tim legend sementara musuh ex imo.",1,2026-07-25 04:35:17,gjls ngasih tim tidak waras matchmaking lama aneh tim legend musuh ex imo,gjls ngasih tim tidak waras matchmaking lama aneh tim legend musuh ex imo,-20.0,Negatif,-20.0,Negatif,Negatif,train
Seruuu,5,2026-07-25 04:35:11,seruu,seruu,0.0,Positif,0.0,Positif,Positif,train
moonton tolong kasih saya tim yg jago la masak tim yg dark system moonton,1,2026-07-25 04:35:01,moonton kasih tim jago la masak tim dark system moonton,moonton kasih tim jago la masak tim dark system moonton,-4.0,Negatif,-4.0,Negatif,Negatif,test
game ga guna hapus aja game ini dari PlayStore game ga bermanfaaat game yang sangat tidak di sarankan untuk di donwload,1,2026-07-25 04:34:45,game tidak hapus aja game playstore game tidak bermanfaat game sangat tidak sarankan donwload,game tidak hapus aja game playstore game tidak manfaat game sangat tidak saran donwload,-10.0,Negatif,-10.0,Negatif,Negatif,test
"game aneh, 14 hari lebih gak pernah dapat win berturut-turut",1,2026-07-25 04:34:18,game aneh hari lebih tidak pernah win berturut turut,game aneh hari lebih tidak pernah win turut turut,-5.0,Negatif,-5.0,Negatif,Negatif,train
tolong sesuaikan pengalaman match making dengan tingkatan tier yang sama,5,2026-07-25 04:34:02,sesuaikan pengalaman match making tingkatan tier sama,sesuai alam match making tingkat tier sama,5.0,Positif,5.0,Positif,Positif,train
susah banget ni game udah mah pernah nabrak global lagi pusinggg bet dah,1,2026-07-25 04:33:13,susah banget ni game udah mah pernah nabrak global pusingg bet,susah banget ni game udah mah pernah nabrak global pusingg bet,-4.0,Negatif,-4.0,Negatif,Negatif,test
"Game asik ini mah, malah jadi moba wajib di Indonesia. Easy to play, pakai Carmilla juga santuy, eh tapi udah ulti malah ditinggal tim. Asik dah main ni game.",5,2026-07-25 04:32:56,game asik mah malah jadi moba wajib indonesia easy to play pakai carmilla santuy eh udah ulti malah ditinggal tim asik main ni game,game asik mah malah jadi moba wajib indonesia easy to play pakai carmilla santuy eh udah ulti malah tinggal tim asik main ni game,1.0,Positif,1.0,Positif,Positif,train
tolol game anji,1,2026-07-25 04:32:53,tolol game anji,tolol game anji,-3.0,Negatif,-3.0,Negatif,Negatif,test
saya senang bermain game ini,5,2026-07-25 04:31:48,senang bermain game,senang main game,3.0,Positif,3.0,Positif,Positif,train
"Game nya bagus tapi , kadang gak adil banget musuh tim nya oke² aj ,lah tim ku dark sistem semua ,gak adil",5,2026-07-25 04:31:25,game nya bagus kadang tidak adil banget musuh tim nya oke aj lah tim ku dark sistem semua tidak adil,game nya bagus kadang tidak adil banget musuh tim nya oke aj lah tim ku dark sistem semua tidak adil,-25.0,Negatif,-20.0,Negatif,Negatif,test
lw bisa banyakin diamond nya,5,2026-07-25 04:27:54,lw banyakin diamond nya,lw banyakin diamond nya,3.0,Positif,3.0,Positif,Positif,train
"udah kirim starlight ke temen, udah bener akunnya, tapi kok ga nerima apa-apa temen saya? padahal kartu starlight saya sudah berkurang!",5,2026-07-25 04:27:10,udah kirim starlight temen udah bener akunnya kok tidak nerima apa apa temen padahal kartu starlight berkurang,udah kirim starlight temen udah bener akun kok tidak nerima apa apa temen padahal kartu starlight kurang,-10.0,Negatif,-10.0,Negatif,Negatif,train
main full 1 hari cuma nambah 1 bintang nemu tim cuma mentok glory semua musuhnya malah full immo dua ratus,1,2026-07-25 04:25:28,main full hari cuma nambah bintang nemu tim cuma mentok glory semua musuhnya malah full immo ratus,main full hari cuma nambah bintang nemu tim cuma mentok glory semua musuh malah full immo ratus,-20.0,Negatif,-20.0,Negatif,Negatif,train
aku sangat menyukai gem mL,5,2026-07-25 04:25:02,aku sangat menyukai gem ml,aku sangat suka gem ml,2.0,Positif,2.0,Positif,Positif,train
Gem penuh lek padahal sinyal bagus,2,2026-07-25 04:24:42,gem penuh lek padahal sinyal bagus,gem penuh lek padahal sinyal bagus,-2.0,Negatif,3.0,Positif,Positif,train
gua main mobile Legends dari dulu sampai sekaran jujur gua itu skin impian gua tuh yaitu Hunter x Hunter tapi sayangnya belum punya diamond buat beli,5,2026-07-25 04:24:22,main mobile legends dulu sekaran jujur skin impian tuh hunter x hunter sayangnya belum punya diamond buat beli,main mobile legends dulu sekar jujur skin impi tuh hunter x hunter sayang belum punya diamond buat beli,4.0,Positif,4.0,Positif,Positif,train
bismillaah.. nah gitu dong salut akhirnya google play paham juga.. ada google deals.. keren.. maa syaa Allaah.. kan nanti terhubung dengan instrumen lainnya. game ya industri gaming house.. game produksi ya produksi.. slot dan poker kita alihkan ke market skin dll.. dan penghasilan saldo non coin (point dll) good job google.. termasuk software dan hardware ke industri yang dituju.. intinya semua ada instrument nya so stop nagih langganan.. bikin pusing aja..,1,2026-07-25 04:22:23,bismillaah nah gitu dong salut akhirnya google play paham google deals keren maa syaa allaah kan terhubung instrumen lainnya game industri gaming house game produksi produksi slot poker alihkan market skin penghasilan saldo non coin point good job google termasuk software hardware industri dituju intinya semua instrument nya so stop nagih langganan bikin pusing aja,bismillaah nah gitu dong salut akhir google play paham google deals keren maa syaa allaah kan hubung instrumen lain game industri gaming house game produksi produksi slot poker alih market skin hasil saldo non coin point good job google masuk software hardware industri tuju inti semua instrument nya so stop nagih langgan bikin pusing aja,6.0,Positif,10.0,Positif,Positif,test
"komposisi rank tim saya dan tim lawan tidak seimbang, membuat perbedaan kemampuan yang sangat signifikan dan terkesan tidak adil sama sekali, segera perbaiki!",1,2026-07-25 04:21:39,komposisi rank tim tim lawan tidak seimbang membuat perbedaan kemampuan sangat signifikan terkesan tidak adil sama sekali segera perbaiki,komposisi rank tim tim lawan tidak imbang buat beda mampu sangat signifikan kes tidak adil sama sekali segera baik,-19.0,Negatif,-19.0,Negatif,Negatif,train
bagus aku suka tapi banyak cheater,4,2026-07-25 04:20:51,bagus aku suka banyak cheater,bagus aku suka banyak cheater,1.0,Positif,2.0,Positif,Positif,train
game apaan lu dikasih ws langsung dikasih tim poke +ngleeeg,1,2026-07-25 04:20:34,game apaan kamu dikasih winstreak langsung dikasih tim poke ngleeg,game apa kamu kasih winstreak langsung kasih tim poke ngleeg,1.0,Positif,1.0,Positif,Positif,train
game ini sangat bagus dan kadang² saya sters bermain game ini tapi game ini tetap seru 0,5,2026-07-25 04:20:22,game sangat bagus kadang sters bermain game game tetap seru,game sangat bagus kadang sters main game game tetap seru,8.0,Positif,16.0,Positif,Positif,train
cara membetulkan bug mic gagal dinyalakan gimana?,5,2026-07-25 04:20:18,cara membetulkan bug mic gagal dinyalakan gimana,cara betul bug mic gagal nyala gimana,-4.0,Negatif,-6.0,Negatif,Negatif,test
mohon banget ml tolong lawannya yang adil ya🙏,1,2026-07-25 04:20:03,mohon banget ml lawannya adil emoji_netral,mohon banget ml lawan adil emoji_netral,2.0,Positif,2.0,Positif,Positif,train
woy moontoon boleh tak kalau bagi skin gratis! rank aku dah akh kekal kat epic tak naik-naik sbb season baru.. susah tau tak bagilah skin gratis mlbb beta pun kena kumpul skin walaupun diamond free susah tau tak,3,2026-07-25 04:19:07,woy moontoon tak kalau skin gratis rank aku akh kekal kat epic tak naik naik sbb season baru susah tau tak bagilah skin gratis mlbb beta kena kumpul skin walaupun diamond free susah tau tak,woy moontoon tak kalau skin gratis rank aku akh kekal kat epic tak naik naik sbb season baru susah tau tak bagi skin gratis mlbb beta kena kumpul skin walaupun diamond free susah tau tak,-1.0,Negatif,-1.0,Negatif,Negatif,test
"game ga guna, game ajur ngabisin waktu doang",1,2026-07-25 04:18:30,game tidak game ajur ngabisin waktu doang,game tidak game ajur ngabisin waktu doang,-5.0,Negatif,-5.0,Negatif,Negatif,train
tim nya dapet nya gak sesuai rank musuh nya malah imo ge baru honor 30,1,2026-07-25 04:18:17,tim nya dapet nya tidak sesuai rank musuh nya malah imo ge baru honor,tim nya dapet nya tidak sesuai rank musuh nya malah imo ge baru honor,-14.0,Negatif,-14.0,Negatif,Negatif,train
baka ngelag kin hp ku emang males main mlbb bagus banget,1,2026-07-25 04:17:17,baka ngelag kin handphone ku emang males main mlbb bagus banget,baka ngelag kin handphone ku emang males main mlbb bagus banget,-5.0,Negatif,-3.0,Negatif,Negatif,train
gem tolol sistem aneh orang ga afk di bilang afk,1,2026-07-25 04:16:36,gem tolol sistem aneh orang tidak afk bilang afk,gem tolol sistem aneh orang tidak afk bilang afk,-14.0,Negatif,-14.0,Negatif,Negatif,train
"game sepi ga ada pemain lagi,maknya terpaksa akun bot dimasukin di dalam match,game sampah season depan akun bot di hilangin,biar ga sepi ni game",1,2026-07-25 04:16:16,game sepi tidak pemain maknya terpaksa akun bot dimasukin match game sampah season depan akun bot hilangin tidak sepi ni game,game sepi tidak main maknya paksa akun bot dimasukin match game sampah season depan akun bot hilangin tidak sepi ni game,-13.0,Negatif,-13.0,Negatif,Negatif,train
aku suka ml,5,2026-07-25 04:13:18,aku suka ml,aku suka ml,3.0,Positif,3.0,Positif,Positif,train
"game t*i, a*jing",1,2026-07-25 04:12:53,game t i a jing,game t i a jing,2.0,Positif,2.0,Positif,Positif,test
"mau komplain moon tod 1. kenapa gw kalau roam suka ditemenin Ama poke, padahal gw jago 2. kenapa jaringan gw saat Mabar sama temen tbtb suka ngelag bersamaan padhal kita gak saling nge hotspot 3. download data gw ke reseat moon toll 4. tolong moonton buru semua dark sistem kalau boleh eksekusi dah, bikin emosi Mabar Ama team keras kepala tukang beli sky picek stak 0",1,2026-07-25 04:09:22,mau komplain moon tod kalau roam suka ditemenin ama poke padahal jago jaringan mabar sama temen tbtb suka ngelag bersamaan padhal tidak saling nge hotspot download data reseat moon toll moonton buru semua dark sistem kalau eksekusi bikin emosi mabar ama team keras kepala tukang beli sky picek stak,mau komplain moon tod kalau roam suka ditemenin ama poke padahal jago jaring mabar sama temen tbtb suka ngelag sama padhal tidak saling nge hotspot download data reseat moon toll moonton buru semua dark sistem kalau eksekusi bikin emosi mabar ama team keras kepala tukang beli sky picek stak,-9.0,Negatif,-12.0,Negatif,Negatif,train
sanggat seruh dan menyenangkan,5,2026-07-25 04:09:22,sanggat seruh menyenangkan,sanggat seruh senang,1.0,Positif,1.0,Positif,Positif,test
monton pilih kasih ga jelas,1,2026-07-25 04:08:52,moonton pilih kasih tidak jelas,moonton pilih kasih tidak jelas,-4.0,Negatif,-4.0,Negatif,Negatif,train
"Game yang sangat membikin darah mendidih, Keren luar biasa. tapi tolong, fitur chat di perbaiki. masih banyak anak anak fomo dan toxic, kalau bisa auto kasih pelanggaran untuk yang TOXIC. Semangat..",5,2026-07-25 04:08:36,game sangat membikin darah mendidih keren luar biasa fitur chat perbaiki banyak anak anak fomo toxic kalau auto kasih pelanggaran toxic semangat,game sangat bikin darah didih keren luar biasa fitur chat baik banyak anak anak fomo toxic kalau auto kasih langgar toxic semangat,-2.0,Negatif,-6.0,Negatif,Negatif,train
kasih tim yg setara Napa berapa kali Nemu tim yg ga seimbang sama musuh nya lawak bugg sinyal juga benerin tuh main game lain sinyal stabil di 5ms paling gede 10ms giliran main ke ml bisa ping 50 kadang merah kadang juga kalo sinyal hijau tapi di game nya ngeleq jalan jalan sendiri lawak,1,2026-07-25 04:06:07,kasih tim setara napa berapa kali nemu tim tidak seimbang sama musuh nya lawak bugg sinyal benerin tuh main game sinyal stabil ms paling gede ms giliran main ml ping kadang merah kadang kalau sinyal hijau game nya ngeleq jalan jalan sendiri lawak,kasih tim tara napa berapa kali nemu tim tidak imbang sama musuh nya lawak bugg sinyal benerin tuh main game sinyal stabil ms paling gede ms gilir main ml ping kadang merah kadang kalau sinyal hijau game nya ngeleq jalan jalan sendiri lawak,1.0,Positif,1.0,Positif,Positif,train
seru tapi naikin rank nya susah,3,2026-07-25 04:05:31,seru naikin rank nya susah,seru naikin rank nya susah,-3.0,Negatif,0.0,Negatif,Negatif,test
game nya bagus player nya ilangin,1,2026-07-25 04:04:00,game nya bagus player nya ilangin,game nya bagus player nya ilangin,0.0,Negatif,5.0,Positif,Positif,train
ngeleg mulu padahal jaringan bagus gimanasi,1,2026-07-25 04:03:29,ngeleg mulu padahal jaringan bagus gimanasi,ngeleg mulu padahal jaring bagus gimanasi,-2.0,Negatif,3.0,Positif,Positif,train
"banyak drak sistem nya, jadi saya kasih bintang 5🤗",5,2026-07-25 04:02:10,banyak drak sistem nya jadi kasih bintang emoji_lain,banyak drak sistem nya jadi kasih bintang emoji_lain,-4.0,Negatif,-4.0,Negatif,Negatif,train
"INI KAPAN FLORYN DI NERF MONTONNNNN ROAMM SUP HMA KEK GITU DI BIARIN AJA, GA LIAT APA GIMANA ADA FLORYN TIM JADI GA SEIMBANG",1,2026-07-25 03:59:59,kapan floryn nerf montonn roamm sup hma kek gitu biarin aja tidak liat apa gimana floryn tim jadi tidak seimbang,kapan floryn nerf montonn roamm sup hma kek gitu biarin aja tidak liat apa gimana floryn tim jadi tidak imbang,-21.0,Negatif,-21.0,Negatif,Negatif,test
udh seru doang sih sorry gk banyak²,5,2026-07-25 03:58:57,seru doang sih sorry tidak banyak,seru doang sih sorry tidak banyak,-9.0,Negatif,-6.0,Negatif,Negatif,train
server benerin bukan skin yang di update terus lawak,1,2026-07-25 03:57:34,server benerin bukan skin update terus lawak,server benerin bukan skin update terus lawak,-3.0,Negatif,-3.0,Negatif,Negatif,train
menuju Menuhin memories jir😹,1,2026-07-25 03:57:31,menuju menuhin memories jir emoji_netral,tuju menuhin memories jir emoji_netral,-7.0,Negatif,-7.0,Negatif,Negatif,test
"kalo bikin game itu jgn bikin orang stress orang punya emosi kau kasih pulak tim yg noob tapi musuh ny jago itu namanya ga adil sama juga kau kasih di rank kalah terus giliran classic asik menang kau memang kurang ajar ya kau kalo buat game kau jangan kasih orang yg solo, duo sama trio nabrak party ya kau buat orang stress ya orang yg udh emosian jgn kau tambah tambahkan emosinya di classic kasih tim bagus di rank dikasih tim cupu",1,2026-07-25 03:57:19,kalau bikin game jangan bikin orang stress orang punya emosi kau kasih pulak tim noob musuh ny jago namanya tidak adil sama kau kasih rank kalah terus giliran classic asik menang kau memang kurang ajar kau kalau buat game kau jangan kasih orang solo duo sama trio nabrak party kau buat orang stress orang emosian jangan kau tambah tambahkan emosinya classic kasih tim bagus rank dikasih tim cupu,kalau bikin game jangan bikin orang stress orang punya emosi kau kasih pulak tim noob musuh ny jago nama tidak adil sama kau kasih rank kalah terus gilir classic asik menang kau memang kurang ajar kau kalau buat game kau jangan kasih orang solo duo sama trio nabrak party kau buat orang stress orang emosi jangan kau tambah tambah emosi classic kasih tim bagus rank kasih tim cupu,-22.0,Negatif,-13.0,Negatif,Negatif,train
"saya suka ml, tapi monton kasih tim tu jangan yg main nya kayak tier epic, tapi tim musuh mantan tier imo, jadi kasih tim yg sepadan aja jangan kasi tim yg GK bisa main😭.",5,2026-07-25 03:57:08,suka ml moonton kasih tim tu jangan main nya kayak tier epic tim musuh mantan tier imo jadi kasih tim sepadan aja jangan kasi tim tidak main emoji_negatif,suka ml moonton kasih tim tu jangan main nya kayak tier epic tim musuh mantan tier imo jadi kasih tim padan aja jangan kasi tim tidak main emoji_negatif,-30.0,Negatif,-30.0,Negatif,Negatif,train
kalo main solo ketemu nya musuh nya trio jago muluk mana rank nya tinggi pulak tolong lah perbaiki buat pelayer solo,2,2026-07-25 03:55:55,kalau main solo ketemu nya musuh nya trio jago muluk mana rank nya tinggi pulak lah perbaiki buat pelayer solo,kalau main solo ketemu nya musuh nya trio jago muluk mana rank nya tinggi pulak lah baik buat layer solo,3.0,Positif,3.0,Positif,Positif,train
hmmmn gua ls 12 kali tonnnn kasih ws 39 kali cepEt akun gua namanya draksistem,1,2026-07-25 03:55:50,hmmn losestreak kali tonn kasih winstreak kali cepet akun namanya draksistem,hmmn losestreak kali tonn kasih winstreak kali cepet akun nama draksistem,3.0,Positif,3.0,Positif,Positif,train
aku dapet teman bot mulu isi nya kalah mulu jangan main gem ini busuk kalah terus menerus dapet tim bot gw kalah terus,1,2026-07-25 03:53:40,aku dapet teman bot mulu isi nya kalah mulu jangan main gem busuk kalah terus menerus dapet tim bot kalah terus,aku dapet teman bot mulu isi nya kalah mulu jangan main gem busuk kalah terus terus dapet tim bot kalah terus,-24.0,Negatif,-24.0,Negatif,Negatif,test
"PEMBAGIAN UNTUK PLAYER SOLO SUDAH GA NGOTAK,MQKIN KESINI MAKIN BURUK,SEMOGA KE DEPQNYA GAME INI RATING 2.0",1,2026-07-25 03:51:04,pembagian player solo tidak ngotak mqkin kesini makin buruk semoga depqnya game rating,bagi player solo tidak ngotak mqkin kesini makin buruk moga depqnya game rating,-4.0,Negatif,-4.0,Negatif,Negatif,train
Dpt yim gk bener semua,1,2026-07-25 03:47:18,yim tidak bener semua,yim tidak bener semua,-10.0,Negatif,-10.0,Negatif,Negatif,test
"dendam apa mooton sm gua ,gua kasih tim epik semua beban , males maen ml kolo begini lost trek 15 kali dahlah",1,2026-07-25 03:46:00,dendam apa moonton sama kasih tim epik semua beban males maen ml kolo begini lost trek kali dahlah,dendam apa moonton sama kasih tim epik semua beban males maen ml kolo begini lost trek kali dah,-27.0,Negatif,-27.0,Negatif,Negatif,test
"gw abis lose 9x,,ini game tim musuh kek bintang tim sendiri kek binatang",1,2026-07-25 03:44:53,abis lose x game tim musuh kek bintang tim sendiri kek binatang,abis lose x game tim musuh kek bintang tim sendiri kek binatang,-14.0,Negatif,-14.0,Negatif,Negatif,train
game nya buruk dapat musuh ya gk bisa yang normal masa top desa lawan top global jujur kalo kamu satu bintang lg menuju Rnk baru jangan berharap bisa menang semudah itu malahan membuat kita emosi dan pusing kalo ingin hidup lebih lama usaha kan jan main game ini tkt nya makin di bilangin makin jadi😹 makin sepi makin baik,1,2026-07-25 03:44:51,game nya buruk musuh tidak normal masa top desa lawan top global jujur kalau kamu satu bintang lg menuju rnk baru jangan berharap menang semudah malahan membuat emosi pusing kalau hidup lebih lama usaha kan jan main game tkt nya makin bilangin makin jadi makin sepi makin baik emoji_netral,game nya buruk musuh tidak normal masa top desa lawan top global jujur kalau kamu satu bintang lg tuju rnk baru jangan harap menang mudah malah buat emosi pusing kalau hidup lebih lama usaha kan jan main game tkt nya makin bilangin makin jadi makin sepi makin baik emoji_netral,-16.0,Negatif,-12.0,Negatif,Negatif,train
game matchmaking sampahhh,1,2026-07-25 03:44:14,game matchmaking sampahh,game matchmaking sampahh,2.0,Positif,2.0,Positif,Positif,train
"game aneh,setingan, devloper problematik, moonton mata duitan. sengaja bgt dibikin kalah dah, aneh ni game.",1,2026-07-25 03:41:27,game aneh setingan devloper problematik moonton mata duitan sengaja banget dibikin kalah aneh ni game,game aneh ting devloper problematik moonton mata duit sengaja banget bikin kalah aneh ni game,-3.0,Negatif,-3.0,Negatif,Negatif,train
GAME TOLOL TOLOL TOLOL GAME,1,2026-07-25 03:37:59,game tolol tolol tolol game,game tolol tolol tolol game,-11.0,Negatif,-11.0,Negatif,Negatif,train
kenapa pas afk terus mau masuk pertandingan nya lagi ada loading screen mana loading screen nya lama lagi,3,2026-07-25 03:37:08,pas afk terus mau masuk pertandingan nya loading screen mana loading screen nya lama,pas afk terus mau masuk tanding nya loading screen mana loading screen nya lama,0.0,Negatif,-2.0,Negatif,Negatif,train
game ini saya sangat suka walaupun ketemu sistem gelap tapi gpp yang menting saya sangat suka menyukainya,5,2026-07-25 03:37:03,game sangat suka walaupun ketemu sistem gelap gpp menting sangat suka menyukainya,game sangat suka walaupun ketemu sistem gelap gpp ting sangat suka suka,-5.0,Negatif,-5.0,Negatif,Negatif,train
banyak drak sistemnya banyak orng yang ga bisa main banyak orang yang ngetrol nurunin rank orang mulu,1,2026-07-25 03:36:40,banyak drak sistemnya banyak orng tidak main banyak orang ngetrol nurunin rank orang mulu,banyak drak sistem banyak orng tidak main banyak orang ngetrol nurunin rank orang mulu,-4.0,Negatif,-4.0,Negatif,Negatif,train
kemampuan herony di ubah2 najis . game apa ni . tinggal lapor tar di nerf / buff dah gtu tanpa pemberitahuan lg ah parah ga layak instal ni ges . game rusaaaaaak 😭,1,2026-07-25 03:36:00,kemampuan herony ubah najis game apa ni tinggal lapor tar nerf buff gtu tanpa pemberitahuan lg ah parah tidak layak instal ni ges game rusaak emoji_negatif,mampu herony ubah najis game apa ni tinggal lapor tar nerf buff gtu tanpa pemberitahuan lg ah parah tidak layak instal ni ges game rusaak emoji_negatif,-4.0,Negatif,-4.0,Negatif,Negatif,train
gua suka sama payung nya kegura 🗿,5,2026-07-25 03:34:35,suka sama payung nya kegura emoji_netral,suka sama payung nya kegura emoji_netral,5.0,Positif,5.0,Positif,Positif,train
aneh sekarang ping nya tinggi mulu,5,2026-07-25 03:34:02,aneh sekarang ping nya tinggi mulu,aneh sekarang ping nya tinggi mulu,2.0,Positif,2.0,Positif,Positif,test
"bagus, tapi ngasih tim yang setara ya jangan asal lawan onik ph tim bocah sd",3,2026-07-25 03:33:18,bagus ngasih tim setara jangan asal lawan onik ph tim bocah sd,bagus ngasih tim tara jangan asal lawan onik ph tim bocah sd,-13.0,Negatif,-8.0,Negatif,Negatif,train
"gamenya emang bagus tapi jangan yg timnya kenapa, karena saya ranknya legend Mala turun ke epik tim saya kayak bot udah tau mati banyak malah beli sky piecer.ada juga ni masak kita trio dua saya epik temanku epik malah musuh nya legend semua emang udah saya melupakan game ini kikir.",1,2026-07-25 03:31:07,gamenya emang bagus jangan timnya ranknya legend mala turun epik tim kayak bot udah tau mati banyak malah beli sky piecer ni masak trio epik temanku epik malah musuh nya legend semua emang udah melupakan game kikir,gamenya emang bagus jangan tim ranknya legend mala turun epik tim kayak bot udah tau mati banyak malah beli sky piecer ni masak trio epik teman epik malah musuh nya legend semua emang udah lupa game kikir,-28.0,Negatif,-23.0,Negatif,Negatif,train
sangat tidak direkomen pemilihan timnya sangat tidak adil,3,2026-07-25 03:30:04,sangat tidak direkomen pemilihan timnya sangat tidak adil,sangat tidak direkomen pilih tim sangat tidak adil,-15.0,Negatif,-15.0,Negatif,Negatif,train
game gaje gw udh immo bukan nya tim nya makin bagus malah makin pada tolol,1,2026-07-25 03:28:51,game gaje immo bukan nya tim nya makin bagus malah makin tolol,game gaje immo bukan nya tim nya makin bagus malah makin tolol,-11.0,Negatif,-6.0,Negatif,Negatif,train
asik banget game nya menang terus,5,2026-07-25 03:26:43,asik banget game nya menang terus,asik banget game nya menang terus,6.0,Positif,10.0,Positif,Positif,test
"player nya ramah ramah, bahkan ngerekomen dasiin makanan apa yg cocok buat makan siang, player nya juga saling mendoakan, tim musuh jago jago, sementara tim sendiri jago bangett 🥰, apa lagi d rank² tinggi kita bisa ketemu player legend yg mainnya jago pol, ini game nguarangin stress 🤬, ga rekomen sih buat anak-anak main baby bus aja ya biar kita ga ketemu soalnya nanti kejagoan ku tersaingi 🥰",5,2026-07-25 03:23:56,player nya ramah ramah bahkan ngerekomen dasiin makanan apa cocok buat makan siang player nya saling mendoakan tim musuh jago jago tim sendiri jago bangett apa d rank tinggi ketemu player legend mainnya jago pol game nguarangin stress tidak rekomen sih buat anak anak main baby bus aja tidak ketemu soalnya kejagoan ku tersaingi emoji_positif emoji_positif emoji_negatif,player nya ramah ramah bahkan ngerekomen dasiin makan apa cocok buat makan siang player nya saling doa tim musuh jago jago tim sendiri jago bangett apa d rank tinggi ketemu player legend main jago pol game nguarangin stress tidak rekomen sih buat anak anak main baby bus aja tidak ketemu soal jago ku saing emoji_positif emoji_positif emoji_negatif,-20.0,Negatif,-20.0,Negatif,Negatif,train
"untuk even skin sein seiya dan kof diadakan lagi untuk pembelian skin sein seiya dan kof jangan terlalu mahal , yg main mlbb tidak semua golongan atas terimakasi",5,2026-07-25 03:23:18,even skin sein seiya kof diadakan pembelian skin sein seiya kof jangan terlalu mahal main mlbb tidak semua golongan atas terimakasi,even skin sein iya kof ada beli skin sein iya kof jangan terlalu mahal main mlbb tidak semua golong atas terimakasi,-5.0,Negatif,-5.0,Negatif,Negatif,train
kayaknya ini game mau setiap hari di update paket data ku habis gara gara setiap hari update tolong montoon jadi in mobile legends yg dulu aku capek update,1,2026-07-25 03:23:10,kayaknya game mau hari update paket data ku habis gara gara hari update moonton jadi in mobile legends dulu aku capek update,kayak game mau hari update paket data ku habis gara gara hari update moonton jadi in mobile legends dulu aku capek update,-4.0,Negatif,-4.0,Negatif,Negatif,test
game aneh banyak bot nya,5,2026-07-25 03:23:08,game aneh banyak bot nya,game aneh banyak bot nya,0.0,Positif,0.0,Positif,Positif,train
"mobile legend adalah permainan saya sejak kecil, dan saya adalah player xp Hero favorit saya adalah Argus sampe top 1 kabupaten saya sampe tahun kemarin, ijin mengkritik, Hero Argus buff tahun 2026 8 juli ini sangat berbeda dengan cara main Argus dulu , sangat² berbedaa , saya mencoba beberapa kali dengan beradaptasi skil² Argus sekarang, masih aja gak enak tuh Hero, ini buff atau nerf sebenernya ?, plis monton saya harap Argus bisa di ulang lagi seperti dahulu,banyak player Argus yang pensi😭😭",2,2026-07-25 03:22:10,mobile legend permainan sejak kecil player xp hero favorit argus sampe top kabupaten sampe tahun kemarin ijin mengkritik hero argus buff tahun juli sangat berbeda cara main argus dulu sangat berbedaa mencoba beberapa kali beradaptasi skil argus sekarang aja tidak enak tuh hero buff nerf sebenernya plis moonton harap argus ulang banyak player argus pensi emoji_negatif emoji_negatif,mobile legend main sejak kecil player xp hero favorit argus sampe top kabupaten sampe tahun kemarin ijin kritik hero argus buff tahun juli sangat beda cara main argus dulu sangat berbedaa coba beberapa kali adaptasi skil argus sekarang aja tidak enak tuh hero buff nerf sebenernya plis moonton harap argus ulang banyak player argus pensi emoji_negatif emoji_negatif,-11.0,Negatif,-13.0,Negatif,Negatif,test
bAgus bAnhet Gem nya tEam nYa rAmah tidak kasar 😎😭👻😱🤑👹👺,5,2026-07-25 03:21:33,bagus banhet gem nya team nya ramah tidak kasar emoji_negatif emoji_negatif emoji_negatif emoji_lain emoji_lain emoji_lain emoji_lain,bagus banhet gem nya team nya ramah tidak kasar emoji_negatif emoji_negatif emoji_negatif emoji_lain emoji_lain emoji_lain emoji_lain,-4.0,Negatif,1.0,Positif,Positif,train
saya sangat menyukainya walaupun kadang bikin stress,5,2026-07-25 03:20:45,sangat menyukainya walaupun kadang bikin stress,sangat suka walaupun kadang bikin stress,-4.0,Negatif,-4.0,Negatif,Negatif,train
jika ada bintang 100 saya kasih,5,2026-07-25 03:19:10,bintang kasih,bintang kasih,1.0,Positif,1.0,Positif,Positif,train
punyaku kok ngestuck mulu di logo yah moontoon. aku gak bisa masuk untuk main,1,2026-07-25 03:18:35,punyaku kok ngestuck mulu logo yah moontoon aku tidak masuk main,punya kok ngestuck mulu logo yah moontoon aku tidak masuk main,0.0,Negatif,0.0,Negatif,Negatif,train
bagus sih game nya jaringan nya tapi setiap saya ketemu tim saya di katain poke poke ayam ayam retri indomaret orang nya pqda jahat jahat padahal saya mau kesenangan doang loh gimana sih🥺,5,2026-07-25 03:18:28,bagus sih game nya jaringan nya ketemu tim katain poke poke ayam ayam retri indomaret orang nya pqda jahat jahat padahal mau kesenangan doang loh gimana sih emoji_lain,bagus sih game nya jaring nya ketemu tim katain poke poke ayam ayam retri indomaret orang nya pqda jahat jahat padahal mau senang doang loh gimana sih emoji_lain,-8.0,Negatif,-3.0,Negatif,Negatif,train
Game Rusak main pake kuota dapet tim poke main offline computer lawan jarang pake retry Aneh memang,1,2026-07-25 03:18:25,game rusak main pake kuota dapet tim poke main offline computer lawan jarang pake retry aneh memang,game rusak main pake kuota dapet tim poke main offline computer lawan jarang pake retry aneh memang,-4.0,Negatif,-4.0,Negatif,Negatif,train
"game manipulasi, memberikan tim tidak fair",1,2026-07-25 03:17:54,game manipulasi memberikan tim tidak fair,game manipulasi beri tim tidak fair,-10.0,Negatif,-10.0,Negatif,Negatif,train
katanya game adil. apa nya yg adil? saya main tadi tim saya isinya dark sistem skor tim saya 10 tim musuh 40 itu saya doang yg ngekil. game adil katanya😂😂🤣🤣,1,2026-07-25 03:17:49,katanya game adil apa nya adil main tadi tim isinya dark sistem skor tim tim musuh doang ngekil game adil katanya emoji_netral emoji_netral emoji_netral emoji_netral,kata game adil apa nya adil main tadi tim isi dark sistem skor tim tim musuh doang ngekil game adil kata emoji_netral emoji_netral emoji_netral emoji_netral,-18.0,Negatif,-18.0,Negatif,Negatif,train
"monton aku udah bener2 setres ton udahnya dapat tim beban ditambah sinyal jelek untuk hari ini aku g mau main mlbb selama 3 hari ,game ini bisa2 membuat aku gila.🤡🤡🤡😵😵😵👎🏿👎🏿👎🏿💩💩",1,2026-07-25 03:15:59,moonton aku udah bener setres ton udahnya tim beban ditambah sinyal jelek hari aku g mau main mlbb selama hari game membuat aku gila emoji_negatif emoji_negatif emoji_negatif emoji_netral emoji_netral emoji_netral emoji_lain emoji_lain emoji_lain emoji_lain emoji_lain emoji_lain emoji_lain emoji_lain,moonton aku udah bener tres ton udahnya tim beban tambah sinyal jelek hari aku g mau main mlbb lama hari game buat aku gila emoji_negatif emoji_negatif emoji_negatif emoji_netral emoji_netral emoji_netral emoji_lain emoji_lain emoji_lain emoji_lain emoji_lain emoji_lain emoji_lain emoji_lain,-8.0,Negatif,-8.0,Negatif,Negatif,test
seru banget gemny,5,2026-07-25 03:10:58,seru banget gemny,seru banget gemny,1.0,Positif,4.0,Positif,Positif,test
ok bgt Game ini krna gue kasih bintang 5 semoga semakin keren untuk kedepan nanti biar banyak perbuhan,5,2026-07-25 03:10:41,banget game krna kasih bintang semoga semakin keren kedepan banyak perbuhan,banget game krna kasih bintang moga makin keren depan banyak perbuhan,6.0,Positif,10.0,Positif,Positif,train
"seru, tapi kadang kadang di rekomendasi kan game pou,",5,2026-07-25 03:10:09,seru kadang kadang rekomendasi kan game pou,seru kadang kadang rekomendasi kan game pou,8.0,Positif,11.0,Positif,Positif,train
moonton pliss kasi tim yg bener capee bgttt😓,2,2026-07-25 03:07:40,moonton pliss kasi tim bener capee bgtt emoji_lain,moonton pliss kasi tim bener capee bgtt emoji_lain,-5.0,Negatif,-5.0,Negatif,Negatif,train
"jelek, timnya beban terus jadi game nya ngebosenin kalah mulu jelek game nya kalah mulu game",1,2026-07-25 03:07:31,jelek timnya beban terus jadi game nya ngebosenin kalah mulu jelek game nya kalah mulu game,jelek tim beban terus jadi game nya ngebosenin kalah mulu jelek game nya kalah mulu game,-16.0,Negatif,-16.0,Negatif,Negatif,test
"sudah top up tpi diamond tidak masuk , tetapi saldo sudah berkurang",5,2026-07-25 03:06:54,top up tpi diamond tidak masuk saldo berkurang,top up tpi diamond tidak masuk saldo kurang,5.0,Positif,5.0,Positif,Positif,train
t4! sinyal ijo tapi lag,1,2026-07-25 03:06:43,t sinyal ijo lag,t sinyal ijo lag,0.0,Negatif,-3.0,Negatif,Negatif,test
"aku GK mau marah.moonton kalah atau menang itu biasa. cuma tunjukkan kemampuan biasa skill Hero kita kuasai. saya suka moonton, setiap event . kasih skin gratisan yg bagus dan keren spesial aku kasih bintang empat moonton. aku dukung mlbb. 🥺🙏 aku GK kecewa game ini Hero ini udah aku kuasa tambah pandai.",4,2026-07-25 03:06:40,aku tidak mau marah moonton kalah menang biasa cuma tunjukkan kemampuan biasa skill hero kuasai suka moonton event kasih skin gratisan bagus keren spesial aku kasih bintang empat moonton aku dukung mlbb aku tidak kecewa game hero udah aku kuasa tambah pandai emoji_netral emoji_lain,aku tidak mau marah moonton kalah menang biasa cuma tunjuk mampu biasa skill hero kuasa suka moonton event kasih skin gratis bagus keren spesial aku kasih bintang empat moonton aku dukung mlbb aku tidak kecewa game hero udah aku kuasa tambah pandai emoji_netral emoji_lain,-4.0,Negatif,9.0,Positif,Positif,train
makin rusak di ml pas mau war padahal jaringan bagus malah leg,1,2026-07-25 03:03:12,makin rusak ml pas mau war padahal jaringan bagus malah leg,makin rusak ml pas mau war padahal jaring bagus malah leg,5.0,Positif,10.0,Positif,Positif,train
"GAME BOSOK NIATNYA CUMA BUAT HIBURAN MAKIN LAMA MAKIN BIKIN EMOSI, SISTEM RANK SANGAT BURUK SEPERTI DIBUAT DEFEAT MOONTON PADAHAL GUA PEMAIN LAMA..BANGKE !! UNINSTAL !!",1,2026-07-25 03:02:39,game bosok niatnya cuma buat hiburan makin lama makin bikin emosi sistem rank sangat buruk dibuat defeat moonton padahal pemain lama bangke uninstal,game bosok niat cuma buat hibur makin lama makin bikin emosi sistem rank sangat buruk buat defeat moonton padahal main lama bangke uninstal,-19.0,Negatif,-19.0,Negatif,Negatif,train
plislah moonton kasih tim yang adil gw udah kalah 13x malah ketemu cheater jadi kalah 14x gw kadang juga ada yang nge troll tolonglah moonton kasi tim yang adil baru gw kasi bintang 5 kalo adil,1,2026-07-25 03:02:21,plislah moonton kasih tim adil udah kalah x malah ketemu cheater jadi kalah x kadang nge troll tolonglah moonton kasi tim adil baru kasi bintang kalau adil,plislah moonton kasih tim adil udah kalah x malah ketemu cheater jadi kalah x kadang nge troll tolong moonton kasi tim adil baru kasi bintang kalau adil,-16.0,Negatif,-23.0,Negatif,Negatif,test
ini kenapa pas saya mau download soalnya mau comeback kok ngestuck di 98?,3,2026-07-25 03:02:02,pas mau download soalnya mau comeback kok ngestuck,pas mau download soal mau comeback kok ngestuck,8.0,Positif,8.0,Positif,Positif,train
game bagus & gak bikin stress😇,5,2026-07-25 03:01:35,game bagus tidak bikin stress emoji_positif,game bagus tidak bikin stress emoji_positif,-10.0,Negatif,-5.0,Negatif,Negatif,train
"game bikin depresi, 1,2 kali kahalah oke lah tapi setiap main kalah di kasih tim nya yang starsindrom ga pernah bener menang cuma 1,2 kali doang sisahnya kalah",1,2026-07-25 03:00:53,game bikin depresi kali kahalah oke lah main kalah kasih tim nya starsindrom tidak pernah bener menang cuma kali doang sisahnya kalah,game bikin depresi kali kahalah oke lah main kalah kasih tim nya starsindrom tidak pernah bener menang cuma kali doang sisahnya kalah,-18.0,Negatif,-14.0,Negatif,Negatif,train
semoga lebih maju moonton😊,5,2026-07-25 03:00:14,semoga lebih maju moonton emoji_positif,moga lebih maju moonton emoji_positif,1.0,Positif,1.0,Positif,Positif,train
"Game rusak kita bintang 70 ketemu rata"" lawan yg bintang 1200,game hancur makin lama d mainkan makin rusak,kalau mau bgus kalau kita glory ya kasih ketemu tim glory ini malah tim bapuk emang ini monton makin rusak lebih bagus main PUBG aj daripada main ML yg bikin orang makin stress",1,2026-07-25 02:58:42,game rusak bintang ketemu rata lawan bintang game hancur makin lama d mainkan makin rusak kalau mau bgus kalau glory kasih ketemu tim glory malah tim bapuk emang moonton makin rusak lebih bagus main pubg aj main ml bikin orang makin stress,game rusak bintang ketemu rata lawan bintang game hancur makin lama d main makin rusak kalau mau bgus kalau glory kasih ketemu tim glory malah tim bapuk emang moonton makin rusak lebih bagus main pubg aj main ml bikin orang makin stress,-10.0,Negatif,-5.0,Negatif,Negatif,test
maaf saya kasi bintang 1 sering main gk tamba hepy mala dara tinggi . solo player di kasi tim computer,1,2026-07-25 02:58:24,maaf kasi bintang sering main tidak tamba hepy mala dara tinggi solo player kasi tim computer,maaf kasi bintang sering main tidak tamba hepy mala dara tinggi solo player kasi tim computer,-15.0,Negatif,-15.0,Negatif,Negatif,train
Mai. gem ml bikin steres tim nya gak jelas,1,2026-07-25 02:58:07,mai gem ml bikin steres tim nya tidak jelas,mai gem ml bikin steres tim nya tidak jelas,-7.0,Negatif,-7.0,Negatif,Negatif,test
"makin kesini makin ngelag, jaringan 5G kaya H+ main game ini",1,2026-07-25 02:57:32,makin kesini makin ngelag jaringan g kaya h main game,makin kesini makin ngelag jaring g kaya h main game,5.0,Positif,2.0,Positif,Positif,train
apaan sihhh dear moonton udh gw Chet di cs tetap gak bisaaaaaa padahal data gw mati sebentar terus keluar dari ml abis tu gak bisa masuk lagiiii suuuu malah ngestuck di lobbyyyy benerin dulu server lu erorrr,1,2026-07-25 02:57:09,apaan sihh dear moonton chet cs tetap tidak bisaa padahal data mati sebentar terus keluar ml abis tu tidak masuk lagii suu malah ngestuck lobbyy benerin dulu server kamu erorr,apa sihh dear moonton chet cs tetap tidak bisaa padahal data mati sebentar terus keluar ml abis tu tidak masuk lagi suu malah ngestuck lobbyy benerin dulu server kamu erorr,-18.0,Negatif,-18.0,Negatif,Negatif,train
sangat di saran kann saya main game ini bikin saya stress Dann banyak berkata kotor mendapat tim kayak anjingg hapus ajalahh game nya dari play store ngentotttt ngentotttttttttt game kntolll anjnggg apa siii dapat tim kntol muluu yang roam valir roam Layla apaa lah ngntottttttt dapet mid jarott alah kntoll hyper kayak taii anjjj ngntot ngntot ngntoooooootttttt bwan aja lah anjj ayk,1,2026-07-25 02:57:08,sangat saran kann main game bikin stress dann banyak berkata kotor mendapat tim kayak anjingg hapus ajalahh game nya play store ngentott ngentott game kntoll anjngg apa sii tim kntol muluu roam valir roam layla apaa lah ngntott dapet mid jarott alah kntoll hyper kayak taii anjj ngntot ngntot ngntoott bwan aja lah anjj ayk,sangat saran kann main game bikin stress dann banyak kata kotor dapat tim kayak anjingg hapus ajalahh game nya play store ngentott ngentott game kntoll anjngg apa sii tim kntol muluu roam valir roam layla apaa lah ngntott dapet mid jarott alah kntoll hyper kayak taii anjj ngntot ngntot ngntoott bwan aja lah anjj ayk,-25.0,Negatif,-25.0,Negatif,Negatif,train
sangat menarik dan menyenangkan,5,2026-07-25 02:56:31,sangat menarik menyenangkan,sangat tarik senang,-1.0,Negatif,-1.0,Negatif,Negatif,train
"game konyol, game membosankan, game tereror 2026, mendapat peringatan award game bermasalah selamat karena anda akan ditinggal para player 🤮🤮🤮",1,2026-07-25 02:55:19,game konyol game membosankan game tereror mendapat peringatan award game bermasalah selamat ditinggal player emoji_lain emoji_lain emoji_lain,game konyol game bosan game eror dapat ingat award game masalah selamat tinggal player emoji_lain emoji_lain emoji_lain,6.0,Positif,6.0,Positif,Positif,test
game bagus NIH ahahahah,5,2026-07-25 02:55:02,game bagus nih ahahahah,game bagus nih ahahahah,0.0,Positif,5.0,Positif,Positif,test
"mode 1vs1 jangan perlihatkan item, biar tidak bisa di ikuti sama lawan",1,2026-07-25 02:54:28,mode vs jangan perlihatkan item tidak ikuti sama lawan,mode vs jangan lihat item tidak ikut sama lawan,-12.0,Negatif,-12.0,Negatif,Negatif,test
iya lumayan bgus,3,2026-07-25 02:54:10,iya lumayan bgus,iya lumayan bgus,-1.0,Negatif,-1.0,Negatif,Negatif,train
"lu ngasih gua kalah berapa kali 11 kali!!,dan itupun aku masih sabar mengapa kau tega mengasih ku tim seperti ini apakah kau tidak kasihan melihat player playermu yang paling setia kau sakiti haa?bagus begitu??bagus??kenapa kalo ngasih tim ga ngotak musuh dikasih bagus sementara aku dikasih tim yang nge troll?😢terbuat apakah hatimu moonton sampai kau menyakiti hati player mu yang setia??😭😭😭",1,2026-07-25 02:53:43,kamu ngasih kalah berapa kali kali itupun aku sabar kau tega mengasih ku tim kau tidak kasihan melihat player playermu paling setia kau sakiti haa bagus bagus kalau ngasih tim tidak ngotak musuh dikasih bagus aku dikasih tim nge troll terbuat hatimu moonton kau menyakiti hati player mu setia emoji_negatif emoji_negatif emoji_negatif emoji_negatif,kamu ngasih kalah berapa kali kali itu aku sabar kau tega asih ku tim kau tidak kasihan lihat player playermu paling setia kau sakit haa bagus bagus kalau ngasih tim tidak ngotak musuh kasih bagus aku kasih tim nge troll buat hati moonton kau sakit hati player mu setia emoji_negatif emoji_negatif emoji_negatif emoji_negatif,-40.0,Negatif,-28.0,Negatif,Negatif,train
saya suka pakai dyrot dan moga moga tidak di bannd,5,2026-07-25 02:53:14,suka pakai dyrot moga moga tidak bannd,suka pakai dyrot moga moga tidak bannd,-1.0,Negatif,-1.0,Negatif,Negatif,train
"game nya tidak asik saat war selalu delay seperti sinyal lag ga bisa jalan pdhl ping bagus tidak lag, tolong di baguskan dong",2,2026-07-25 02:53:12,game nya tidak asik war selalu delay sinyal lag tidak jalan pdhl ping bagus tidak lag baguskan dong,game nya tidak asik war selalu delay sinyal lag tidak jalan pdhl ping bagus tidak lag bagus dong,-22.0,Negatif,-17.0,Negatif,Negatif,train
moonton ga baik kasih tim yang tolol semua manya aku kasih bintang 1,1,2026-07-25 02:52:11,moonton tidak baik kasih tim tolol semua manya aku kasih bintang,moonton tidak baik kasih tim tolol semua manya aku kasih bintang,-16.0,Negatif,-16.0,Negatif,Negatif,test
game stres jgn di kasih bintang biar bangkrut game ini bikin nambah dosa,1,2026-07-25 02:50:47,game stres jangan kasih bintang bangkrut game bikin nambah dosa,game stres jangan kasih bintang bangkrut game bikin nambah dosa,-13.0,Negatif,-13.0,Negatif,Negatif,test
aku suka karena game ya enak tapi aku cewek🩷🩷🩷🩷🩷🩷(⁠๑⁠•⁠﹏⁠•⁠),5,2026-07-25 02:50:31,aku suka game enak aku cewek _ emoji_lain emoji_lain emoji_lain emoji_lain emoji_lain emoji_lain,aku suka game enak aku cewek emoji_lain emoji_lain emoji_lain emoji_lain emoji_lain emoji_lain,7.0,Positif,9.0,Positif,Positif,train
game jelek cuman bikin stress,1,2026-07-25 02:50:03,game jelek cuman bikin stress,game jelek cuman bikin stress,-8.0,Negatif,-8.0,Negatif,Negatif,train
game breg,1,2026-07-25 02:46:47,game breg,game breg,2.0,Positif,2.0,Positif,Positif,train
"tolong sekarang"" ini banyak keluhan perihal top up diamond di apk ML sendiri suka error mohon di perbaiki dan di berikan solusi segera karena sangat di sayangkan jika ada fitur diamond tapi error dan ga bisa di gunakan",3,2026-07-25 02:46:25,sekarang banyak keluhan perihal top up diamond apk ml sendiri suka error mohon perbaiki berikan solusi segera sangat sayangkan fitur diamond error tidak gunakan,sekarang banyak keluh perihal top up diamond apk ml sendiri suka error mohon baik ikan solusi segera sangat sayang fitur diamond error tidak guna,-7.0,Negatif,-1.0,Negatif,Negatif,train
di kasi tim gajelas 2 bulan isi nya lostrek semua,1,2026-07-25 02:44:25,kasi tim gajelas bulan isi nya lostrek semua,kasi tim gajelas bulan isi nya lostrek semua,-14.0,Negatif,-14.0,Negatif,Negatif,train
"game sampah, kadang kadang wifi gw ga leg tapi tetap ngeleg di dalam game nya,matchmaking lama, kadang kadang juga kalau dapat pertandingan ga seimbang, benerin dulu game lu sebelum Collab Collab lagi",1,2026-07-25 02:42:44,game sampah kadang kadang wifi tidak leg tetap ngeleg game nya matchmaking lama kadang kadang kalau pertandingan tidak seimbang benerin dulu game kamu collab collab,game sampah kadang kadang wifi tidak leg tetap ngeleg game nya matchmaking lama kadang kadang kalau tanding tidak imbang benerin dulu game kamu collab collab,2.0,Positif,2.0,Positif,Positif,train
game colo ngelag terus padahal sinyalnya aman aman aja gajelas,1,2026-07-25 02:40:16,game colo ngelag terus padahal sinyalnya aman aman aja gajelas,game colo ngelag terus padahal sinyal aman aman aja gajelas,3.0,Positif,0.0,Negatif,Negatif,test
apalan nih game moba setiap main di kasih musuh jago terus ketemu tim bot mana gua MVP lagi sini ketemu yo monton bikin game yang wajar lah jangan sampe segitunya,1,2026-07-25 02:39:45,apalan nih game moba main kasih musuh jago terus ketemu tim bot mana mvp sini ketemu yo moonton bikin game wajar lah jangan sampe segitunya,apalan nih game moba main kasih musuh jago terus ketemu tim bot mana mvp sini ketemu yo moonton bikin game wajar lah jangan sampe segitunya,-8.0,Negatif,-8.0,Negatif,Negatif,train
game pembikan setres,1,2026-07-25 02:39:12,game pembikan setres,game bik tres,2.0,Positif,2.0,Positif,Positif,train
game hama tholol,1,2026-07-25 02:36:58,game hama tholol,game hama tholol,-1.0,Negatif,-1.0,Negatif,Negatif,train
"woi tolong nih para cheater di basmi, soal nya hama terutama yang Chet map sama yang bikin lag",1,2026-07-25 02:36:03,woi nih cheater basmi soal nya hama terutama chet map sama bikin lag,woi nih cheater basmi soal nya hama utama chet map sama bikin lag,-2.0,Negatif,-9.0,Negatif,Negatif,train
"game terbagus sepanjang masa,tiada tandingan",5,2026-07-25 02:35:49,game terbagus sepanjang masa tiada tandingan,game bagus panjang masa tiada tanding,-2.0,Negatif,-2.0,Negatif,Negatif,train
"game hama, tim selalu jelek, ngga seimbang, bikin makin males main, yakali udah mythic otak timnya masih stuck di epic, bikin sistem yg bener dikit",1,2026-07-25 02:32:11,game hama tim selalu jelek ngga seimbang bikin makin males main yakali udah mythic otak timnya stuck epic bikin sistem bener dikit,game hama tim selalu jelek ngga imbang bikin makin males main yakali udah mythic otak tim stuck epic bikin sistem bener dikit,-23.0,Negatif,-23.0,Negatif,Negatif,train
ini mah gem sejarah 👍👍👍👍,5,2026-07-25 02:32:07,mah gem sejarah emoji_positif emoji_positif emoji_positif emoji_positif,mah gem sejarah emoji_positif emoji_positif emoji_positif emoji_positif,0.0,Positif,0.0,Positif,Positif,test
bagus ayo main ml,5,2026-07-25 02:31:59,bagus ayo main ml,bagus ayo main ml,2.0,Positif,7.0,Positif,Positif,test
"halo tim mlbb saya ingin mengeluh soal bug yang ada di ml saat ini,yaitu bug loading screen yang stuck dan matchmaking yang ngestuck juga,tolong di perbaiki bug itu okey, terimakasih",4,2026-07-25 02:30:22,halo tim mlbb mengeluh soal bug ml bug loading screen stuck matchmaking ngestuck perbaiki bug okey terimakasih,halo tim mlbb keluh soal bug ml bug loading screen stuck matchmaking ngestuck baik bug okey terimakasih,1.0,Positif,-5.0,Negatif,Negatif,train
"seru, aku jadi tau kalo perang gmn, yang jadi bergunanya aku jadi kaya gak takut gitu kalau ada yang buly aku walapun gak bawa senjata aku jadi gak takut😁",5,2026-07-25 02:26:33,seru aku jadi tau kalau perang bagaimana jadi bergunanya aku jadi kaya tidak takut gitu kalau buly aku walapun tidak bawa senjata aku jadi tidak takut emoji_positif,seru aku jadi tau kalau perang bagaimana jadi guna aku jadi kaya tidak takut gitu kalau buly aku walapun tidak bawa senjata aku jadi tidak takut emoji_positif,-16.0,Negatif,-13.0,Negatif,Negatif,test
balikin Ruby gw ke setelan awal cih sialan enak an Ruby yg dulu,2,2026-07-25 02:24:23,balikin ruby setelan awal cih sialan enak an ruby dulu,balikin ruby setel awal cih sial enak an ruby dulu,-4.0,Negatif,-2.0,Negatif,Negatif,test
Game ini harus dikurangi Giga nya,1,2026-07-25 02:23:08,game dikurangi giga nya,game rang giga nya,2.0,Positif,2.0,Positif,Positif,train
proses instal nya lama bgt,4,2026-07-25 02:21:20,proses instal nya lama banget,proses instal nya lama banget,-2.0,Negatif,-2.0,Negatif,Negatif,train
"game bagus, cuma tambah kan starlight pemula skin V.E.N.O.M permanen gratis pliss,",5,2026-07-25 02:21:07,game bagus cuma tambah kan starlight pemula skin v e n o m permanen gratis pliss,game bagus cuma tambah kan starlight mula skin v e n o m permanen gratis pliss,7.0,Positif,12.0,Positif,Positif,train
monton aku kalah teros tim ku jelek semua gak pernah menang mau ke ini tapi monton pilih kasih,1,2026-07-25 02:20:08,moonton aku kalah teros tim ku jelek semua tidak pernah menang mau moonton pilih kasih,moonton aku kalah ros tim ku jelek semua tidak pernah menang mau moonton pilih kasih,-18.0,Negatif,-14.0,Negatif,Negatif,train
"gw gk suka sekrang soalnya aku d stuckin terus di legend terus dapat musuh jago jago trs teman dark sistem semua. kalah pun gw yg mpv gak adil bangat, sekali dua kali kalah gpp lah ini d hasil pertandingan defeat semua udh ah males. kayak sia sia doang habisin waktu, baterai hp, sama kuota hasilnya sama aja gk ada perubahan. gw tau kalo sistem machmacing nya d bagi sesuai wr tapi ini keterlaluan gw sama yg bot Mulu trs musuhnya jago jago, kalau kalah gw trs yg mpv , Gak adil!!!!",1,2026-07-25 02:19:58,tidak suka sekrang soalnya aku d stuckin terus legend terus musuh jago jago terus teman dark sistem semua kalah mpv tidak adil bangat sekali kali kalah gpp lah d hasil pertandingan defeat semua ah males kayak sia sia doang habisin waktu baterai handphone sama kuota hasilnya sama aja tidak perubahan tau kalau sistem machmacing nya d sesuai winrate keterlaluan sama bot mulu terus musuhnya jago jago kalau kalah terus mpv tidak adil,tidak suka sekrang soal aku d stuckin terus legend terus musuh jago jago terus teman dark sistem semua kalah mpv tidak adil bangat sekali kali kalah gpp lah d hasil tanding defeat semua ah males kayak sia sia doang habisin waktu baterai handphone sama kuota hasil sama aja tidak ubah tau kalau sistem machmacing nya d sesuai winrate terlalu sama bot mulu terus musuh jago jago kalau kalah terus mpv tidak adil,-65.0,Negatif,-65.0,Negatif,Negatif,test
game goblok,1,2026-07-25 02:18:31,game goblok,game goblok,-3.0,Negatif,-3.0,Negatif,Negatif,train
game nya seru banyak darksistem nya trus dikasih tim yang bot dan lawan yang gak ngotak pokoknya saya rekomdasikan game ini untuk para anak kecil,1,2026-07-25 02:16:05,game nya seru banyak darksistem nya trus dikasih tim bot lawan tidak ngotak pokoknya rekomdasikan game anak kecil,game nya seru banyak darksistem nya trus kasih tim bot lawan tidak ngotak pokok rekomdasikan game anak kecil,-17.0,Negatif,-14.0,Negatif,Negatif,test
"kenapa sih di kasih lose mulu, padahal udah stop main ML beberapa hari masih aja gak di kasih menang. dan gimana may menang, musuh nya jago tim nya ngawur, minimal diseimbangkan lah, niat ngilangin stress malah nambah stress",1,2026-07-25 02:14:55,sih kasih lose mulu padahal udah stop main ml beberapa hari aja tidak kasih menang gimana may menang musuh nya jago tim nya ngawur minimal diseimbangkan lah niat ngilangin stress malah nambah stress,sih kasih lose mulu padahal udah stop main ml beberapa hari aja tidak kasih menang gimana may menang musuh nya jago tim nya ngawur minimal imbang lah niat ngilangin stress malah nambah stress,-23.0,Negatif,-15.0,Negatif,Negatif,train
game tolol gua solo nabrak legend mulu,1,2026-07-25 02:14:47,game tolol solo nabrak legend mulu,game tolol solo nabrak legend mulu,-4.0,Negatif,-4.0,Negatif,Negatif,test
perbanyak player ramahnya,5,2026-07-25 02:14:02,perbanyak player ramahnya,banyak player ramah,0.0,Positif,0.0,Positif,Positif,test
mino onlyyyyy!!,5,2026-07-25 02:13:58,mino onlyy,mino onlyy,0.0,Positif,0.0,Positif,Positif,test
gak seru seruan ff ml banyak cit nya dan gak bisa di laporin diperbaiki lagi untuk monton citer ml gk bisa di laporkan,2,2026-07-25 02:13:14,tidak seru seruan ff ml banyak cheater nya tidak laporin diperbaiki moonton cheater ml tidak laporkan,tidak seru seru ff ml banyak cheater nya tidak laporin baik moonton cheater ml tidak lapor,-14.0,Negatif,-25.0,Negatif,Negatif,train
bapak kau adil hp gw lcd nya udah ada ini gara gara gem elu tanggung jawab,1,2026-07-25 02:13:03,bapak kau adil handphone lcd nya udah gara gara gem elu tanggung jawab,bapak kau adil handphone lcd nya udah gara gara gem elu tanggung jawab,-10.0,Negatif,-10.0,Negatif,Negatif,train
"sistem nya di ubah lagi moonton,bnyak darksistem bikin Solo player malas main,ga adil",2,2026-07-25 02:11:46,sistem nya ubah moonton bnyak darksistem bikin solo player malas main tidak adil,sistem nya ubah moonton bnyak darksistem bikin solo player malas main tidak adil,-12.0,Negatif,-12.0,Negatif,Negatif,train
game ini bagus banget deh cocok Ama ya pro main nya,5,2026-07-25 02:11:30,game bagus banget deh cocok ama pro main nya,game bagus banget deh cocok ama pro main nya,2.0,Positif,7.0,Positif,Positif,train
sistem mvp sampah,1,2026-07-25 02:10:19,sistem mvp sampah,sistem mvp sampah,-8.0,Negatif,-8.0,Negatif,Negatif,train
game jlk pemilihan tim nya ga seimbang ngomong nya pemilihan tim di sama ratakan tapi mana ga seimbang bat,1,2026-07-25 02:08:21,game jlk pemilihan tim nya tidak seimbang ngomong nya pemilihan tim sama ratakan mana tidak seimbang bat,game jlk pilih tim nya tidak imbang ngomong nya pilih tim sama rata mana tidak imbang bat,-13.0,Negatif,-13.0,Negatif,Negatif,test
servernya down,1,2026-07-25 02:07:53,servernya down,servernya down,-3.0,Negatif,-3.0,Negatif,Negatif,train
"ini geme lama ² ak heran bgt, dulu ni geme favorit bgt sih , tpi skrng kurang jdi ny jdi setiap main gitu knp kasih musuh ny itu yg susah mulu tiap login ml maen rank kalah mulu coba aj kasih musuh ny yg seimbang gituu, punya tim jga bot teruss , in aku sengaja kasih bintang 2, main kalah mulu rank jga turun lama lama bikin ak jdi males main nya padahal ak tiap hari login main rank, tpi in entah knp ak udh bekali ² login kalah gk menang², hadehhh",2,2026-07-25 02:07:38,geme lama heran banget dulu ni geme favorit banget sih tpi skrng kurang jdi ny jdi main gitu kasih musuh ny susah mulu tiap login ml maen rank kalah mulu coba aj kasih musuh ny seimbang gituu punya tim jga bot teruss in aku sengaja kasih bintang main kalah mulu rank jga turun lama lama bikin jdi males main nya padahal tiap hari login main rank tpi in entah bekali login kalah tidak menang hadehh,geme lama heran banget dulu ni geme favorit banget sih tpi skrng kurang jdi ny jdi main gitu kasih musuh ny susah mulu tiap login ml maen rank kalah mulu coba aj kasih musuh ny imbang gituu punya tim jga bot teruss in aku sengaja kasih bintang main kalah mulu rank jga turun lama lama bikin jdi males main nya padahal tiap hari login main rank tpi in entah bekal login kalah tidak menang hadehh,-42.0,Negatif,-46.0,Negatif,Negatif,train
tolol benerin matchmacing,1,2026-07-25 02:06:32,tolol benerin matchmacing,tolol benerin matchmacing,-5.0,Negatif,-5.0,Negatif,Negatif,test
"apa lah monton main tim musuh ama tim temen selalu ga imbang tim musuh jago""giliran tim sendiri pada ga bisa main main klh terus mvp trs cape dari bintang 13 sampe legend sellu dapet tim ga bisa main tim musuh ama tim sendiri selalu ha imbang",1,2026-07-25 02:05:38,apa lah moonton main tim musuh ama tim temen selalu tidak imbang tim musuh jago giliran tim sendiri tidak main main klh terus mvp terus cape bintang sampe legend sellu dapet tim tidak main tim musuh ama tim sendiri selalu ha imbang,apa lah moonton main tim musuh ama tim temen selalu tidak imbang tim musuh jago gilir tim sendiri tidak main main klh terus mvp terus cape bintang sampe legend sellu dapet tim tidak main tim musuh ama tim sendiri selalu ha imbang,-60.0,Negatif,-60.0,Negatif,Negatif,test
sistem match nya jelek,1,2026-07-25 02:04:53,sistem match nya jelek,sistem match nya jelek,-9.0,Negatif,-9.0,Negatif,Negatif,train
Kereeenn,5,2026-07-25 02:00:43,kereenn,kereenn,0.0,Positif,0.0,Positif,Positif,train
"moonton ngasih tim gabisa main terus sedangkan musuh global semua timnya, saya harap sistem draft diperbaiki sebaik baiknya supaya mengenakkan semua player, contoh ni kalau para karyawan moonton gatau gimana caranya, kasih tim sesuai sama kemampuan misal jago sama jago bot sama bot biar ga berat sebelah.",1,2026-07-25 01:59:38,moonton ngasih tim gabisa main terus musuh global semua timnya harap sistem draft diperbaiki sebaik baiknya mengenakkan semua player contoh ni kalau karyawan moonton gatau gimana caranya kasih tim sesuai sama kemampuan misal jago sama jago bot sama bot tidak berat sebelah,moonton ngasih tim gabisa main terus musuh global semua tim harap sistem draft baik baik baik enak semua player contoh ni kalau karyawan moonton gatau gimana cara kasih tim sesuai sama mampu misal jago sama jago bot sama bot tidak berat belah,-9.0,Negatif,-9.0,Negatif,Negatif,train
seru plis kasih cange dong,4,2026-07-25 01:59:28,seru plis kasih cange dong,seru plis kasih cange dong,1.0,Positif,4.0,Positif,Positif,train
keren kalo Ade sekin alpa baru lagi 👍👍👍👍👍👍,5,2026-07-25 01:59:18,keren kalau ade sekin alpa baru emoji_positif emoji_positif emoji_positif emoji_positif emoji_positif emoji_positif,keren kalau ade sekin alpa baru emoji_positif emoji_positif emoji_positif emoji_positif emoji_positif emoji_positif,-4.0,Negatif,0.0,Positif,Positif,train
"yahh bintangnya makin turun deh, makanya ngasih tim yang jelas, masa timnya poke musuhnya mantan glory semua hadehh ckckck,",1,2026-07-25 01:59:14,yahh bintangnya makin turun deh makanya ngasih tim jelas masa timnya poke musuhnya mantan glory semua hadehh ckckck,yahh bintang makin turun deh makanya ngasih tim jelas masa tim poke musuh mantan glory semua hadehh ckckck,-11.0,Negatif,-11.0,Negatif,Negatif,train
mantap pokonya,5,2026-07-25 01:55:17,mantap pokonya,mantap poko,3.0,Positif,3.0,Positif,Positif,train
"woww game yang sangat membahagiakan. game ini sangat ramah untuk anak-anak,playernya juga baik semua ,tidak ada yang toxic dan juga senang membantu temannya ,setiap hari aku memainkan game ini karena game ini adalah penghilang stres,bahkan karena game ini hidup saya jadi lebih tenang dan bahagia,kalo bisa ilangin aja nih game _-",5,2026-07-25 01:53:09,woww game sangat membahagiakan game sangat ramah anak anak playernya baik semua tidak toxic senang membantu temannya hari aku memainkan game game penghilang stres bahkan game hidup jadi lebih tenang bahagia kalau ilangin aja nih game _,woww game sangat bahagia game sangat ramah anak anak playernya baik semua tidak toxic senang bantu teman hari aku main game game hilang stres bahkan game hidup jadi lebih tenang bahagia kalau ilangin aja nih game,5.0,Positif,9.0,Positif,Positif,train
kasih ai gak jelas,2,2026-07-25 01:53:07,kasih ai tidak jelas,kasih ai tidak jelas,-2.0,Negatif,-2.0,Negatif,Negatif,train
jujur bagus bgt gk nge lag lagi trus kekuatan di setiap karakternya itu kuat kuat gk ada yang lemah jujur nih game satu gua kasih bintang 5,5,2026-07-25 01:48:02,jujur bagus banget tidak nge lag trus kekuatan karakternya kuat kuat tidak lemah jujur nih game satu kasih bintang,jujur bagus banget tidak nge lag trus kuat karakter kuat kuat tidak lemah jujur nih game satu kasih bintang,0.0,Positif,2.0,Positif,Positif,train
team gak seimbang,1,2026-07-25 01:48:00,team tidak seimbang,team tidak imbang,-4.0,Negatif,-4.0,Negatif,Negatif,test
"tim isinya bot trus musuhnya player asli,gk masuk logika",1,2026-07-25 01:47:46,tim isinya bot trus musuhnya player asli tidak masuk logika,tim isi bot trus musuh player asli tidak masuk logika,-6.0,Negatif,-6.0,Negatif,Negatif,train
"Game rusak,di karenakan ketidak seimbangan tim,dan tidak akan pernah di perbaiki keluhan yang satu ini",1,2026-07-25 01:47:38,game rusak karenakan ketidak seimbangan tim tidak pernah perbaiki keluhan satu,game rusak karena tidak imbang tim tidak pernah baik keluh satu,-9.0,Negatif,-9.0,Negatif,Negatif,train
"Siap².unistal klo harga DM naik, dasar Game kikir, banyak Bot, kekurangan player kah nih Game?",1,2026-07-25 01:47:23,siap unistal kalau harga dm naik dasar game kikir banyak bot kekurangan player nih game,siap unistal kalau harga dm naik dasar game kikir banyak bot kurang player nih game,7.0,Positif,7.0,Positif,Positif,train
"Game tidak berguna tidak jelas, masa teman gua spin skin basic argus di draw pakai tiket dari 1863 tiket sampai tuh tiket abis tidak dapat sama sekali tuh skin basic argus. Game yang tidak jelas, bisa nya cuman bikin emosi aja masa gua garuk kepala sebentar tidak gerak langsung afk gak jelas lu mlbb dan lebih parahnya lagi setiap gua pake bahasa jawa atau pun bahasa sunda di chat pasti langsung dpt peringatan katanya chat tidak pantas. Hello sana² pergi dulu sana bljr bahasa daerah dulu sana.",1,2026-07-25 01:46:42,game tidak berguna tidak jelas masa teman spin skin basic argus draw pakai tiket tiket tuh tiket abis tidak sama sekali tuh skin basic argus game tidak jelas nya cuman bikin emosi aja masa garuk kepala sebentar tidak gerak langsung afk tidak jelas kamu mlbb lebih parahnya pake bahasa jawa bahasa sunda chat langsung peringatan katanya chat tidak pantas hello sana pergi dulu sana bljr bahasa daerah dulu sana,game tidak guna tidak jelas masa teman spin skin basic argus draw pakai tiket tiket tuh tiket abis tidak sama sekali tuh skin basic argus game tidak jelas nya cuman bikin emosi aja masa garuk kepala sebentar tidak gerak langsung afk tidak jelas kamu mlbb lebih parah pake bahasa jawa bahasa sunda chat langsung ingat kata chat tidak pantas hello sana pergi dulu sana bljr bahasa daerah dulu sana,-39.0,Negatif,-41.0,Negatif,Negatif,train
seru banget jir,5,2026-07-25 01:46:28,seru banget jir,seru banget jir,-2.0,Negatif,1.0,Positif,Positif,test
"ni game bagus banget mulai dari grafiknya tambah lagi ini game bisa juga tampa jaringan pokoknya bagus banget tambah tim dark sistem lagi setiap main dark sistem aja terus rank gak naik tapi emosi yang naik gw aja pernah gendong tim sendiri tapi kaga dapat bintang lagi sama ngotak lu masa gw masih epic malah dikasi lawan dah imo ngotak lu, di posisi dapat lord knp selalu ngelek setiap gw mau pencet retri knp setiap gw di posisi menang selalu ngelek padahal jaringan sudah bagus",1,2026-07-25 01:45:03,ni game bagus banget mulai grafiknya tambah game tampa jaringan pokoknya bagus banget tambah tim dark sistem main dark sistem aja terus rank tidak naik emosi naik aja pernah gendong tim sendiri tidak bintang sama ngotak kamu masa epic malah dikasi lawan imo ngotak kamu posisi lord selalu ngelek mau pencet retri posisi menang selalu ngelek padahal jaringan bagus,ni game bagus banget mulai grafik tambah game tampa jaring pokok bagus banget tambah tim dark sistem main dark sistem aja terus rank tidak naik emosi naik aja pernah gendong tim sendiri tidak bintang sama ngotak kamu masa epic malah kasi lawan imo ngotak kamu posisi lord selalu ngelek mau pencet retri posisi menang selalu ngelek padahal jaring bagus,-25.0,Negatif,-6.0,Negatif,Negatif,train
Saya senang bermain game ini tapi sering kalah,5,2026-07-25 01:44:55,senang bermain game sering kalah,senang main game sering kalah,2.0,Positif,2.0,Positif,Positif,test
"EXORCIST KAPAN MOONTON, AKU LUMUTAN NUNGGUIN NYA!!",1,2026-07-25 01:42:59,exorcist kapan moonton aku lumutan nungguin nya,exorcist kapan moonton aku lumut nungguin nya,0.0,Negatif,0.0,Negatif,Negatif,test
moonton gay,1,2026-07-25 01:42:24,moonton gay,moonton gay,0.0,Negatif,0.0,Negatif,Negatif,test
lumayan buat ngelatih mental karena tim nya keras semua,1,2026-07-25 01:40:51,lumayan buat ngelatih mental tim nya keras semua,lumayan buat ngelatih mental tim nya keras semua,-7.0,Negatif,-7.0,Negatif,Negatif,train
"Tolong moonton kalo ngasih tim sama musuh yang adil masa musuhnya immo timnya honor, dah 10× berturut turut di kasih tim ga setara sama musuh,uda pernah di rating 1 masih aja di kasih yang ke gini,tolong lah cape aku",1,2026-07-25 01:34:45,moonton kalau ngasih tim sama musuh adil masa musuhnya immo timnya honor berturut turut kasih tim tidak setara sama musuh uda pernah rating aja kasih gini lah cape aku,moonton kalau ngasih tim sama musuh adil masa musuh immo tim honor turut turut kasih tim tidak tara sama musuh uda pernah rating aja kasih gin lah cape aku,-19.0,Negatif,-19.0,Negatif,Negatif,train
kalau kita sering main malah di kasih kalah dan kalau kita jago dapat MVP di suruh gendong tim bot,2,2026-07-25 01:34:08,kalau sering main malah kasih kalah kalau jago mvp suruh gendong tim bot,kalau sering main malah kasih kalah kalau jago mvp suruh gendong tim bot,-7.0,Negatif,-7.0,Negatif,Negatif,train
game yang menurut saya tidak adil pembagian timnya masa saya udah glory se tim sama epicc yg Main dyrot gold lane pake retri,1,2026-07-25 01:32:06,game tidak adil pembagian timnya masa udah glory se tim sama epicc main dyrot gold lane pake retri,game tidak adil bagi tim masa udah glory se tim sama epicc main dyrot gold lane pake retri,-5.0,Negatif,-5.0,Negatif,Negatif,train
game aneh asli masa setiap main nemu boot trs yg satu tim aku skillnya kayak player epic abadi semua,1,2026-07-25 01:26:36,game aneh asli masa main nemu boot terus satu tim aku skillnya kayak player epic abadi semua,game aneh asli masa main nemu boot terus satu tim aku skillnya kayak player epic abadi semua,-1.0,Negatif,-1.0,Negatif,Negatif,train
kembalikan lore kagura dan hayabusa,2,2026-07-25 01:26:33,kembalikan lore kagura hayabusa,kembali lore kagura hayabusa,0.0,Negatif,0.0,Negatif,Negatif,train
Halo kak kami komitmen menciptakan permainan yang adil taik setiap pembagian tim selalu mendapatkan tim yang nub sehingga tingkat kemenangan 0% game yang membuat rasa marah dan kecewa ya ini mobile legends tolong bagi player di seluruh dunia untuk melaporkan aplikasi ini yang telah mengecewakan dan membodohi player pemula,1,2026-07-25 01:20:42,halo kak komitmen menciptakan permainan adil taik pembagian tim selalu mendapatkan tim nub tingkat kemenangan game membuat rasa marah kecewa mobile legends player seluruh dunia melaporkan aplikasi mengecewakan membodohi player pemula,halo kak komitmen cipta main adil taik bagi tim selalu dapat tim nub tingkat menang game buat rasa marah kecewa mobile legends player seluruh dunia lapor aplikasi kecewa bodoh player mula,-22.0,Negatif,-22.0,Negatif,Negatif,train
ga ngotak gua turun dari legen 1 bintang 5 sampai ke epic 2,1,2026-07-25 01:19:32,tidak ngotak turun legen bintang epic,tidak ngotak turun legen bintang epic,-7.0,Negatif,-7.0,Negatif,Negatif,train
signalnya di perbaiki ya,5,2026-07-25 01:18:37,signalnya perbaiki,signalnya baik,0.0,Positif,0.0,Positif,Positif,train
akun gue balikin,1,2026-07-25 01:17:44,akun balikin,akun balikin,0.0,Negatif,0.0,Negatif,Negatif,train
"tolong dong, top up diamond saya belum masuk ke akun saya, gimana ini perbaikannya😭😭",2,2026-07-25 01:14:23,dong top up diamond belum masuk akun gimana perbaikannya emoji_negatif emoji_negatif,dong top up diamond belum masuk akun gimana baik emoji_negatif emoji_negatif,11.0,Positif,11.0,Positif,Positif,train
tidak bisa di main kan,1,2026-07-25 01:11:37,tidak main kan,tidak main kan,-5.0,Negatif,-5.0,Negatif,Negatif,train
makin ke sini makin burukk...,1,2026-07-25 01:08:54,makin sini makin burukk,makin sini makin burukk,4.0,Positif,4.0,Positif,Positif,train
keren dan bagus,5,2026-07-25 01:07:14,keren bagus,keren bagus,-2.0,Negatif,7.0,Positif,Positif,train
"game hama mending di hapus dari playstore, sekali kalah, kalah seterusnya kek judol aja",1,2026-07-25 01:06:51,game hama mending hapus playstore sekali kalah kalah kek judol aja,game hama mending hapus playstore sekali kalah kalah kek judol aja,-13.0,Negatif,-13.0,Negatif,Negatif,train
game anjeng,1,2026-07-25 01:03:27,game anjeng,game anjeng,-3.0,Negatif,-3.0,Negatif,Negatif,test
game ini sangat menyenangkan bagi orang yang pintar membuat strategi pembelajaran kooperatif mengasah kemampuan,5,2026-07-25 01:00:11,game sangat menyenangkan orang pintar membuat strategi pembelajaran kooperatif mengasah kemampuan,game sangat senang orang pintar buat strategi ajar kooperatif asah mampu,6.0,Positif,6.0,Positif,Positif,train
"lu kalau jadi develop game kalo ngasih musuh ama tim yang seimbanglah montoon gak tim poke musuh jago gak imbang banget mikir lah adik2an mawi dikasih musuh spek angkatan glory kan anjg emang sistem montoon bngst emang, woi moonton tolong sinyal diperbaiki masa sinyal Wifi bagus ping gw naik turun mulu, gausah ngeles kalo dikritik",2,2026-07-25 00:53:07,kamu kalau jadi develop game kalau ngasih musuh ama tim seimbanglah moonton tidak tim poke musuh jago tidak imbang banget mikir lah adik an mawi dikasih musuh spek angkatan glory kan anjg emang sistem moonton bngst emang woi moonton sinyal diperbaiki masa sinyal wifi bagus ping naik turun mulu gausah ngeles kalau dikritik,kamu kalau jadi develop game kalau ngasih musuh ama tim imbang moonton tidak tim poke musuh jago tidak imbang banget mikir lah adik an mawi kasih musuh spek angkat glory kan anjg emang sistem moonton bngst emang woi moonton sinyal baik masa sinyal wifi bagus ping naik turun mulu gausah ngeles kalau kritik,-40.0,Negatif,-35.0,Negatif,Negatif,train
event exorcist cepetin jangan dilama lamain munculnya di ORI server,1,2026-07-25 00:52:31,event exorcist cepetin jangan dilama lamain munculnya ori server,event exorcist cepetin jangan lama lamain muncul ori server,-3.0,Negatif,-3.0,Negatif,Negatif,train
aku kasih bintang 5 biar di baca setiap main selalu kalah gak pernah win sama sekali ini aja baru losetreak yang ke 25 dari mythic glory bintang 50 turun jadi mythic honor bintang 25 udh males mainin game nya jadi sekarang aku udh gak main selama 1 tahunan,5,2026-07-25 00:50:01,aku kasih bintang baca main selalu kalah tidak pernah win sama sekali aja baru losetreak mythic glory bintang turun jadi mythic honor bintang males mainin game nya jadi sekarang aku tidak main selama tahunan,aku kasih bintang baca main selalu kalah tidak pernah win sama sekali aja baru losetreak mythic glory bintang turun jadi mythic honor bintang males mainin game nya jadi sekarang aku tidak main lama tahun,-14.0,Negatif,-14.0,Negatif,Negatif,test
Game nya seru dan setiap event nya menarik dan skin nya cantik ² juga ada yang keren kalau spin jangan berharap muntun kasi skin yang lo mau kecuali lu udh punya skin laen,5,2026-07-25 00:49:45,game nya seru event nya menarik skin nya cantik keren kalau spin jangan berharap moonton kasi skin kamu mau kamu punya skin laen,game nya seru event nya tarik skin nya cantik keren kalau spin jangan harap moonton kasi skin kamu mau kamu punya skin laen,-1.0,Negatif,6.0,Positif,Positif,train
game yang niru hok wkwkwkwk hok mah gk banyak dark system nya lah ini apk apaan wkwkwkwk merusak mental orang.,1,2026-07-25 00:45:49,game niru hok wkwkwkwk hok mah tidak banyak dark system nya lah apk apaan wkwkwkwk merusak mental orang,game niru hok wkwkwkwk hok mah tidak banyak dark system nya lah apk apa wkwkwkwk rusak mental orang,-7.0,Negatif,-7.0,Negatif,Negatif,test
❤️❤️❤️,5,2026-07-25 00:45:04,emoji_positif emoji_positif emoji_positif,emoji_positif emoji_positif emoji_positif,0.0,Positif,0.0,Positif,Positif,train
makasih yaa moonton lebig baik kasih tim yg bobrok lgi dong udh cape maininnya di tambah lelet terus turunin aja ampe master aja gpp lah mls njir baguss yaa kasih tim yg bapuk terus aja mending turunin bintang daripada naikin bintang mh,3,2026-07-25 00:44:25,makasih yaa moonton lebig baik kasih tim bobrok lgi dong cape maininnya tambah lelet terus turunin aja ampe master aja gpp lah mls njir baguss yaa kasih tim bapuk terus aja mending turunin bintang naikin bintang mh,makasih yaa moonton lebig baik kasih tim bobrok lgi dong cape maininnya tambah lelet terus turunin aja ampe master aja gpp lah mls njir baguss yaa kasih tim bapuk terus aja mending turunin bintang naikin bintang mh,-12.0,Negatif,-12.0,Negatif,Negatif,test
"Game dengan sistem match yang kurang seimbang, beberapa kali di rank epic saya sering bertemu dengan player dengan rank tertinggi Honor hingga Glory, sedangkan Ke-4 team saya rank tertingginya hanya Sampai Epic.. jelas match menjadi tidak seimbang karena perbedaan kemampuan dan pengalaman bermain, tolong lakukan perbaikan dan pembaruan pada sistem ini.",2,2026-07-25 00:43:53,game sistem match kurang seimbang beberapa kali rank epic sering bertemu player rank tertinggi honor hingga glory team rank tertingginya epic jelas match menjadi tidak seimbang perbedaan kemampuan pengalaman bermain lakukan perbaikan pembaruan sistem,game sistem match kurang imbang beberapa kali rank epic sering temu player rank tinggi honor hingga glory team rank tinggi epic jelas match jadi tidak imbang beda mampu alam main laku baik baru sistem,4.0,Positif,4.0,Positif,Positif,train
game bgst bikin stres ngntd,1,2026-07-25 00:39:04,game bgst bikin stres ngntd,game bgst bikin stres ngntd,-2.0,Negatif,-2.0,Negatif,Negatif,train
sistem permainan tidak adil dengan musuh pangkat yg tinggi sedangkan teman dengan pangkat yg rendah,1,2026-07-25 00:38:07,sistem permainan tidak adil musuh pangkat tinggi teman pangkat rendah,sistem main tidak adil musuh pangkat tinggi teman pangkat rendah,-8.0,Negatif,-8.0,Negatif,Negatif,train
game nya bagus. sayang banyak player cacat,1,2026-07-25 00:35:13,game nya bagus sayang banyak player cacat,game nya bagus sayang banyak player cacat,-5.0,Negatif,0.0,Negatif,Negatif,train
bagus lii,5,2026-07-25 00:35:00,bagus lii,bagus lii,-2.0,Negatif,3.0,Positif,Positif,test
saya turunkan bintangnya lagi karena lagi dan lagi dapet tim ga berguna dan pada egois... selama main solo selalu banyak kalahnya di banding menang... tidak seperti di awal2 download mobile legend...,1,2026-07-25 00:33:33,turunkan bintangnya dapet tim tidak berguna egois selama main solo selalu banyak kalahnya banding menang tidak awal download mobile legend,turun bintang dapet tim tidak guna egois lama main solo selalu banyak kalah banding menang tidak awal download mobile legend,-21.0,Negatif,-17.0,Negatif,Negatif,train
server memburuk,3,2026-07-25 00:33:11,server memburuk,server buruk,0.0,Negatif,0.0,Negatif,Negatif,train
kalo ga dikasih losetreak terus saya kasih bintang 5,4,2026-07-25 00:31:00,kalau tidak dikasih losetreak terus kasih bintang,kalau tidak kasih losetreak terus kasih bintang,-7.0,Negatif,-7.0,Negatif,Negatif,test
"tolong perbaiki lagi sistem di game ini, saya bermain solo dan malah di pertemukan dengan tim yang mainnya duo ataw trio, setelah selesai main saya melihat di tim saya semuanya bermain solo tapi kenapa di tim musuh ada trio/duo, terus kesetaraan, saya bermain di rank legend dan rank tertinggi saya glory bintang 55, kenapa saya malah di pertemukan dengan lawan yang ranknya lebih tinggi dari saya, mohon maaf saya harus memberikan 1bintang karna pengalaman bermain yang sangat buruk",1,2026-07-25 00:30:19,perbaiki sistem game bermain solo malah pertemukan tim mainnya duo ataw trio selesai main melihat tim semuanya bermain solo tim musuh trio duo terus kesetaraan bermain rank legend rank tertinggi glory bintang malah pertemukan lawan ranknya lebih tinggi mohon maaf memberikan bintang pengalaman bermain sangat buruk,baik sistem game main solo malah temu tim main duo ataw trio selesai main lihat tim semua main solo tim musuh trio duo terus tara main rank legend rank tinggi glory bintang malah temu lawan ranknya lebih tinggi mohon maaf beri bintang alam main sangat buruk,-20.0,Negatif,-20.0,Negatif,Negatif,train
rada ngelag doang sihhh cuma bagus.,4,2026-07-25 00:26:44,rada ngelag doang sihh cuma bagus,rada ngelag doang sihh cuma bagus,-7.0,Negatif,-5.0,Negatif,Negatif,train
gk bisa top up,2,2026-07-25 00:22:09,tidak top up,tidak top up,-10.0,Negatif,-10.0,Negatif,Negatif,test
sebener nya bantyak drak sistem tapi sekarang banyak yang ramah,4,2026-07-25 00:21:25,sebener nya bantyak drak sistem sekarang banyak ramah,sebener nya bantyak drak sistem sekarang banyak ramah,-2.0,Negatif,-2.0,Negatif,Negatif,train
"bisa gak jangan kasih tim dark sistem mulu, di rank lah brawl lah, classic lah. dengar kan gitu kami kasih tim normal dikit kek. kalo sampe aku masih dapet tim dark sistem lagi aku gak ganti bintang 1 ini.",1,2026-07-25 00:20:44,tidak jangan kasih tim dark sistem mulu rank lah brawl lah classic lah dengar kan gitu kasih tim normal dikit kek kalau sampe aku dapet tim dark sistem aku tidak ganti bintang,tidak jangan kasih tim dark sistem mulu rank lah brawl lah classic lah dengar kan gitu kasih tim normal dikit kek kalau sampe aku dapet tim dark sistem aku tidak ganti bintang,-24.0,Negatif,-24.0,Negatif,Negatif,train
GOBLOGGG GAME TEMPEKKKKK,1,2026-07-25 00:20:10,goblogg game tempekk,goblogg game tempekk,2.0,Positif,2.0,Positif,Positif,train
game ini begitu mudah dimainkan di HP dan grafik nya kayak AI,5,2026-07-25 00:19:55,game mudah dimainkan handphone grafik nya kayak ai,game mudah main handphone grafik nya kayak ai,2.0,Positif,2.0,Positif,Positif,test
geme rusak,1,2026-07-25 00:18:17,geme rusak,geme rusak,-1.0,Negatif,-1.0,Negatif,Negatif,test
"tidak ramah untuk anak"" membuat stresss",1,2026-07-25 00:16:56,tidak ramah anak membuat stress,tidak ramah anak buat stress,-14.0,Negatif,-14.0,Negatif,Negatif,train
mantappp,5,2026-07-25 00:14:34,mantapp,mantapp,0.0,Positif,0.0,Positif,Positif,test
HOK is better in every way,1,2026-07-25 00:10:35,hok is better in every way,hok is better in every way,1.0,Positif,1.0,Positif,Positif,train
selalu ketemu tim bot beban,1,2026-07-25 00:09:13,selalu ketemu tim bot beban,selalu ketemu tim bot beban,-10.0,Negatif,-10.0,Negatif,Negatif,train
KALO NGASI TEAM JANGAN KAYA EEK LAHH CAPE KALAH MULU GUAAA,3,2026-07-25 00:09:09,kalau ngasi team jangan kaya eek lahh cape kalah mulu guaa,kalau ngasi team jangan kaya eek lahh cape kalah mulu guaa,-15.0,Negatif,-15.0,Negatif,Negatif,train
Bagus dan seru.,5,2026-07-25 00:06:44,bagus seru,bagus seru,-2.0,Negatif,6.0,Positif,Positif,train
"game aneh, isinya bot semua udah gitu defeat, dicocotin tim sendiri mana kejebak di epic males banget",2,2026-07-25 00:05:38,game aneh isinya bot semua udah gitu defeat dicocotin tim sendiri mana kejebak epic males banget,game aneh isi bot semua udah gitu defeat dicocotin tim sendiri mana jebak epic males banget,-13.0,Negatif,-13.0,Negatif,Negatif,train
pliss lah moonton aku nge stuck mulu di epic dikasinya lawan jago mulu dah,3,2026-07-25 00:02:56,pliss lah moonton aku nge stuck mulu epic dikasinya lawan jago mulu,pliss lah moonton aku nge stuck mulu epic kas lawan jago mulu,3.0,Positif,3.0,Positif,Positif,train
seru bett,5,2026-07-25 00:02:09,seru bett,seru bett,0.0,Positif,3.0,Positif,Positif,train
kenapaa setiap gua main Heppy selalu di kasih tim yang gak bisa main padahal gua download game ini gara² seru tapi selalu di kasih tim yang gak bisa main kenapa 😭😭😭😭,2,2026-07-25 00:00:55,kenapaa main heppy selalu kasih tim tidak main padahal download game gara seru selalu kasih tim tidak main emoji_negatif emoji_negatif emoji_negatif emoji_negatif,kenapaa main heppy selalu kasih tim tidak main padahal download game gara seru selalu kasih tim tidak main emoji_negatif emoji_negatif emoji_negatif emoji_negatif,-18.0,Negatif,-15.0,Negatif,Negatif,test
"Ga tau kenapa gua udah kena banned 2 kali dengan kasus sama, ""pake apk plug in"" padahal gua ga sama sekali pake apk apa apa, trus kata temen gua, gua pake apk clone app itu juga cuman buat ig ga buat ml, aju banding juga ga jelas ga ada kepastian",1,2026-07-24 23:58:50,tidak tau udah kena banned kali kasus sama pake apk plug in padahal tidak sama sekali pake apk apa apa trus kata temen pake apk clone app cuman buat ig tidak buat ml aju banding tidak jelas tidak kepastian,tidak tau udah kena banned kali kasus sama pake apk plug in padahal tidak sama sekali pake apk apa apa trus kata temen pake apk clone app cuman buat ig tidak buat ml aju banding tidak jelas tidak pasti,-33.0,Negatif,-33.0,Negatif,Negatif,test
Saya slalu stuk di loading mau maen. Knapa ya. Tolong dong. Jadi afk mulu,5,2026-07-24 23:56:52,slalu stuk loading mau maen knapa dong jadi afk mulu,slalu stuk loading mau maen knapa dong jadi afk mulu,7.0,Positif,5.0,Positif,Positif,train
"game gak jelas dikasih nya tim bloon gak bisa main semua mending main epep daripada ml, timnya gak jelas losestreak sampe 14 kali dari legend 5 bintang 3 ke epik 2 bintang 3",2,2026-07-24 23:52:25,game tidak jelas dikasih nya tim bloon tidak main semua mending main epep ml timnya tidak jelas losestreak sampe kali legend bintang epik bintang,game tidak jelas kasih nya tim bloon tidak main semua mending main epep ml tim tidak jelas losestreak sampe kali legend bintang epik bintang,-18.0,Negatif,-18.0,Negatif,Negatif,train
"jelek banget gamenya, sebelum main jaringan stabil, eh pas main malah nggak stabil, terus suka tiba-tiba stuck loading ke pertandingan. buat pemain baru jangan main ini game . buriqqq",1,2026-07-24 23:51:28,jelek banget gamenya main jaringan stabil eh pas main malah tidak stabil terus suka tiba tiba stuck loading pertandingan buat pemain baru jangan main game buriqq,jelek banget gamenya main jaring stabil eh pas main malah tidak stabil terus suka tiba tiba stuck loading tanding buat main baru jangan main game buriqq,-8.0,Negatif,-8.0,Negatif,Negatif,train
mantap semoga kedepannya mangkin ada kemudahan,5,2026-07-24 23:49:00,mantap semoga kedepannya mangkin kemudahan,mantap moga depan mangkin mudah,8.0,Positif,8.0,Positif,Positif,train
game nya seru,5,2026-07-24 23:47:30,game nya seru,game nya seru,2.0,Positif,5.0,Positif,Positif,train
aku gk suka ml,1,2026-07-24 23:44:54,aku tidak suka ml,aku tidak suka ml,-6.0,Negatif,-6.0,Negatif,Negatif,test
gw lagi road to mhytic moonton knp gw kalah Mulu anjir EMG nya gak cape apa gw,1,2026-07-24 23:43:09,road to mhytic moonton kalah mulu anjir emg nya tidak cape apa,road to mhytic moonton kalah mulu anjir emg nya tidak cape apa,-10.0,Negatif,-10.0,Negatif,Negatif,train
nyaman polll,5,2026-07-24 23:41:37,nyaman poll,nyaman poll,4.0,Positif,4.0,Positif,Positif,train
"moonton kenapa pas di game bagian atas semua ga bisa di pencet rasanya saya tergangu soalnya ga bebas milih seperti shop, jaringan dan poni itu semua ga bisa di pencet",5,2026-07-24 23:40:46,moonton pas game bagian atas semua tidak pencet rasanya tergangu soalnya tidak bebas milih shop jaringan poni semua tidak pencet,moonton pas game bagi atas semua tidak pencet rasa tergangu soal tidak bebas milih shop jaring poni semua tidak pencet,-20.0,Negatif,-20.0,Negatif,Negatif,test
"gamenya aneh bgt, masa pas login sinyal wifinya jelek bgt, tapi pas keluar dari game sinyal wifinya langsung bagus. perbaiki lagi dong tolong ngeselin bgt soalnya, jadi gak mood main😔😔😔",5,2026-07-24 23:40:29,gamenya aneh banget masa pas login sinyal wifinya jelek banget pas keluar game sinyal wifinya langsung bagus perbaiki dong ngeselin banget soalnya jadi tidak mood main emoji_negatif emoji_negatif emoji_negatif,gamenya aneh banget masa pas login sinyal wifinya jelek banget pas keluar game sinyal wifinya langsung bagus baik dong ngeselin banget soal jadi tidak mood main emoji_negatif emoji_negatif emoji_negatif,-10.0,Negatif,-5.0,Negatif,Negatif,train
"GAME RUSAK, SISTEM SOLO RANK TIDAK ADIL !!!!!!!! DEVELOPER HANYA MEMENTINGKAN UANG DARIPADA KOMUNITAS",1,2026-07-24 23:33:02,game rusak sistem solo rank tidak adil developer mementingkan uang komunitas,game rusak sistem solo rank tidak adil developer penting uang komunitas,-4.0,Negatif,-4.0,Negatif,Negatif,train
"game rusak kalo matching gak pernah di kasih tim yang seimbang, matching lu noh benerin",1,2026-07-24 23:30:13,game rusak kalau matching tidak pernah kasih tim seimbang matching kamu noh benerin,game rusak kalau matching tidak pernah kasih tim imbang matching kamu noh benerin,-8.0,Negatif,-8.0,Negatif,Negatif,train
game nya sangat seru dan bikin bertarungan yang sangat intens yang bikin adrenalin naik tergantung seberapa jago pemain dan tim,5,2026-07-24 23:27:42,game nya sangat seru bikin bertarungan sangat intens bikin adrenalin naik tergantung seberapa jago pemain tim,game nya sangat seru bikin tarung sangat intens bikin adrenalin naik gantung berapa jago main tim,-2.0,Negatif,1.0,Positif,Positif,test
game ini terlalu berat,1,2026-07-24 23:26:09,game terlalu berat,game terlalu berat,-1.0,Negatif,-1.0,Negatif,Negatif,train
woii apalah gw stuk di rank itu itu aja kena kutukan,1,2026-07-24 23:18:40,woii apalah stuk rank aja kena kutukan,woii apa stuk rank aja kena kutu,-4.0,Negatif,-4.0,Negatif,Negatif,train
"Sangat asik, bisa bermain saat ada waktu luang!",5,2026-07-24 23:17:55,sangat asik bermain waktu luang,sangat asik main waktu luang,1.0,Positif,1.0,Positif,Positif,train
dikasih tim bot terus monton Kon,1,2026-07-24 23:11:42,dikasih tim bot terus moonton kon,kasih tim bot terus moonton kon,-4.0,Negatif,-4.0,Negatif,Negatif,train
tadinya ingin senang seneng malah bikin stress,2,2026-07-24 23:07:34,tadinya senang seneng malah bikin stress,tadi senang neng malah bikin stress,0.0,Negatif,0.0,Negatif,Negatif,train
game nya bagus sering sering bagi skin ya montoon 😁😊,5,2026-07-24 22:59:26,game nya bagus sering sering skin moonton emoji_positif emoji_positif,game nya bagus sering sering skin moonton emoji_positif emoji_positif,6.0,Positif,11.0,Positif,Positif,train
"Lebih Baik dari sebelumnya, semoga lebih baik lagi 👍🏻",1,2026-07-24 22:52:55,lebih baik sebelumnya semoga lebih baik emoji_positif emoji_lain,lebih baik belum moga lebih baik emoji_positif emoji_lain,6.0,Positif,6.0,Positif,Positif,train
Biasa ajah lemon wkkwk,5,2026-07-24 22:47:26,biasa ajah lemon wkkwk,biasa ajah lemon wkkwk,-2.0,Negatif,-2.0,Negatif,Negatif,test
bnrin lgi timnya,1,2026-07-24 22:47:21,bnrin lgi timnya,bnrin lgi tim,0.0,Negatif,0.0,Negatif,Negatif,train
"kurang merata saat pembagian tim saat bermain solo, di bandukan tim saya tim lawan lebih jago",2,2026-07-24 22:47:09,kurang merata pembagian tim bermain solo bandukan tim tim lawan lebih jago,kurang rata bagi tim main solo bandu tim tim lawan lebih jago,-13.0,Negatif,-13.0,Negatif,Negatif,train
beri aku skin gratis dong,5,2026-07-24 22:45:57,beri aku skin gratis dong,beri aku skin gratis dong,5.0,Positif,5.0,Positif,Positif,train
kasih gua menang,5,2026-07-24 22:43:52,kasih menang,kasih menang,0.0,Positif,4.0,Positif,Positif,train
gem nya bagus banget,5,2026-07-24 22:42:12,gem nya bagus banget,gem nya bagus banget,-1.0,Negatif,4.0,Positif,Positif,test
game rusak kasih tim yg bener lah,1,2026-07-24 22:38:41,game rusak kasih tim bener lah,game rusak kasih tim bener lah,0.0,Negatif,0.0,Negatif,Negatif,train
gila aku udh cape cape push rank tapi dikasih tim dark sistem setiap MVP aku terus gendong udh lah tim ku beban di kasih sama moonton. tim musuh malah jago soal ml buriq,1,2026-07-24 22:32:22,gila aku cape cape push rank dikasih tim dark sistem mvp aku terus gendong lah tim ku beban kasih sama moonton tim musuh malah jago soal ml buriq,gila aku cape cape push rank kasih tim dark sistem mvp aku terus gendong lah tim ku beban kasih sama moonton tim musuh malah jago soal ml buriq,-29.0,Negatif,-29.0,Negatif,Negatif,train
server error mulu,4,2026-07-24 22:30:21,server error mulu,server error mulu,-4.0,Negatif,-1.0,Negatif,Negatif,train
ampass match maching busukk,1,2026-07-24 22:27:07,ampass match maching busukk,ampass match maching busukk,0.0,Negatif,0.0,Negatif,Negatif,train
"game rusak stress 2 menang 10 kalah banyak cheatnya, joki yg main banyak jd legend rasa imortal semua teman noob bahkan direport pun gak ada responnya",4,2026-07-24 22:22:27,game rusak stress menang kalah banyak cheatnya joki main banyak jadi legend rasa imortal semua teman noob bahkan direport tidak responnya,game rusak stress menang kalah banyak cheatnya joki main banyak jadi legend rasa imortal semua teman noob bahkan direport tidak responnya,-20.0,Negatif,-16.0,Negatif,Negatif,train
"saya kasih bintang 5,tolong ketika login mobile legends kan langsung muncul ""update"" dan saya ingin ada ""lain kali"" saya main MobileLegends jadi nya tidak bisa terus",5,2026-07-24 22:12:33,kasih bintang login mobile legends kan langsung muncul update kali main mobilelegends jadi nya tidak terus,kasih bintang login mobile legends kan langsung muncul update kali main mobilelegends jadi nya tidak terus,-4.0,Negatif,-4.0,Negatif,Negatif,train
sangat menyukainya,5,2026-07-24 21:48:22,sangat menyukainya,sangat suka,-2.0,Negatif,-2.0,Negatif,Negatif,train
"Gw player lama, tapi gw dah stop main game ini, Krn menurut gw, game ini tidak memberikan impact positif, melainkan impact negatif, toxic, berkata kotor, menurut gua, game ini adalah game pembodohan, masih banyak game yg lebih baik & memberikan impact positif daripada game ini, sistem matchmaking nya pun tidak berlaku adil, sangat merugikan player lain, terutama player solo, jadi silahkan berpikir dua kali untuk mendownload game ini, asal jgn menyesal dikemudian hari",1,2026-07-24 21:47:40,player lama stop main game game tidak memberikan impact positif impact negatif toxic berkata kotor game game pembodohan banyak game lebih baik memberikan impact positif game sistem matchmaking nya tidak berlaku adil sangat merugikan player terutama player solo jadi silahkan berpikir kali mendownload game asal jangan menyesal dikemudian hari,player lama stop main game game tidak beri impact positif impact negatif toxic kata kotor game game bodoh banyak game lebih baik beri impact positif game sistem matchmaking nya tidak laku adil sangat rugi player utama player solo jadi silah pikir kali mendownload game asal jangan sesal kemudi hari,9.0,Positif,5.0,Positif,Positif,test
jangan maen game ini gajelas mytic glory bisa ketemu sama legend kocakkk,1,2026-07-24 21:43:06,jangan maen game gajelas mytic glory ketemu sama legend kocakk,jangan maen game gajelas mytic glory ketemu sama legend kocakk,0.0,Negatif,0.0,Negatif,Negatif,test
permainan ini sangat bagus,5,2026-07-24 21:42:32,permainan sangat bagus,main sangat bagus,-4.0,Negatif,1.0,Positif,Positif,train
game ga jelas,2,2026-07-24 21:42:19,game tidak jelas,game tidak jelas,-1.0,Negatif,-1.0,Negatif,Negatif,train
macth lu benerin montoll,1,2026-07-24 21:41:18,macth kamu benerin moonton,macth kamu benerin moonton,0.0,Negatif,0.0,Negatif,Negatif,train
bagus jirs mines nya jan ksih tim sistem hitam ke gua muntun si alan,5,2026-07-24 21:39:09,bagus jirs mines nya jan ksih tim sistem hitam moonton si alan,bagus jirs mes nya jan ksih tim sistem hitam moonton si alan,-14.0,Negatif,-9.0,Negatif,Negatif,test
dark sistem isinya kaya .....,1,2026-07-24 21:39:04,dark sistem isinya kaya,dark sistem isi kaya,-4.0,Negatif,-4.0,Negatif,Negatif,train
RIBUT YU,1,2026-07-24 21:34:43,ribut yu,ribut yu,0.0,Negatif,0.0,Negatif,Negatif,train
ppp good,5,2026-07-24 21:33:10,pp good,pp good,5.0,Positif,5.0,Positif,Positif,test
semoga bintang ini digantikan dengan diamond . hehe,5,2026-07-24 21:32:15,semoga bintang digantikan diamond hehe,moga bintang ganti diamond hehe,3.0,Positif,3.0,Positif,Positif,train
burik ... jangan instal ... kasih bintang 1 saja ...,1,2026-07-24 21:26:30,burik jangan instal kasih bintang,burik jangan instal kasih bintang,-2.0,Negatif,-2.0,Negatif,Negatif,train
game tai ngleeek truus,1,2026-07-24 21:21:36,game tai ngleek truus,game tai ngleek truus,-3.0,Negatif,-3.0,Negatif,Negatif,train
jangan di dowload ada unsur 18+,1,2026-07-24 21:20:55,jangan dowload unsur,jangan dowload unsur,-3.0,Negatif,-3.0,Negatif,Negatif,train
game ga jelas merusak generasi bangsa,1,2026-07-24 21:17:02,game tidak jelas merusak generasi bangsa,game tidak jelas rusak generasi bangsa,-4.0,Negatif,-4.0,Negatif,Negatif,train
adil la moonton ngasih kawan gajelas ngasih lawan berkelas,1,2026-07-24 21:16:10,adil la moonton ngasih kawan gajelas ngasih lawan berkelas,adil la moonton ngasih kawan gajelas ngasih lawan kelas,0.0,Negatif,0.0,Negatif,Negatif,train
"game isinya anak kecil,gwe main dari jam 12 malem sampe jam 4 subuh 1 bintang pun ga dapet,lost mulu,ini game online udah kek judol jadinya,blacklist player di akun gw udah banyak tapi masih aja di kasihnya sama ga ada bedanya,tolong ton moonton kalo mau rating an game lu bagus ga gini ton,kasih ws lah,dapet dapet 5 bintang apa 4 kek minimal,ga di lost semua,baru login padahal,di lawanin ga tidur,buat naikin rank doang,buang buang waktu #keluhkesahplyersolo",2,2026-07-24 21:15:29,game isinya anak kecil gwe main jam malem sampe jam subuh bintang tidak dapet lost mulu game online udah kek judol jadinya blacklist player akun udah banyak aja kasihnya sama tidak bedanya ton moonton kalau mau rating an game kamu bagus tidak gini ton kasih winstreak lah dapet dapet bintang apa kek minimal tidak lost semua baru login padahal lawanin tidak tidur buat naikin rank doang buang buang waktu keluhkesahplyersolo,game isi anak kecil gwe main jam malem sampe jam subuh bintang tidak dapet lost mulu game online udah kek judol jadi blacklist player akun udah banyak aja kasih sama tidak beda ton moonton kalau mau rating an game kamu bagus tidak gin ton kasih winstreak lah dapet dapet bintang apa kek minimal tidak lost semua baru login padahal lawanin tidak tidur buat naikin rank doang buang buang waktu keluhkesahplyersolo,-31.0,Negatif,-26.0,Negatif,Negatif,train
percuma kalian koment pasti di abaikan lebih baik kalian kasi bintang satu terus uninstall,1,2026-07-24 21:08:09,percuma kalian koment abaikan lebih baik kalian kasi bintang satu terus uninstall,percuma kalian koment abai lebih baik kalian kasi bintang satu terus uninstall,0.0,Negatif,0.0,Negatif,Negatif,train
"gw APUS dah,berat sebelah match-nya dpet tim yang ampas bgt,dahlah yah cukup deh untung gajadi topup kemarin",1,2026-07-24 21:03:15,apus berat sebelah match nya dpet tim ampas banget dahlah yah cukup deh untung gajadi topup kemarin,apus berat belah match nya dpet tim ampas banget dah yah cukup deh untung gajadi topup kemarin,-19.0,Negatif,-19.0,Negatif,Negatif,train
"p, info keadilan dalam permainan. ini udah di luar nalar banget.",1,2026-07-24 21:01:15,p info keadilan permainan udah luar nalar banget,p info adil main udah luar nalar banget,-2.0,Negatif,-2.0,Negatif,Negatif,train
menurut saya musuh dari game satu ini cukup bingung lihat Tim yang bot seperti afk tolong di perbaiki ya monton setiap,5,2026-07-24 20:58:21,musuh game satu cukup bingung lihat tim bot afk perbaiki moonton,musuh game satu cukup bingung lihat tim bot afk baik moonton,-8.0,Negatif,-10.0,Negatif,Negatif,test
"banyak botnya sekarang ini game mana jago banget lagi botnya, tolong lah min hapus aja bot botnya",2,2026-07-24 20:51:55,banyak botnya sekarang game mana jago banget botnya lah min hapus aja bot botnya,banyak bot sekarang game mana jago banget bot lah min hapus aja bot bot,2.0,Positif,2.0,Positif,Positif,train
"niat saya cuma mau seneng seneng eh malah di bully abis abisan katanya hero yang saya gunakan menjijikkan (se jijik itukah? padahal b aja, saya juga engga beban yang gimana gimana) , sampe trauma saya✋🏻😐🤚🏻, i'm out bro.",3,2026-07-24 20:51:35,niat cuma mau seneng seneng eh malah bully abis abisan katanya hero gunakan menjijikkan se jijik itukah padahal b aja tidak beban gimana gimana sampe trauma i m out bro emoji_lain emoji_lain emoji_lain,niat cuma mau neng neng eh malah bully abis abis kata hero guna jijik se jijik itu padahal b aja tidak beban gimana gimana sampe trauma i m out bro emoji_lain emoji_lain emoji_lain,-8.0,Negatif,-8.0,Negatif,Negatif,train
game nya bagus grafiknya jangan di tanya deh tapi ko pas maen kita udah mau menang kadang musuhnya tiba tiba lebih sakit demegnya apa mungkin aku yang kurang jago atau kah udah dari sana yang ngatur,3,2026-07-24 20:51:12,game nya bagus grafiknya jangan tanya deh ko pas maen udah mau menang kadang musuhnya tiba tiba lebih sakit demegnya apa mungkin aku kurang jago udah sana ngatur,game nya bagus grafik jangan tanya deh ko pas maen udah mau menang kadang musuh tiba tiba lebih sakit deg apa mungkin aku kurang jago udah sana ngatur,-4.0,Negatif,5.0,Positif,Positif,train
gem ML ini sangat bagus tapi yg bikin kesel tim drak sistem,5,2026-07-24 20:49:36,gem ml sangat bagus bikin kesel tim drak sistem,gem ml sangat bagus bikin kesel tim drak sistem,-17.0,Negatif,-12.0,Negatif,Negatif,test
"Hey dog developer, fix the enemy match system, the dongo team is good, they are all stupid, they can't code, what are you dogs?",1,2026-07-24 20:48:36,hey dog developer fix the enemy match system the dongo team is good they are all stupid they can t code what are you dogs,hey dog developer fix the enemy match system the dongo team is good they are all stupid they can t code what are you dogs,6.0,Positif,6.0,Positif,Positif,train
"tolong ban tu cheater, msih bnyak yg lolos",4,2026-07-24 20:41:26,ban tu cheater msih bnyak lolos,ban tu cheater msih bnyak lolos,-4.0,Negatif,-8.0,Negatif,Negatif,train
game aneh ngasih musuh sama tim ga seimbang sengaja amat mush rank tinggi timnya yg rendah sampe lose streak dibuat ni game,1,2026-07-24 20:40:27,game aneh ngasih musuh sama tim tidak seimbang sengaja mush rank tinggi timnya rendah sampe lose streak dibuat ni game,game aneh ngasih musuh sama tim tidak imbang sengaja mush rank tinggi tim rendah sampe lose streak buat ni game,-11.0,Negatif,-11.0,Negatif,Negatif,train
"kak, kapan skin epic dan legend hero aamon dan Natan di rilis, saya sudah nunggu sejak starlight terakhir kedua hero ini 3 tahun lalu, tapi skin epic dan legend nya kok masih belum keluar-keluar😭, dan kalau sampai akhir tahun ini belum keluar, seperti nya kedepannya saya akan berhenti bermain 🙏.",5,2026-07-24 20:33:48,kak kapan skin epic legend hero aamon natan rilis nunggu sejak starlight terakhir kedua hero tahun lalu skin epic legend nya kok belum keluar keluar kalau akhir tahun belum keluar nya kedepannya berhenti bermain emoji_negatif emoji_netral,kak kapan skin epic legend hero aamon natan rilis nunggu sejak starlight akhir dua hero tahun lalu skin epic legend nya kok belum keluar keluar kalau akhir tahun belum keluar nya depan henti main emoji_negatif emoji_netral,9.0,Positif,9.0,Positif,Positif,train
seru tp kebanyakan drak sistem,5,2026-07-24 20:32:56,seru kebanyakan drak sistem,seru banyak drak sistem,-2.0,Negatif,1.0,Positif,Positif,train
"jaringan bagus tapi saat matchmaking tiba² lag mulu, jumping terus padahal ijo, bug, dapet tim yg ga seimbang terus, banyak yg trol, yang sekiranya ga mampu naik rank ga usah dinaikin cepet² jadi banyak yg troll seenaknya!!!!!!!",1,2026-07-24 20:23:04,jaringan bagus matchmaking tiba lag mulu jumping terus padahal ijo bug dapet tim tidak seimbang terus banyak trol sekiranya tidak mampu naik rank tidak usah dinaikin cepet jadi banyak troll seenaknya,jaring bagus matchmaking tiba lag mulu jumping terus padahal ijo bug dapet tim tidak imbang terus banyak trol sekira tidak mampu naik rank tidak usah dinaikin cepet jadi banyak troll enak,-14.0,Negatif,-17.0,Negatif,Negatif,train
game sangat buruk,1,2026-07-24 20:20:59,game sangat buruk,game sangat buruk,-5.0,Negatif,-5.0,Negatif,Negatif,train
game taiii!!!!!!,1,2026-07-24 20:12:40,game taii,game taii,2.0,Positif,2.0,Positif,Positif,train
game gk adil rank legend di kasih lawan imortal,1,2026-07-24 20:08:18,game tidak adil rank legend kasih lawan imortal,game tidak adil rank legend kasih lawan imortal,-6.0,Negatif,-6.0,Negatif,Negatif,test
mending pindah ke game sebelah.. Udah banyak bug. Dan paling ganggu stak matching di 80 atau sekian.. Padahal jaringan bagus.. Bukanya benerin malah colab mulu,1,2026-07-24 20:05:55,mending pindah game sebelah udah banyak bug paling ganggu stak matching sekian padahal jaringan bagus bukanya benerin malah colab mulu,mending pindah game belah udah banyak bug paling ganggu stak matching sekian padahal jaring bagus buka benerin malah colab mulu,-11.0,Negatif,-8.0,Negatif,Negatif,train
"Tolonglah di rolling lagi Lanennya. Gw daritadi ketemu hyper sama gold yg tolol terus. Kagak jelas lu ngasih tim, gw kalah terus sial",1,2026-07-24 20:03:49,tolonglah rolling lanennya daritadi ketemu hyper sama gold tolol terus kagak jelas kamu ngasih tim kalah terus sial,tolong rolling lanennya daritadi ketemu hyper sama gold tolol terus kagak jelas kamu ngasih tim kalah terus sial,-18.0,Negatif,-18.0,Negatif,Negatif,train
GAme babi poke gak jelas,1,2026-07-24 20:01:33,game babi poke tidak jelas,game babi poke tidak jelas,-5.0,Negatif,-5.0,Negatif,Negatif,test
"banyak hama hama banyak dark sistem, match making ga seimbang",1,2026-07-24 20:00:30,banyak hama hama banyak dark sistem match making tidak seimbang,banyak hama hama banyak dark sistem match making tidak imbang,-15.0,Negatif,-15.0,Negatif,Negatif,test
"setelah 6x losetreak, saya putuskan berhenti bermain game ini. Bayangkan di kurang lebih 200 match saya MVP (menang) 53x dan MVP (kalah) 47x total 100 MVP (kalah-menang), jadi saya seperti menggendong separuh tim dalam keseluruhan permainan. terimakasih, S40 adalah season terbaik map dreadsea dan mode Tidal Fishing ""Memancing Ombak"" sangat menyenangkan. Saya berhenti di S41 - sekian.",1,2026-07-24 19:57:28,x losetreak putuskan berhenti bermain game bayangkan kurang lebih match mvp menang x mvp kalah x total mvp kalah menang jadi menggendong separuh tim keseluruhan permainan terimakasih s season terbaik map dreadsea mode tidal fishing memancing ombak sangat menyenangkan berhenti s sekian,x losetreak putus henti main game bayang kurang lebih match mvp menang x mvp kalah x total mvp kalah menang jadi gendong paruh tim seluruh main terimakasih s season baik map dreadsea mode tidal fishing pancing ombak sangat senang henti s sekian,-11.0,Negatif,-3.0,Negatif,Negatif,train
Game ampas yang tidak adil.,1,2026-07-24 19:54:56,game ampas tidak adil,game ampas tidak adil,-7.0,Negatif,-7.0,Negatif,Negatif,train
"please lah, gamenya udah bagus, tapi matchmaking nya loh, tim sendiri kayak player baru main, tapi tim musuh udah kayak pro player, katanya game dengan matchmaking adil? tapi kok gini",3,2026-07-24 19:43:59,please lah gamenya udah bagus matchmaking nya loh tim sendiri kayak player baru main tim musuh udah kayak pro player katanya game matchmaking adil kok gini,please lah gamenya udah bagus matchmaking nya loh tim sendiri kayak player baru main tim musuh udah kayak pro player kata game matchmaking adil kok gin,-24.0,Negatif,-19.0,Negatif,Negatif,train
Tolong di perbaiki server nya min setiap war sering ngeleg banget ga logis,5,2026-07-24 19:41:21,perbaiki server nya min war sering ngeleg banget tidak logis,baik server nya min war sering ngeleg banget tidak logis,-1.0,Negatif,-1.0,Negatif,Negatif,train
siiip,5,2026-07-24 19:36:19,siip,siip,0.0,Positif,0.0,Positif,Positif,train
bad game,1,2026-07-24 19:32:21,bad game,bad game,-2.0,Negatif,-2.0,Negatif,Negatif,train
game moba tergoblokk yang pernah gua mainin,1,2026-07-24 19:30:33,game moba tergoblokk pernah mainin,game moba tergoblokk pernah mainin,0.0,Negatif,0.0,Negatif,Negatif,train
tolong hilang pemain epic di game ini,5,2026-07-24 19:29:09,hilang pemain epic game,hilang main epic game,-2.0,Negatif,-2.0,Negatif,Negatif,train
Game ga bagus Tidak usah di download Di kasih tim dark sistem dan ga bisa main habis itu gagal ke mythic karena di legend 1 bintang 5 terus turun karena tim nya dark sistem tidak usah di download,1,2026-07-24 19:26:59,game tidak bagus tidak usah download kasih tim dark sistem tidak main habis gagal mythic legend bintang terus turun tim nya dark sistem tidak usah download,game tidak bagus tidak usah download kasih tim dark sistem tidak main habis gagal mythic legend bintang terus turun tim nya dark sistem tidak usah download,-27.0,Negatif,-32.0,Negatif,Negatif,train
"game ga jelas, saya ditroll diambilin buff saya di menit pertama masa didenda -4 kredit skor? giliran saya yang pundung meluk base ampe kalah gegara ditroll malah dapet pelanggaran besar, aneh kek hukum Indonesia",1,2026-07-24 19:24:00,game tidak jelas ditroll diambilin buff menit pertama masa didenda kredit skor giliran pundung meluk base ampe kalah gegara ditroll malah dapet pelanggaran besar aneh kek hukum indonesia,game tidak jelas ditroll diambilin buff menit pertama masa denda kredit skor gilir pundung luk base ampe kalah gegara ditroll malah dapet langgar besar aneh kek hukum indonesia,-5.0,Negatif,-5.0,Negatif,Negatif,train
game udah hampir 10 tahun tapi masih banyak masalah,1,2026-07-24 19:19:27,game udah hampir tahun banyak masalah,game udah hampir tahun banyak masalah,-2.0,Negatif,-2.0,Negatif,Negatif,train
game buruk selalu tidak bisa menyeimbangkan permainan.. selalu dikasi dark system...game terburuk lebihh baik main AOV Garena... system nya ok keseimbangan yg pas,1,2026-07-24 19:17:47,game buruk selalu tidak menyeimbangkan permainan selalu dikasi dark system game terburuk lebihh baik main aov garena system nya keseimbangan pas,game buruk selalu tidak imbang main selalu kasi dark system game buruk lebihh baik main aov garena system nya imbang pas,3.0,Positif,3.0,Positif,Positif,train
game bikin emosi rank nya ngk bakal naik2 kalo blum top up badak 1 turun ke badak 3 naik lagi ke badak 1 turun lagi ke badak 3 main tiap hari tiap mlm gitu2 ajah menak dan kalah suda di tentukan sama pihak developer🤮🤮🤮🤮🤮🤮,1,2026-07-24 19:17:17,game bikin emosi rank nya ngk bakal naik kalau blum top up badak turun badak naik badak turun badak main tiap hari tiap mlm gitu ajah menak kalah suda tentukan sama pihak developer emoji_lain emoji_lain emoji_lain emoji_lain emoji_lain emoji_lain,game bikin emosi rank nya ngk bakal naik kalau blum top up badak turun badak naik badak turun badak main tiap hari tiap mlm gitu ajah menak kalah suda tentu sama pihak developer emoji_lain emoji_lain emoji_lain emoji_lain emoji_lain emoji_lain,-1.0,Negatif,-1.0,Negatif,Negatif,train
"game aneh dapet tim isinya bot mulu sedangkan musuhnya jago, moonton gajelas",1,2026-07-24 19:17:12,game aneh dapet tim isinya bot mulu musuhnya jago moonton gajelas,game aneh dapet tim isi bot mulu musuh jago moonton gajelas,2.0,Positif,2.0,Positif,Positif,train
"game gjls keluar"" sendiri dri pertandingan",3,2026-07-24 19:12:44,game gjls keluar sendiri dri pertandingan,game gjls keluar sendiri dri tanding,-4.0,Negatif,-4.0,Negatif,Negatif,train
isinya bot semua di tim terus d musuh GK bot emang bBi,1,2026-07-24 19:11:57,isinya bot semua tim terus d musuh tidak bot emang bbi,isi bot semua tim terus d musuh tidak bot emang bbi,-16.0,Negatif,-16.0,Negatif,Negatif,train
"match making rusak, Musuh 3 glory. tim sendiri 2 tier legend. gokil",1,2026-07-24 19:11:48,match making rusak musuh glory tim sendiri tier legend gokil,match making rusak musuh glory tim sendiri tier legend gokil,-12.0,Negatif,-12.0,Negatif,Negatif,train
"kenapa ketika saya login, setak di loading tidak bisa masuk kedalam game nya??",1,2026-07-24 19:07:13,login setak loading tidak masuk kedalam game nya,login tak loading tidak masuk dalam game nya,0.0,Negatif,0.0,Negatif,Negatif,test
"tolonglah system matchmaking nya dibenerin, masa main solo ketemu player random gak jelas terus. gak jelas kali loh montooon. saya termasuk player old padahal, tapi setiap main ranked solo selalu ketemu random satu tim kayak bot. di kasih player yang baru main bocil-bocil gak paham rotasi, gk paham item.",1,2026-07-24 19:05:46,tolonglah system matchmaking nya dibenerin masa main solo ketemu player random tidak jelas terus tidak jelas kali loh moonton termasuk player old padahal main ranked solo selalu ketemu random satu tim kayak bot kasih player baru main bocil bocil tidak paham rotasi tidak paham item,tolong system matchmaking nya dibenerin masa main solo ketemu player random tidak jelas terus tidak jelas kali loh moonton masuk player old padahal main ranked solo selalu ketemu random satu tim kayak bot kasih player baru main bocil bocil tidak paham rotasi tidak paham item,-31.0,Negatif,-31.0,Negatif,Negatif,train
bisa ga sih ini game rank di sesuain bayangin losetreak 14 kali perkara tim gajelas mending liat dlu deh kualitas game ampas lama lama jadi makin susah karena dikasih tim gajelas mulu,1,2026-07-24 19:05:29,tidak sih game rank sesuain bayangin losetreak kali perkara tim gajelas mending liat dlu deh kualitas game ampas lama lama jadi makin susah dikasih tim gajelas mulu,tidak sih game rank sesuain bayangin losetreak kali perkara tim gajelas mending liat dlu deh kualitas game ampas lama lama jadi makin susah kasih tim gajelas mulu,-19.0,Negatif,-19.0,Negatif,Negatif,train
anj server nya perbaiki lag woi,1,2026-07-24 19:02:27,anj server nya perbaiki lag woi,anj server nya baik lag woi,0.0,Negatif,-3.0,Negatif,Negatif,test
tolong lihat player mu muntun gak pernah adil dalam pemilihan tim dan tidak pernah seimbang mikir,1,2026-07-24 19:00:35,lihat player mu moonton tidak pernah adil pemilihan tim tidak pernah seimbang mikir,lihat player mu moonton tidak pernah adil pilih tim tidak pernah imbang mikir,-11.0,Negatif,-11.0,Negatif,Negatif,train
"SOLO RANK SEMAKIN GAK JELAS TIM NYA, gak semakin baik malh semakin buruk lagi, gak jelas kau montoon",1,2026-07-24 18:56:59,solo rank semakin tidak jelas tim nya tidak semakin baik malh semakin buruk tidak jelas kau moonton,solo rank makin tidak jelas tim nya tidak makin baik malh makin buruk tidak jelas kau moonton,-14.0,Negatif,-14.0,Negatif,Negatif,train
"emg ini game tambah kesini tambah g jls ya konsepnya. orang ditinggal bls chat sebentar aja langsung ga bisa lanjut game, langsung afk. ga ada niatan buat usaha loading dulu, aneh banget",1,2026-07-24 18:52:24,emg game tambah kesini tambah g jls konsepnya orang ditinggal bls chat sebentar aja langsung tidak lanjut game langsung afk tidak niatan buat usaha loading dulu aneh banget,emg game tambah kesini tambah g jls konsep orang tinggal bls chat sebentar aja langsung tidak lanjut game langsung afk tidak niat buat usaha loading dulu aneh banget,5.0,Positif,3.0,Positif,Positif,train
akun ml gw hilang min padahal email udah di kaitin ke akun ml giliran mau login kok koneksi tidak stabil mulu padhal kuota wifi bagus,1,2026-07-24 18:43:26,akun ml hilang min padahal email udah kaitin akun ml giliran mau login kok koneksi tidak stabil mulu padhal kuota wifi bagus,akun ml hilang min padahal email udah kaitin akun ml gilir mau login kok koneksi tidak stabil mulu padhal kuota wifi bagus,-7.0,Negatif,-2.0,Negatif,Negatif,train
"Parah system sekarang semenjak ada partyan grup , niat main solo kalah menang mulu , kadang pada troll ... dari dulu sampe sekarang skin gratis yg bikin puas dari pada main rusak semua tim nya kali solo .",1,2026-07-24 18:42:52,parah system sekarang semenjak partyan grup niat main solo kalah menang mulu kadang troll dulu sampe sekarang skin gratis bikin puas main rusak semua tim nya kali solo,parah system sekarang semenjak partyan grup niat main solo kalah menang mulu kadang troll dulu sampe sekarang skin gratis bikin puas main rusak semua tim nya kali solo,-7.0,Negatif,-6.0,Negatif,Negatif,train
game ramah saya kasih bintang 1,1,2026-07-24 18:33:00,game ramah kasih bintang,game ramah kasih bintang,5.0,Positif,5.0,Positif,Positif,train
"Tiap ada turnamen besar, lag semua server",1,2026-07-24 18:31:26,tiap turnamen besar lag semua server,tiap turnamen besar lag semua server,-1.0,Negatif,-4.0,Negatif,Negatif,train
musuh susah team ga jelas,1,2026-07-24 18:29:58,musuh susah team tidak jelas,musuh susah team tidak jelas,-9.0,Negatif,-9.0,Negatif,Negatif,train
"ASLI INI GAME UDAH RUSAK! SETIAP HARI KETEMU TIM YG GA NGERTI MAEN, SEDANGKAN MUSUH KAYA ORANG PATYAN NGERTI MAEN SEMUA! MULAI HARI INI GUE UNINSTAL INI GAME! MIKIRIN BIKIN SKIN DOANG! PEMAIN² POKE KAGA DIKASIH SANKSI GOBLOKKKK!",1,2026-07-24 18:29:01,asli game udah rusak hari ketemu tim tidak ngerti maen musuh kaya orang patyan ngerti maen semua mulai hari uninstal game mikirin bikin skin doang pemain poke tidak dikasih sanksi goblokk,asli game udah rusak hari ketemu tim tidak ngerti maen musuh kaya orang patyan ngerti maen semua mulai hari uninstal game mikirin bikin skin doang main poke tidak kasih sanksi goblokk,-16.0,Negatif,-16.0,Negatif,Negatif,train
woi min kasih lah aku menang dari kemarin kemarin kalah mulu yang bener dikit napa ngasih tim nya pas mau serius malah dapet tim anomali pas gak serius malah dapet tim yang serius perbaiki lah sistem pencari an musuh sama tim kasih lawan yang sama dong,1,2026-07-24 18:28:45,woi min kasih lah aku menang kemarin kemarin kalah mulu bener dikit napa ngasih tim nya pas mau serius malah dapet tim anomali pas tidak serius malah dapet tim serius perbaiki lah sistem pencari an musuh sama tim kasih lawan sama dong,woi min kasih lah aku menang kemarin kemarin kalah mulu bener dikit napa ngasih tim nya pas mau serius malah dapet tim anomali pas tidak serius malah dapet tim serius baik lah sistem cari an musuh sama tim kasih lawan sama dong,-21.0,Negatif,-17.0,Negatif,Negatif,train
gajelas pembagian tim gak se imbang game rusak,1,2026-07-24 18:27:40,gajelas pembagian tim tidak se imbang game rusak,gajelas bagi tim tidak se imbang game rusak,-9.0,Negatif,-9.0,Negatif,Negatif,train
"ehh montonn hapus dark system nya lah, gw cape main gak nambah² bintang gw bangke",1,2026-07-24 18:27:07,ehh montonn hapus dark system nya lah cape main tidak nambah bintang bangke,ehh montonn hapus dark system nya lah cape main tidak nambah bintang bangke,-12.0,Negatif,-12.0,Negatif,Negatif,train
"Perbaiki Sistem Mach nya, masa Mitik bintang 8 dapet musuh Honor bintang 40 gajls asu",1,2026-07-24 18:22:56,perbaiki sistem mach nya masa mitik bintang dapet musuh honor bintang gajls asu,baik sistem mach nya masa mitik bintang dapet musuh honor bintang gajls asu,-6.0,Negatif,-6.0,Negatif,Negatif,train
jangan di kasih tim dark sistem mulu woi,5,2026-07-24 18:16:12,jangan kasih tim dark sistem mulu woi,jangan kasih tim dark sistem mulu woi,-11.0,Negatif,-11.0,Negatif,Negatif,test
GAME ASU,1,2026-07-24 18:15:59,game asu,game asu,2.0,Positif,2.0,Positif,Positif,train
cape banget dari pagi main sampai JM 1 malam bukan nya naik bintang malah turun main sambil nagis begadang nyampe asam lambung kumat pliss yatuhan cape banget .pliss gk bisa berhenti nagis hampir gila ini,1,2026-07-24 18:10:24,cape banget pagi main jm malam bukan nya naik bintang malah turun main nagis begadang nyampe asam lambung kumat pliss yatuhan cape banget pliss tidak berhenti nagis hampir gila,cape banget pagi main jm malam bukan nya naik bintang malah turun main nagis begadang nyampe asam lambung kumat pliss yatuhan cape banget pliss tidak henti nagis hampir gila,-31.0,Negatif,-31.0,Negatif,Negatif,train
mengapa selalu mendapatkan tim yang tidak sepadan dengan musuh dan mengapa saya terus saja di beri lawan yang susah dan tim yang bodoh??,1,2026-07-24 18:10:23,selalu mendapatkan tim tidak sepadan musuh terus beri lawan susah tim bodoh,selalu dapat tim tidak padan musuh terus beri lawan susah tim bodoh,-23.0,Negatif,-23.0,Negatif,Negatif,train
"di rank adain ripot orang nga bisa maen , 3 kali di ripot nga bisa maen rank lagi , cape banget maen ketmu tim nga jelas nga ngerti game",1,2026-07-24 18:07:07,rank adain ripot orang nga maen kali ripot nga maen rank cape banget maen ketmu tim nga jelas nga ngerti game,rank adain ripot orang nga maen kali ripot nga maen rank cape banget maen ketmu tim nga jelas nga ngerti game,2.0,Positif,2.0,Positif,Positif,train
matchmaking nya suka ngaco banget,1,2026-07-24 18:06:50,matchmaking nya suka ngaco banget,matchmaking nya suka ngaco banget,3.0,Positif,3.0,Positif,Positif,train
game gak jelas dapat team gak bisa main terus sama server ngaur,1,2026-07-24 18:06:44,game tidak jelas team tidak main terus sama server ngaur,game tidak jelas team tidak main terus sama server ngaur,-2.0,Negatif,-2.0,Negatif,Negatif,train
"Tim gak sesuai ,,banyak akun bocil jokian, pembagian tim buat solo player gak imbang, gamexyang harusnya buat ngilangi stress malah bikin stresss",1,2026-07-24 18:05:27,tim tidak sesuai banyak akun bocil jokian pembagian tim buat solo player tidak imbang gamexyang harusnya buat ngilangi stress malah bikin stress,tim tidak sesuai banyak akun bocil joki bagi tim buat solo player tidak imbang gamexyang harus buat ngilangi stress malah bikin stress,-26.0,Negatif,-26.0,Negatif,Negatif,train
ton monton mbok nek golek ne tim sengenah ora gor mbok kei drak sistem roh pora kene rep ngugah ne pangkat anggel,1,2026-07-24 18:04:45,ton moonton mbok nek golek ne tim sengenah ora gor mbok kei drak sistem roh pora kene rep ngugah ne pangkat anggel,ton moonton mbok nek golek ne tim sengenah ora gor mbok kei drak sistem roh pora kene rep ngugah ne pangkat anggel,-3.0,Negatif,-3.0,Negatif,Negatif,train
"game tai, mending Honor Of Kings,",1,2026-07-24 18:02:26,game tai mending honor of kings,game tai mending honor of kings,-4.0,Negatif,-4.0,Negatif,Negatif,train
"kalian ini bisa memvalidkan laporan orang padahal secara obyektif permainan tidak adil, misalkan player kena ganking dilaporin karena ga perform. Apa memang kalian tak lihat gameplay nya.. matchmaking juga ga imbang, BURUK",1,2026-07-24 17:57:53,kalian memvalidkan laporan orang padahal obyektif permainan tidak adil misalkan player kena ganking dilaporin tidak perform apa memang kalian tak lihat gameplay nya matchmaking tidak imbang buruk,kalian valid lapor orang padahal obyektif main tidak adil misal player kena ganking dilaporin tidak perform apa memang kalian tak lihat gameplay nya matchmaking tidak imbang buruk,-26.0,Negatif,-26.0,Negatif,Negatif,train
AKU STERES MONTOON TIMNYA KAYA EE SEMUAAAAAAAA BERI AKU TIM YANG BENERRRRR PLISS AKU SUDAH MUAK DENGAN TIMKU YANG AMAT GAJELAS INIEHHHH😭😭😭🫩🫩🫩🫩🫩🫩🤯🤯🤯🤯🤯🤯😈😈😈😈😈😈😈😈😈,4,2026-07-24 17:52:40,aku steres moonton timnya kaya ee semuaa beri aku tim benerr pliss aku muak timku gajelas iniehh emoji_negatif emoji_negatif emoji_negatif emoji_lain emoji_lain emoji_lain emoji_lain emoji_lain emoji_lain emoji_lain emoji_lain emoji_lain emoji_lain emoji_lain emoji_lain emoji_lain emoji_lain emoji_lain emoji_lain emoji_lain emoji_lain emoji_lain emoji_lain emoji_lain,aku steres moonton tim kaya ee semuaa beri aku tim benerr pliss aku muak tim gajelas iniehh emoji_negatif emoji_negatif emoji_negatif emoji_lain emoji_lain emoji_lain emoji_lain emoji_lain emoji_lain emoji_lain emoji_lain emoji_lain emoji_lain emoji_lain emoji_lain emoji_lain emoji_lain emoji_lain emoji_lain emoji_lain emoji_lain emoji_lain emoji_lain emoji_lain,-6.0,Negatif,-6.0,Negatif,Negatif,train
suka sekali game ini,5,2026-07-24 17:50:07,suka sekali game,suka sekali game,3.0,Positif,3.0,Positif,Positif,train
"saya kecewa atas perilaku player ml,saya dihina di caci maki sampai saya tkut main ml lagi",1,2026-07-24 17:47:19,kecewa atas perilaku player ml dihina caci maki tkut main ml,kecewa atas perilaku player ml hina caci maki tkut main ml,-12.0,Negatif,-12.0,Negatif,Negatif,train
"jujur gw udah sakit banget main ni game,gw sampe sakit dibuat ni game",1,2026-07-24 17:44:32,jujur udah sakit banget main ni game sampe sakit dibuat ni game,jujur udah sakit banget main ni game sampe sakit buat ni game,-2.0,Negatif,-2.0,Negatif,Negatif,train
cape gua Ama monton tim lawan pada gg tim nya tim gua kek ee punya salah apa si gua Ama lu hah?gua main dari jam 4 sore punya tim ke ee semua,5,2026-07-24 17:42:32,cape ama moonton tim lawan gg tim nya tim kek ee punya salah apa si ama kamu hah main jam sore punya tim ee semua,cape ama moonton tim lawan gg tim nya tim kek ee punya salah apa si ama kamu hah main jam sore punya tim ee semua,-27.0,Negatif,-24.0,Negatif,Negatif,train
"tolong moonton capek jadi roomer tapj di kasih tim gajelas , awal awal lebih unggul mendekati late game dibikin blunder akhirnya kalah,, tolong kalau ngasih tim jangan penghuni asli lah, kadang mantan rank tinggi main kayak newbie, masak 14 match cman menang 2 , tolongmoonton perbaiki matchmaking dan server nya , yang lain dikasiih ws bbrp kali , saya di kasih losetreak . Apalagi mendekati hero saya damage nya sudah sakit di kasih lag sampai ping merah ,, tolong yg adil moonton",1,2026-07-24 17:39:21,moonton capek jadi roomer tapj kasih tim gajelas awal awal lebih unggul mendekati late game dibikin blunder akhirnya kalah kalau ngasih tim jangan penghuni asli lah kadang mantan rank tinggi main kayak newbie masak match cman menang tolongmoonton perbaiki matchmaking server nya dikasiih winstreak bbrp kali kasih losetreak mendekati hero damage nya sakit kasih lag ping merah adil moonton,moonton capek jadi roomer tapj kasih tim gajelas awal awal lebih unggul dekat late game bikin blunder akhir kalah kalau ngasih tim jangan huni asli lah kadang mantan rank tinggi main kayak newbie masak match cman menang tolongmoonton baik matchmaking server nya dikasiih winstreak bbrp kali kasih losetreak dekat hero damage nya sakit kasih lag ping merah adil moonton,-17.0,Negatif,-16.0,Negatif,Negatif,train
terlalu susah musuh di game ini,1,2026-07-24 17:35:06,terlalu susah musuh game,terlalu susah musuh game,-8.0,Negatif,-8.0,Negatif,Negatif,train
gb nya kebanyakan muntun,1,2026-07-24 17:32:46,gb nya kebanyakan moonton,gb nya banyak moonton,2.0,Positif,2.0,Positif,Positif,train
"game hama,sistem match pas trio taii muluuuu!!!!!awal season glory nabrak legend 3 mana ada kek gituuu",1,2026-07-24 17:32:45,game hama sistem match pas trio taii muluu awal season glory nabrak legend mana kek gituu,game hama sistem match pas trio taii muluu awal season glory nabrak legend mana kek gituu,-6.0,Negatif,-6.0,Negatif,Negatif,test
sangat menyukai game ini,5,2026-07-24 17:31:42,sangat menyukai game,sangat suka game,3.0,Positif,3.0,Positif,Positif,train
"dear moonton. masalah utama di game mlbb itu soal matching yg tidak adil, Tolong lah diperbaiki banyak yg rate bintang 1 karna masalah matching buruk. batasi juga antar perbedaan rank. kalo bisa rank legend gabisa bermain di rank tinggi seperti di glory/honor itu sangat merugikan. perbedaan rank sangat jauh dari segi performa bermain juga beda tapi maksa main di rank tinggi malah jadi beban sangat"" merugikan. pls guys like opini gw ini. udah muak soal matching gak dibener benerin",1,2026-07-24 17:30:10,dear moonton masalah utama game mlbb soal matching tidak adil lah diperbaiki banyak rate bintang masalah matching buruk batasi antar perbedaan rank kalau rank legend gabisa bermain rank tinggi glory honor sangat merugikan perbedaan rank sangat jauh segi performa bermain beda maksa main rank tinggi malah jadi beban sangat merugikan pls guys like opini udah muak soal matching tidak dibener benerin,dear moonton masalah utama game mlbb soal matching tidak adil lah baik banyak rate bintang masalah matching buruk batas antar beda rank kalau rank legend gabisa main rank tinggi glory honor sangat rugi beda rank sangat jauh segi performa main beda maksa main rank tinggi malah jadi beban sangat rugi pls guys like opini udah muak soal matching tidak dibener benerin,-59.0,Negatif,-59.0,Negatif,Negatif,train
game banyak drak sistem,1,2026-07-24 17:26:39,game banyak drak sistem,game banyak drak sistem,-2.0,Negatif,-2.0,Negatif,Negatif,train
kau kalo ngasih tim yg bener ya yth bapak muntun,1,2026-07-24 17:25:17,kau kalau ngasih tim bener yth bapak moonton,kau kalau ngasih tim bener yth bapak moonton,-2.0,Negatif,-2.0,Negatif,Negatif,train
