content,score,at
woy monton bisa buat game gak udah empat belas kali gua kalah gak menang menang bisa buat game gak lu,1,2026-07-27 07:57:30
KALAU NGASIH TEAM YG BENER LAHHH,1,2026-07-27 07:54:47
mooton bujang intinya game pp game bujang main 20 kali menang cuma 1 kali mau Mabar solo tetap sama monton Kon bujanginam mooton pp,1,2026-07-27 07:53:01
capek juga main selalu kalah saya sebagai solo rankk dapat tim selalu jelek tim musuh selalu kuat kuat msuh,1,2026-07-27 07:52:40
"Pengen balik ke ml tolong, jangan tambahkan fitur fitur bikin ngelag. Ayolah Montoon",2,2026-07-27 07:52:24
game sistem gj kasih aja gw kalahh terus tim musuh jago tim gw poke,5,2026-07-27 07:52:13
game gateli lose trike tros,1,2026-07-27 07:50:33
makasih moontoon,5,2026-07-27 07:50:26
"Sumpah ini moonton kejam dah.Lagi asik main tiba² malah restart, pengen nonton pertandingan teman malah di kick ama sistemnya,mau tukar kode terlalu banyak aksi ditunggu 3 jam beh lama nga tuh,star protection tidak aktif padahal masih ada 4,sinyal bagus tapi malah ngelag aneh ngatuh,game nga adil ud party malah musuhnya top global sampai lose streak,ngestuck digrandmaster lagi males bet dah moonton memang buat game gak pernah pake otak membuat pemainya tidak nyaman untuk dimainkan Dongo bet",1,2026-07-27 07:50:21
bagus keren,5,2026-07-27 07:48:29
"Jaringan bagus, tapi ping tinggi. Matchmaking tidak seimbang. Tolong perbaiki lah",3,2026-07-27 07:46:29
sangat menghibur buat isi kekosongan,5,2026-07-27 07:44:13
ton moonton aku tahu kamu sibuk tapi tolong masalah jaringanya benerin.sama tolong buatin skin untuk beberapa hero yang skin nya sedikit sama benerin bug² yang masih ada karena aku sering nemuin bug saat main rank,4,2026-07-27 07:43:39
karena game ini sangatlah seru walaupun ada yang berkata kasar,5,2026-07-27 07:43:27
min tolong lah ilangin ai di rank cape saya min dari legend 1 🌟 5 turun ke 🌟 1 gara²ketemu ai di rank,5,2026-07-27 07:43:24
"kasih tim yang jelas masa mode renk ada bot tim sendiri bot musuh player semua, ini bukan player skill bot tapi beneran bot, kekurangan player kah monton?",1,2026-07-27 07:42:44
taik ls terus orang sistem match making gapernah seimbang tim gapernah dapet yang bagus dan serius,1,2026-07-27 07:42:06
game sampah nyariin musuh ga adil musuh di kasih yang jago temen sendiri oon. buat lu kalo mau mainin ni game ga usah kata gw kaga ada manfaatnya bikin stress doang,1,2026-07-27 07:41:39
jangan tanya lagi susah bet main di epic cok dari sistem semua,5,2026-07-27 07:41:28
bagus gamenya ga ngebosenin apalagi setiap ganti season pasti ada hero baru dan meta baru,5,2026-07-27 07:39:36
game nya bagus saya suka memainkan nya saat ada waktu luang🤩🤩,5,2026-07-27 07:39:10
mines nya gk bisa ngeceat,4,2026-07-27 07:36:21
bagus grmnya seru lagi,5,2026-07-27 07:36:10
ML GAME NYA SERU BANGET DAN RANK AKU UDAH IMMORTAL,5,2026-07-27 07:35:56
gemnyabagus,5,2026-07-27 07:34:43
"sdh brkli"" sy hps download tp akhirnya download lg wkwk perbaiki lg match dan ping 🙄",1,2026-07-27 07:34:27
"GAME APAAN INI ANEH BANGET, JELEK",1,2026-07-27 07:33:11
sangat bagus dan enak main nya,5,2026-07-27 07:33:05
"WOY MOONTON, MASALAH SERVER MASIH ADA, GW MAU PUSH RANK JADI SUSAH, NGE LAG TERUS, PADAHAL DEKET WIFI, MAU WIFI GW SENDIRI, ATAU PUN WIFI TEMEN, TETEP NGE LAG, PADAHAL PAKE APLIKASI LAIN GAK NGELAG",2,2026-07-27 07:30:10
jir main gme in gua lost trek muluu jir susah bngt dpet tim bgus jirr,1,2026-07-27 07:28:52
kasih aku tim spek onic dong wkwk,5,2026-07-27 07:28:14
"game gajelas🤬, sinyal bagus bgt tiba' ngelag bgt, game error, playernya pada kaya binatang semua, udh salah pada gangaku slh, game stres",1,2026-07-27 07:25:45
akun saya hilang,1,2026-07-27 07:23:55
gak adil cok selalu dapat tim aneh giliran musuh jago kali,1,2026-07-27 07:23:33
👍,5,2026-07-27 07:23:08
"game ini sangat bagus,menemaniku selama 1 th terahir ini.... tapi masih banyak player yg GK Reti main (draksistem) itu menghambat pus rank ku..",5,2026-07-27 07:22:46
"seru sih, tapi untuk lawan musuh nya harus yg adil dan seimbang",1,2026-07-27 07:22:28
matchmaking lu kayak sampah . udah win streak malah di kasi tim yang udah jelas2 afk 3 match,1,2026-07-27 07:20:47
"kocak moonton , gua pemain solo di kasih teman yang isinya dark sistem mulu 😅 saatnya beralih game sebelah males pihak moonton gak jelas 🤣",1,2026-07-27 07:19:36
buat kau monton gk tim itu bagus dong kasih permainan yang imbang . tim gua lol semuanya tadi musuh jago jago yang bener dong ngasih tim nya,5,2026-07-27 07:16:46
banyak citer dan banyak bug masalah jaringan juga padahal buka apk lain gada masalah,1,2026-07-27 07:16:32
game oraa waras stres asuu,1,2026-07-27 07:15:23
game rusak sangat tidak rekomen hanya untuk orang yang,1,2026-07-27 07:14:40
game tolong ya keknya slalu dapat tim tim gj setiap main hah capek ga worthith ni game,1,2026-07-27 07:11:03
"Saya kecewa dengan sistem bantuan pelanggan Moonton. Proses pemulihan dan pergantian email akun saya sebelumnya sudah berhasil, tetapi saya masih mengalami masalah saat login. Saat mencoba mendapatkan bantuan lagi, sistem justru mengarahkan saya ke proses Pemulihan Akun yang sama tanpa memberikan pilihan lain yang sesuai. Mohon berikan solusi untuk masalah login saya, bukan mengarahkan saya kembali ke proses yang sudah berhasil dilakukan.",1,2026-07-27 07:10:55
sangat menghiburrr tp terlalu besar updatenya,5,2026-07-27 07:09:21
woi montonbalikin chat gua,1,2026-07-27 07:03:49
"mohon maaf moonton tolong ini kok makin kesini banyak yg pake cheat lag, mohon lebih dipantau lagi dong ini pasti bikin gak adil dan kesel",1,2026-07-27 07:00:51
seru sekaliii,5,2026-07-27 07:00:45
suka bangett,5,2026-07-27 06:59:41
Game nya bagus gak suka ngeleg dan ada main offline bagus banget,5,2026-07-27 06:59:02
"Slow response for Kimmy+Estes cheater, we already reported. its Free for Kimmy+Estes chetaer, for push rank.",1,2026-07-27 06:58:19
game aneh dipaksa gendong para bocil..,1,2026-07-27 06:56:51
Tolong tambahin mode nya bosen main rank .kasih mode yg paling susah,5,2026-07-27 06:56:41
memberi tim yang tidak seimbang,1,2026-07-27 06:54:49
gamenya seru dan aku juga suka grafiknyaa,5,2026-07-27 06:54:02
kamu kenapaa muntun muntun mentang mentang saya jarang main dikasih menang kalah Mulu muntun kocak,5,2026-07-27 06:53:29
gara ngasih tim gajelas minimal ngasih tim yang betul kek kasih lawan yang imbang minimal ngasih lawan jangan susah susah lah kalo tim musuh jago giliran tim kita dikasih bot mainnya gak jelas kayak masih di reng elit lo padahal kan sudah epik makanya kasih tip yang bagus kek makanya aku kasih rengking satu kar jengkel kesel gajelas setiap aku main tim kadang mainnya bagus kadang gajelas setiap keyemu jungel pasti gak dapet lord kadang dapet pokoknya gejelas lah pokoknya kasih tim yang imbang,1,2026-07-27 06:52:59
masa rank gw stuck epik trs,1,2026-07-27 06:52:36
Susah nak naik mythic immortal.rank legend tapi lawan dengan musuh mythic glory Susah betul,2,2026-07-27 06:52:04
Janggan kasih gua ls lagi yaa,5,2026-07-27 06:51:41
geme gak ada gunanya gak adil,1,2026-07-27 06:51:24
Ngeleg banget anj,1,2026-07-27 06:50:56
boss MONTON TOLONG SKIN KARINA DI ADAIIN YG PAKE DIAMOND PLISS YG DI ATAS 500 DIAMOND,5,2026-07-27 06:42:24
nggak bisa beri penilaian masak udah ngepush dapet coklat kocak tim Ama musuh nggak seimbang kocak benerin,1,2026-07-27 06:40:41
"saya suka game ini jika saya kesepian saya selalu mainkan game ini, walaupun ngeleq sedikit tapi saya suka kepada game ini, dan saya suka hero lylia",5,2026-07-27 06:40:33
gemnya membuat aku kalah mulu di claccic di rank di brawel kalh mulu capek aku nama {[®=raihan=®]},1,2026-07-27 06:38:41
good,5,2026-07-27 06:38:39
Moonton tolong perbaiki lah supaya sinyal nya ga leg terus padahal d tempat saya sinyal nya bagus cuman pas main ML doang legg,5,2026-07-27 06:35:19
"sorry ml, mungkin ente telah mengisi banyak waktu luang ane tapi coba buat yang lebih mendidik, bukan yang mendatangkan emosi",1,2026-07-27 06:34:28
tolong server ny di perbaiki lagi dong masa gw dh di dalam game tapi pas tiba tiba hp nya relog gw di lobby Mulu hal hasil afk trus menerus lama lama nih game makin ga seru,1,2026-07-27 06:33:36
game apalah baru mau naik rank sebagai solo player tpi dikasih tim beban terimakasih sekali moonton,1,2026-07-27 06:33:25
ya walaupun sering di kasih dark sistem game ini tetap the best sih menurut ku karena ga bisa buat berpaling ke game lain,5,2026-07-27 06:32:15
👍,5,2026-07-27 06:29:12
"saya waktu ingin memulihkan akun moonton yang lupa email sama pasword kok gagal terus ya? padahal sudah saya isi bukti topup dan lain lain dengan benar,tolong diperbaiki baru saya kasih bintang 5",1,2026-07-27 06:29:01
game nya banyak dark sistem anj,1,2026-07-27 06:26:46
GAME RUSAK. DIKIT DIKIT NGEBUG. SKIN ELITE SISTEM SULIT CUIH. game busuk,1,2026-07-27 06:24:10
moonton tolong kasih menang gua,1,2026-07-27 06:23:57
karena game nya seru,5,2026-07-27 06:23:12
"game kok isinya darksystem semua, mending gw uninstall, KECEWA",1,2026-07-27 06:19:17
game gj..katanya 5vs5..nyatanya 1vs9,1,2026-07-27 06:15:44
Most people who really don't intend to play actually troll,1,2026-07-27 06:14:12
GAME BURUK SANGAT TIDAK REKOMENDASIKAN GAME INI SANGAT BURUK,1,2026-07-27 06:11:01
SERUUUUUUUUUUUUUUUUU!!!!!!!!! BANGETTTT!!!!,5,2026-07-27 06:09:44
"jahat banget plis, ngasih tim sama musuh bot yg ga adil ny tuh bot di musuh jago sedangkan di tim kek gajelas banget, aku ngestuck di legend gara"" itu, tolong dong di benerin aku udh main bnr tapi wlwl terus gara"" itu, bikin stres jujur🥹",1,2026-07-27 06:09:19
muntun bagi bagi dm😭😭😭,5,2026-07-27 06:08:34
sangat bagus geme ini tolong kasih dm 1000 iya,5,2026-07-27 06:07:00
"game gak jelas gua main 3jam naik kagak turun kagak, cuman bikin stress game ini tolong monton kasih gua tim yang waras ngpa giliran musuh tim nya jago² stress lama² main game ini",1,2026-07-27 06:06:07
bug jaringannya min plis tolong help mohon,4,2026-07-27 06:02:39
game yang seru,5,2026-07-27 06:01:24
Game gila kana drk sistem muluu Nth apalah,1,2026-07-27 05:58:11
"dapat tim selalu jelek setiap solo rank, match making aneh, tdk kasih sanksi ke orang ngetrol, ngelag parah sudah pake kuota juga sama saja, uninstal sja capek",1,2026-07-27 05:58:03
bagus sekali,1,2026-07-27 05:57:10
seru,5,2026-07-27 05:55:48
"Please, perbaiki bug singal, masa internet lancar main suka merah-merah",4,2026-07-27 05:55:08
"manA nih arcade, Mayhem, dsb, adain juga lagi mode survival",1,2026-07-27 05:55:03
This is the worst game application in Indonesia. Playing it five times never gives you a win in a long game and always gets bot friends and the worst thing is that every time you load the connection is always lost.,1,2026-07-27 05:53:07
seru,5,2026-07-27 05:53:00
jaringanselalu ngelag sekarang jelek banget ni game,1,2026-07-27 05:51:26
kebanyakan server lag,2,2026-07-27 05:49:52
sangat suka ML,5,2026-07-27 05:48:29
makin kesini makin gila main ini game...dapat tim yang 100 % gak tau cara main dan bukan kebetulan ini sering terjadi...dari legend sampe turun ke epic 4 heran ko player separah itu bisa naik ke peringkat apes nasib solo rank mah,2,2026-07-27 05:46:07
game rusak,1,2026-07-27 05:45:03
.nahh,1,2026-07-27 05:44:25
game setan bikin stress,1,2026-07-27 05:44:19
"gamenya semakian lama semakin ga bgus. jaringan merah,jelek,lag.",1,2026-07-27 05:43:58
yang bener kasih tim gw cape setiap hari gw main dapat tim dark sistem mulu mohon monton yang adil lah,1,2026-07-27 05:43:00
bikin stres kalah terus dapat team bot semua nge lag pdhl sinyal bagus,2,2026-07-27 05:42:47
gem rusak,1,2026-07-27 05:42:41
game haram,1,2026-07-27 05:42:37
toxic,5,2026-07-27 05:37:20
"KALAU MAU CARI KESENANGAN ,SARAN JANGAN DOWNLOAD NI GAME, SISTEMNY TERGOBLOK YANG PERNAH KU TEMUI DIANTARA SEMUA GAME ,",1,2026-07-27 05:36:24
Jika masih ada cheater bintang ini gak akan berubah,1,2026-07-27 05:35:54
gem burik bayank derak sistem sama kutukan bintang,1,2026-07-27 05:35:15
game ini sangat bagus tapi bisa kah kembalikan argus yang dulu,5,2026-07-27 05:32:56
game bagus,5,2026-07-27 05:27:28
kasih teman random yg sesuai dikit jgan bot semua,4,2026-07-27 05:24:46
berat bgt..,2,2026-07-27 05:23:15
"akun gak pernah pake cheat malah di ban dengan tuduhan cheat, game gak jelas",1,2026-07-27 05:22:21
"kenapa setiap saya bermain exp saya selalu bertemu tim anak anak baik dan tidak bisa main, tolong doang sedikit adil apalagi untuk solo player seperti saya, sama ping hijau tapi tidak bisa gerak itu sangat merugikan tim.",1,2026-07-27 05:22:05
"emng moonton ini ,masa sinyal hijau tapi dilay,permainan sistem hah lagu lama",1,2026-07-27 05:20:59
tambah isi waktu selagi jenuh... biar ada hiburan,5,2026-07-27 05:18:38
game nya jelek bikin anak anak gila jadi jngn instal ini game,1,2026-07-27 05:17:47
"sistem ranknya ga adil poll, udah kalah beberapa kali sama tim musuh yg lebih enak sinerginya, menang cuman dikasih sekali habis itu dikalahin terus, gimana mau naik ranknya kalo gini terus?",1,2026-07-27 05:16:22
tolong lh monton coba kasihh tim ituu bagusss sekali GK usah ada yg dark sistem,1,2026-07-27 05:16:02
game rusak gak bisa main solo ketemu drak sistem coba yang adill moontoon,1,2026-07-27 05:13:37
"game seimbang dari mananya,kenapa setim gua selalu org yang baru maen atau bocil,dan lawan gua selalu orang"" yang jago,selalu gua mvp sedangkan teman gua coklat silver",1,2026-07-27 05:13:21
"jujur main di Mobile legends bikin stress aja, tim yang berat sebelah, lose streak mulu",1,2026-07-27 05:11:27
apalah iya game nya bagus tapi minimal keseimbangan match nya di perbaiki setiap main ketemu tim yg tolol tapi musuh nya jago2 aneh,1,2026-07-27 05:10:44
Montoon mending hapus game ini aja gak guna dapetnya tim ngetrol mulu game kan harusnya bikin kita jadi releks ini malah bikin nambah pusing hapus aja gamenya montoon,1,2026-07-27 05:09:41
"game rusak masa lagi main hp saya ngk sengaja mati saat login ulang masih aja ngestuck di lobby, udh lebih dari 5 lebih saya ngalamin hal bodoh ini, update doang gede bug aja masih banyak yg ngk hilang",1,2026-07-27 05:08:42
game gk jelas musuh pro tim beban memang aneh game aneh burik pulak gk guna gw yg gendong tim gw padahal rank mereka lebih besar dari pada gw akhirnya y kalah lah game aneh,1,2026-07-27 05:07:09
game nya bagus bangat aku sangat suka dengan game ml ini,5,2026-07-27 05:04:28
bagus banget kalo gabut aku udah jago 👍👍👍,5,2026-07-27 05:04:09
aplikasi nya keren,5,2026-07-27 05:04:05
saya menyukai ni gem tapi hapuskan draksistem,5,2026-07-27 04:59:47
Jangan pernah memainkan game ini. Semoga game ini di Boikot dari Play Store. Semoga game ini di Hapus dari Play Store.,1,2026-07-27 04:58:56
"Ahhh, bagus, tapi kok kamving... Wkwkkwk",4,2026-07-27 04:57:47
gem asu,1,2026-07-27 04:57:34
game stres ntar win ntar deveat ga jelas team gw selalu cupu ga setara sama team musuh yg sana rank nya udh pada tinggi tinggi yg disini baru GM ga jelas lah,1,2026-07-27 04:56:10
banyak dark sistem di high rank sangat tidak adil dalam matcmaking,3,2026-07-27 04:51:30
game nya seru.,5,2026-07-27 04:50:38
banyak keluhan player tidak di dengar.para penjoki harusnya di tindak tegas.sebab karena mereka game jadi rusak banyak akun hasil joki yang kda dan winrate tidak sesuai dengan gameplay di match making,1,2026-07-27 04:50:33
terlalu banyak tutorial,1,2026-07-27 04:48:10
game hewan menggonggong macth making nya gj gak seimbang perbaiki lagi macth making nya ama server nya juga ngelag padahal sinyal lancar,5,2026-07-27 04:46:08
udah imo belum,5,2026-07-27 04:46:07
👍,5,2026-07-27 04:41:59
game burik grapik sters,1,2026-07-27 04:40:54
"selalu dibikin kalah pas di moment krusial, ga jelas ni game. ga enak buat solo player yang selalu dapet tim ga kompak",1,2026-07-27 04:36:36
mantap,5,2026-07-27 04:36:29
ml hargai player solo kasik tim yg jelas bukan yg trol capek bodo,2,2026-07-27 04:34:40
untuk pemilihan role yang sangat buruk harus nya 1 role bukan 2 role neresahkan sangat meresahkan untuk penjuang solo,1,2026-07-27 04:29:01
karena kalau ngasih lawan tidak seimbang jadi bikin rugi bintang dan bikin stres/bikin emosi saya istirahat mau main game malah jadi stres,1,2026-07-27 04:26:38
bagus,4,2026-07-27 04:23:29
tidak menyenangkan,1,2026-07-27 04:23:23
kembali kan ulti argus yng dulu sekarang ulti nya sangat singkat tidak masuk akal untuk team fight mohon diperbaiki ku uninstal kalau masih tidak diperbaiki,1,2026-07-27 04:21:14
bagus,5,2026-07-27 04:14:45
"Mach macking nya buruk, main solo ketemu trio bot semua, main rank glory/imo dapet tim trio ada legend nya, beban pula... mending kalok dapet tim bot musuhnya bot juga, ini dapet tim bot musuh jago² ... real enak pindah game sebelah",2,2026-07-27 04:07:56
Sungguh Tidak Adill Ping jaringan Legs,1,2026-07-27 04:07:25
"plis moonton, tolong ubah slot afinitas lover jadi 5, aku ga puas karna lovernya cuma bisa 1",1,2026-07-27 04:04:11
saya bertemu dg bot terus menerus sehingga saya ls,3,2026-07-27 04:03:37
game ML bagus. 👉🏻,5,2026-07-27 03:55:55
GAME SAMPAH. DI KASIH TIM JELEK TERUSSSSSSS.. GAME TERBURUK SE ASIA,1,2026-07-27 03:55:14
sinyal udah bagus masih aja ngelag apasih moonton ini,1,2026-07-27 03:52:06
game nya seru kadang bisa bikin kesal tapi kalau main sama teman seru banget,5,2026-07-27 03:49:18
permainannya seru banget tapi grapik nya agak burik,5,2026-07-27 03:49:11
mantap hero baru dan diamon gratis nya min,5,2026-07-27 03:48:50
Saya terkagum dgn game ini tapi hp saya saat main ini berat dan lag sekali akhirnya saya ada hp baru,5,2026-07-27 03:35:18
game ini seru untuk menghibur saya tetapi bikin saya stress doang karena ketemu tim yang darksistem Mulu 🗿🗿 monton ny pilih kasih jadinya gw kasih bintang 5 aja biar gk ada yang ejek gw lagi saat main ml lagi,5,2026-07-27 03:26:34
Tim ny kek anjng,1,2026-07-27 03:26:07
"server benerin dululah ,game nya dah bagus tapi server buruk percuma juga, sepanjang game sinyal merah mana pas kalah ga ada perlindungan jaringan buruk, padahal pas di lobby hijau lancar, kedepan nya moga bisa diperbaiki",2,2026-07-27 03:23:43
game aneh dapet tim gak guna semua,1,2026-07-27 03:22:01
matchmaking sangat tidak adil. player solo di pertemukan dengan player duo dan player trio sehingga kurang nya informasi strategi dengan satu tim karena player duo dan trio tersebut menggunakan fitur mic lobby sehingga yang player solo tidak bisa mengakses informasi dari mereka. semoga hal seperti ini harus di perhatikan dan tidak dicampur antara player solo dan player duo ataupun player trio,1,2026-07-27 03:18:29
Saya kasih bintang 3 dulu. Tolong di baca ulasan saya! Dark sistem di ml sudah terlalu banyak tolong di beri sanksi ataupun hukuman jika saya melaporkan player tersebut karna sangat merugikan saya. Tolong di bereskan masalah matcmaking yang tidak adil!!!,3,2026-07-27 03:17:30
Ini jaringan data bagus tapi ko mala ngelag delay gitu gimana ya? tolong dong perbaikin ngerugiin bangt,1,2026-07-27 03:15:32
minus sinyal tolong ya monton perbaiki sinyal game nya sebener nya bagus minus sinyal,3,2026-07-27 03:13:41
suka bngt,5,2026-07-27 03:12:51
"Moonton, Hari ini adalah perpisahan kita. sekarang aku sudah tidak bermain lagi karena di season ini banyak sekali pemain bot lawan pemain jago, kenapa setiap aku main dikasih tim yang gak jago, dark sistem, dan lain sebagainya. sekarang aku waktu nya menjadi dewasa. suatu hari nanti kita akan ketemu lagi. see you mobile legend😁😙",4,2026-07-27 03:12:49
like it,5,2026-07-27 03:09:10
jaringan ping jlek,1,2026-07-27 03:08:41
mobile legend by koontol ini sistem play match nya udah ngga ketolong,1,2026-07-27 03:05:58
parah match nya ga sesuai masa di kasih tim gajelas terus.,1,2026-07-27 03:00:56
"Kalo masalah title itu semisal otomatis naik tirun gimana ,, maksutnya jangan nunggu 1 minggu sekali baru dirubah 🙏🙏🙏",5,2026-07-27 02:58:52
"game mantab, sangat bermanfaat, banyak sekali mahluk baik di sini, dan playernya sangat ramah dan baik hati, suka mengaji, dan suka mendoakan orang tua, game ini sangat saya rekomendasikan",1,2026-07-27 02:51:56
kalo ngasih tim itu yang adil,2,2026-07-27 02:50:05
seru bet ini gim monton lebih seru kalo dapet Hero geratis hehehe,5,2026-07-27 02:47:23
"game rusak sistem erorr match meking aneh rank legen ketemu mitik glory , trio ketemu solo dan duo ketemu solo , solo ketemu solo lah duo baru bisa ketemu trio",1,2026-07-27 02:46:54
tingalkan aja game gak bener ini,1,2026-07-27 02:39:43
"game ga jelas, sistemnya harus di perbaiki , ini ketemu legen 3 mabar sama mawi ketemu",1,2026-07-27 02:37:34
game nya sangat seru,5,2026-07-27 02:30:12
it's bad apk,1,2026-07-27 02:30:03
saya suka game seru,5,2026-07-27 02:22:09
gem seru tapi mungkin cuman tim aja yg gek setara tim kita bot tim musuh pro tapi kadang kadang,4,2026-07-27 02:18:34
Bagus,5,2026-07-27 02:16:11
kasih saya mitik monton sdh saya kasih bintang 5 ini,5,2026-07-27 02:07:44
geme seru tapi kalo sekali main malah ketemu tim yang gak bisa main gitu banyak drak sistem nya.,1,2026-07-27 02:07:10
bintang satu karena sistem jaringan yang tidak kompeten dan paling fatalnya sistem moonton melakukan pukul rata gak bisa bedain mana player afk dengan sengaja maupun murni karena ganguan,1,2026-07-27 02:05:39
"game bot , moonton tolong lah kasih team itu yg agak genah sikit . 5 bintang gw hangus jumpa team GK jelas !!! team bot semua yg di kasih, malahan jumpa lawan yg kompak + main nya agak mendingan. bukan ngilangin suntuk main game ML ini jadi tambah stresss kalau jumpa bot di team sendiri.",1,2026-07-27 02:03:18
malas,1,2026-07-27 02:01:42
bagus si tapi bikin otak panas. ketemu tim bot,5,2026-07-27 02:01:13
game Nye bagus dan seru monton plisss beri saya winstreak sampe imortal,1,2026-07-27 01:57:28
tim nya drak sistem bodo,1,2026-07-27 01:47:58
kode redem dari HP infinix masa ada kadaluarsa nya 👎,1,2026-07-27 01:47:51
game tolol sistem draft lu perbaikin dapet tim bego tapi musuh sekelas penjoki,1,2026-07-27 01:46:43
good jop,5,2026-07-27 01:33:06
"kagura legend masukin magic wheel aja, bosen setiap keluar legend limit mulu, lagian legend limit terlalu murah",5,2026-07-27 01:28:36
"game apaan.....kenyamanan player nggak pernah diperhatikan,cuma collab2 terus,matchmaking makin GK jelas,WR tinggi ketemu player busuk,1k match lebih 1 tim sama yg pertandingannya baru 100.game gak jelas,cuman mentingin cuan doang.gk heran kalo rating nya jelek,emang pantas game kayak gini di beri rate serendah ini.udah komplain di in game,sama aja,komplain berpuluh2 kali nggak digubris sama sekali.ping nggak stabil,server 4 digit 1 tim sama server 6 digit,emang rusak nih game.SADAR DIRI MOONTON",1,2026-07-27 01:21:09
jenis seru banget dan aku suka banget kalau lagi gabut aku suka banget sama game nya😀💓,5,2026-07-27 01:20:53
DIBIKIN KALAH MULUUU DEHHHH😠😠😠😠😠,1,2026-07-27 01:16:00
1. Bot sialan 2. Lagi War malam ngeleh 3. Moonton Perlu Banyak Evaluasi,1,2026-07-27 01:15:57
bagus,5,2026-07-27 01:12:36
kasih aku skinnya yang terbaru dong,5,2026-07-27 00:56:05
"parah banget ya keamanan akun moontoon masak tiba2 kena hack. hati2 buat yg bikin akun moontoon pake email pribadi yg utama, aplikasi ini berbahaya",1,2026-07-27 00:52:30
banyak dark system,1,2026-07-27 00:35:12
"gua kasih bintang satu karena ini game banyak bug sistem,bayangin wifi gua lancar tapi pas ke in game gabisa gerak sama sekali ping nya merah tolong lah benerin gimana player nya mau nyaman kalo game nya banyak bug kayak gini bikin emosi aja,emang lo sanggup tanggung dosa manusia yang marah marah gara gara sistem game lu ga bener",1,2026-07-27 00:29:01
balikin survival mode please,4,2026-07-27 00:28:07
"Bpk ML Tolong dong moonton perbaiki system draft pick sekarang susah Buat player solo rank dipaksa harus hero tertentu jadi sulit milih hero Utama ga Kaya Dulu. Bukan bermaksud troll atau apa, Cuma style player berbeda apalagi solo rank susah banget sekarang Buat menang kayak setiap match harus mabar ga jadi flexibility main ML Kaya dulu udah hilang. Klo player yg sering afk di match tindakan lanjut sendiri lah Dari admin moonton jgn merubah system dulu sekarang jd sulit banget buat solo rank",2,2026-07-27 00:24:37
Karena game ml sangat menyenangkan,5,2026-07-27 00:23:41
banyak dark system moonton game mu rusakk banyak orang dark system,1,2026-07-27 00:19:26
"game nya jelek bgt, jaringan ku pdhl fine² aja tapi pas di loading screen nya malah tiba² ngelag sendiri. Mohon diperbaiki lagi, bintang 1.",1,2026-07-27 00:19:16
🤬🤬,1,2026-07-27 00:16:47
"mobile legend setingan,, Jagan pernah download aplikasi ini merugikan cuma mainan tipu2,,,ga ada untungnya main game ini dia jelek",1,2026-07-27 00:12:24
semenjak di beli arap kenapa sangat beda makin sulit ya kebanyakan bot. gk wajar oi masa dr legen 1 kalah trus terusan gk ada menang nya sampe turun ke epik 1 lagi di kasih bot semua.,1,2026-07-27 00:05:46
saya menyukai nya,5,2026-07-27 00:03:30
game hama ga jelas,1,2026-07-27 00:00:27
game kuda poni samping salon aja buat males gua main ini bintang satu aja game ini sampai dulu,1,2026-07-26 23:55:40
matchmaking g imbang,1,2026-07-26 23:52:49
"Teruntuk Moonton, saya punya saran yaitu mohon nerf item healer, kenapa? Saya merasa sangat dirugikan ketika bermain bukannya menemukan roam yang siap maju dan hadapi pertempuran malah ketemu roam support yang tidak objektif penuh dalam memenuhi role, ga pernah rotasi, stay di satu lane, terus nyalahin orang lain. tolonggg!!!!! nerf item heal biar peminat roam support tipis, sebagai user exp kek pesannya k.",1,2026-07-26 23:51:43
"SERVER LAG, FIX DONG, UDAH MAU SEMINGGUAN MASI LAG, UDAH COBA PAKE VPN JUGA SAMA AJA, LAG LAG JUGA",2,2026-07-26 23:50:35
game dengan pemain yang begitu ramah,5,2026-07-26 23:49:52
bagus,5,2026-07-26 23:45:09
4 bintang untuk game ini karna banyak yang toxic,4,2026-07-26 23:41:37
"YG BENER AJA MOONTON MASA GUA KETEMU SAMA PAKISTAN LITERALLY BEDA SERVER,DAN MEREKA PADA NGELAG",1,2026-07-26 23:40:41
game cacat !! bnyakk dark sistem ktl !!,1,2026-07-26 23:28:04
"gini ya! gua user support Estes,ngetroll juga gapernah! se ekor Estes terkena report (mengganggu rekan),kek WHAT DA HAIL!? abis spawn sepatu selalu roamer! skill 1&3 ya cuma buat buff health point, skill 2 buat ngasih debuff slow ke musuh! bisa-bisanya ituloh gw di report (mengganggu rekan)! kecuali disini saya pakai Franco emang bisa buat troll temen sendiri! lah ini tuh posisinya gw pakai Estes! coba pikir dimana logisnya? kalo dirusuh pas early si Jungler jg gw mesti bantu! kocak bet dah!",1,2026-07-26 23:21:48
woi lu dendam sama gua? cape gua di kasih team drak sistem mulu,1,2026-07-26 23:19:23
bagus,5,2026-07-26 22:56:04
"bagus, tapi jangan untuk game penghilang stres, dan jangan juga main lebih dari 2x dalam sehari",3,2026-07-26 22:47:59
hey moonton akuu main kok lag. se server semua lag gimana to moonton ngantuk kh . woy yg lihat ini jangan main jam 5:15 nanti lag parah sumpah ini aku harus keluar gm kerana servernya ngelag,1,2026-07-26 22:39:56
"muntun gantenk servernya benerin dlu donk, MASA DIKIT DIKIT SERVERNYA DOWN SI, jeleg",1,2026-07-26 22:39:44
moonton mohon maaf bisa baff Hero argus udah ga laku jadi aku dibilang beban main argus padahal dulu itu ga baff ku kasih bintang satu kalen,5,2026-07-26 22:33:58
"main akun 1 kaga pernah ganti, dari 2021 sampai sekarang, malah kaga pernah dapet draw gratis, intinya setiap invent kaga pernah dapet kecewa, akhirnya ya sekarang jarang main",2,2026-07-26 22:27:35
moonton kenapa aku selalu mvp tapi kok kalah terus capek banget ketemu player drak sistem Mulu plis kasi keringan bagi kami lah moonton,4,2026-07-26 22:26:05
JANGAN DOWNLOAD GUYS GAME TIDAK RAMAH,1,2026-07-26 22:25:06
"gamenya asik sih ya, tapi kadang sebel banget kalo ketemu rekan tim yang bloon sedangkan musuhnya mantan imo, overall game ini enjoyable dengan banyak event menarik. sekalian buatin biar chat di pertandingan bisa ngirim emoji dong, kadang perlu itu juga, makasih! 💓",4,2026-07-26 22:11:37
game nya seru tapi gak ada pintu sama rumah kenangan di hapus juga mau apalagi hero? lu kan udah batalin Hero yang lu sebut gimana sih 8 bit game nya gak seru player nya tolong di hapus,1,2026-07-26 22:00:58
"sering laq,dan sering dapat musuh yg mabar ,padahal tim saya solo semua",1,2026-07-26 21:39:17
game bagus,5,2026-07-26 21:37:57
game aneh masa iya dapet tim yang cupu cupu trus giliran musuh jago trus dan dapet mvp pula tolong perbaiki game,1,2026-07-26 21:27:16
good game,5,2026-07-26 21:12:38
game MOBA terburuk sepanjang masa sistem match making ga adil masa di kasih teman bot terus padahal gua ex imo solo buat kalian mending ga usah download nih game!! bikin stress,1,2026-07-26 21:07:00
keren,5,2026-07-26 20:57:42
aku suka,5,2026-07-26 20:52:17
"update besar' an kirain sinyal makin bagus, eh malah sinyal ga jelas kek lampu merah, match juga gajelas, di tim kadang setim ma legend, eh musuh ex immo 300/600 di kira keren apa, minimal perbaikin bug bug nya tuh ha💜",1,2026-07-26 20:51:03
"selama season baru di mulai selalu di kasih tim sampah terus, stak di legend 5",1,2026-07-26 20:47:23
good.,5,2026-07-26 20:44:59
"dari pengalaman gw ngintal ml 2017 perlu 3tahun buat bisa mitik,. winstrek-losetrek memang hal biasa. tapi mulu mh yang d dapet ajg bgt. ntah akun gw yg busuk, soalnya sering d jokiin org yg lebih jago dibanding gw pun kalah terus,. gw main 2 akun, d akun yg satunya normal kalah menang seimbang bahkan bintang bisa naik,. tp d akun utama gw parahh busuk,. sangat tidak adil awal season jd epic, untuk bisa balik mitik lg kye harus bgt d ahir pengujung season,, najis ajig selalu kye bgitu,.",1,2026-07-26 20:35:53
"main game ini kalo tidak Mabar berlima, teamnya bot semua, bukan musuhnya yang hebat tapi teamnya sama developer nya di setting biar losetreak, jadi fikir² lagi kalo mau main game ini kalo solo rank kalo tidak kalian bisa stress sama game ini.",2,2026-07-26 20:33:40
"Game ga guna buang2 waktu saja , main solo atau Mabar matc making selalu tidak adil , kapan naek imortal kalau gitu . pensi 27 07 2026 . APLIKASI TIDAK BERMUTU .",1,2026-07-26 20:26:51
dikasih lose treak trus,1,2026-07-26 20:26:18
"Terimakasih mobile legends karna mengingat ulang tahun saya, karna tidak ada seorangpun yang mengingatnya :')",5,2026-07-26 20:25:49
sistem matchmaking ga jelas,1,2026-07-26 20:19:30
"game kutukan sesason 41 kaya di sengaja menang kalah menang kalah ganti gantian kapan naik nya, aneh developer nya, udah tau banyak player solo malah di bikin susah buat player solo, sinyal anjlok terus stuck kuning gk ijo padahal sinyal ijo rumah deket sama tower BTS tetep aja server nya anjlok bikin seneng nggak bikin stres iya",1,2026-07-26 20:16:46
game burik,1,2026-07-26 20:13:24
"YANG BENER AJA INI GAME UDAH PULUHAN TAHUN MATCH MAKING NYA MASIH GA DI BENERIN JUGA, GIMANA GA PADA PINDAH GAME MOBA SEBELAH!. AYOLAH BENERIN BIAR PLAYER NYA PADA GA MALES MAEN GAME NYA!!!!!!!!!",1,2026-07-26 20:00:27
ini sih gem kesukaan kuu,5,2026-07-26 19:44:54
sistem gk adil bnget musuh orang asli timku bott kebanyakkan mati teruss timku matchting gak adil gak seimbang betull kaya gini truss orang2 pada pindah game baru tau rasa sepi gak main mobile legendas lagi kalo matchting gak seimbang atau gak adil tim match nya makanya rating rendah kaya gitu duit cepat muntun kasih gak tim gak adil cape tangan udah perjuang2nya malah kalah teruss,1,2026-07-26 19:44:07
kenapa saat di in game potret skin musuh tidak terlihat. bahkan skin teman sendiri tidak keliatan efek recal teman juga gak keliatan.,4,2026-07-26 19:43:14
"matchmaking tidak adil dari segi rata2 rank lawan dan tim, SELALU DAPET TEAMMATE BOT, FYI ciri2 bot : mondar mandir jarak singkat, tidak ada interaksi, pola jalan sudutnya tajam, tidak sesuai draft, recent play nya selalu di lobby, di tier tinggi bot tau keberadaan kita di bush. tidak hanya role roamer diisibot, jika solo bahkan jungler / gold di isi bot",1,2026-07-26 19:40:09
sangat merekomendasi👍,5,2026-07-26 19:38:53
"parah banget sistem moonton skrng, UPDATE SKIN STIAP BULAN PASTI ADA AJA SKIN TERBARU YANG BAGUS BAGUS GILIRAN SISTEM MATCHING BOBROK PARAH GW MAEN DARI SORE JAM 3 SAMPE JAM 2 MALEM WIN 1 LOSE 6 KETEMUNYA TEAM TEAM GA NGERTI APA APA, MASALAH BEGINI DARI DULU GAPERNAH DI PERBAIKI GILIRAN SKIN TERUS TERUSAN DI UPDATE",1,2026-07-26 19:38:00
tolong kalo macthmaking nya di perbaiki lagii yaa developer game nyaa.masa saya udah mythical glory bisa se tim sama yang rank nya legend ini gimana konsepnya???.lama lama stres aku di buat ni game.kalo emang game adil setidaknya berikan lah tim yang rank nya sepadan,3,2026-07-26 19:35:00
"sbnrnya game bagus, cuma sistem lu ga ketat bang alias aja aja yang ngecheat. gw udh berkali kali nemu musuh yg ngecheat mau lag, aim, posisi ketahuan co masa tim lu kagak bs ngedetect? ngetik lol aja kena peringatan, masa hal sesepele kimmy taptap n yve keluar kotak lu gbs musnahin? itu ajasih bg",3,2026-07-26 19:34:39
"GAME JELEKKK JARINGAN BURIKKKKKKKK, JANGAN DI DOWNLOAD",1,2026-07-26 19:34:19
"bisa2nya akun udah di kaitkan ke email pribadi bisa di hack/di login perangkat/hp laennya gx bisa di logout pula pleyer laen juga gx bisa memahami arti role & pemahaman hero kurang bisa menguasai dari segi pemilihan hero , tier udah tinggi masih BOOT pleyer",1,2026-07-26 19:33:41
"gaada otak makin kesini ngasih tim ga seimbang sama sekali... ibaratnya musuh maen partyan gw maen berjuang sendirian yg Laen pada kaya epic... gaperna sepadan ngasih tim apalagi maen solo, mytick imortal disatuin sama legend/ honor udah gitu ada yg Mabar...kasian player lain yg kena imbasnya apalagi maen solo niat mau cari hiburan buat hilangin stres justru malah tambah bikin stres karena selalu dikasih tim yg ga sepadan dengan lawan. next update tlng lbih di seimbangkan lagi dalam matchmaking.",2,2026-07-26 19:26:33
game ga jelas!,1,2026-07-26 19:19:38
game mobile legend ini membuat player2 nya bikin brisik para tetangga di malam hari yg mau istirahat...,1,2026-07-26 19:12:30
"Game keren nih guys, main dari sore sampai malem menang 2 kalah 7",1,2026-07-26 19:11:18
GAME DGN STYLE MATCHMAKING SAMPAHNYA.. PENUH DGN PLAYER TOLOL SIANG & MALAM.. SUPER DARKSYSTEM..,1,2026-07-26 19:10:25
"makin parah game kelen,dri mytik bintang 5,defeat terus sampai legends 4,udah ga masuk akal,game kck ga berguna top up banyak",1,2026-07-26 19:09:07
game nya bagus moonton tapi kalau kasih musuh yang setara sama timnya ini mah musuhnya jago timnya dongo tolong di perbaiki yah moonton,4,2026-07-26 18:56:03
"KASIIH TIM YG BENAR, JGN MUSUH ADA GLORY HONOR, DITIM DIKASIH LEGEND MYTHIC.",2,2026-07-26 18:53:38
game jelek.,1,2026-07-26 18:49:47
montoon skrg begini banget memang game nya bagus dari segi fitur atau yg lainnya..tapi kendala nya adalah setiap bermain biarpun rank sudah Mytik dapet tim nya selalu ga adil selalu dapat drak sistem..ga sesuaii harusnya game buat bikin seru malah jadi emosii tolong di perbaiki lagi biar yg main nyaman,1,2026-07-26 18:49:32
Matchmaking tidak seimbang dan player yang dapat score 3.0 seharusnya bisa dikategorikan 'Tidak Mau Berkontribusi untuk Tim' karena score rendah sudah pasti player tersebut tidak bermain secara maksimal.,1,2026-07-26 18:46:48
mantap,5,2026-07-26 18:45:00
"bilangin sama yang poke"" jangan login jam 12 ke atas nyusahin bikin pengalaman bermain jadi ampas",2,2026-07-26 18:43:02
bagus,5,2026-07-26 18:39:12
gem nya seru tapi gw sedikit gila gw kalah 8 kali menag 1 kali gm mmk hpus aja lah gak guna gem haram🗿,1,2026-07-26 18:34:04
"game ga adil, kalo ngasi tim yang adil dong jangan berat sebelah, musuh serius tim sendiri malah ngetroll, kasian orang lain yang mau push rank kalo dapet tim gitu terus, kasih tim yang adil dong moonton kesel juga lama"" setiap ngerank dapet tim troll terus yang bener dikit ke ngasih tim yang bijak lah",1,2026-07-26 18:29:16
keren,5,2026-07-26 18:28:02
kurang gcor moonton tim gw,1,2026-07-26 18:25:51
game cacat,1,2026-07-26 18:25:13
"Main ml buat apaa,,bikin kita setres,,main kalah menang buat apa monton, kita mau cari hiburan aja, bukan buat setres monton,",1,2026-07-26 18:25:07
game busuk sistem matchingnya GK ngotak terus kasih timnya GK seimbang tolong yah gw sebagai player kecewa berat lama lama kalo gini terus bisa pada pindah game sabelah nih siapa yang setuju,1,2026-07-26 18:20:13
"game busuk bgo di kasih tim ga sesuai mulu,udh banyak keluhan bukanya di perbaiki malah makin bego",1,2026-07-26 18:20:00
"2 kali lose, lose terus nasib pemain solo",1,2026-07-26 18:18:05
MOONTON ASUUUUUU!!!!!,1,2026-07-26 18:05:18
"game apa ini di curang"" kitaa🤣",1,2026-07-26 18:04:52
apalahh setiapp adaa warr pasti ngeleq padahal jaringan nyaa baguss gajelas banget ga masuk akal,1,2026-07-26 18:03:48
gem yang sangat baik,5,2026-07-26 18:03:38
"game ngga jelas, draf pick anehh isinya cuma dark system",1,2026-07-26 18:02:25
Suka,5,2026-07-26 18:02:14
"Matchmaking tolol, perbaiki lah kontll",4,2026-07-26 18:02:08
ga pernah bener kalo milih tim kebanyakan drak sistem terus juga kalo akhir match selalu salah,3,2026-07-26 18:00:08
"jujur keren, tp gw ga jago"" mainnya. sampe kalo kalah pcr aku jadi bete karna poke bgt😭😭",5,2026-07-26 17:55:07
game udh ga ketolong. isi publicnya player player dongok semua,1,2026-07-26 17:54:06
bagus banget keren mantap enak buat dimainkan suka.,5,2026-07-26 17:52:56
"game aneh,dapat teman gajelas terus tong perbaiki",1,2026-07-26 17:50:39
kebanyakan tim feeder masa main dari pagi sampai ga ad nambah bintang naik turun,1,2026-07-26 17:49:43
game paling seru,3,2026-07-26 17:47:09
ngasih tim gajelas,1,2026-07-26 17:46:45
"cukup moonton cukup, capek aku kau kasi tim yg ga waras yg gada otak mending pensiun klo gini gini terusss lu pertimbangkan lagi soal pembagian tim moonton stres orang yg main klo kek gitu tim yg lu kasi",1,2026-07-26 17:46:05
😠,5,2026-07-26 17:41:47
"bagus banget gamenya sama matchmakingnya gaadil banget ya glory 77 dikasih tim mawi tapi musuhnya imo dimana letak keadilan itu? event banyak matchmakingnya gaadil game pay to win emng lagi susah ditambah cape malah dikasih tim dark sistem musuhnya top global, pas beres top up dikasih tim bagus musuh bot padahal mau have fun giliran serius dikasih tim ga bener, sama masa gara gara id server baru dikasih tim yg baru main ga ngerti item,build,emblem,counter cape gw tiap hari kaya main sendiri",5,2026-07-26 17:38:45
kece,5,2026-07-26 17:33:41
"moonton pairing tim ga pernah bener, dapet tim juga ga waras semua. lag semua. afk semua.",1,2026-07-26 17:21:03
"Monyet, sistem gajelas, tim lawan high ranknya jauh di banding tim random, musuh sama random yang setim ga sesuai, benerin tuh sistem event mulu event, kalo honor sama nawi ya temuin sama yang sama ranknya, ini tim gw random legend mawi musuh glory, global, ex imo 200++",1,2026-07-26 17:18:54
"saya sangat kecewa bermain game ini karna bertemu dengan dark system terus, ga adil matchmakingnya tolong benerin lagi lah ni game,cape² push Nemunya team system Mulu,dari glory sampe turun ke honor B27,ga masuk akal banget ngasih LS nya,tolong lah benerin lgi ni game adiling lahi",1,2026-07-26 17:18:39
"matchmaking ga adil ketemu nya orang ga bisa main, sedangkan tim musuh bisa main semua game tidak adil",1,2026-07-26 17:17:49
"ini tim kenapa gak ada yang bener,sya bermain di renket tier honor kenapa selalu di kasih tim yang legenn Meraka tidak mengerti tatacara maenn di renkk tier tingii mereka lebih persis ia yang hanya ngerti matiii ....., tolong perbaiki sistem kalian yaa mohon sekalii sayaa bisa gilaaa gara gara game inii kalo tidak niat membuat pemain senang jangan buat game yaaa dasarrrrrrr",1,2026-07-26 17:14:29
mantap,5,2026-07-26 17:14:18
setelah update login akun malah bermasalah padahal Gmail Ama sandi betul di buat tapi malah ngk bisa login game rusak,1,2026-07-26 17:10:45
server rusak ga rekomen untuk di mainin,1,2026-07-26 17:07:51
"Gamenya bagus sekalii Playernya kbanyakan ank-ank di bwah umur yg sngat TIDAK BISA BERMAIN di game ini, bnyak juga org-org dewasa yg brmain game ini dngan sngat TIDAK pintar dlam mmilih hero sesuai role, cntohny EXP: Miya, GOLD: Cyclops, & lbih pintarny ad player yg pick saber roam di saat tim tdk ad hero yg tebal, dan saat player² itu di nasehati mlah nyalahin tim yg main dngn benar dan sewajarnya. aku sngat snang brmain mobile legends ini, udah 3 thun main game ini dan syukurlah sya msih wras",1,2026-07-26 17:06:49
kereen,5,2026-07-26 17:05:44
ga pake ap² di banned,1,2026-07-26 17:04:55
good,5,2026-07-26 17:00:55
MOONTON SARAN AJA NI YA LU JANGAN TERLALU BANYAK ADAIN EVENT SKIN GRATIS HERO BARU LAH APA LAH TAPI PERBAIKI DULU GAME LU TU SINYAL NGELAG TERUS DAPAT TIM GA BENER STRESS GUE PERBAIKI DULU GAMENYA BARU UPDATE YANG LAIN KARNA ITU LEBIH PENTING,1,2026-07-26 16:59:45
"WOI, KALAU MATCHMAKING BUAT JADI SAMA SEMUA ANJ RANKNYA",1,2026-07-26 16:53:01
"tolong perbaiki macmaking montoon saya bermain selalu kalah Mulu dan karna permainan yg tidak seimbang saya sudah capekkkkkk menggendong drak sistem, menang 1 kali terus di kasih kalah 4 kali, kalo begini terus kapan rank saya akan naik💔💔💔 dan player akan bosan dan berpindah game lain, mohon di perbaiki toonn.",1,2026-07-26 16:51:45
gw hapus ini gem sistem nya buru Tim sama lawak ga seimbang banyan lostrek nya sistem nya buruk bgt ga seimbang bgt sistem nya banyan lostrek nya 4 tahun maen gem ini banyak lostrek nya ush muak gw,1,2026-07-26 16:51:13
oke,5,2026-07-26 16:49:45
gamenya sangat seru tapi tolong player egois sama minus akhlas,1,2026-07-26 16:47:55
"Game Rusak. Sistem blaklist jangan di batasin lah moontod banyak draksistem isi nya, dan di benerin dong sistem blacklist nya masa udh di blacklist masih aja ketemu setim. Gmn mau pada main kalau sistem match making blm dibenerin. Dan matchmaking terlalu lama 5 menit sy tungguin malah dapat tim yg hasil jokian mulu, skill nya dmna tier nya dmn",1,2026-07-26 16:47:24
"gunanya musuh bot apa masak ls 6 gak di kasih bot , dari glory 50 ke 45 gini konsep nya itu moonton gw mau pensi dah kalok kalah mulu",1,2026-07-26 16:42:52
game rusak ngak di jamin untuk bermain game tolol ini,1,2026-07-26 16:41:45
game bagus,5,2026-07-26 16:38:36
why does it get worse the longer it goes on?,1,2026-07-26 16:34:37
lama lama makin muak gw macthmaking makin gk jelas dpt mm hanabi mulu padahal dah mytic udah gitu asal maju gk lagi,1,2026-07-26 16:33:36
gem ini bagus tapi kekurangan nya tolong pertandingan nya bikin siibang,5,2026-07-26 16:32:17
"game nya bagus,tapi kalau kasih tim yang bner jangan yang dark sistem,ini malah ngasih tim yang ga setara pas ngasih musuh yang jago benr Etdah,katanya ngasih tim yg adil kok gua ketemu sama tim dark sistem,terus musuh nya jago banget,stres bngt ini pala ku Min",1,2026-07-26 16:32:06
"match making mu bnerin npa, bisa pulak di tim musuh mitik, tim sendri lu gabungin epik sama legend, ko pikir kita evos pa nyet, coba ko bnerin tu kasian yg main solo udah stress, sampe liat teman ja yg main udah gk da, game bangkrut ntr lagi kyk nya",1,2026-07-26 16:32:05
"bnyak pemain tolol di tim ku,gak seimbang sama lawan nya",1,2026-07-26 16:30:53
ini game mudah monton tapi bayak yang cit,3,2026-07-26 16:28:04
gem bagus tapi drak sistem ilang kan lah,5,2026-07-26 16:25:54
bagus...!!,5,2026-07-26 16:23:37
ml makin hari makin gak jelas di kasih tim buruk terus menerus menang 1 kali kalah 10 kali apa kah ini yg di namakan gem yg adil monton tolong jelaskan ada apa sebenarnya dengan gem ini makin di main makin gak jelas pembagian tim nya.,3,2026-07-26 16:23:15
ini maksud gimana ton gw mau main game buat ngilangin stress malah nambah stress gw 😭😭😭😭😭😭😭😭😭😭,5,2026-07-26 16:23:07
"game gajelas, matchmaking gak pernah dibenerin",1,2026-07-26 16:22:45
Game nya bagus kok,5,2026-07-26 16:22:22
"Tolong untuk tim pengembang, hapus AI Bot di mode Rank. Saat bermain solo sering sekali saya bertemu dengan tim atau lawan dengan foto profil yang aneh, dan rata-rata jago jago, saat saya mengecek profilnya saya menemukan bahwa profil tersebut seperti bukan manusia yang bermain. Oleh karena itu, keluh kesah para pemain ini segera ditanggapi, jika tidak ditangani saya tidak akan mengubah rating",1,2026-07-26 16:21:14
"I don't know why I never feel happy every time I play this MOBA game, which wastes my time. If only this game made me happy every time I played it. my rating 2.7/10",2,2026-07-26 16:19:59
plis ubah sistem itemnya dong. masak beli item defend tidak pengaruh sama sekali.,1,2026-07-26 16:15:02
game te,1,2026-07-26 16:14:56
ok,5,2026-07-26 16:14:09
monton tolong sistem selalu tim classic ngawur dan rank selalu hina gua tolong perbaiki sistem dulu monton tolong,2,2026-07-26 16:10:04
"dapet tim bego terus, saat selesai match tim yg coklat feed gabisa kena peringatan padahal sudah 07,kocak bgt ini game, ga asik tim kita bego tim musuh jago, tidak disarankan main saat sedang stres tambah stres, gw tadi baru main tim gw ada yg 07,09 masih aja bli sky piercer cokk yg kek gitu harusnya bisa di report kan ehh ini g dikasih peringatan aneh bgt, GAME ANEH",1,2026-07-26 16:09:31
"masih jelek, gila lose streak 5 kali ga dikasih main gw game sakit",1,2026-07-26 16:09:08
game burik lebih bagus Free fire,5,2026-07-26 16:05:32
mantap,5,2026-07-26 16:05:25
"Game nya sangat bagussss, game terbaik yang pernah ada",5,2026-07-26 16:04:45
oke,4,2026-07-26 16:03:47
tim busuk teross,1,2026-07-26 16:02:43
"tiba tiba tekeluar karna notif pas mau masuk ke pertandingan ga bisa, di paksa afk Game aneh",1,2026-07-26 16:01:51
"game bosok, cuma buat orang ingin rilex jadi stres, gak ngotak",1,2026-07-26 16:00:46
jadi rusak anak saya main gm gak jelas ini tolong di hapus aja gem nya dari play store. dari pada nyebar ke anak lain kan mending cukup anak saya aja yang kenak sama gem gak jelas ini saldo saya habis 2juta cuman buat gem gak guna ini tolong la di hapus gem nya,1,2026-07-26 15:58:22
gw kasih bintang 5 bukan berarti gw puas sama kerja game lu gw cuman minta di ini game itu di kasih tim yg imbang gw seneng kalau main ml tim imbang dan semoga game lu berkembang pesat di next years,5,2026-07-26 15:58:12
matching lu benerin ajg,3,2026-07-26 15:57:58
"game aneh, match making ga seimbang,nerff buff hero ga jelas, cuma menang 3x di bales kalah 10x, pdhl voice line hero nya ""keadilan di tegakan"" ga ada yang adil, match making,winstrike dikit losestrike nya banyak, bot di mana mana, player toxic, kebanyakan orang main, dark sistem nya juga bangat wkw",1,2026-07-26 15:56:36
monton kasi tim yang gak ngetrol lah kapan saya ke honor nya,1,2026-07-26 15:56:36
perbaiki server dan sistem matchmaking,1,2026-07-26 15:56:14
gak pelit menang + drak sistem nya,1,2026-07-26 15:52:29
ini sistem montoon gimanasih katanya user roam dapet protection 1× kok tetep turun bintangnya tolong dijelaskan montoon ini gimana,1,2026-07-26 15:51:55
"jangan pernah main game ini, ini game yang paling tidak adil sejagat raya... ini benar benar bukan permainan yang adil",1,2026-07-26 15:51:21
jangan download game ini kalo gak mau gila,1,2026-07-26 15:48:01
kren,5,2026-07-26 15:48:00
game haram dikasi tim kayak anak balita capek gua ls Mulu tiap hari gara gara team apacoba kalo ngasih team yg bener Napa sih jgn kyk org bego gini Mulu dapet nya bikin males mending gausah main gua lama lama stress doang dikasi team egois semua,1,2026-07-26 15:46:48
pemilihan musuh ga sesuai dan juga kalo pull bintang pasti curang jaringan di kasi lag parah 1 tim biar kalah war. selama gua main game mobail ni game paling busuk yg aku mainin . ini devilover nya niat ga sih bikin pemain nya betah. tolong di perbaiki.,1,2026-07-26 15:46:42
"tolong tambahkah versi lite, karena game nya udah mulai berat untuk spek low device",2,2026-07-26 15:45:42
server sering down buruk sering bug pada jaringan,1,2026-07-26 15:44:46
lag parah bikin emosi aja,1,2026-07-26 15:44:20
stuck dilogo truss !!!!!!! gajelas moonton,1,2026-07-26 15:42:22
"game gk bener, game merusak moral, game pembodohan, main game untuk hiburan tapi di kasih team yang gk bener melulu",1,2026-07-26 15:39:17
bagus,5,2026-07-26 15:38:07
"aku gak tau ini di aku aja atau yang lain juga. aku tuh main setiap loading 80% kalau udah muncul notif loading"" gtu gak bakal gerak stack aja di 80, coba relog tetap gak bisa masuk game alhasil afk dan gara"" bug lag ini wr ku hancur total. yang paling parah lusa kemarin aku bug pas mau match game, loading"" di lobby coba relog tetap loading jadi ku coba download ulang berharap bug nya udah gak ada. tapi barusan aku baru mau main habis download tapi malah buggggg loading game lagi ajggggggg capek",1,2026-07-26 15:38:06
"pliss 10 kali mi sya kalah terus, baru nd di ksh menang² .... ksh tim ndd yang beres",1,2026-07-26 15:37:06
"ml sepi kah? gw setiap main ketemu bot ml trus aneh banget padahal main rank, yang lebih anehnya lagi tim musuh gada bot ml nya ini kenapa dah, mending kalo bot nya jago bot nya ga bisa main ga ngerti mundur, war terus padahal kalah gold",1,2026-07-26 15:34:17
sistem macth makingnya sampah,1,2026-07-26 15:34:01
game rusak main 3 kali kalah kalo ngasih tim yang ngotak lah anjir,1,2026-07-26 15:33:46
"matchmaking dibenerin lah moontonnnnnnn, kasih tim yang seimbang rank tertingginyaaaa",1,2026-07-26 15:32:24
saya sangat senang bermain game ini,5,2026-07-26 15:32:22
game kikir,1,2026-07-26 15:32:20
"ping hijau tapi lag parah, buka app lain sinyal normal (aku pake wifi), apalagi kalo lagi war ping hijau tapi lag banget, pas udahan war nya atau ke kill musuh game nya kembali normal ngga lah sama sekali, tolong di perbaiki",2,2026-07-26 15:31:11
"Hello Moonton, I would like to offer a suggestion to improve the game. Please remove the account recovery feature, as accounts are easily stolen via MLBB Customer Service, or alternatively, limit the maximum number of times a Moonton account can be switched to just three.",2,2026-07-26 15:30:29
jaringan yg bener jangan sengaja dirusak giliran posisi lagi menag eror ga stabil tapi kalo posisi kalah ga pernah ngeleg !!! kasih bener dong sistemnya jangan lawannya kelewat pinter giliran timnya sendiri rusak + bot,1,2026-07-26 15:29:16
tim musuh jago sedangkan tim ku gak bisa maen,1,2026-07-26 15:28:43
Game haram di main kan bikin emosi,1,2026-07-26 15:28:11
sistem matchmaking lu sistem judi,1,2026-07-26 15:28:06
saya suka,5,2026-07-26 15:27:34
"gem perusak hp,sinyal server nya sering hilang ,main pata pata ,,paslagi war ilang jaringan ,,sedangkan penggunaan aplikasi lain kgk ada ilang sinyal ,,,makin gedek ajah penggunaan RM ini gem,dari 500 mb,2 gb ,sampai 9gb,,,tinggal ,unstal apa guna main ML ,dapat apa apa kgk dapat emos iya",1,2026-07-26 15:27:13
"game bdh, baru win 5 di ksi tim pekok",1,2026-07-26 15:26:52
"kalau gabisa misahin darksystem wr 40 40 60/legend mawi honor, mending system block player nya jangan di batasin moonton tlol, mau block orang harus lepas block darksystem yng lainnya sama ajaa tlol gada bedanya, kayak game lain noh system block nya gak terbatas biar ga ketemu darksystem secara terus meneruss, syatem bobrok gabisa nyelesai in masalah playerny minimal jangan mempersulit",1,2026-07-26 15:24:12
permainan bagus walau kadang berat sebelah🤣🤣 asik buat waktu santai,5,2026-07-26 15:20:58
kekurangan player yang toleransi kebanyakan player sering mementingkan diri sendiri tanpa sadar bahwa ini adalah game yang mengandalkan tim dear player for monton,1,2026-07-26 15:20:19
"tolong diperbaiki masalah jaringan , saat diluar game jaringan bagus,tp saat mulai game atau war jaringan jd jelek dan tidak stabil.",4,2026-07-26 15:18:43
kadang ngelag padahal jaringan hijau suka ga enak di gemplay nya jadi kacauu parah padahal pake wifi baik baik aja tiba tiba ga bisa.di pencet ah kacau,2,2026-07-26 15:18:37
"matchmaking yg payah , jauh dari kata adil , hanya yg dipikir event doang",1,2026-07-26 15:18:32
ngenthod,5,2026-07-26 15:18:25
waw game yang sangat anj*g memberikan kita tim yang sangat bisa di andalkan aku suka game gobl*k satu ini developer adil dan bngs*t,2,2026-07-26 15:18:25
gooodd,5,2026-07-26 15:18:22
"skarang mobile legends parah main solo ketemu trio atau duo, sangat membosankan... perbaikilah kalo player solo ketemu solo biar ver",1,2026-07-26 15:17:41
"apaan dah masa wifi gua lancar tapi pas main ml dapet sinyal di 200 San, udah muak gua,main yang lain aja lancar apalagi Genshin impact sinyal nya lancar"" aja, sebisanya update depan di perbaiki saya udah 3 hari sinyal dapetnya gitu"" terus",2,2026-07-26 15:15:06
perusahaan gak guna sok bikin game,1,2026-07-26 15:14:26
bheee bheeee good,5,2026-07-26 15:13:51
moonton kalau kasih tim yang bener lah capek gua main exp dikasih tim yang gak mau rotasi sama sekali padahal dah jelas kalah level gua plisss lah lain kali match in Ama yang bener bosen guanya gitu gitu terus tim kagak faham rotasi exp juga butuh dirotasiin gua pen rotasi aja susah kalo dah kalah level pliss lah moonton muak banget gua kasih tim tuh yang bener lah Jan kasih jungler retri Indomaret juga muak gua ngeselin banget dah ketemu player kek gitu apa lagi gold lanenya yg gak bisa main,2,2026-07-26 15:12:54
gem nya seru tapi kenapa monton tim musuh setara pro pelayer tapi timkita kaya baru pegang hp sumpah ga adil banget yang punya darah tinggi setres jangan main gem ini lah saran gue,2,2026-07-26 15:10:17
"game bozok, internet bozok, pengaturan bozok, dibuat kalah teruzz, males maen...",1,2026-07-26 15:10:08
dari system jangan tolol banget kek,1,2026-07-26 15:06:14
banyak bet DARKSISTEM nya,3,2026-07-26 15:04:45
game hebat,5,2026-07-26 15:00:22
"matchmakingnya jelek banget asli, kalah menang terus, giliran menang 3x kalahnya juga 3x, yang bener aja lah moonton. udah banyak yang ngasih kritik dan saran soal matchmaking tetep aja ga dibenerin, bikin stress aja ini game. sumpah ngeselin, nyebelin, sistem matchmaking jelek.",1,2026-07-26 15:00:12
moonton emang pelit bjirr kasih musuhnya yg susah asalkan tim gw masih epik semua udah dark sistem pula makanya jng mainin game ini atau kalian akan stress kaya gw sekian terimakasih,1,2026-07-26 15:00:06
Game tololl,1,2026-07-26 15:00:02
seru banget kalo lawan nya seimbang Ama tim,5,2026-07-26 14:59:19
"6×main menang 1×, emang gokil, dapet tim pada buta, data masih banyak juga pingnya naik turun, kocak.",1,2026-07-26 14:56:33
woi monton kapan kasih win monton ud 2 minggu wlwl,2,2026-07-26 14:55:42
"tolong dong moonton sinyal nya di perbaiki dulu, saya di loby sinyal nya normal, trus di in game sinyal berubah drastis sampe merah merah sinyal nya, jadi tolong moonton perbaiki sinyal nya, trus ada lagi soal mactmaking tim nya gak seimbang, di tim musuh pada bagus, lah ini di kasih tim dark sistem, dah gitu aja sinyal sinyal sinyal perbaiki yah.",5,2026-07-26 14:54:44
selalu dikasih tim drak sistem,1,2026-07-26 14:52:44
"game apaan nih masa lose sampe 7X gw roam nya suport terus pliss monton hapus Hero anjela,sama floryn pliss itu Hero gak guna bgt sumpah",1,2026-07-26 14:52:23
gem nya sangat seru dan menarik setiap saat ini,5,2026-07-26 14:50:44
game apa ini login pakai akun google yang sama aja ngga bisa alasannya (akun tidak terkait dengan game) padahal kemaren segala proteksi keamanan akun di aktifkan,1,2026-07-26 14:50:27
game taiiii maen nge lag muluu.. pakai WiFi atau data juga sama aja,1,2026-07-26 14:50:21
"game gila, ngasi time tidak setara dengan musuh",1,2026-07-26 14:49:56
sampah,1,2026-07-26 14:48:14
malas main game ini dapat Drake sistem mlu,5,2026-07-26 14:47:30
game pembuatt stresssssss bukann pembuat gilaaaaaa kalo ga timnya aneh sinyalnya full merah,1,2026-07-26 14:45:01
terlalu oferpoworrrrrrrrr,5,2026-07-26 14:43:34
bagus tapi kesal banyak dark sistem,5,2026-07-26 14:42:57
"game apa ini, matchmakingnya ga seimbang saya solo ketemu partyan terus, belum lagi tim yg ga jelas dan jaringan yg merah ketika akan menang alhasil kekombek terus 👎🏼cuih",1,2026-07-26 14:42:05
game dongo matchmaking tidak jelas,1,2026-07-26 14:41:34
"hari hari masalah di jaringan, padahal bagus aja jaringan gw, skill tiba-tiba keluar sendiri,delay, masih mending jaringan gw bemasalah, dan lagi untuk system pemilihan lane. Padahal match terbanyak mid tapi tetep aja yang dipilih pasti bukan di mid. disuruh ganti jaringan? jaringan bagus saya sudah bagus banget tetap aja ngelag main game game lain lancar lancar aja padahal better MLA or MCGG",1,2026-07-26 14:41:03
game yang cuma bisa bikin stres doang sekali kala ya kalah terus dapat MVP kalah doang gw,1,2026-07-26 14:40:38
kenapa jaringan ku lag tiap main? dalam satu match mau sampai 4 kali lag. apa tanggapan Klian?,1,2026-07-26 14:40:25
tolong kurang i map baru yang menambah kegampangan ini game,3,2026-07-26 14:39:44
montoon bang--- selalu ngasih tim sampah mentok epic dikasih lawan mantan immortal,1,2026-07-26 14:39:23
bodo x dapat masuk game,1,2026-07-26 14:38:43
game hebad,5,2026-07-26 14:37:48
game kont setiap main ls bnyk epic pantesan di plagiat orang game sebelah lebih adil,1,2026-07-26 14:37:48
busuk game busuk main solo dapet team kyak monyet semua,1,2026-07-26 14:36:19
"suka tiba-tiba ngelag padahal ping hijau terus main mode rank musuh tim jago sedangkan tim sendiri hancur, di report cuma pengurangan kredit skor padahal itu yg sy report melakukan kesalahan fatal dan bukan cuma satu kadang 2 orang yg melakukan feed dgn sengaja",1,2026-07-26 14:36:12
game hama anj,1,2026-07-26 14:32:19
satu kata aja muntun kalo ngasih tim yang bener,5,2026-07-26 14:31:56
"game paling gak adil. katanya udah diperbaiki sistem draftnya nyatanya 0 gak berubah dari dulu, game dengan sistem terburuk sepanjang masa, ""jangan pernah download game ini"", ayo bareng2 kasih bintang 1",1,2026-07-26 14:31:46
kasih kalah teruss nih game kasih lawan gak ngotak jir,1,2026-07-26 14:31:03
"sinyal gk stabil padahal ping hijau ditambah matchmaking tidak seimbang udah sering kali saya kirim perbandingan masih saja begitu, pikirkan kebahagiaan para player saya anaknya yg punya play store saya suruh hapus ini game nanti",1,2026-07-26 14:31:00
bagus sih,5,2026-07-26 14:29:57
Bagus Game a.,5,2026-07-26 14:29:47
banyak pemain yg gk jelas dan menyebabkan kan lag,1,2026-07-26 14:29:35
game jeleq mnding main babybus,1,2026-07-26 14:29:29
"akun saya tiba-tiba hilang, padahal sore tanggal 24 juli 2026 masih maen, ketika login lagi malam nya malah di suruh bikin akun baru, saya udah 3 akun hilang semua ntah gara-gara apa, sedangkan saya tidak pernah memakai cheat, dan transaksi legal, tolong kerjasamanya ini akun saya yang terakhir malah ikut ilang, MOONTON MAKIN LAMA MAKIN GAK JELAS, MAU PEMULIHAN AKUN AJA HARUS TAU KAPAN PERTAMA MENDOWNLOAD MLBB SEDANGKAN AKUN GUA DI KASIH SAMA TEMEN DAN AKUN GOOGLE NYA JUGA SUDAH DI HAPUS.",1,2026-07-26 14:29:22
"muntun mw tanya disuru sena nanya, kenapa recal guin kof(king of fighter) nungging?",1,2026-07-26 14:28:55
"ngelaggg sinyallll nya tooqqqqqqq,",5,2026-07-26 14:28:55
game gk jelas tidak adil banyak dark sistem sengaja monton gila,1,2026-07-26 14:25:45
saya belajar dari kekalahan dan saya bisa mencapai impian saya,5,2026-07-26 14:24:53
"nggak jelas sering dapat teman drak sistem pokoknya nggak jelas main sendiri kalah gara gara teman drak sistem nggak jelas memegang padahal renk masih mythic Mawi tapi dapat musuh mythic honor kadang imo emang ga jelas coba tuh kasih teman sama musuh yang setara renk gitu nah gimana sih ini hadehhhh ,mana time yang di kasihh to*** semua lagiii emang g****",1,2026-07-26 14:24:34
terlalu banyak anak' binatang yang bermain game ini jadi saya selalu emosi tolong Ben anak' binatang dari game ini🙏,2,2026-07-26 14:23:55
mantap,4,2026-07-26 14:23:51
"knp setiap malam mau main tidak bisa login, sedangkan waktu siang pas jam kerja malah bsa. sumpah kesel banget, tolong dong ini harus di gimanain biar bsa main malem hari, jaringan lancar banget bsa di pake buat ap saja tpi buat login doang g bsa.",3,2026-07-26 14:23:21
"game gila kalah terus, apa coba Miya roam 😡😡",1,2026-07-26 14:22:12
keren,4,2026-07-26 14:21:45
"game apa ini, temen dsek system semua, sekali nya di tim musuh jago banget, sekali dapat tim jago malah ada yang afk, sumpah gajelas banget",1,2026-07-26 14:21:03
boloe gadue utek kabeh,1,2026-07-26 14:20:15
"game seru, bisa buat nengin pikiran",5,2026-07-26 14:18:04
"tolong monton lu kasi temen epick Mulu , sdngkan musuh dah di legend semua . lu bisa kasi game yg se imbang ga babi . cape 3 game ktmu darksistem Mulu .",1,2026-07-26 14:17:46
sangat seru!!,5,2026-07-26 14:16:31
game lol gajelas ngelag,1,2026-07-26 14:16:16
"assalamualaikum, kalo dijawab aku kasih bintang 5",1,2026-07-26 14:14:39
"Gw kurangi 1 bintang, game moba terencana system, yg mana draftpick hero diatur system sehingga yg sering jam main akan digabung dgn pemula yg hanya sekedar main, untuk naik tingkat rank harus stress karena 76%kalah menangnya 24%. Gw yakin semakin banyak yg pindah game. Karena game ini bukan moba player tapi moba system. Darkpicksystem so bad. Gameyg akan bikin stress buat solo player. Komentar ke pemain yg jelek skillnya aja kenak ban 2 jam 4 pertandingan. Jadi komentar sekarang dibatasi ya.",1,2026-07-26 14:13:45
mantap,5,2026-07-26 14:12:52
game terbaik,5,2026-07-26 14:12:23
tolong bersikan draksistem plis saya Uda muak sampai hp saya pecahin Karna tim draksistem semua tolong berikan petunjuk,1,2026-07-26 14:11:47
"GG nih game, gak akan pernah mati, gak kayak game sebelah yang isinya cuma event tapi sistem gamenya gak di benerin",5,2026-07-26 14:11:45
Menurut saya game ya sangat bagus dan cukup menghibur untuk waktu luwang ku tapik sulit untuk naik ki reng,2,2026-07-26 14:11:23
gem tolol,1,2026-07-26 14:10:36
baguss banget tapi kurang nya kalau misal waktu main ada urusan penting bgt tapi Gabole afk dikit pun itu bikin ribet banget sumpah bikin suatu mode agar kita bisa afk dengan aman dong kek waktu kita mengaktifkan mode afk ada bot (AI) yang memainkan player kita dan saat kita mematikan mode tersebut bot (AI) akan hilang itu aja sih saran ku :),5,2026-07-26 14:09:37
game jelek,1,2026-07-26 14:08:00
tolong masalah jaringan di perbaiki ....masak wifiku bagus ping naik turun,1,2026-07-26 14:07:47
seru banget mobil legenda bang bang gamenya lumayan sulit tapi seru banget,5,2026-07-26 14:06:31
game bodoh. ngasi musuh ga seimbang. Nemu tim bodoh Mulu. emang montoon ga layak di kasi bintang 5,1,2026-07-26 14:06:21
wah moonton kapan aku ws panjang lagii,1,2026-07-26 14:04:56
ketemu beban tim terus Meding hapus aja ini game di hp kalian,1,2026-07-26 14:04:13
syah sngat suka,5,2026-07-26 14:03:23
game game beta,1,2026-07-26 14:03:05
"gajelas match making Nya selalu di kasih dari system, minimal benerin dulu system match sebelum event, kasian player solo kaya saya",1,2026-07-26 14:02:27
"game ramah, baik",5,2026-07-26 14:02:06
gamenya bagus cuma timnya aja yang ga pernah bagus,5,2026-07-26 14:00:28
Hirara Hero ampas gw jadinya kena report,1,2026-07-26 13:59:03
"game buat emosi,saya diberi musuh jago tim saya malah gk bisa main",1,2026-07-26 13:56:14
"kalau main solo sangat berat sekali naik bintangnyaa,,banyak banget player anomalinya,,memang harus main party baru bisa cepat naik bintang,,minimal trio,,",5,2026-07-26 13:56:03
game nya seru banget jadi ketagihannnnnn,5,2026-07-26 13:53:58
server nya ga jelas tiba² ngelag,1,2026-07-26 13:53:03
jangan donlod game ini game ny bikin orng gila soalnya tim sama musuhnya gak setara,1,2026-07-26 13:51:46
kalian masih di epik Nemu team GK jelas dan jika di legend Nemu team dark sistem mendingan jangan main ini game,1,2026-07-26 13:51:26
sangat seru dan membuat orang sangat tenang,5,2026-07-26 13:50:26
moonton game tolol dikasih nya musuh jago Mulu sedangkan team gua dikasih yang dark system bloon Udah uninstall aja 👿👿👿,1,2026-07-26 13:50:22
GAME SAMPAAHH!! matchmaking gak jelass!,1,2026-07-26 13:49:48
"selama saya bermain game ini saya jujur merasa tidak nyaman akibat banyak nya player yg toxic,suka berkata kasar sampai ke orang tua dan martabat keluarga perkara 1 tombol retribusi saya tau ini tidak akan di gubris dan di jawab",1,2026-07-26 13:49:47
kenapa disarankan hapus ML: 1. server sering down 2. banyak player joki ga bisa main 3. moonton kikir,1,2026-07-26 13:48:52
"min tolong game mobile legend ini , jagan terlalu berat karena bagi hp yang ram 3 suka patah-patah dan leg",3,2026-07-26 13:47:50
"ini kok pas hp mau login ulang ketiga didalam game malah gabisa masuk lagi kegame? perasaan kemaren kemaren kgk gini, benerin dong moonton soal ini, gaenak afk terus kredit score ngurang",5,2026-07-26 13:47:45
game ga jelas lag terus mending ff,1,2026-07-26 13:45:47
bagus tapi susah,5,2026-07-26 13:45:37
game banyak bot ga adil,1,2026-07-26 13:45:28
seru banget tapi aku pengen skin bagus gratis dong moonton,5,2026-07-26 13:43:29
woi mending game ini gausa di download karna. banyak bug yg belum di perbaiki dari dulu sampai sekarang seperti bug jaringan yg sangat merugikan player sehingga mengurangi kredit skor.karna moonton lebih fokus ke citer atau pengguna skin yg tidak di punya jadi jangan download dulu tunggu sampai di perbaiki baru di download,5,2026-07-26 13:42:28
Game play not fair.. too much bot and feeder ini this game.. not recommend,1,2026-07-26 13:42:12
"kocak game kebanyakan event bukannya di benerin matchmaking lu, kebanyakan bot di tim ngasi lawan yg rank nya jauh aneh bet lu moonton game gajelas",1,2026-07-26 13:40:37
kenapa aku kasih kalah Mulu padahal udah dukung,5,2026-07-26 13:39:59
game makin rusak di kasih tim bot² giliran lawanya hebat²,1,2026-07-26 13:39:05
"bagusin dikit Napa monton bugnya itu ,,ngelag lah ,tim kerenlah ,ini itulah......salah satu yg bikin aneh itu kyk ngelag KLO udah menang sekali lanjut matchmaking,,, behh,, jaringannya lgsung kumat lgi kek di setting KLO pertandingan ini harus kalah ....kan jadi kek "" woy ..... ,....,...ini jaringan gua atau gamenya sih yg lgi kumat ....terimakasih kasih telah mendengarkan keluhan player...sekian.",1,2026-07-26 13:38:20
mau sampai kapan mobile legend memelihara player maphack only apa? nga kasihan player yang kalah terus menerus solusinya apa? dibanned Kah di beri peringatan ? nga juga tapi player tersebut tetap main ml,4,2026-07-26 13:38:08
jangan main ini game game soalnya gak adil pembagian pemain nya yang musuh jago sedangkan tim sendiri bott males banget ini game,1,2026-07-26 13:37:40
"kurangin bot mlnya,bot ml bikin match ga seimbang",1,2026-07-26 13:35:32
moonton tolong beri saya kemenangan saya sudah pake hero power tapi tim nya beban sampe saya epic bintang nol ya walau saya ga terlalu jago/beban tapi sudah berusaha jadi tolong kasih saya tim yang bagus,4,2026-07-26 13:35:16
bagus,5,2026-07-26 13:35:15
"sistemnya jelek, timnya di ksik yang aneh banget, giliran menang pasti match berikutnya kalah, dan dapat tim yang aneh seperti bot mainnya",1,2026-07-26 13:33:30
sangat memuaskan,5,2026-07-26 13:33:26
good sangat kak,5,2026-07-26 13:32:57
"suka lag tiba2 pdhl sinyal hijau, matchnya juga gajelas lama. isinya bot semua",1,2026-07-26 13:31:50
Saran gw yang Mabar 5 boleh tuh rank beda nah kalo solo glory ktmu glory Mabar lima baru perbedaan jauh bebas KLO solo setara lah minimal x imo ktmu x imo lah ini dark system smua g ada benr dari dlu game tolol rating 1 smua aja woi g guna ni game buat stres doang,1,2026-07-26 13:31:40
game dongo monton bngst gua main 7 kali sekali doang menang nya bangke stres gua lama lama,1,2026-07-26 13:31:39
gem bikin sttess,1,2026-07-26 13:31:33
sehat sehat dah player nya😍,5,2026-07-26 13:31:09
game jelek,1,2026-07-26 13:28:30
"MATCHMAKINGNYA JELEK BANGET. jaringannya jelek bangetttt, bahkan match gabisa masuk. gabisa matchmaking, jadi kredit skorku turun terus, padahal kalo dipake main sosmed aman lancar jaya. BENERIN LAH! MANA PAS MAIN TEAMNYA JUGA GABENER, TEAMKY WR NYA UNDER 50 SEMUA, MUSUH 60+. MASA SOLO KETEMU TRIO DUO? YANG BENER AJAAAA LAAHHHH!!!",1,2026-07-26 13:27:33
sangat seru,5,2026-07-26 13:25:39
monton ini ada masukan saya bernama pandi ingin laporan saya ls terus dan saya ketemu drak sistem mulu dan saya sudah cape dan setres mohon untuk ws nya nama akun panxzdi tolong ws ya geme ini bagus tetapi saya mengalami ls Mulu tolong untuk ws terus ya nama akun panxzdi,4,2026-07-26 13:22:59
game lol moonton ga guna ngasih tim kek lolot,1,2026-07-26 13:22:10
"game gajelas, draf gaadil musuh pro giliran tim dikasih bot semua",1,2026-07-26 13:21:34
game bagus,5,2026-07-26 13:20:22
"game burik,gk setara tim ama lawannya,jaringan ngeleg,kikir",5,2026-07-26 13:19:55
bagus bos ini jasjosjis,5,2026-07-26 13:18:48
game sampah,1,2026-07-26 13:18:45
MOONTON jangan kasih season lah udah capek ² malah turun aku dari kelas 1 sampai kelas 3 loh pus rank mikir lu yang main sama bot terus musuh lu jago gimana rasanya kesel kalo season sekali lagi aku pensiun aku sudah pensiun FF sekarang ML.,3,2026-07-26 13:18:02
game tai,1,2026-07-26 13:14:34
"game ampas banyak lag, dikasih tim bot terus (musuh jago+player semua)",1,2026-07-26 13:14:20
seru ml nya,5,2026-07-26 13:13:49
tim kayak peli musuh spek kairi ga rekomen buat kakek-kakek main game kek gini,1,2026-07-26 13:13:04
saya suka ml,5,2026-07-26 13:11:56
populersihh tapi susah maenin nyahh,5,2026-07-26 13:11:34
"Moonton jahat nggak di kasih musuh yang bot selama 1000 kali daritadi dark system mulu dan moonton nggak kasih aku kesempatan menang dari tadi kalah trus kalo sampai moonton nggak kasih musuh yang bot, saya akan report mobile legends dan tidak ada kesempatan lagi untuk moonton dan akun moonton akan aku hack",1,2026-07-26 13:10:49
"matchmaking ga sepadan, padahal dpt tim ga bener malah di report. ga adil banget sumpah. mending ga usah pengajuan banding kalo ga menerima alasan. paling yang di terima cuma masalah gangguan sinyal doang!!",3,2026-07-26 13:10:27
"game bikin emosi, masa dapet tim gitu gitu melulu, bot banget,gimana sih moonton masa kasih gua lostreak terus, gak asik",2,2026-07-26 13:10:23
banyak kalahnya....kalau kita gak belain top up susah naiknya.sistem sudah di seting siapa yg sering top up pasti sering menang mudah naik rank dan sebaliknya....payah lingkungan game yg membosankan....,1,2026-07-26 13:09:50
game apaan ls trus gj,1,2026-07-26 13:09:41
solo player tidak akan berkembang main game ini,1,2026-07-26 13:08:29
Niat gak sih ngasih tim nya gj semua udah banyak drak sistem sama yang pake cheat gak ada yang diban akun nya game rusak kayak negara konoha,1,2026-07-26 13:08:16
moonton pilih kasih tim sendiri bot tim musuh di kasih yang jago semua jaringan bagus pun tetap lag tim yang tidak seimbang,1,2026-07-26 13:07:29
game penambah stress y,5,2026-07-26 13:07:15
"entah kenapa setiap war nih pake skill malah delay padahal sinyal aman gk gerak, bikin war jadi kalah sama skil gk tepat.. pliss lah bikin malu itu saya sudah mengeluh puluhan kali season ini tentang hal ini khususnya, kualitas pembagian tim sangat tidak adil, dibanding season sebelumnya saya rasa ini yang paling parah, bukannya saya tidak bisa bermain dengan benar, tapi meta sekarang sangat menuntut kerja sama tim dibanding season sebelumnya, mohon perhatiannya agar sistem matchmaking lebih te",1,2026-07-26 13:06:42
9/10 ini gem bagus banget bisa melatih otak dan kecerdasan terbukti dari profesor zilong,4,2026-07-26 13:06:29
gim ini bagus cuma satu tolong perbaiki bug ban orang yg chit dan kalau bisa jangan tiba-tiba server nya leg,5,2026-07-26 13:05:44
monton buat game tapi kasih tim drak sistem ngotak. lu aja kalo di suruh main game mu sendiri ketemu drak sistem juga stres cok. buat game nya lain kali sistem tim nya di benerin tmasak groly nabrak tim epic,1,2026-07-26 13:05:26
geme nya jelek masak gw di kasih tim yang jelek terus sampe kalah 7x saran ku jangan main geme ini soal nya bikin stres,5,2026-07-26 13:05:20
"game nia bagus hero nia juga dan semua efek nia bagus sih di lihat lihat gan di main,tapi masih kurang di jarigan dan kalo kita main di mode rank,classic selalu bertemu player troll drak sistem dan lawan pun sama kayak yang kau bilang,aku mohon di balas notes aku biar aku puas karena aku kalo main selalu di match 1 atau 3 selalu kala atau win streak.Dan terima kasih untuk balasan nya.mohon di balas oleh pihak berwajip moonton*.",5,2026-07-26 13:04:39
game yg sangat bagus.aku kasih bintang 5 deh,5,2026-07-26 13:04:09
game nya bagus udh imo gw monton,5,2026-07-26 13:01:59
game ny bagus bisa maber,5,2026-07-26 13:01:45
asal main kalah terus tim ny kyk myt,1,2026-07-26 13:01:33
biar gak ngeleg pas main dan login,5,2026-07-26 13:01:25
montoon plss buff argus😭😭😭,1,2026-07-26 12:59:01
"coba bagi tim yang bener dikit, masa musuh glory imo, tim gua legend mawi. main game bukannya ngilangin stress malah bkin nambah stress. main rank kebanyakan pada nge troll. buat player tukang troll di rank, please lah mikirin orang lain, jangan mikirin kesenangan lu aja. gua main 5 game cuma nambah 2bintang gara' setim sm player kek kalian.",1,2026-07-26 12:58:59
game taek,5,2026-07-26 12:57:50
"hai moonton ml, gue liat para ml keberatan soal jaringan tim bot atau apalah saran gue yang login ml hapusin orang yang gbsa main ml nyusahin orang ml lainnya",2,2026-07-26 12:57:17
hapus draksistem,1,2026-07-26 12:57:16
game yang sangat bagus berperang,5,2026-07-26 12:55:53
kebanyakan di kasih tim g jelas dari glory 55 turun ke honor 43,1,2026-07-26 12:54:57
lumayan lah,4,2026-07-26 12:54:57
game stressss,1,2026-07-26 12:53:09
gem kikir dapet tim lol semua musuh mantan imo kont,1,2026-07-26 12:52:37
Cuih,1,2026-07-26 12:52:01
iloveu mobile legends,5,2026-07-26 12:50:57
gamenya seru tapi losetreak terus!! timnya beban semua😡 dan musuh jago banget sumpah bikin aku gila plis moonton winstrek kin plis😢,5,2026-07-26 12:49:47
"tempik tempik, ga guna hapus aja ni game hama",1,2026-07-26 12:49:45
"kalau mau rame game nya entengin biar semua semangat main, kurangi lag",1,2026-07-26 12:49:38
malah dikasih dark sistem gua montoon sat,1,2026-07-26 12:47:51
"matching yg g adil bner, sinyal gua bgus tapi ga gerak ga ngotak bner",2,2026-07-26 12:43:57
gokil dapat tim full sky,5,2026-07-26 12:42:21
"Monton tolong lah kasih tim yang bagus,kalah Mulu gara-gara dapat tim tolol",1,2026-07-26 12:41:15
"game sampa udah ngabisin ruang banyak tapi jaringannya ngelag trus merah trus pake wifi sama Kouta sma aja,udah team nya gblok semua ketemunya.",1,2026-07-26 12:41:07
sering leg akhir 2 ini,4,2026-07-26 12:41:00
Good jop good ning,5,2026-07-26 12:39:47
"sistem gajelas, tim pada ga bisa main, musuh imo 10000",1,2026-07-26 12:39:47
di game ga adil banget dari Rank ke rank ga jelas bngt masa dah 5 match Nemu legend Mawi terus cape cukk gw sama temen gw dah glory 90+ masa masih ketemu rank kayak gitu game apa dah kalo ngasih tim kadang waras kadang kgk pusing orang orang yg ketemu kayak gini TOLONG BANGET DI BENERIN PEMBAGIAN RANK LEGEND SAMA LEGEND BUKAN LEGEND SAMA GLORY ANEHH,1,2026-07-26 12:39:43
"setiap hari selalu saja satu tim sama bot sementara musuh nya jago jago, saya sangat kurang puas dengan game ini dari matchmaking nya yg sangat tidak adil akun saya selalu saja kalah 8 kali berturut turut karena 1 tim sama computer sementara menang hanya sekali saja saya mohon untuk perbaiki matchmaking nya",1,2026-07-26 12:39:15
"tim poke, ping merah ketika hidup ping hijau kalo mati 😹",1,2026-07-26 12:39:00
benerin match makin dlu lah jangan sibuk sama skin trus,3,2026-07-26 12:38:39
game rusak,1,2026-07-26 12:38:23
Sebagai Solo Player Game ini sangat buruk karena banyak tim ampas. SEGERA PERBAIKI JIKA TIDAK INGIN GAME INI SEPI!!! 👎,1,2026-07-26 12:37:04
game nya bikin emosi punya temen bego tim musuh jagoo jangan download game ini game nya rusak bikin mata sakit dan bikin gak waras,1,2026-07-26 12:37:03
B aja tapi seru🤭🤭,4,2026-07-26 12:36:24
game nya asik bisa dapat temen mabar,4,2026-07-26 12:36:05
Hay gamemku tercintah jika ada yang ngelaporin aku terus aku pakek Miya itu sepupu aku yang yang mainin bukan aku jadi maaf kalo jadi noob 💜🥰 tapi tolong yang chit bisa cepat di tangani ya🥰,5,2026-07-26 12:35:40
monton kok aku gak bisa mode offline yang ada extreme nya kenapa ya😭😭😭😭,1,2026-07-26 12:34:04
"banyak yang omong kotor, Burik",1,2026-07-26 12:32:25
sangat seru,5,2026-07-26 12:31:20
montoon aku beri bintang 5 soalnya aku suka mobil legend terus 1 kalau bisa hiro nya gratis dan tim nya mau dia ajak kerja sama itu saran dari saya makasih),5,2026-07-26 12:31:03
bagus ramah baik,5,2026-07-26 12:30:02
padagabisamain semua tim ya,1,2026-07-26 12:28:22
game apa ini masak epic di masukin ke legends yg bener aja,1,2026-07-26 12:27:45
tolong di perbaiki lagi ya,5,2026-07-26 12:27:24
"singkat ajah lah ya, sukakkk bangettt samau update nyaaa",5,2026-07-26 12:27:19
terima kasih moontoon sudah merayakan ulang tahunnya di ml,5,2026-07-26 12:27:17
gem Ny kaya anji gw tim Ny di kasih draksistem mulu walaupun udah glory juga,2,2026-07-26 12:26:45
woy kenapa gua ga bisa menghubungkan ulang hilang terus kredit gua cape gua sama game ini tidak pernah berkembang yang ada makin menurun,1,2026-07-26 12:23:31
bagus bisa di coba untuk menghilang kan stress😊☺,5,2026-07-26 12:22:45
game ampas,1,2026-07-26 12:20:47
menghilang stres😄,5,2026-07-26 12:20:47
jujur kadang ngeselin kadang juga bikin bahagia. tapi thank you ya monton karna game ini gua ga sepian lagi dan bikin gua ga merasa sendiri lagi 😙😗,5,2026-07-26 12:19:38
JANGAN ADA YANG INSTAL GAME INI GAME INI BANYAK PLAYER BEBAN,1,2026-07-26 12:19:12
sebelum update gamenya udah bagus bisa main walau jaringan nya jelek abis ku update ke versi terbaru malah jelekkkk banget gak bisa main kalau jaringannya gak seimbang sering keluar dari game pas main,1,2026-07-26 12:18:42
game grafik doang megah tapi sistem nya masa gw imo ketemu tim honor mawi dark sistem utusan moonton,1,2026-07-26 12:18:16
sering dikasi sama monton yg ngentrol temen nya tapi gpp lah mudahan mulai dari besok dapat temen yg jago amin kalian juga yg main ml mudahan dapat temen yg jago amin🤲,4,2026-07-26 12:17:14
pas aku lagi main tiba-tiba leq padahal jaringan bagus,1,2026-07-26 12:16:37
saya dulu suka ff tapi karena ff makin burik aku ganti ke ml😛,5,2026-07-26 12:16:03
monton pileg dongo,1,2026-07-26 12:15:39
game ini sangat seru,5,2026-07-26 12:15:03
gemes gak masuk akal untuk plyer solo,1,2026-07-26 12:14:56
👍,5,2026-07-26 12:11:58
Uninstall,1,2026-07-26 12:10:17
geme apalah gua di kasi tim tolol terus ayo lah montton kasi guq winstrek,1,2026-07-26 12:10:05
"oi moonton lu kasih tim serius dikit lah gw dari honor bintang 37 lose streak ke mawi bintang 2, kalo musuhnya jago + timnya juga jago masih oke lah, ini udh timnya di honor kaya warior trus musuhnya imortal bintang 370+ ga adil cok!!",2,2026-07-26 12:09:34
"cheater masih tergolong banyak dan terus ada player solo, player f2p dan player pemula terus mendapatkan tekanan",1,2026-07-26 12:08:59
"sialan game ga ramah lingkungan awal rank si bagus ya cuman semakin tinggi rank nya gw dikasih ream dark system mulu bayangin aja posisi gw udh menang lane tapi jungler nya dongo gamau rotasi,terus gw main lose streak mulu capek game stresss",1,2026-07-26 12:06:50
game terbaik muntun banyak sistem gelapnya,5,2026-07-26 12:05:49
tolong bedakan min orang yang baru main sama player lama dan seimbang antara 2 tim,1,2026-07-26 12:04:56
"hmm ini Mimin yang balesin komentar soal jaringan ada, tapi soal matchmaking kok ga pernah adil ya, super sus aja sistem matchmaking nya aja adil (contoh super sus noh)",1,2026-07-26 12:04:02
game nya seru saya aja sampai winstreak 100 kali,1,2026-07-26 12:03:43
main nya oke banget sama Hero nya jago banget saya suka,5,2026-07-26 12:01:18
main 5 jam gak naik gk turun,1,2026-07-26 12:00:56
gamenya gajelas masa cuman bisa lawna AI,2,2026-07-26 12:00:06
"makasih buat montoon yang memberikan saya team yang ngetroll,",5,2026-07-26 11:59:45
suka sama game ini ramah sekali ya bun sampe di saranin game pou sama di katain ayam baik sakali player ml🥰,5,2026-07-26 11:58:44
"game rusak, dikasih dark sistem mulu padahal maen dh bener malah dapat temen gajelas",1,2026-07-26 11:58:21
sumpah aku kayak kesatet kalo main ml kayak menang mau main lagi kalah juga mau main lagi tapi ml itu game terbaik menurut aku.,5,2026-07-26 11:56:46
"game buat orang stress,sistem matcmaking rosak.satu bintang lagi ehh dia bagi losetreak",1,2026-07-26 11:56:20
"game GK jelas ngebug Mulu heran gw, walupun game nya seru tapi banyak bug sama banyak draksistem",3,2026-07-26 11:55:35
soal grafik ok lahh tapi musuhnya pas rank gak ngotak semua asemmm,1,2026-07-26 11:55:35
cpe banyak dark sistem nya 🗿,1,2026-07-26 11:54:07
"sistem match ga karuan tim musuh & tim tidak seimbang, game aneh",1,2026-07-26 11:54:03
server jelek ping ga stabil engine lawas,1,2026-07-26 11:53:57
ok mantap,5,2026-07-26 11:53:19
sepertinya game ini kerja sama dengan akun joki... banyak pemain yang tidak bisa main sudah ranking tinggi dan dari pengembang game tidak ada tindakan anti sipasi permainan yang sehat dan adil sesuai kemampuan apalagi tim random makin parah sistemnya contoh 10 kali main tim random 6 sampai 7 kali mengalami kekalahan apakah memang di buat sistem seperti itu..? jadi seperti menang kalah sudah di tentukan sistem,1,2026-07-26 11:53:18
bagus e pooooll minta diamon kali ton monton,5,2026-07-26 11:51:51
min coba skinnya di gatisin 5 menit aja,1,2026-07-26 11:50:30
singkat saja sinyal nya tiba tiba jelek tapi pas main game lain lancar,1,2026-07-26 11:47:34
"saya melihat bocoran skin kadita terbaru, saya kecewa karna sudah lama user kadita menunggunya ujung-ujungnya jadi skin elite, tolong moonton Naikkanlah tier kadita elite ini menjadi epic pun gapapa.",1,2026-07-26 11:47:28
"apa coba kalah 4 kali,pantas rating 1",1,2026-07-26 11:47:25
plis lah kalo ngasih tim jangan komputer males banget kalo jago gapapa . dibuat kalah Mulu mending gua hapus aja ni game,1,2026-07-26 11:46:50
saya sangat suka dengan game ini saya sudah mencapai tingkat yang lebih besar,5,2026-07-26 11:46:16
waktu dalam game sinyal nya merah mulu terus padahal jaringan udh pake wifi data ttp ajah leg tolong perbiki,1,2026-07-26 11:45:46
"game yang bagus dan seru, tapi match making nya kadang tidak seimbang, dan banyak player yang melakukan troll tolong tindak player yang melakukan troll dengan lebih keras, dan buat match making nya lebih seimbang, di mode MRO lebih baik Avatar player disembunyikan, pengalaman saya bertemu orang yang sama di MRO hero power saya di ban karena lawan sudah melihat kemampuan saya di game sebelumnya. Terimakasih",5,2026-07-26 11:43:58
lumayan tapi bayak yang trol,4,2026-07-26 11:42:51
tolong monton tim oon tambah GK tau main di banned aja dari game udah jadi dark sistem,2,2026-07-26 11:41:00
"agak agak susah ya, aku juga liat orang orang stuk di epic, tapi overall seru, buat isi waktu luang❤️",4,2026-07-26 11:40:52
"wow bagus banget...paling paling muak pas di rank epic,ls terus ls 3 kali ws 1 kali doang!! please...ini game bagus banget cuma bikin tambah stres aja",5,2026-07-26 11:40:03
gem tak jelas setiap orang mau naik dia malah turun kan lagi tambah kawan yang entah kayak mana sark sistem nya sedang kan lawan nya kayak semua top player ples geleg parah hapus aja gem ni dari pelestor,1,2026-07-26 11:38:55
game tai,1,2026-07-26 11:38:21
menyerukan dan bikin gak bosen,5,2026-07-26 11:37:16
aku kurang suka sama mode rank pdhl jaringan ijo tpi pas ada musuh lag bgt pdhl udah lancar jaringan nya pas lgi war lag bgt giliran mode brawl sama cl lancar sehat walafiat mohon diperbaiki ya MONTOON jangan pilih kasih mode,3,2026-07-26 11:36:39
nyesel download,1,2026-07-26 11:35:42
kurangin bikin gw naik turu,4,2026-07-26 11:35:15
"game SAMPAH main game bukan nya buat hiburan malah setres, matchmaking tidak seimbang",1,2026-07-26 11:34:23
waktu loading screen susah banget sering ngeleg padahal jaringan full memori udh di bersihin ttp aja ngeleg,1,2026-07-26 11:32:35
1 bintang lagi mau mytik malah di kasih tim yg tolol jadi gagal mytik moonton sengaja ya😭,1,2026-07-26 11:31:50
game Nia bagus banget bisa menjadi rekomendasi sat lagi kesepian,5,2026-07-26 11:31:48
game seru tapi harus di warrior sampai grandmaster,5,2026-07-26 11:30:16
game nya lumayan bagus tapi game ini semakin berat grafik nya untuk hp kentang,4,2026-07-26 11:30:01
jujur game ini ga sulit jika lawanya 5 orang bukan 9orang malah seru banget jika lawanya sepadan bukan dikasih tim 4orang dongok lawanya penjoki rip akal sehat #player solo;),1,2026-07-26 11:27:04
meskipun kadang buat stres tapi seru,5,2026-07-26 11:25:17
game ini sangat ramah dan mainnya gak bikin bosen apalagi ketika Mabar sama temen behh.. enak pokoknya,3,2026-07-26 11:22:22
"JANGAN DOWNLOAD GAME INI MENDING HOK, server gk jelas, pembagian team yang gakk setara, game idiot",1,2026-07-26 11:22:18
"Game ga adil, pembagian tim tidak seimbang",1,2026-07-26 11:19:54
"Game nya baguss, namun sebagian ada yang drag sistem, tapi okey game nya juga gak terlalu kikir",5,2026-07-26 11:18:15
"game kebanyakan bocil lawak,banyak draksistem game apaan kek gini,di report masih nunggu berproses udah jelas"" tuh orng draksistem hapus aja game kek gini lawak",1,2026-07-26 11:18:15
game dengan matchmaking buruk!!! seolah2 olah yang menentukan win sistem bukan play game!!! sering lag di late game padahal jaringan bagus!! semoga sistem nya di perbaiki!! bahkan saya sudah tidak percaya dengan kompetisi game ini!!,1,2026-07-26 11:15:17
susah,5,2026-07-26 11:12:58
"gara ml gua dapet temen banyak makasih monton boleh lah 50k dm nya kiw""",5,2026-07-26 11:12:57
jaringan bagus dibilang jelek ini sangat mengganggu mana saat war ngeleg jaringan nya gerak dikit lag mana di rank,5,2026-07-26 11:10:20
"saya sarankan pemain ml segera pensi, karena MATCHMAKING MANIPULASI",1,2026-07-26 11:09:32
bagus lahh seru juga tapi sekarang mahal mahal skin nya dan jarang yg gratis padahal waktu tahun 2024 pas udah selesai main 2 kali atau beberapa kali dapet skin sekarang beda lebih suka yg dulu,4,2026-07-26 11:09:19
moonton tolong lah kalo ngasih server yang jelas gua cape,5,2026-07-26 11:09:06
lag bngt setiap main bngst,1,2026-07-26 11:08:04
tolong berikan lingkungan yg adil yah saya udh hampir sepuluh kali bilang tapi tidak di tanggapi tolong lah yah moonton gk ada masalah nya sama jaringan tapi tolong berikan lingkungan yg adil terimakasih,1,2026-07-26 11:06:16
"gua top up diamond pakai dana,uang sudah masuk tapi dm nya gak ada tolong kembaliin uang ku tonn montonn",1,2026-07-26 11:03:48
tolong batasi umur pemain banyak bocah yang bermain game ini,1,2026-07-26 11:03:15
"gamenya seru bgt, tabrakan gw ama top global",5,2026-07-26 11:03:00
md aku kasih rating 8/10,4,2026-07-26 11:02:58
tolong dong yang mode offline semua hp bisa ada levelnya,4,2026-07-26 11:01:37
gemnya bagus tetapi orang umur10/7 aku mohon monton kami cape,5,2026-07-26 11:00:56
"ton ton bisa"" lagi loding screen game lu malah nge frez mana lagi main rank kredit skor jdi turun dah ini",2,2026-07-26 10:59:09
bagus tapi saya selalu bertemu dengan yang afk dan ngak ngerti cara main nya tolong di kasi peringatan,5,2026-07-26 10:57:50
kasih tim yang bener bbi,1,2026-07-26 10:55:41
"sistem pembodohan, sistem rusak, dari dulu maen ketemu tim kadang sehat kadang tolol minimal seimbangin laa dongo!!! game rusak",1,2026-07-26 10:54:56
balikin waktu akuu anjingggg,1,2026-07-26 10:54:23
"menang kalah terussss buang2 waktu aja.abis menang 1x kalah 2x. satu hal lagi buat pembagian tim makin parah.makin sini bukan makin seru,malah makin jelek.parah",1,2026-07-26 10:54:18
game burik,5,2026-07-26 10:52:56
tambah lama g tambh bgus Mlah isinya tim bot mlu lama² JD sepi lu moonton,1,2026-07-26 10:50:20
"matchmaking gak masuk akal gak sesuai role, bahkan palyernya layaknya bot, hightier pun gak luput dapet macth yang gak sesuai role yg di pilih, benar2 sangat merugikan player",1,2026-07-26 10:49:27
game nya bagus tapi minusnya sinyalnya bagus tapi berubah jadi ping suka ngebug tim afk semu pernah ketemu tim yg 4 nya afk semua monton tolong di perbaiki kadang ketemu map hack cheat damage one hit padahal musuh nya lvl 1 tapi damage nya gak ngotak tolong perbaiki ya MONTOON,2,2026-07-26 10:49:05
terima kasih atas kemenangan yang kau beriikan,5,2026-07-26 10:46:56
ngasih tim sama musuh yang ngotak dong monton ga setara bet ngasih musuhnya,2,2026-07-26 10:45:04
bagus banget udah main ml sejak 2023 tapi sering ketemu tim ngetroll coba dong moonton orang yang ngetroll langsung kasih peringatan 1 2 3 bulan atau lebih,5,2026-07-26 10:44:52
Masak iya maen game los streak trus udah 10X kagak di kasih menang sama sekali selalu dapet tim ampas. dan parahnya saat maen damage kagak berasa sepertinya game ini sudah di setting contohnya saya sendiri kenak dark sytem. jelek banget ML sekarang,2,2026-07-26 10:44:08
"ml jelek, padahal wifi lancar"" aja tapi kalo main ml lag",1,2026-07-26 10:42:45
ini game bikin stres anak saya tolong ini hapus aja game nya,1,2026-07-26 10:41:40
"aku kecewa banget hai developer, padahal aku udah kumpulin lucky point untuk Aurora summon, trus dapet skin greenflash Layla tapi karna udah punya skin itu, katanya diganti rare skin fragments 250×, tapi udah berhari"" masih ga masuk 🥹 mogok ml aku!!",3,2026-07-26 10:41:39
apa apaan gabisa login via monton,1,2026-07-26 10:41:31
"gem burik isinya drak sistem masak iya 400 pertandingan nyestak epic sama lejen,padahal kawan aku dah Sampek Mawi cuma 89 pertandingan Mendi main gem hok daripada main ml",4,2026-07-26 10:41:03
Seru....... Banget Aku pangen mengucapakan Tuempekkkkkkkk saat kalah,5,2026-07-26 10:39:51
sering terjadi mslah jaringn,1,2026-07-26 10:39:43
benerin dulu matchmakingnya,1,2026-07-26 10:37:29
"game nya gak jelas kbnyakan yg main Boca yang g ngerti, Uda gitu kalau di report krna beban malah gak kena pelanggaran",1,2026-07-26 10:37:21
min!! Tolong dong Revem skin Selena Thunder Flash Lockybox nya Bosen efek skin nya itu itu aja,4,2026-07-26 10:36:15
woo game nya seru banget gameplay nya baguss Hero nya banyak,5,2026-07-26 10:35:54
game ini bikin stress,1,2026-07-26 10:35:40
game bagus tapi kasi lawan yang keras 💀💀💀🤝,5,2026-07-26 10:35:33
knp ini setiap main ml mesti ada hubungkan hubungkan,1,2026-07-26 10:34:51
"apa jadinya jika owe memberikan saran untuk papi montoon tercinta supaya mlbb memiliki fitur barter nahhhh di fitur itu kita bisa barter skin,Hero,emote, recall,efek spawn dan lain lain dgn syarat barang yg kita barter itu memiliki poin koleksi yg sama misalnya gua chou kof barter dgn player lain dgn guin kof atau skin collector kan bagus kalau ada fitur kyk begituan",4,2026-07-26 10:34:51
game bagus playernya juga ramah,5,2026-07-26 10:33:57
tolong jgn suka kasih tim bapuk,5,2026-07-26 10:33:00
game rusak banyak dari sistem bot team sistem rusak kaga jelas banyak cheater lol,1,2026-07-26 10:32:42
sampai sekarang jaringannya gak benar padahal saat gua main ff atau pubg aman aman aja bikin emosi aja nih game,1,2026-07-26 10:32:37
game gila,1,2026-07-26 10:30:50
GAME BABI INI,1,2026-07-26 10:29:57
"game kocakk main mulai isya sampe subuh bintang ga nambah jg gak kurang,gitu aja tiap hari.buang""waktu",2,2026-07-26 10:28:58
game buruk dari tadi saya ls mulu gk dikasih menang nih game mending jangan di download,1,2026-07-26 10:28:31
sangat kecewa los streak tersu,1,2026-07-26 10:27:39
Jaringan ngelek btul gak ngotak betul aneh,1,2026-07-26 10:27:18
sinyal lu perbaiki gblok tll,1,2026-07-26 10:26:53
P aja,5,2026-07-26 10:26:42
mantap,5,2026-07-26 10:25:21
"Hilangin bocil"" plis",5,2026-07-26 10:21:59
matchmaking gajelas,1,2026-07-26 10:18:57
game bagus tapi banyak yang ngetroll,3,2026-07-26 10:18:50
"dasarr gamee apaan si timnyaa g bisa main, musuhnya ke prolayer gimna dah, ngasih tim yang seimbang niat bikin game g si moonton plis lah gw juga pengin imo, TPI dpet tim gjlas teruss aplah kadang midnya kadang roamnya kadang goldanenyaa kadang expinyaa gmn si tolong lah",1,2026-07-26 10:18:45
lu Maya enak si di maenin tapi kadang kalo lagi login kadang kaga bisa lama banget,1,2026-07-26 10:18:39
"selalu dikasih lawan yang susah walaupun mvp terus, banyak tim bot kalau main solo",1,2026-07-26 10:18:13
Makin lemot,1,2026-07-26 10:17:29
parah banget sih lu montoon lagi enak2 war malah tiba2 keluar sendiri masuk lagi gk bisa parah bgt sumpah,1,2026-07-26 10:16:40
"aku menyukainya tetapi,saya tidak menyukai saat bug, pas saya mangalah kan lawan. mengapa saya yang mati?.itu aneh sekali...",4,2026-07-26 10:16:39
gam setingan @nj9 dapet tim bot semua PP blur gam scam sejauh ini gw kecewa bet si mau gw di server indo sama di server luar sama aj main Cl full ws pas main Reng full ls setingan nya itu loh Ama sistem lu ton aduh kecewa asli gw aj main ni gam sampe hampir ilang akal sampe ke psikolog gw buat terapi gara gara gam lu,1,2026-07-26 10:16:25
game konyol,1,2026-07-26 10:16:06
game asu bukan penghilang stres malah tambah stres,1,2026-07-26 10:15:55
"matching classic lama banget, death game",1,2026-07-26 10:15:28
tolong skin legend dan lainnya digratiskan,5,2026-07-26 10:15:10
timnya jelek mulu main nya buta map,1,2026-07-26 10:14:28
𝙜𝙖𝙢𝙚 𝙞𝙣𝙞 𝙨𝙖𝙣𝙜𝙖𝙩 𝙢𝙚𝙣𝙮𝙚𝙣𝙖𝙣𝙜𝙠𝙖𝙣 𝙩𝙖𝙥𝙞 𝙜𝙖𝙠 𝙗𝙞𝙨𝙖 𝙥𝙞𝙡𝙞𝙝𝙖𝙣 𝙤𝙛𝙛𝙡𝙞𝙣𝙚,5,2026-07-26 10:14:26
gw suka grafik game soalnya mudah dan anak anak juga bisa main gk kayak game sebelah fomo buat,5,2026-07-26 10:13:35
"Tolong ciptakan hukuman yang sangat berat bagi player player yang tidak bermain sesuai role , tolong perbaiki draft match agar jangan memberikan tim yang tidak bisa main, karena sangat merugikan waktu",1,2026-07-26 10:12:12
"game ini menurutku ga guna mending hapus malah pelit skin Hero,padahal Hero yang lama masa ga dikasih plus rank nya ga diperbaiki mana dapat tim troll terus terus event nya kadang pelit kadang ga menarik aku berharap game ini hapus atau perbaiki kesalahan",1,2026-07-26 10:11:32
"Kerjaaan ny bikin skin doang, Urusan MATCHMAKING sampah, hukuman player ga bikin jera orang yang ga niat main di Rank, MVP di tim yang kalah tetap hilang bintang kerja keras main serius ga di hargai, orang yang ga niat main malah di lindungi dan di manjakan, memang harus jadi pro player dulu ya biar MATCHMAKING nya bagus, Baca nih, jangan cuma pengen cari duit nya aja dari skin sama diamond, mata duitan",1,2026-07-26 10:11:29
montoon plis tolong kenapa habis ws mesti langsung LS.ws 2kali Ls 4kali gak adil lah,1,2026-07-26 10:11:20
i like this game,5,2026-07-26 10:08:14
game nya keren,5,2026-07-26 10:07:39
game ya makin jelek,1,2026-07-26 10:07:25
game nya bikin orang stress nambah streess,5,2026-07-26 10:06:28
seru bgt,5,2026-07-26 10:04:54
susah bet naik mitik GAME KUTUKAN UNTUK PEMULA,1,2026-07-26 10:04:36
saran gw kalo udh menang 2 kali mending lanjut besok🥰kalo ga sehari bisa menderita🥰💜,1,2026-07-26 10:04:20
"ini sistem moonton rusak atau bagaimana? lawan saya terlalu berat,tidak setara rank musuh dengan rank tim saya (jika tidak segera di perbaiki mending saya download honor of kings)",5,2026-07-26 10:03:59
tolong beriakan tim yang adil,1,2026-07-26 10:03:48
mantp,5,2026-07-26 10:03:47
permainan yang seruh dan seruh banget,5,2026-07-26 10:01:03
ga jelas pas relog gabisa kembali ke in game malah stuck di loby benerin dong buang buang credit skor doang dan pas game nya menang tidak dapat bintang nyusahin banget,1,2026-07-26 09:59:55
seruu bangett siii😍😍,5,2026-07-26 09:59:47
Tambah lag setelah update?,3,2026-07-26 09:59:24
the best,5,2026-07-26 09:58:52
"tolong di benerin mactmaking nya ton nonton.. dan lihat di game nya terlalu gk seimbang kadang""..terlalu banyak BOT yang masuk dan menjadikan game nya terlalu membosankan dan menjengkelkan..seimbangkan dari poin rank biar game nya seimbang",2,2026-07-26 09:58:02
aplikasi nya GK sebagus dulu banyak curangnya dari pengembangnya,1,2026-07-26 09:57:51
tolongg lh Moonton sayaa mainn rank kalahh terusss masalahnya ada di tim gak adil banget pokoknya tim saya gak bisa main sedangkan tim musuh jago jago sayaa capekk bangett kalahh muluu jadii tolong lah moonton beri musuh yangg adil lah capekk kalahh teruss rasanya ingin saya hapus ini game MLBB,1,2026-07-26 09:56:11
"matchmaking ngga masuk akal, mikirw lah kasi lawan dan tim lu moontonn",1,2026-07-26 09:54:59
Revamp skin beneddetta Collector Dong udah tipis bet efek nya kalah ama skin covenant yg murah,5,2026-07-26 09:54:26
Good,5,2026-07-26 09:53:57
"main cuma kebagian kalah doang , begini rasanya jadi npc............",4,2026-07-26 09:53:50
"Moonton tolong lah magic dust nya seenggaknya buat bisa di tuker sama kupon atau poin kek, gaguna anjirr. udh hampir 75rb magic dust gua ga kepake samsek. sama Lucky spin juga itu batu ga guna lgi anjirrr udh seratus lebih di gua ga kepake",4,2026-07-26 09:53:48
"macthmaking aneh, laporan lamban",1,2026-07-26 09:52:16
PLEASE COLLAB WITH DANDADAN!!!,5,2026-07-26 09:51:36
lama lama main ni game kaga ada nambah bintang di kasih tim kaya sampah mulu,1,2026-07-26 09:50:34
kenapa saat saya ingin naik rank menag kalah menag kalah terus menerus,1,2026-07-26 09:50:00
KENAPA KASIH SAYA MUSUH YANG SUSAH,1,2026-07-26 09:49:33
"sangat bagus game terpercaya dan menghibur, pokonya the besst",5,2026-07-26 09:48:09
game busuk ngasih tim ga bener aja,1,2026-07-26 09:47:16
Setelah update kok malah makin ngeleg setiap war sebelumnya aman aman ajah sekarang malah makin parah ajah nih.,4,2026-07-26 09:46:24
game sampahh,1,2026-07-26 09:41:43
makin lama makin jelek game nya ngeleg parah lagi,1,2026-07-26 09:39:55
"main solo susah menangnya main 5 kli menang cuma 1 kli bnyak ngetrol nya,,,,masa team mainya ke anak TK biasanya mm, hyper,xp",2,2026-07-26 09:37:52
suka tapi yg ga suka nya bikin kesel padahal setiap hari main ini tau nya yg naik satu bintang yg turun 4 bintang kesel bnget,3,2026-07-26 09:36:46
moonton kikir,1,2026-07-26 09:36:07
game mantap,5,2026-07-26 09:35:20
ram nya kecilin lagi min berat bet untuk HP saya yg kentang ini😭😭😭,5,2026-07-26 09:33:34
"game bikin stres ngasi tim ga ngotak bikin males buat login, gua uninstall aja lah banyak game lain kok",3,2026-07-26 09:33:27
game tolol,1,2026-07-26 09:32:56
jaringan nggk jelas pdahal warna hijau,1,2026-07-26 09:32:37
jelek banget sekarang bugnya. Tiba-tiba nge yang terus gk bisa masuk lagi. padahal biasanya gk kek gitu,1,2026-07-26 09:32:11
"Game gajelas di kasih tim yang rank nya jauh banget sya rank tertinggi glory an, tpi pas awal season di kasih tim rank tertinggi nya cuma epic 3 gimana ga setres 🥺",1,2026-07-26 09:32:00
"Game anehh, main solo rank mytic 15 ketemu lawan 3 honor 38, sedangkan timku dibawah honor semua, malahan 1 legend, ni game makin ancurr",1,2026-07-26 09:31:47
unistal aja nih game gaes. gak guna sumpah udah duit habis tenaga habis buat nih game. tapi hasilnya nol. padahal aku top up banyak banget hampir kolektor Sultan. tapi ngak tau kenapa yang buat nih game ngerasa ngak bersyukur. padahal uang dia yang dapat apa susahnya kasih tim yang jago ngapa tim musuh jago semua. sedangkan tim aku kayak baru main ml.,1,2026-07-26 09:31:33
monton kasih drak sistem mulu capek gua emosi dan gak kasih skin gratis lagi,1,2026-07-26 09:31:19
"moontoon tolong buat fitur perlindungan bintang untuk orang yang mainnya hebat tapi timmnya kalah,sering banget udah gendong gendong tapi kalah bintang ngurang itu gaenak banget TOON🫩 gua kasih bintang 3 dulu sementara",3,2026-07-26 09:30:18
kasih tim yg waras Napa,1,2026-07-26 09:30:11
ketemu dark sistem terus kalo mau naik legends,1,2026-07-26 09:29:35
"game jelek, minimal benerin dlu matching nya bukan di banyakin skinnya hadeh",1,2026-07-26 09:29:18
"game gj,dapat tim dark sistem trus",1,2026-07-26 09:28:17
game tolol,1,2026-07-26 09:28:13
"game ga jelas ini ga tau gua dah ngeluh berapa kali,machmaki ga adil dari dulu sampe sekarang,di kasih tim itu itu aja dah 2 hari gua lose mulu gagal naik mytic dari kemarin nge stuck di legend karna dark sistem game ga jelas cok cok,katanya main biar ga stres nyatanya cuma tambah stres aja",1,2026-07-26 09:27:45
game ini bagus sekali,5,2026-07-26 09:27:32
"matching ga seimbang, rank ga rata, masih banyak cheater, masih banyak bot, aneh bgt honor bisa ketemu legend, sedangkan musuhnya full glory, main solo ketemu duo atau trio harusnya solo ya solo, masih banyak yang suka troll dan hukumannya ringan bgt, gajelas",1,2026-07-26 09:25:46
sayakuka,5,2026-07-26 09:25:29
lag suka ngebuff,1,2026-07-26 09:22:56
server benerin kampung masa beda pulau aja nvelag kampung2,1,2026-07-26 09:22:52
montonnnn tolong lahh kalau kasih lawan yang bener lahhh,1,2026-07-26 09:22:29
sistem macking yang gak adil malasss main lagi,1,2026-07-26 09:22:24
SAYA SELALU LOST STREK ANJI**,1,2026-07-26 09:22:06
game ngnetod,1,2026-07-26 09:21:45
matchmaking sekarang ancur parah.. selalu dapet tim gak jelas,1,2026-07-26 09:21:27
seru tida membosan kan,5,2026-07-26 09:20:41
aku kecewa karena kalah terus aku ingin leged tapi kalah terus !!!!!!!!!!!!!!!!,1,2026-07-26 09:20:11
"minimal ngasih tim yang bener ton monton, jangan musuhnyaa aja yang bener tim jga yang bener atuh ton monton",1,2026-07-26 09:19:50
gem rusak rusak,1,2026-07-26 09:19:18
"bagus banget kak, seru lagiiii",5,2026-07-26 09:18:43
"game nya padahal bagus, TPI kalo maen mode rank selalu dikasi tim beban dan selalu musuh yang jago GG montonn",3,2026-07-26 09:17:09
permainan tidak seru mayak yang citer bayak yang serakah aku gak mau gem ini jelek aku gak suka gem ini kualitas jelek 👹👺👹👺,1,2026-07-26 09:17:05
"maaf sebelumnya moonton tolong perbaiki sistem dalam matchmaking dikarenakan hal tersebut saya kalah dalam match 10x jujur sebenarnya mobile lagends adalah game seru tapi tolong perbaiki sistem tersebut, terimakasih",4,2026-07-26 09:15:16
kerennn kelas tunnnnn,5,2026-07-26 09:14:30
game rusak,1,2026-07-26 09:13:03
Bisa di bilang game paling seru dan menarik,5,2026-07-26 09:11:08
kalau bisa kasih tim yang normal dikit dong moonton capek gw bro,1,2026-07-26 09:10:47
"ok lah... sekarang udah gk terlalu kikir, tapi kasih tim yg bener lah, dikira gw gak cape ngeliat mm maju² kagak jelas terus mati 10 kali",3,2026-07-26 09:10:47
kangen akun lama,5,2026-07-26 09:08:43
Matchmaking ga jelas dapet tim poke mulu sial tim sendiri pada baru naik mythic ketemunya imo 400 gila lama lama main ni game,1,2026-07-26 09:07:14
"sinyalllll ndes Tek mu pie maksude wifi apik"" sinyal mleset",1,2026-07-26 09:06:52
game ini sangat menghibur apa lagi kalau lagi gabut,5,2026-07-26 09:06:40
game rusak..gak pernah dapat tim bagus..pasti darksystem..GK adil monton,5,2026-07-26 09:06:15
"game g jelas ajg, ngelag trs",1,2026-07-26 09:06:03
game nya bagus bgt pertengkatkan lagi ya moonton izinn:),5,2026-07-26 09:03:53
"apaa apaan mentok di loading screen , tapi ini kejadian ga sekali doang tapi berurutan padahal aku pake wifi+kuota itupun garis nya full semua batre jugaa full",1,2026-07-26 09:02:57
"game sampah, banyak dark sistem, Matchmaking nya selalu tidak adil , sampah",1,2026-07-26 09:02:40
game nya seru banget aku sampai ketagihan mainnya,5,2026-07-26 09:02:09
saat di download tidak bisa,1,2026-07-26 09:01:41
"benerin, pertandingan di temukan tapi gk bisa masuk, game oon",1,2026-07-26 08:58:42
jangan mainnin gem ini kalo ga mau stres,1,2026-07-26 08:58:19
"elok, lan nggumunakke sanget",5,2026-07-26 08:54:18
monton plis ke-i aku satu bintang plosa monton cuma mau naik ke epic😭,3,2026-07-26 08:53:54
game GK becus rating 1/10 bad,1,2026-07-26 08:53:27
"game rusak isinya bug jaringan mulu giliran realog aja malah ga masuk ke battle game nya, kolaborasi di banyakin giliran bug di anggurin",1,2026-07-26 08:51:29
"jelek!! aku disconnect tapi gak bisa join pertandingan lagi, malah di lobi terus sampe pertandingan nya siap. 👎👎👎",1,2026-07-26 08:50:44
"draft cacat gajelas, tier atas setemu tier bawah, kekurangan player kah developer??? lawak banget",1,2026-07-26 08:50:06
"matchmaking selalu ga adil, team ga ada yang immortal malah ketemu musuh immortal, top global lagi. sampah banget asli. terus di in game padahal udah ikutan nge bantu, malah ga dapat assist sama sekali, bikin rugi doang jadinya. berkali kali kayak gini, ga usah bikin game kalo ga bisa adil sesama player nya.",1,2026-07-26 08:48:42
banyak dark system,1,2026-07-26 08:48:41
tolong di perbaiki karena akun saya hilang saya juga tidak penyebab nya apa tolong di perbaiki ya mooton,1,2026-07-26 08:46:36
"suka nya sukaa bgt sihh seru, walaupun gw gak terlalu tau banyak dari game ini ya oke lah Yap udah itu aja",4,2026-07-26 08:45:15
"jujur game nya bagus banget, terus gampang menang, lalu aku dapat tim yang sepadan sama musuh,sampai sampai kalau sepupu ku kesini aku selalu main bareng sama dia, pokoknya seru banget, sampai ketagihan, kalau mau dapet skin juga peluang nya besar, skin gratis aku sering dapat dan bangus lagi, pokok nya bagus banget👍🏻👍🏻",5,2026-07-26 08:44:45
banyak kali kendala jaringan ininya game vvk inimah,1,2026-07-26 08:44:24
saya menyukainya,5,2026-07-26 08:43:20
"pink nya slalu merah pdhl sinyal di sini nya bagus, tolong deh perbaiki",1,2026-07-26 08:42:58
"GUA 70+ MATCH DAPET TIM AMPAS, TAPI TIM MUSUH BAHKAN ADA YANG MANTAN GLORY, TOLONGGG BANGET DI SEIMBANG KAN KOMPOSISI TIMNYA/SISTEM MATCHMAKING BIAR PEMAIN MOBILE LEGEND SEMAKIN RAMAI DAN BETAH BERMAIN MOBILE LEGEND 🙏",4,2026-07-26 08:42:57
game yang sangat kont,1,2026-07-26 08:42:37
anj bngt bkn kesel😇,1,2026-07-26 08:41:12
tolong oerbaikin lagi server nya soal nya saya sering stak di loding habis drafpikc klo 1/2× gapapa tapi ini ber kali kali sering bangetvloh ngurang truss skor kredit saya tolong perbaikin lagi ya server nya,2,2026-07-26 08:40:39
PLEASE NERF GORD MOONTON DIA PUNYA DAMAGE SUDAH GA NGOTAK!.,1,2026-07-26 08:38:37
mantap muntun,5,2026-07-26 08:37:58
"moonton ga adil, masa tim sendiri dikasih bot sedangkan musuh dikasih team jago, ga adil, + pas dapet star protection udah di aktifkan tapi tetep ngurang bintangnya, balikin legend 3!!",1,2026-07-26 08:37:31
"game ini sekarang kog rusak disconnect sendiri udah di relog berulang kali,hapus apk download lagi masi sama,,posisi mabar sama temenku uda in game.aku ga masuk in game",1,2026-07-26 08:37:02
gk rekomendasi,1,2026-07-26 08:36:58
game ramah,1,2026-07-26 08:35:13
epic sedunia,5,2026-07-26 08:33:48
game kurang rekomended 3/10 . main game ko di atur siapa yg menang dengan cara di bikin lag jaringan kalo gk di kasih tim dark sistem ??,5,2026-07-26 08:32:33
"benerin bug server buat tim apa lawan sepadan jangan berat sebelah,ada beberapa Hero yang harus di nerf contohnya:sun,Angela dll",2,2026-07-26 08:32:26
"bagus sih gamenya, tpi kusarankan jangan main ini... karena bikin mental down, selain habisin waktu",1,2026-07-26 08:30:10
ga masuk akal gila,1,2026-07-26 08:29:59
banyak bot Ai nya,4,2026-07-26 08:29:35
perbaiki lah bug jaringan nya masa main jaringan nya merah terus,3,2026-07-26 08:28:25
5 jan gue main ml gak ada bintang gue yang naik gak ada yang turun menang kalah terus anjir balikin waktu gue yang 5 jam itu moonton,1,2026-07-26 08:27:25
"ini game seru, tapi kalau ngasih tim yang bener lah lagi los streak ini😭",4,2026-07-26 08:26:44
omg i not have diamonddd,5,2026-07-26 08:25:15
"laporan digamenya gak didenger. tim tidak seimbang monton tidak seimbang. tim lawan lebih jago tim gua beban, minimal tim lawan sama tim gua seimbang ex honor ketemu ex honor. walaupun kalah jika permainan seimbang itu sangat menyenangkan.",1,2026-07-26 08:24:47
"benerin dulu sistem game nya, masak main di honor awal season ketemu mawi+dark sistem",1,2026-07-26 08:22:44
"kirain bakal seru,ehh bikin stres",1,2026-07-26 08:22:30
game bosok banyak cheater,1,2026-07-26 08:22:09
game paling gajelas didunia jingkontodsu,1,2026-07-26 08:21:36
bagus,5,2026-07-26 08:20:47
gg seru amat,5,2026-07-26 08:20:02
"jaringan bagus tp lag mulu, kocak.",1,2026-07-26 08:18:20
apk nya keren banget,5,2026-07-26 08:18:10
"game ini harus di perbarui, gua pemain solo sangat sulit naik rank, musuh mantan glory tim gua baru naik legen, bintang satu dulu, bulan ini 1 bintang aja sangat sulit naik,",1,2026-07-26 08:18:01
"Bosan, permainan tidak pernah sesuai tidak ada keseimbangan bermain belum lagi lag nya terlalu parah padahal untuk yang lain jaringan aman",1,2026-07-26 08:16:03
game bagus,4,2026-07-26 08:14:20
"kasih tim yang betul woi, bot mulu lo kasih, sampah ni aplikasi",1,2026-07-26 08:14:00
bagus banget monton gif aku skin Kagura exorsis,5,2026-07-26 08:13:31
"ml burik,masa aku baru masuk ke game langsung di keluarkan,pdhl bntr lagi imo(boonk)",1,2026-07-26 08:12:50
"game gajelas, padahal jaringan bagus malah pas main ngeleg""",1,2026-07-26 08:12:37
game seru tapi bikin darah tinggi,3,2026-07-26 08:12:10
kalo dikasi ls trus aku uninstal,4,2026-07-26 08:09:03
saya pemain glo kok gloo saya pas ulti gak masuk ke Hero lawan Mala di Diam di tempat saya saja gak mengerti kenapa kok bisa diam di tempat jaringan saya saya aja bagus lancar ini kenapa coba kasi penjelasan ko bisa gitu ?,5,2026-07-26 08:07:36
seru bener,5,2026-07-26 08:07:27
moonton punya dendam ama gua.... setiap mau naik rank pasti di kasih tim dongo,1,2026-07-26 08:07:20
suka😋,5,2026-07-26 08:06:50
sistem nya aneh setiap gua match pasti ada anomali drak system kadang 1 rolenya anomali game sampah,1,2026-07-26 08:06:47
gak usah dibaikin udah bagus game ya kak nonton udah bagus lagi🙏👍,5,2026-07-26 08:06:46
match nya gak adil sini kasi draksistem lawan nya jago jangan download game ini sepiin aja,1,2026-07-26 08:06:33
pokoknya game yang bagus,5,2026-07-26 08:06:08
monton tolong mode offline nya ditambahiya monton,4,2026-07-26 08:05:03
"apasi ini game ngasi gw lose mulu, match juga ga jelas dapet tim jg ga jelas😡",1,2026-07-26 08:04:20
game stress,1,2026-07-26 08:04:20
game haram,1,2026-07-26 08:03:05
Karena bagus lebih gampang dari pada ff,5,2026-07-26 08:02:56
game sampahh terus dapat kawan bot,1,2026-07-26 08:02:52
"kalau uda sepi bagus lawannya bot aja, jangan kau buat emosi yang main",1,2026-07-26 08:02:05
"Ini game sumpah dah gaje bet, gini biar gw jelasin jadi kan setiap kali kita lose streak pasti kan kita main sama bot moonton, biar kita bisa lebih cepat win, tapi ada juga ini spesies bot moonton gak tau item, sudah tau Hero lawan healer malah gak mau beli item anti heal, sudah ku kasih tau beli ini², tapi yah akhirnya apa gak di beli² juga sama tuh bot, kalau misalnya sistem bot nya aja kek gini mending gak usah ada dari dulu, lawan manusia asli juga gpp kok, malah akhirnya menang kalah² Mulu",1,2026-07-26 08:01:23
capek ketemu tim ngetrol,1,2026-07-26 08:01:07
"game play bagus, tampilan hero² nya juga bagus, tapi ngasih tim sama lawan ga sepadan, ga ngotak jirr. masa tim musuh ada yang mantan glory sama honor, tim gua di kasih warrior tiga, ga ngotak. ga adil juga, ga sya uninstall Masi untung",3,2026-07-26 07:58:38
Login ulang Mulu karena saya config sesudah di hapus apk confignya tetep login ulang,1,2026-07-26 07:58:16
3 minggu ngepus bintang bolak balik kasih musuh yg masuk akal lahh moontonn,1,2026-07-26 07:58:07
"match gak adil, ketemu musuh yang lebih baik dalam bermain tapi giliran tim malah kayak epic, gak paham Hero counter, build sama gak bisa bermain di role yang dipilih. Pokoknya hama pengurang bintang, udah lapor CS tetap aja tidak ditanggapi dan diperbaiki emang moonton ini dev hama,bisa baca gk? gw udah lapor CS tetap aja ngalamin hal itu, bahkan gw ngalamin hampir setiap season kayak gitu. Ini Moonton paham gk si? gk liat itu segede gaban ""SUDAH MENGHUBUNGI CS"" Dan tetep aja kejadian",1,2026-07-26 07:57:46
tim dark sistem semua lah jadi males,1,2026-07-26 07:56:33
Selalu di kasih tim dark sistem mau ngepus rank aja gak bisa sama kayak gacha tidak selalu hoki,5,2026-07-26 07:56:11
jaringan gak stabil padahal uda pakai wifi,1,2026-07-26 07:55:58
hilangkan para darksistem di akun gw yaa ton,5,2026-07-26 07:55:28
oke,5,2026-07-26 07:55:11
ahaha what a pity your game has gone quiet 😅😅,1,2026-07-26 07:54:28
"dapet timnya selalu jelek, tapi, musuhnya selalu bagus",1,2026-07-26 07:54:00
gak bisa login stuck doang gajelas,1,2026-07-26 07:53:48
banyak bot,1,2026-07-26 07:53:21
game seru dan menantang tolong berikan saya dark system lagi saya ksi bintang 5,5,2026-07-26 07:52:03
"kasih musuh GK adil ,tim musuh jago sementara tim sendiri malah dikasih beban, sering ngetroll pas lagi main rank.tolong match maling nya benerin dulu masa pas main di rank rendah nabrak musuh yg rank tertinggi nya imortall, sementara tim sendiri rank tertinggi nya cuma mythic dan legend. tolonglah kasih lawan yg adil🙏🏻🙏🏻🙏🏻",3,2026-07-26 07:51:01
Lag terus pas war,1,2026-07-26 07:50:30
"Game busuk, banyak dark sistem. tidak recommended❗️",1,2026-07-26 07:49:44
"kasih lagi dong tim rank legend , enak banget buat nurunin bintang, bayangkan rank glory ketemu trio yang salah satu nya masih legend,mainnya ya ampun , mau banting hp deh rasanya, apalah nasip kalo player solo ketemu trio kek gitu, dahlah muak².ditambah tim musuh pakai title provinsi . beeeh enak nya nurunin bintang. banyakin aja kayak gitu biar cepat ganti HP baru.",5,2026-07-26 07:49:42
"gw kan suka banget tuh cl wr SOLO TAPI KENAPA GW SELALU DAPET TIM BELAJAR HERO DAPET MUSUH SERIUS KEJAR WR JUGA , tapi tim gw malah belajar Hero, mau heran tapi ini monton, ini bukan sekali dua kali kalo sekali dua kali gw masih maklumin, lah ini setiap gw maen cl serius dapet musuh push wr dapet tim belajar Hero, tolong lah di perbaiki matchmaking nya, kalo di cl juga harus adil",1,2026-07-26 07:49:27
"GA PERNAH BENER NGASI TIMNYA, TIMNYA YANG GAJELAS DI KASI, LAWANNYA JAGO JAGO",1,2026-07-26 07:48:50
perbaiki ngeleknya,5,2026-07-26 07:47:46
"Gamenya bagus dan keren, tapi masih bagus Roblox🙃",5,2026-07-26 07:47:28
"monton macam mana ini tim kok gak jelas, los streak gua pusinggg, pliss kasih gua win streak",1,2026-07-26 07:46:57
najis dapet tim aneh semua gajelas pengen naek ke mitic malah di kasih tik draksistem,1,2026-07-26 07:46:38
makasi ML udah nemenin aku dari aku masih kecil sampai udah besar terimakasih ML,5,2026-07-26 07:45:51
tolong win strek terus masak main di epic lawan nya mantan imortal.,1,2026-07-26 07:43:33
game hiburan❌ game perusak mental✅,1,2026-07-26 07:41:45
ngasih musuh yang setara lah,1,2026-07-26 07:38:56
"( UNINSTALL AJA DARIPADA LU SETRES GEGARA NI GAME GAJELAS)game setres dari honor 41 sampe Mawi 12 dapet tim gajelas Mulu,draft pick gajelas matchmaking ga adil berat sebelah, GW UNINSTALL NI GAME",5,2026-07-26 07:38:34
aku kamal mulu,1,2026-07-26 07:37:50
"tolong banget ya buat cs nya jangan pake bot Napa,susah banget ini mau memulihkan akun yang google nya dihack",1,2026-07-26 07:37:06
"game terburuk yang pernah gw mainin, sistem matchmaking buruk, sinyal anjlok, ngasih tim ga sesuai tier. niat pengen seneng-seneng malah marah-marah.",1,2026-07-26 07:37:03
udh top up 30.000 malah diamondnya GK masuk,1,2026-07-26 07:36:26
ml ini bagus tapi kasih tim yg jago dong jangan yg bot Mulu cape turun Mulu kasih tim bagus yang jago Napa kasih yg bot Mulu dah ni gem cape gendong gua kalah Mulu tim nya bot plis kasih tim jago,2,2026-07-26 07:36:05
sangat bagus,5,2026-07-26 07:35:59
balikin akun gw dong,1,2026-07-26 07:34:51
game jahannam main game ini bukan ngilangin stress.malah tambah stress,5,2026-07-26 07:34:21
setiap main ml tim ya dars sistem semua bikin steres,5,2026-07-26 07:34:09
"kecewa banget sama ini game mlbb, makin hari makin gak jelas, dengan ping awal 30 langsung berubah drastis mnjadi 300 pas mati balik ke 30 hidup langsung brubah lagi dan itu bukan cuman 1 kali sampek beberapa pertandingan",1,2026-07-26 07:34:07
very lag one star,1,2026-07-26 07:34:01
sangat menyenangkan,3,2026-07-26 07:32:12
game nya bagus Hero nya bagus dan kuat,5,2026-07-26 07:30:24
draksistem semua sistemnya rusak ni game,1,2026-07-26 07:30:02
bagus sih game nya,4,2026-07-26 07:29:54
mengisi kegabutan,5,2026-07-26 07:29:52
SETAN GAME BOSOK RA ATURAN,1,2026-07-26 07:28:14
game tolol,1,2026-07-26 07:27:36
game ga masuk akal game butrik main bot,1,2026-07-26 07:26:38
"komunitas tidak baik, match macking tidar pernah diperbaiki. Semoga saja gamenya cepat runtuh dan hancur sebab pura-pura tidak melihat.",1,2026-07-26 07:26:35
menarik,5,2026-07-26 07:26:07
MONTOON TAIK MINIMAL SINYAL DI BENERIN DULU BARU SKIN DI UTAMAIN KONCILLL,1,2026-07-26 07:24:54
gw kalah mulu dan musuh nya tengil,1,2026-07-26 07:24:10
"2 minggu yg lalu poin bintang saya mencapai 24, hanya tingal 1 lagi untuk mencapai honor, akan tetapi selalu di pertemukan dengan tim rank tinggi hingga poin bintang saya habis semua dan akan mencapai legend, DASAR GAME RUSAK",1,2026-07-26 07:23:15
ml game untuk orang dewasa,1,2026-07-26 07:22:41
"he moonton, aku dianggap afk sedangkan wifi dan server lu yang bermasalah di loading match, mana keadilan nya?",1,2026-07-26 07:22:03
tolong hapus di perbaiki buat mode custume ini saya di jebak di custem di pause,3,2026-07-26 07:21:00
alah kook jadi tambah parah. apalah loading pas gw pake thamuz gak mau keisi. baikin nih kalau kagak gw pensi aja dari nih game gak bakal gw on selagi belum lu benerin ini,3,2026-07-26 07:20:21
"Geme bego. match making ga adil, ngelag""kan kadang ngecrash sendiri. game gblok",1,2026-07-26 07:20:13
"game ini sangat bagus, saya sering mendapatkan banyak kekalahan dan tim yang bobrok. Di samping itu game ini membuat saya memiliki ganguan serta tekanan mental karena sering terkena cyberbullying.",5,2026-07-26 07:19:14
mantappppp BANGGGGGGGGG,5,2026-07-26 07:17:55
game ramah baik hati dan sering ngasih motivasi pokonya the best banget suka ml bagussssssssss. pengen di kasih motivasi sama yang pro player,5,2026-07-26 07:16:51
gamenya bagus tapi HP saya ngelag terus karena ML update terus,5,2026-07-26 07:16:02
keren asik,5,2026-07-26 07:15:22
karena dikasih nya yg susah padahal Reng nya epik emang moonton ktl,1,2026-07-26 07:15:12
"kenapa saat loading mau ke in game sehabis draft pick lama banget masukya tolong di ubah padahal jaringan bagus, sama timnya aneh"" mulu. kalo kaya gini terus mending gausah buat game kalo ga niat",1,2026-07-26 07:15:03
"game buruk, saya memainkan game ini banyak problematiknya, mulai dari sistem draft yang aneh dan tidak adil, performa permainan yang banyak sekali masalahnya, mulai dari sinyal yang mendadak hilang saat lagi war, tim yang tiba-tiba tidak bergerak, hingga pasti ada saat ketika naikkin bintang rank malah permasalahan sistem permainan yang anomali, entah dari hp yang tiba-tiba crash hingga keluar dari permainan secara mendadak, itu sangat merugikan dan saya yakin developer yang membuat sistemnya.",1,2026-07-26 07:14:25
game nya tidak ramah dan selalu kalah kita akan dikasih top global,1,2026-07-26 07:13:14
"jlek banyak bug, lagi draft pick malah nge stag",1,2026-07-26 07:12:50
tolong kasih lawan yang se imbang supaya push rank jadi mudah,1,2026-07-26 07:12:45
"monton ga adil ngasih tim gua dapet tim yang tidak ngerti maen sedangkan musuh pada ngerti maen,percuma kalau maen jago kalau dapet tim kaga ngerti maen mah,monton ga adil gua dapet tim kaya gitu semua lose strek ampe berkali kali,kalau ngasih tim yang adil monton",1,2026-07-26 07:12:38
matcmaking tidak adil dan semua sesuai sistem kemenangan persenannya lebih RENDAH DARIPADA KEKALAHAN,1,2026-07-26 07:12:28
bagus lebih di tingkatkan sedikit mudahan dapat skin gratis dari MOONTON 🌹🌹♥️👍,5,2026-07-26 07:12:16
"minimal kalo ngasih tim yang waras napa,udh cape cape gendong malah pada blunder dah tu musuhnya dikasih yang susah,matchmaking apaan kek gini,gw capek lose muluuuuu plis lah baikin matchmakingnyaaaaaaaaa",1,2026-07-26 07:11:24
bikin stres doang jngn didownload apk jelek,1,2026-07-26 07:10:35
moga suatu saat game mu kalah saing dengan game lain.... aku user lama...seson 1 id ny yg udh bnyk top up ...menderita solo rank... sistem kalian bobrok... auto unistal slamanya...,1,2026-07-26 07:09:30
team nya gj exp malah pick eudora benerin dlu sistem lu jan collab bae,1,2026-07-26 07:09:12
"moonton tolong kl kasi tim tu yg setara , rank gua ga naik naik grgr pas mau naik rank ketemu darksystem mulu , tolong lah cape gua ls mulu grgr ketemu darksystem , kapan imo nya gua",1,2026-07-26 07:09:09
game yang sangat bagus di main kan bersama keluarga game ini sangat lah seru pemain sangat sopan dan tidak berkata-kata kotor,5,2026-07-26 07:08:14
"moonton kenapa sih ,setiap aku mau naik legend ada aja halangannya ,kok sering banget dikasih dark system terus,mohon kerjasamanya untuk tim yang lebih kompak dan peka",3,2026-07-26 07:06:33
"please lah moonton jangan pilih kasih lah, server cina skin moskov cc di gratisin sedangkan server global enggak. gua juga player gratisan",1,2026-07-26 07:05:01
Kasih tim yg bener anjim🗿,5,2026-07-26 07:04:35
ls mulu njr,1,2026-07-26 07:03:06
terima kasih sudah membikin game ini saya sangat senang,5,2026-07-26 07:01:33
drak sistem,1,2026-07-26 07:01:32
"kalah tidak dapat BP gak masalah,lha ini aku sering menang,kok gak ada BP?game apa ini.percuma dong main?tolonglah diperhatikan,jangan jadi game buruk macam ni.",1,2026-07-26 07:01:02
WOY JANGAN LU DIEM DOANG PEMAIN NYA BOT DAN AI SEMUA MAKSUD LU APA LU SANTAI DOANG?? HAH AI. DAN BoT YANG DIKASIh GAME MU ITU BODOH DAN TIDAK TAHU CARA MAIN MOBILE LEGENDS TOLONG HAPUS AI NYA SEKARANG JUGAAAAAA!!!!!!!!!!!!!!!😠😠😠😠😠😠😠😠😠😠 LU KIRA AI NYA JAGO MAIN MOBILE LEGENDS ENGGAK BODOH AKU KALAH TERUS GARA GARA AI DAN BOT ITU😠😠😠😭😭😭,1,2026-07-26 07:00:04
kalau game muntun masti kalah terus,1,2026-07-26 06:59:57
min kalo bikin game jangan berat berat min kasian pecinta mobile legend yang hpnya kentang kapan bikin ml lite min,5,2026-07-26 06:58:18
woy moonton ksih i mm woy cape ngendong beban mau ngasih i mm apa i hapus,1,2026-07-26 06:56:54
game yang sangat bagus,5,2026-07-26 06:56:16
Game sistem ga jelas,1,2026-07-26 06:55:49
KURANGIN DARK SISTEM WOYY!!,5,2026-07-26 06:55:33
"saran ya, gmna mau buat game nya rami lgi kyk dlu, kalu pihak kalian mentingin perbanyak uang dengan cara rilis in event event terusmenerus, sedangkan jaringan game kalian ga di update update, says sudah bermain mengunakan wifi+data tetep aja pink naik saat ketemu musuh, tolong di dengerin, jgn hanya mentingin rilisiin event banyak, player jg butuh kenyamanan bermain, bukan ke serakahan developer",1,2026-07-26 06:55:14
"game aneh ,game gajelas skin di banyakin sistem nya bobrok ,ngasih match gapernah seimbang..makin hari makin ancur , ngasih tim gapernah seimbang sama musuh ..main di glory tp ketemu tim nya honor sama legend ,tim musuh pada bisa main sementara tim sendiri kaya ga di ajarin main,tiap hari ketemu dark system ..percuma skin di banyakin sistem nya makin ancur,ANEH",1,2026-07-26 06:55:07
gemenya bagus dan keren dan grafiknya bagus untuk HP kentang,5,2026-07-26 06:54:24
sangat suka,5,2026-07-26 06:54:15
uninstal masal aja,1,2026-07-26 06:54:00
game bego,1,2026-07-26 06:53:41
game marai stres hapusen ae ojo download game iki koyok telek,1,2026-07-26 06:53:20
"jangan coba Amen geme ini kalo lu gak Mao ke psikolog soalnya gua udah 2 hari Lostrek 10 kali udah gila gua, saran nih kalo Mao geme lu makain rame minimal metsmeking nya di benerin gua yg honor ketemu yg legend kan tolol",1,2026-07-26 06:52:34
game Rama sekali,1,2026-07-26 06:51:23
"plis deh moonton lore gausah di ubah ubah, dlu kagura sama hayabusa malah lore nya diganti jdi hanabi sama hayabusa. udah cocok kagura sama hayabusa, hanabi sama hayabusa tuh vibes nya kayak adik sama abang justice-for-hayagura.",2,2026-07-26 06:50:36
saya kasih setengah soalnya kenapa argus di nerf! jadi kerupuk tau gak argus gua,3,2026-07-26 06:49:49
"server nya lag moonton, gak asik main nya",1,2026-07-26 06:49:37
Game rusak,5,2026-07-26 06:47:55
game nyah bagus tapi bikin nambah stress,5,2026-07-26 06:47:14
"game burik sinyal bagus tapi ngeleg,tim sendiri sama tim musuh ga adil,game burik",1,2026-07-26 06:46:49
gak bisa ganti latar belakang,1,2026-07-26 06:46:40
"gem babi,isinya draksistem semua bikin emosi,sinyal jelek tiba' keluar ngak bisa main lagi bintang hilang satu, dapat jonson hyper lagi,gem apa ini,malas mending pindah gem sebelah wkwkwkwkw wkwkwkwkwk🤣🤣",5,2026-07-26 06:46:13
game yang bagus seru dimainkan nya,4,2026-07-26 06:46:10
bagus sekali dan gak bosen,5,2026-07-26 06:45:41
banyak darj sistem,1,2026-07-26 06:44:58
"game sampah, nama ML , Mainan Laknat",1,2026-07-26 06:44:42
good game,5,2026-07-26 06:44:12
moonton kasih aku menang lah ppppplllĺllssssssssssssssssssss........................,1,2026-07-26 06:41:48
game nya seru bagus tapi aku kehalang hp ku udan gk kuat lagi terus gw hapus,5,2026-07-26 06:40:59
"main kalah teros,menang kalah",1,2026-07-26 06:40:52
gem nya bagus si tapi banyak yang suka ngomong kotor dan mech nya terlalu lama,4,2026-07-26 06:38:24
masyaallah,1,2026-07-26 06:38:00
game stress pembagian timny g jelas bngt,1,2026-07-26 06:36:53
"Aku Suka game nya, Tapi hero nya dikit banget, jadi Aku Minta hero nya lebih banyak 🙏🙏",5,2026-07-26 06:36:44
"gajelas lu, ngasih tim yg bner dikit",1,2026-07-26 06:35:23
jarang apa exp,4,2026-07-26 06:35:17
"dikasih ls banyak padahal mau epic 1,udah ditipu ama game jelek ini",1,2026-07-26 06:35:08
"game tuh di Perbaiki tolol , malah 1 player pag semua , kenapa semakin lama semakin bnyk error nya ni game, beda pengembang?",1,2026-07-26 06:34:51
"GAME BAGUS,SENI MAIN MOBILE LAGEND ADALAH KROYOKAN,JOOOSS",1,2026-07-26 06:34:33
update Mulu capek,5,2026-07-26 06:34:16
"GAME SANGAT RAMAH UNTUK PLAYER SOLO, MENANG CUMAN SEKALI,KALAHNYA 5 KALI.. REAL DARK SISTEM",1,2026-07-26 06:33:46
"game nya seru ,tapi aku kalau main kalah mulu😭",4,2026-07-26 06:33:22
ini ml kenapa ya udah 5 hari kalah trus coba lah di perbaikin lagi kasih tim nya,1,2026-07-26 06:33:02
"kenapa monton ngasih aku tim draksistem terus game gak jelas aku main 7jam cuman sia sia doang gak naik gak turun habis menang main lagi dapet tim gak jelas terus ayo lah MONTON kasih hanilah aku 😭, aku capek ketemu tim draksistem terus ayolah bantu lah aku pliss aku mohon 🙏🙏, mohon maaf jika aku hanya memberi/menilai bintang⭐, karena aku habis lostrek teruss lagian kenapa monton gak pernah membantu aku 😭.",1,2026-07-26 06:32:29
game nya seru bagus tapi sering lostreak tapi tetep bagus,4,2026-07-26 06:32:25
permainan nya sangat bagus sekali,5,2026-07-26 06:30:21
peler ngasih tim yang ngotak,1,2026-07-26 06:29:59
bisa GK main tapi mengahabis kn data internet,1,2026-07-26 06:28:59
kadang bikin setres karna nge stuck di epic,5,2026-07-26 06:28:43
Game perusak mood,1,2026-07-26 06:28:01
ketemu tim gak jelas banget dari bintang 20 sampai 6 geme kurang adil,2,2026-07-26 06:27:50
apk nya bagus,5,2026-07-26 06:27:37
"kalo mode offline nya tidak da fitur mode (normal,mode bot,mode extreme) saya akui game ini jlek",5,2026-07-26 06:27:07
MASA GUA KIL 9 DAPET SILVER MOONTON,1,2026-07-26 06:26:07
ini bukan apa apa yaaa tapi setiap aku main mau kalah atau pun menang kan aku roamer nihhh asist aku kadang 15-20 mati aku cuma 6 sampe lima aja tapi kadang dapat silver aneh emang sedangkan mm sama mage nya yg asist 3 mati 6 kadang emas emang lolot monton ni,1,2026-07-26 06:24:43
permainannya sangat bagus,5,2026-07-26 06:24:31
ketemu tim drak semua,1,2026-07-26 06:23:45
"game nggak ngotak, dapet tim mainnya ngetroll tapi yang kena pelanggaran malah sini padahal nggak ngetik kata' kasar, udah muak aku ketemu roam support gila kek gitu untuk ke sekian kalinya. kayak gitu user roam masih dapet perlindungan bintang. Muak banget sumpah",1,2026-07-26 06:23:26
bikin pusing kalah Terus,1,2026-07-26 06:23:25
saya tidak suka ml,1,2026-07-26 06:23:23
tidak adil sistem nya,1,2026-07-26 06:23:17
permainan yg bagus tetapi fitur baru ga langsung ke semua akun bertahap jadi akun ku berasa blm ke updet,4,2026-07-26 06:22:58
game tolol,1,2026-07-26 06:22:41
tolong di bi baca dong monton kalau main di mode rank jangan di campur rank grandmaster sama epicnya epic aja udah nyusahin apa lagi kalau di tambah rank grandmaster aku udah ketemu grandmaster beberapa kali di rank pada main solo,5,2026-07-26 06:22:38
"gamenya keren,timnya jago jago apalagi di lane gold,itu lane tempatnya proplayer,dan saya sangat bahagia dapet tim yang jago terutama gold lane, terkadang tim saya yang gold lane bisa lawan 1 vs 5 hebat deh pokoknya",1,2026-07-26 06:22:15
Enak banget game ini yah 🗿 Ramah sekali (di awal🤣) Gua kasih b 5 dah Tolong yah moonton kalo bisa yah setara dong Rank nya misal :solo yah solo semua jangan ada yg trio /duo dan tentang rank misal:gua epic 1 pas maen malah ketemu epic 5 😭 tolong yah kalo rank itu yg pasti🗿epic 1 yah epic Setu semua biar adil -bintang nya 🗿 Oh ya btw kapan MVP kalah +🌟🗿,5,2026-07-26 06:21:53
sistem matchmaking sampah,1,2026-07-26 06:21:28
"tolong lah,masa main di *80+ jumpa sama di bawah honor kalau,ini game rame bukan game sepi,begitu banyak player masa junpanya gitu",1,2026-07-26 06:21:14
setiap bintang 5 selalu kalah mau mabar atau solo pun tetep kalah gajelas match making ni game kerasa ga adil,1,2026-07-26 06:20:01
"Game nya bagus, setiap waktunya banyak perubahan besar sip keren moonton, namun di sistem rank nya begitu berat jika terus menerus dipertahakn,kenapa? karna ada banyak player yang skill nya sangat mahir tapi tim yang tidak seimbang jadi kalah,dapet mvp kalah dan yap bintang turun,nah coba bisa ga ubah ke sistem SR point,jadi mau kalah atau menang point rank tetep naik meski kalah,tergantung skill pemain,coba dulu tapi jangan di original server,kalau memang bagus baru bisa di fix",4,2026-07-26 06:19:34
"sayang banget padahal gw mau beli skin starlight bulan agustus tapi karna kesel jaringan lag, lagi rank. gw mutusin buat uninstall. kalo begini terus jaringan nya ga pernah di perbaiki banyak player yang bakal pensi. jadi lawan nya ai semua wkkwkwkw percaya omongan gw",1,2026-07-26 06:19:20
moonton tidak usah update terus... perbaiki saja dulu loading stack meluluk.,4,2026-07-26 06:19:12
kalau bisa penggunaan datanya sekecil mungkin..ini gak fair untuk yang koneksi seperti di Indonesia yang notabene nya internet terburuk sedunia...,1,2026-07-26 06:18:33
bagus sih enak banget gak ngelek sama sekali aku kasi bintang 5 bagus banget,5,2026-07-26 06:15:51
game sialan,1,2026-07-26 06:13:01
saya dikasih defeat terus sama moonton,1,2026-07-26 06:08:45
PERMAINAN DALAM GAME SUDAH TIDAK BAGUS AKU MASUK RANK TEMAN BOT SEMUA.KALAU TIDAK PERCAYA COBA kalian black list..PASTI AKAN JADI TEMAN KALIAN LAGI.GAME SUDAH TIDAK MENYENANGKAN.. DAN ITU KE EMPAT2 NYA TEMAN BOT SEMUA.. GAME HANYA PENCITRAAN SUPAYA MATCH CEPAT.,1,2026-07-26 06:08:10
"game rusak , game ampas jaringan sering leg dan banyak cheater tidak ditindak , unistall aja , cheter dibiarin ja bikin jaringan leg ,",1,2026-07-26 06:08:00
game rusak,1,2026-07-26 06:05:40
mantap,5,2026-07-26 06:04:35
"tolong lah moonton pas lagi ngewar kenapa jaringannya tiba-tiba jelek gitu, pas udah mati bagus lagi, padahal di tempat yang sama, hadeh...",1,2026-07-26 06:03:27
kurangi dark sistem ya,5,2026-07-26 06:02:56
game yang keran,5,2026-07-26 06:02:14
wah keren ini game meskipun mati suri,5,2026-07-26 06:01:36
sepertinya baik,5,2026-07-26 06:00:29
permainan bikin sakit hati .setiap macking dikasih tim yg buruk main jadi gk stabil..kaai b1 aja,1,2026-07-26 05:58:51
game nya sangat bagus fitur nya,5,2026-07-26 05:58:07
"pembagian tim tidak merata, setiap mau naik rank pasti dapet tim yang berat sebelah",3,2026-07-26 05:57:26
gem lol,1,2026-07-26 05:56:39
"gem ini sangat menghibur,gemnya santai tidak bikin setres orang² nya baik gak toxcik dan gem nya sangat santai cocok dimakan Untuk yg mau refrensing/darah tinggi ☺️",1,2026-07-26 05:56:15
"kasih tim yang ngotak lah montoom masa kalah terus, untuk yg mau download sebaik nya mental nya harus kuat.ngasih tim tolol terus gimana mau naik immo, hadeh.",1,2026-07-26 05:55:45
game sampah,5,2026-07-26 05:55:22
aku Uda kasi bitang lima tapi sayang muntun pelit Ama diamond nya biar 100aja pils muntun,5,2026-07-26 05:52:33
bagus,5,2026-07-26 05:49:34
banyak drak sistem,1,2026-07-26 05:45:32
best,5,2026-07-26 05:43:16
game gak guna gw nangis stres frustasi sistem nya kayak gak niat dikasih musuh propalyer sultan tim sendiri bot darksistem miskin,1,2026-07-26 05:39:26
seru game ya,5,2026-07-26 05:39:23
sampah,1,2026-07-26 05:38:26
Roblox burik ML bagus,5,2026-07-26 05:38:26
"ini game sangat lah buruk, bisa membuat mental turun karena kalah terus menerus,andai saja ada sistem keseimbangan pertandingan agar semua kemampuan pemain sama dan tidak ada yg jago sebelah kalau sistem ini tidak ada kemungkinan banyak player ml yg pensiun karena tidak adanya keseimbangan pertandingan seperti di honor of king semoga saja sistem ini muncul maka banyak peminatnya segitu saja pesan dari saya semoga sistem ini beneran akan ada",2,2026-07-26 05:38:25
game nya bagus sih tapi mines nya bikin emosi. dan ngatur tim nggak adil bet,1,2026-07-26 05:38:08
karna moonton gak adil kasih tim nya yg dark terus,1,2026-07-26 05:38:07
"Main dari jam 2 pagi sampai jam setengah 1 siang, ga naik², HELLEEEEEEH !!!",1,2026-07-26 05:38:04
ga adil banget dah sistem nya,1,2026-07-26 05:37:31
"GK bisa gak kasih matchmaking adil gitu knp gua di kasih tim yg kayak computer dan tim musuh jago jgn lah gini moonton gak seneng banget kalau kek gini capek kalah nya gua kesal bgt kalah Mulu udah usaha menang dan naik rank tetap aja kalah,benar kata orang orang ml adalah game penambah stress gua jadi stress gara gara ini game,lose streak Mulu,yg paling gak adil matchmaking ketemu player epic yg sudah mythic glory dan immortal kejam bgt lu moonton kasih musuh kek gitu buat stress",1,2026-07-26 05:37:12
dapat teman maen selau rank rendah dan gak bisa maen sedang kan musuh nya rank tinggi semua sangat tidak adil monton!!!!,1,2026-07-26 05:36:43
monton kasih team jelek terus buat player solo rank susah bgt naik mitic,1,2026-07-26 05:35:36
saya syukka saya sukka dgn game ini,5,2026-07-26 05:34:40
"ngelag mulu padahal apk lain kaga ngelag. matchmaking ga adil, musuh jago semua, tim dari sistem",1,2026-07-26 05:34:05
"game apa ini, padahal sinyal sudah bagus namun kadang suka tiba-tiba tidak bisa bergerak dan lawannya juga tidak seimbang kadang musuhnya terlalu jago berbanding terbalik dengan tim kita, tolong jika ini bug tolong diperbaiki",1,2026-07-26 05:31:56
gem banyak drak sistem nya tidak adil jelek,1,2026-07-26 05:31:26
"ayolah perbaiki sistem nya, masa iya selalu ngelag, macet-macet tiap war, ada apa dengan mobile legend yg sekarang? kenapa tidak seperti dulu lagi? sekarang sangat mengecewakan.",1,2026-07-26 05:30:31
bagus,4,2026-07-26 05:30:27
sangat seru,5,2026-07-26 05:28:18
jangan skin doang yg di perhatikan perbaiki tuh Dari matchmangking rusak,1,2026-07-26 05:26:50
keren gemnya tapi banyek iklan hehehehe muntun jrnenekelwsekeeme sleped rr r f da da d ada da kekesalan kewkkwsb epik legen mitik honor glory immo wkwkwk,5,2026-07-26 05:26:19
"EH MASA LUCKY STARLIGHT SPIN SAMPE 50 KOK CUMAN DAPET 1 SIH,YAH GAME KORUPP",1,2026-07-26 05:26:09
monton Ega tau hp aku sepatah Mun eta kasi aku hp bagus keredit sekor aku jadi turu,1,2026-07-26 05:22:23
seru,5,2026-07-26 05:21:40
"game nya banyak bug, saat ingin mulai game tidak ketemu² lawan nya. game rusak",1,2026-07-26 05:21:08
"benci kali pun aku main game ini, kalah kalah terus, dapat tim ga jelas, dapat tim bot, dapat tim kaya binatang, dapat musuh jago jago, ntah apa lah, bikin stres, bikin depresi, najis kali main game ini",1,2026-07-26 05:20:53
padahal nih gam udah lama tapi rating nya gak sampe 4 padahal seru,4,2026-07-26 05:19:31
bagus,1,2026-07-26 05:19:20
"game apa dah ini,hp gw udh kuat masih aja di kasih lag padahal jaringan juga udh bagus",1,2026-07-26 05:19:02
saya suka game ini dan seru tapi tolong nanti bisa pilih map yang disukai player gitu aj 🙏👍👍👍👍👍,5,2026-07-26 05:17:23
"apasih, suka baget jaringan jelek padahal jaringannya bagus anehh",1,2026-07-26 05:17:10
"woi game ajg , bikin sistem yang bener dikit lah ,yakali ketemu cheater terang""an gak di banned ,di report berlima gak ada tanggapan ,mending hapus aja sekalian ni game kalo gak niat bikinn sistem",1,2026-07-26 05:16:50
gamenya buruk jaringannya tidak bisa buruk tidak bisa main buruk dan matchmaking nya lama heronya dikit aku padahal mau naik ke epic malah dikasih kutukan nggak adil dong game apa masa kutukannya itu aku sebenarnya belum belum apa itu namanya belum mau ke epic tapi sudah dikasih ritual kutukan moonton emang game Dajjal kalau aku afk dikasih apa itu afk nya dikurangin kalau mau main lagi kayak di record dan kalau sudah anu apa itu namanya kalau sudah kembali ke gamenya itu ngelag banget jaringan,1,2026-07-26 05:15:37
👍👍,5,2026-07-26 05:14:56
moonton pls balikin akun ml gw cuma karna engga on 1 bulan udh ke ban anj lo,1,2026-07-26 05:14:49
lag lag,1,2026-07-26 05:14:41
rame baget untuk di painkin,5,2026-07-26 05:13:54
tolong benerin wok ngelag sama stuck logo cik,4,2026-07-26 05:13:21
tim nya jelas dikit lah moonton,5,2026-07-26 05:13:21
game ini sangat ramah lingkungan dan bagi orang yang mudah emosi pasti dia bahagia,5,2026-07-26 05:10:56
"gk ush main ni game guys, kalau bisa kita sma sama hpus ni game biar delvpnya bangkrut, matchingnya sangat buruk, kalau pengalaman saya bgitu ya, saya sudah tamat (IMO), dan game ini banyak player curang seperti joki dll, dan bugnya banyak, walau kalian main ditier tinggi pun bakal tetep aja ada player yg gabisa main alias dongo, sekian ulasan dri saya",1,2026-07-26 05:10:33
jangan download game dengan sistem palyer solo yg rusak jika kamu ingin bermain sendiri tidak di sarankan soalnya sistem nya rusak dan sudah 41 season tidak pernah di perbaiki,1,2026-07-26 05:10:01
"akun saya di retas dan di ban sama montoon, setelah ajukan banding tidak ada tindak lanjut. kecewa karena bukan kesalahan saya. padahal games ini favorite saya",2,2026-07-26 05:09:41
suka,5,2026-07-26 05:09:40
"Game nya bagus tapi, player nya Tolong di hapus",3,2026-07-26 05:09:31
bagus cocok dicoba,5,2026-07-26 05:08:25
"BENCI BGT, TIAP KALI MAIN STUCK DI LOADING SCREEN 0% SEMUA, TRS KADANG AKU SENDIRI 0% KADANG STUCK 27% DOANG, TRUS GA MULAI² JDINYA HISTORI KU AFK, PAS RELOG BILANGNYA ""Menghubungkan ke pertandingan"" UDAH DITUNGGU 5 MENIT GA MULAI², UDH TEKAN MAIN² TERTULIS ""berada di lobby"" MUAK BGT, PAS MAIN GAME LAIN, APK LAIN, LANCAR, SINYAL LANCAR, WIFI LANCAR, KUOTA LANCAR, HP LANCAR, DI ML MALAH LAG BGT YAALLAHH HUAAA....",1,2026-07-26 05:08:12
Beri rasa respect ke user exp lane,1,2026-07-26 05:08:05
Game gak jelas jaringan gua ngestuck dari awal pertandingan sampai end game padahal tim sama musuh biasa² aja,1,2026-07-26 05:08:02
ya2 udh bgs gameny,5,2026-07-26 05:07:28
"game nya GK jelek banyak dark sistem, di instal lama, banyak bullying, dan masih banyak lagi",1,2026-07-26 05:05:56
"saran aja, benerin dulu matchmaking dan ban para citer, jangan terlalu fokus sama skin dan event.",1,2026-07-26 05:05:39
"akun besar ketemu akun kecil ,,tolong diperbaiki",2,2026-07-26 05:05:36
gamenya sangat seru dan anti bosen dan kedepannya updatenya harus lebih bagus yah!!🔥🔥,5,2026-07-26 05:05:28
mantap,5,2026-07-26 05:04:18
"gamenya tolong di perbaiki udah 2 hari setiap main merah Mulu padahal sinyal bagus tapi pas main merah gak ada sinyal hijau atau kuning gak ada,baru mulai gamenya langsung merah ms sinyalnya nyetak di 234 Mulu bete gw",2,2026-07-26 05:04:10
mohon maaf saya uninstall apk nya karena pertandingan yang sangat tidak sebanding dengan tim lawan yang tim saya aneh tim lawan keras keras itu membuat saya emosi kalok ke depannya makin bagus saya bakal main lagi🙏🙏🙏,5,2026-07-26 05:03:07
aku suka aja sih jadi gitu lah lima bintang selamat mlbb,5,2026-07-26 05:02:30
p min ini adalah seson terakhir ku min thanks ya min udh menghibur ku aku pensi karena ls min 😁😁😁,5,2026-07-26 05:02:00
matchmaking ampas.,3,2026-07-26 05:01:58
game bikin stress,1,2026-07-26 05:01:38
geme nya bagus aku udh main dari lama juga tapi tolong banget buat moonton musuh nya jagang yang susah yang seimbang aja aku dapet musuh jago jago bngt jadinya kalah terus,2,2026-07-26 05:01:33
mulai gak bisa login kok gak bisa login game apaan gak bisa login,1,2026-07-26 05:00:56
"sistem matching ga adil dan sangat payah sekali, puluhan kali dikasih kalah dan dikasih tim bot /AI, begini kah kualitas game yang ramai di indo? 😂👎",5,2026-07-26 05:00:20
gamee yg tidak seimbang mecmeking nya ketemu nya tim ga bener trus padhal saya udh coba menangin game nya tim nya masih gada yg bnr,1,2026-07-26 04:59:05
"dapat tim nya ga pernah seimbang, tim musuh jago tim kita kaya apalah",1,2026-07-26 04:58:18
game kontollllll ngasih tim gk jelas memekk,1,2026-07-26 04:57:28
endk baguss pilih kasih muak,1,2026-07-26 04:56:31
di kasih lawan tim yang tolol semu mua,1,2026-07-26 04:55:24
"kredit skor saya turun ke 81 karena sistem montoon bermasalah, yaitu setelah draft pick saya otomatis kembali ke lobby dan mengakibatkan afk. Sampai sekarang GK ada tanggapan dari masalah tersebut. saya memberikan bintang 1 sudah termasuk baik.",1,2026-07-26 04:52:28
knp sih ya pengin uinstal gem ini banget,1,2026-07-26 04:51:54
"moonton benerin sistem matchmaking nya, tim yg gak seimbang atau berat sebelah ke pihak musuh",2,2026-07-26 04:50:55
jujur gw setiap maw main di rank gk pernah naik naik terus weh setak di legend ketemunya timnya kayak komputer pas gw lihat akun tim gw setelah pertandingan ternyata ranknya GM pantes gw kalah musuhnya ternyata legend 1 sedangkan gw timnya GM sama epik. plis lah monton cari tim yang adil buat maw rank🙏🙏,1,2026-07-26 04:48:31
gamenya bagus kok aku suka yang aku gak suka kenapa kalau main rank di epic susah banget naikin nya apa lagi yang mainin bocil,5,2026-07-26 04:48:10
kalah mulu game sampah ngelag patah2,1,2026-07-26 04:46:47
game aneh tim ga pernah seimbang,1,2026-07-26 04:46:44
jangan main game ini udah late game gak pake sepatu di lambatin sama mlbbnya gantian di awal dicepetin jalannnya pas lagi di awal error,1,2026-07-26 04:45:04
"matchmakingnya IMBANG BANGET, masa tim ex HONOR, musuh IMO. wah ADIL BANGET JIR",1,2026-07-26 04:43:25
lag parah padahal ms kecil.merusak pengalaman main perbaiki itu jangan cuma ngeluarin skin doang servernya juga perbaiki,1,2026-07-26 04:42:14
ngasih team yg bner woy kntln,5,2026-07-26 04:42:00
seru banget woylah😹,5,2026-07-26 04:41:33
game tlol ajng setiap pertandingan ga ada yg bener ga adil sama sekali antara rank tim lawan dan tin sendiri,1,2026-07-26 04:41:14
game ini sangat bagus dan bang dereame dan neerhays pun jago main ini saya juga suka,5,2026-07-26 04:41:03
hadeh game rusak masa dikasih tim bot sedangkan musuhnya jago ga masuk akal banget sampe lostrak 8x,1,2026-07-26 04:39:13
mantap,5,2026-07-26 04:38:25
"game busuk banyak sekali bot, pantas mendapat bintang 1",1,2026-07-26 04:37:52
EMG parah,5,2026-07-26 04:37:14
game gak seimbang,5,2026-07-26 04:37:13
Setiap di tengah pertandingan pasti ngeleg...,2,2026-07-26 04:36:39
sangat seruu apa lagii klo lagi mabar beh enak banget walaupun klo kalah stres sih😭🎀🍭,5,2026-07-26 04:36:18
kasih tim yang bener kek gw glory tim gw mytic honor katanya seimbang mana dapet tim kek orang baru belajar maen mbud,1,2026-07-26 04:36:16
"ini game seru kalau kalah wajar game kalaumenang alhamdulilah ,sory yang nonmuslim😁",5,2026-07-26 04:35:31
bagus,5,2026-07-26 04:33:42
bagus game nya,5,2026-07-26 04:32:05
game gk jelas,1,2026-07-26 04:30:57
"cukup seru, banyakin event free gt, mb nya jg kbanyakan ( makan memo)",4,2026-07-26 04:27:58
game tai,1,2026-07-26 04:27:48
mantap matchmaking nya seimbang banget🤗😁,1,2026-07-26 04:27:42
udah imo belum?,4,2026-07-26 04:25:48
sangat senang main mobile legends,5,2026-07-26 04:25:17
saya memberi bintang 1 kerana tidak adil kerana Tim lawan pro Dann Tim saya tidak pro saya akan doakan game anda yang tidak baik kalo masih kayak gini.,1,2026-07-26 04:23:11
"dear moonton We represent all Mobile Legend players and realize that the change in lore between Kagura and Hayabusa makes Kagura seem to have lost her identity. Kagura, who is an Omnyouji girl, does not feeling that she is a graceful omyouji girl and her close relationship with hayabusa due to the change in lore, therefore we hope that you can restore your identity Kagura and her loving relationship with Hayabusa, Hayabusa and Kagura's relationship as an original couple, deserves to be apprecia",1,2026-07-26 04:22:46
game nya tolol bikin stress kalau ngasih tim tu yang benar lah ini ngasih tim yang dark sistem bikin game kaya orang tolol mending kata gua pindah game daripada Streess,1,2026-07-26 04:22:37
semoga saya di kasih menang terus ya nonton udah saya kasih bintang 5,5,2026-07-26 04:20:18
game nya bagus 😀,5,2026-07-26 04:19:59
"hilang sinyal kena sanksi, masuk lobby gak bisa bisa. akhirnya dibilang afk. kayaknys urang pas.",2,2026-07-26 04:18:50
bagus banget game nya thankyou moonton tapi mines nya jaringan di game nya sering lag aja sih padahal jaringan di hp ok ok aja selebih nya keren banget 🤩🤩🤩,4,2026-07-26 04:18:33
saran gw jangan download game ini bikin stress percaya ama gw,1,2026-07-26 04:17:49
"gajelas ni game pantes banyak player yang pindah ke HOK,gw push rank jam 20.00 sampai jam 02.00 bintang stack di 51 ,di kasih tim yang dark sistem terus,pernah satu kali gw main solo malah ketemunya parti apakah itu adil moonton?",1,2026-07-26 04:16:22
woi leg banget jaringan bagus gua kalah karna leg ga bisa def tolong benahi plissss jangan nambah skin mulu,1,2026-07-26 04:16:12
geme ini sangat sangat seru untuk dimainkan dengan teman dan keluarga dan mlbb ini banyak event nya yang sangat seru semogaa geme ini sukses di tahun 2026 ini aminnn,5,2026-07-26 04:16:03
jangan ada yang bucin,5,2026-07-26 04:16:02
seru,5,2026-07-26 04:15:57
saya dapet tim draksistem selalu kalah jangan ada yg main ini lagi,1,2026-07-26 04:14:07
game nya banyak dark sistem,1,2026-07-26 04:13:54
ml ini bagus,5,2026-07-26 04:13:31
dibilang jangan mati lama dikasih tau malah gak nurut,1,2026-07-26 04:11:35
"matchmaking parah gua main stuck d b32 ke b22 itu juga gw naik turun dulu lama banget sampe ls ke 20x nya, bukan cuma gw temen gw aja dari b16 ke b3. padahal posisi maen gak pernah troll tapi ada aja anomali di tim yang bikin kalah, selama ada event SF gw masi mainin tapi kalo dah beres skip dah banyak bot kayak game sebelah malah lebih parah kayaknya. pertahanin aja bot nya sampe game lo anjlok ton monton",1,2026-07-26 04:11:17
menang sekali kalah lima kali memang mirip dengan yang buat 🐷 tidak disarankan untuk gampang emosi,1,2026-07-26 04:11:09
game nya bagus,5,2026-07-26 04:10:52
moonton kenapa saat aku mendownload ML versi dulu kenapa disuruh update giliran orang lain tidak disuruh update aku padahal ingin mencoba ML yang dulu karena dulu aku telah meninggalkannya kenapa saat aku download disuruh update moonton padahal aku hanya ingin mencoba ML yang dulu,4,2026-07-26 04:10:02
seru banget MVP sknnya bagussssssss,5,2026-07-26 04:10:02
semoga game ini cepet bangkrut,1,2026-07-26 04:08:52
game nya bagus ada Hero heroan nya ada sistem rank tapi ada satu yang kurang yaitu komunitas game ini gak sehat kalo main jelek langsung di kata katain,5,2026-07-26 04:08:41
game nya seru tapi masih banyak drak sistem,5,2026-07-26 04:08:12
coba sebeluk update lu pastiin dulu anj jangan update tampilan aja anj dari sistem nya juga bahkan dari segi matcmaking aja gabecus,3,2026-07-26 04:08:01
monton gatel,2,2026-07-26 04:07:15
game nya bikin emosi teruss,2,2026-07-26 04:06:49
"kasih tim gajelas, kasih ls, mahal skin nya gatau diri🙄",1,2026-07-26 04:06:14
game ini sangat seru sekali aku sampai ketagihan main mobilejen senang sekali bermain bersama mobilejen seru sekali game ini semoga game ini bisa bertahan sampai akhir zaman amin,5,2026-07-26 04:05:56
seru bangett apalagi ngrbantai musuh nya,5,2026-07-26 04:05:50
game jelek,1,2026-07-26 04:04:30
game terburuk,1,2026-07-26 04:04:22
game Dajjal setiap mau naik rank di kasih musuh jago,3,2026-07-26 04:03:32
gw kalo main pasti di kasih tim bot mulu cape gw ron monton kasih gw menang lah🤬,1,2026-07-26 04:03:00
geme ini sangat lah bagus dan pelayer nya juga ramah sekali tapi gak di sarankan untuk orang biyasa 😊,2,2026-07-26 04:02:31
"ayolah ,pembagian team nya yng ngotak lah ,masa team gw kek pler maennya ,team sebelah malah Jgo jgo terus jaringan nya ,pas ngk war aman ,pas war/situasi penting malah ngelag ,ayolah muntun ,dlu gw main di mitik aman aman aj di season lalu ,ngapa sekarang Dapet dark system nya",1,2026-07-26 04:02:20
"gamenya bagus tapi tolong perbaiki jaringannya, sama kalau keluar dari game terus menghubungkan kembali tolong kalau menghubungkan ke server di percepat saya main rank gak dianggap main terus di anggap afk gara-gara re-log",4,2026-07-26 04:00:06
sangat bagus,5,2026-07-26 03:59:46
mantapp,5,2026-07-26 03:59:15
ramah,5,2026-07-26 03:59:06
gem penambah setres bukan penghilang stres ******,1,2026-07-26 03:59:03
"BACA INI SIALAN!! matchmaking tidak adil, saya selalu diberi tim jelek dan anggota tim yang sengaja troll padahal main di mode ranked, saya selalu diberi menang 2x saat legend 1 *3, tapi habis itu saya dikasih kalah lagi, ini game sialan! sekarang banyak kata kata yang dibatasi di chat in game, padahal dulu tidak",5,2026-07-26 03:58:41
game paling aneh algoritma aneh semoga mlbb terkena musibah,1,2026-07-26 03:58:07
ini game Napa dah pas ngreng ngelag dan mecth tidak seimbang,1,2026-07-26 03:57:56
GAME RUSAK MASA GUE DONLOWT G BISA2 NGESTAK DI 98 KALO ENGGA NGESTAK DI 97 GAME BURIK GAME RUSAK TOLONG DI PERBAIKI Y MONTON,1,2026-07-26 03:57:55
NGSIH TIM YANG JELAS GAJELAS KALI NGASIH TIM BOCHA LAWAN KERAS,1,2026-07-26 03:57:15
Baguss karakter nya ada yang lucu ada yang serem,5,2026-07-26 03:57:08
game nya seru banget,5,2026-07-26 03:55:57
tim kayak kon,5,2026-07-26 03:55:42
gem ini kalah terus aku mau win malah kalahhh,1,2026-07-26 03:54:55
uninstall,1,2026-07-26 03:54:02
gamenya bagus cocok banget di mainin semoga gamenya banyak dimainin yah walaupun ada komentar yang mengkritik game ini tapi tetap terus semangat moonton aku selalu mendukungmu👍👍,5,2026-07-26 03:53:56
"ketemu dark sistem mulu, musuhnya pro tidak sebanding sama rank ku👎",2,2026-07-26 03:51:31
"game gajelas dikasih tim yang gak bener trus rank lawan ga setara sm rank kita, banyak cheater pula jangan di download guys bikin stres",1,2026-07-26 03:51:20
"game yg tidak seimbang saya mendapatkan lawan ex IMO tingal 1 bintang lagi naik glory saya ketemu ex IMO+ musuh global dan teman gue mitik biasa tolong di perbaiki lagi sistem ny, banyak sekali player yg bertabrakan rank ny, saya tidak mau ad lagi yg begituan bikin susah main dan bikin gampang stressnya",2,2026-07-26 03:51:00
"kalau ngasih tim yang sepadan dong, mikir kalau bikin komposisi tim, tim saya isi nya beban semua lah tim musuh jago semua mikir dong moonton",2,2026-07-26 03:49:08
yaudah di download ga bagus🤭😹,5,2026-07-26 03:48:16
game nya sangat seru,5,2026-07-26 03:47:51
"pembagian team saat memulai game sangat tidam adil, musuh rank tertinggi glory sedangkan team saya hanya mentok rank tertinggi legend/mytick, tolong di perbaiki moonton",1,2026-07-26 03:47:25
team kl nob susah,1,2026-07-26 03:45:52
kocak,1,2026-07-26 03:45:44
seru tapi ga bisa main kalo ga ada wifi,4,2026-07-26 03:45:05
gamenya seruu,5,2026-07-26 03:44:44
"permainan yang sangat enak di awal dan bisa bikin stres jika kalah terus menerus, buang buang waktu hanya untuk kalah",1,2026-07-26 03:44:15
"Apalah ini game kalo mactmaking ngestuck dan sering mengkoleb koleb,perbaiki dullu lah fitur mu kasih lawan yang seimbang jangan yang jago mullu kasihnya,makin kesini makin ngebug!!!",1,2026-07-26 03:42:36
monton yang baik tolong jangan pertemukan aku Ama honor padahal aku glory dan musuh nya imo itu gimana ya konsep nya game terbaik emang gini sih wajar,1,2026-07-26 03:42:16
tolong dibenerin itu gamnya saat ada nick yang aneh game jadi frame patah2,1,2026-07-26 03:41:50
plis dong jan nerf2 odette mulu ini udah ampir 5 kali loh montoon kau ni ya cari gegara sama user odette 🤬,5,2026-07-26 03:40:08
sinya nya jelek tim drak sisitem ml burik,1,2026-07-26 03:39:54
moonton knp saat menukarkan kode hadiah tiba2 tertulis terlalu banyak aksi? padahal saya cuman tekan satu kali[ok] tiba tiba 2jam 38 menit untuk mengulang kembali itu yang saya alami moonton plis di perbaiki,3,2026-07-26 03:38:07
"sistem matchmaking gajelas, dapet lawan jago tim nya kayak org bay main, pdhal udah mytich honor",1,2026-07-26 03:37:55
geme nya seru tapi jaringan nya tiba² ngelek waktu main kenapa begitu,2,2026-07-26 03:36:49
semoga monton ngasih team dapat di andalkan terus saat main solo sangat menyenang sekali saat di land of down,4,2026-07-26 03:36:45
kebanyakan dark sistem,3,2026-07-26 03:35:56
aku tadi lagi main tiba tiba kembali ke lobi,1,2026-07-26 03:35:56
Gamenya aneh banget deh,1,2026-07-26 03:34:49
ml game ter seruuuu siehh,5,2026-07-26 03:33:02
matchmakingnya jelek gw ketemu sama pemain yg g bener mlu mainya pokoknya KLO lu orng nya emosian dan g suka sama permainan yg terlalu mengandalkan team jangan main ini POKOKNYA JANGAN,1,2026-07-26 03:32:58
"ws dikit di kasih tim tier rendah, hadehh",5,2026-07-26 03:30:37
moton kasih lah tim yang gg jangan derak sistem semua,1,2026-07-26 03:29:41
😠😠😠😒😒,1,2026-07-26 03:29:39
game full dark sistem,1,2026-07-26 03:27:02
"kalo ga bisa bikin sistem bener seenggak nya jangann kasih tim ga bener' teruss heran tiap-tiap harii gw lostrek win kalo ga 1-2 kenapaa sekarang monton jadi ky gini?saya player lama tapi merasa jadi mulai maless untuk bermain game mobile legends rasanya hampa semenjak dikasih sistem,tim, jaringan bahkan hasil pertandingan saya jadi jelek karna diberikan tim ga bener' sama anda gimana solusinya apakah saya harus menginstal game ini?",1,2026-07-26 03:24:11
seru banget,5,2026-07-26 03:23:59
sistem nya kureng banget mrpuyy,1,2026-07-26 03:23:22
woy Manton kalo beri tim itu yang sepadan dong,1,2026-07-26 03:22:27
"dikasih main sama dark sistem Mulu, gak ada bener nya kalau ngasih tim, gak jelas memang",1,2026-07-26 03:22:16
mantep keren,5,2026-07-26 03:21:18
Monton kenapa Kalo gw login layar nya jadi kecil,1,2026-07-26 03:21:05
"BAGUSS, tapi banyak dark sistem nya, dan kebanyakan Hero fav ku di nerft terus, Silvana collecttor serasa skin elite, revamp lah woi",4,2026-07-26 03:19:13
sangat bagus,5,2026-07-26 03:19:02
match yang tidak seimbang,1,2026-07-26 03:18:18
membuat saya lebih tenang,5,2026-07-26 03:17:10
Seru bgt tapi Kalian udah imo belum? 😹,5,2026-07-26 03:16:58
maantabbb,5,2026-07-26 03:16:51
"tim bot semua, banyak yang ngetroll mana main nya gaje semua lagi minimal ngasi tim yang sepadan co tim nya jelek lawan nya orang orang mytic ga adil lah pokok nya jaringan bagus malah afk, mana pengurangan point nya ga ngotak su pokok nya banyak mines nya ga rekomen buat orang fomo",1,2026-07-26 03:15:25
game haram,1,2026-07-26 03:14:34
Jangan Di download game ini bikin setres,1,2026-07-26 03:14:01
tolong bagusin jaringan dalam game nya sering lek . jaringan Bagus tapi kalo sudah dalam pertandingan ngelek parah,5,2026-07-26 03:09:20
ping gajelas sering merah kuning,1,2026-07-26 03:08:49
bagus bgt tahuu aku suka ml,5,2026-07-26 03:07:35
bagusss tpi agak ngelag,5,2026-07-26 03:07:33
game nya bagus dan enak di main walau sering kalah dan dapat tim yg gak kompak/ beban tapi bagus dulu iseng main tapi sekarang jadi suka dan hero nya banyak,5,2026-07-26 03:07:31
"Halo Moonton, waktu itu aku maen nih aku sudang. gendong tim sampe menang tapi ketika mau nge end mari lampu dan ngeleg tapi aku menang tapi aku GK naek bintang, jadi maless maennya mohon di dengarkan Klien Anda ya Jagan cuma di liat doang",1,2026-07-26 03:07:12
game ini sangattt seruuu walaupun banyakk pemain yang drak sistem tapi game ini tetep seruuuu,5,2026-07-26 03:06:55
sangat seru,5,2026-07-26 03:02:31
"bagus bangett monton cuma ya kalo solo rank kasih tim yg jago ya hehe, jangan pelit pelit, kasiihhh gw 5 fragment hero dong hehehhehhe",5,2026-07-26 03:02:20
cape push rank ketemu dark sistem,1,2026-07-26 02:59:26
"GamePLay Seperti SCAM. SeTiap Hari Poin Ku DiKurangi 10, ALasAn Di LaporKan PLayer Lain ( PadaHaL Tidak MeLakuKan PeLanggarAn, MaLah TerLihat Di DATA PerMainAn MeNyerang Turret TerBanyak ). Sering Dapat PeringatAn Chat Tidak Pantas PadaHaL SeLama PerTandingAn Tidak Chat ApaPun. Mungkin Saya DiKerjai Pegawai Muntoon Yang Tahu Saya, Karena Dia Kerja DiMaLam Hari ( Waktu IndoNesia )",1,2026-07-26 02:59:00
game penghilang penat,5,2026-07-26 02:58:32
kagak gw saranin buat download nih game udah banyak dark sistem di kasih lost streak berkali kali bayangin gw main dari pagi sampe malem dapet nya cuma lost streak dari lagend 1 bintang 4 turun ke apik bintang 3 apa apaan lu mending kata gw hapus aja nih game dari play store udah developer nya kikir cuma bikin sakit mental doang mental gw bentar lagi juga kena nih gara gara nih game mending hapus aja dari play store.,1,2026-07-26 02:58:21
game apa ini matchmaking gak jelas,1,2026-07-26 02:57:36
game sampah tll setiap 1 bintang pengen naik dikasih tim baru main hapus aja ni game dri playstore,1,2026-07-26 02:56:51
sangat memuaskan,5,2026-07-26 02:56:34
gem nya bagus banget pokok nya seru,5,2026-07-26 02:55:55
gua baru naik lejen 4 lo udah kasih gw kalah sampai gw turun epik,5,2026-07-26 02:55:14
game gajelas tim nya bot banget,1,2026-07-26 02:55:12
Gemeyabagus,5,2026-07-26 02:55:06
tolong moonton kenapa akun saya tidak bisa download data ml nya moonton,4,2026-07-26 02:54:33
monton lu kalo kasih tim yg bener lah,1,2026-07-26 02:54:17
bagus,5,2026-07-26 02:53:47
"dongo,,tim dikasih dark sistem musuh dikasih yang jago"" oon banget",1,2026-07-26 02:52:19
"game gk jelas dari awal season tim dark system mulu perbaiki kek match making nya hero,skin cakep semua giliran tim kgk ad yg bener dongo yg punya game",1,2026-07-26 02:50:51
HP saya direset jarak jauh dan saya tidak bisa login kembali menggunakan akun moonton saat mengisi formulir pemulihan akun selalu ditolak oleh bot cs padahal ada bukti top up pertama dan semua bukti top up screenshot akun pribadi juga ada tapi kenapa selalu ditolak oleh cs mohon kembalikan akun saya,2,2026-07-26 02:50:48
jelek..jaringan tdk stabil dan dpt tim yg jelek untuk pemai. solo,2,2026-07-26 02:50:41
sulit ngasih menang main solo dikasih tim bot tim musuh solo jago jago pilih kasih,2,2026-07-26 02:50:35
Game sesat bikin toxic tidak mendidik .main udah bener kasih tim ga ngotak begonya,1,2026-07-26 02:50:15
monton tolong lh perbaiki sistem cari tim yang bagus yang setara gitu sma sma habis honor kek glory kek IMO kek,3,2026-07-26 02:48:55
baik untuk di maikan ber sama teman atau sendiri,5,2026-07-26 02:48:26
jangan mau download game ini buat depresi. giliran satu bintang lagi lengend dikasi tim yg bot emang babi,1,2026-07-26 02:48:19
burik 👎👎👎👎👎,1,2026-07-26 02:47:57
saya maen ML dari season 4 sampe terakhir season kemarin saya udah putuskan tidak lagi maen ML. Bigthanks Mobile legend,3,2026-07-26 02:46:27
game ya bagus tpi naikan tensi aja jangan download kasih naikan tensi aja ini game naikan tensi jangan di download,1,2026-07-26 02:45:53
kenapa saya GK bisa download ya tolong dibantu ya kawan,5,2026-07-26 02:45:47
okelahh cukup buat hilangin stres kecuali kalau kalah Mulu 😉,5,2026-07-26 02:45:27
game anj setiap mau naik pangkat pasti aja dikasih tim yg ga jelas moonton masa iya udh 3 kali turun naik bintang pas setiap mau naik pangkat pasti dikasih tim ga jelas atau dark sistem,2,2026-07-26 02:43:19
game nya bagus banget,5,2026-07-26 02:40:03
2 tahun saya menyukai game ini. kerenn,5,2026-07-26 02:38:34
banyak bug,2,2026-07-26 02:38:22
"pembagian tim yang tidak adil, ada bug event yg ingin saya laporkan tapi tidak bisa",1,2026-07-26 02:35:54
Mesti dapet tim gajelas,1,2026-07-26 02:34:39
"Game nya bagus, menyenangkan.",4,2026-07-26 02:33:43
"pantesan pada pindah ke honor of king lu nya aja ngasih menang 1× kalah 2×, pus ampe pagi malah dikasi loss, gimana ga pada pindah coba",5,2026-07-26 02:33:41
"mau ganti akun utama loh tapi gak bisa,aneh,gak kaya Freefire, langsung bisa gan ti akun",2,2026-07-26 02:32:14
"sinyal lag mulu, padahal jaringan lancar. Server benerin.",1,2026-07-26 02:31:15
gem nya seru dan menghilakan rasa galau,5,2026-07-26 02:30:55
jangan main game ini bikin stress😭😭,1,2026-07-26 02:27:14
1 menang 3 kali kalah kayak mana ko buat sistem gak adil memang enak kalh 3 kali menang 1 kali,1,2026-07-26 02:26:46
monton aku mau wistrek 1 kali lah malah di kasih wistrek banyak tapi bukan wistrek tapi kalah Bae gue eh bujuk gue cuman mau 1 kali Menag di legen mana tim nya bot pliss monton plisss 😓😓😓,1,2026-07-26 02:25:55
"Game gajelas developer nya juga kagak jelas!!!, game kikir!! developer kikir!!",1,2026-07-26 02:24:18
kocak kalo kasi tim yg seimbang napa.masa solo rank honor setim ama legend hdeh,1,2026-07-26 02:24:07
𝒔𝒆𝒓𝒖,5,2026-07-26 02:23:17
grafik nya sangat bagus,4,2026-07-26 02:22:22
game nya buruk,1,2026-07-26 02:22:00
monton kon... napa gua selalu di kasih tim ampas,1,2026-07-26 02:21:15
monton kenapasih sinyal ku tu memang jelek tapi tetap bisa main ko dibilang AFK gimanasi terus kalo akumain awalnya aja bagus terus selesai itu nglek parah tolong di perbaiki terima kasih,5,2026-07-26 02:21:03
"ntah kenapa sering update besar besaran terus padahal hanya inframe utama saja yang di update terus buat hp kentang seperti saya kehabisan ruang dan lag. lalu saat relog tidak bisa kembali ke pertandingan dan berujung afk padahal itu kesalahan pihak moonton sendiri, mohon di perbaiki",1,2026-07-26 02:19:41
keren,5,2026-07-26 02:19:41
ml gratisin kolektor,5,2026-07-26 02:15:41
"ini kenapa moonton saat saya mau mencari pertandingan, Pas ketemu pertandingan nya malah gak langsung masuk malah ngelanjutin hitungan nya kan ini bikin saya bingung + saya rugi karena kredit skor saya malah berkurang padahal saya ENGGAK NGELAKUIN APA PUN DAN INI NGERUGIIN SAYA DAN NGEBUANG WAKTU SAYA MOHON DI LERBAIKI, KALAU KARENA WIFI GAK MUNGKIN PAS SAYA COBA GAME HOK SEBELAH KOK MALAH GPP AJA SEDANGKAN INI KOK MALAH KEK GINI KAJ ANEH 😡😡😡😡😡😡😡😡😡😡😡😡",1,2026-07-26 02:15:16
kasih aku menang montoonnnnnnn,3,2026-07-26 02:13:15
game ini cukup bagus walau dikasih tim yang gak bener. event nya bagus. tapi tolong moonton banyak yang pake cheat,5,2026-07-26 02:12:10
mantap,5,2026-07-26 02:11:43
seru banget,5,2026-07-26 02:11:25
pliss lah moonton yang baik hati tolong di perbaiki setiap mau main hero power malah leg tapi giliran gw main hero tenk jaringan bagus aja gw sengaja kasih bintang 5 biar langsung di baca,5,2026-07-26 02:11:21
"saya uninstall sudah mvp kalah berkali kali tim nya malah dikasih yang jelek terus dan tidak berpengalaman, memang aneh ini sistem nya",1,2026-07-26 02:08:44
ini game tuh sebenar nya bagus tapi suka ngelag Mulu padahal jaringan gw aman aman aja dan ini game tuh suka tiba tiba keluar sendiri tolong di perbaiki ini montoon game lu rusak🙏,1,2026-07-26 02:06:10
monton tolong hapus dark sistem,5,2026-07-26 02:05:51
game nya bagus banyak hero juga buat pilih,5,2026-07-26 02:02:31
"game lag sendiri, gerak"" sendiri, sinyal hijau tapi ga bisa gerak kayak lagi leg",1,2026-07-26 02:02:08
Bagus,5,2026-07-26 01:59:28
game nya seru tapi bisa bener draksistem ga tolong ya,5,2026-07-26 01:59:09
enak bgt tapi rank ku epic mulu tapi nggk papa. kredit skor ku itu bikin aku kesel maaf ya (＾ｖ＾),4,2026-07-26 01:59:04
sangatlah bagus,5,2026-07-26 01:58:53
tolong perbaiki masalah kepentak tidak bisa menghubungkan kembali padahak mau menang jafi ke ditec afk dan tolong perbaiki masalah sinyao tiba tiba lag kalou mau war atau mau menang,5,2026-07-26 01:58:45
"kasih tim sampah mulu, emang moonton mau player bikin stres aja",1,2026-07-26 01:58:05
huu game rusak tolol,1,2026-07-26 01:55:40
bnyk kali bug nya,1,2026-07-26 01:55:39
bagus,4,2026-07-26 01:54:53
burik ga bagus pelit,1,2026-07-26 01:54:34
berat😂,1,2026-07-26 01:54:28
"dapet tim sampah berturut-turut sampai 5 pertandingan, ga fair",1,2026-07-26 01:54:07
keren,5,2026-07-26 01:51:43
game yg suka lag sendiri g jls,1,2026-07-26 01:50:33
"tidak adil, tim musuh jago, tim sendiri tolol, selalu lag, hapus aja ga sampah gaguna ini,dikit dikit di mute dikit dikit di mute.",1,2026-07-26 01:49:17
game apaan sihh gak jelas banget,1,2026-07-26 01:48:20
game taik yang main bot semua benerin sistem nya nya la apaan bgt game kek gini kebanyakan bot nya,1,2026-07-26 01:45:27
gamenya sangat bagus dan sangan menarik buat tidak di mainkan lagi #banyakainya,5,2026-07-26 01:44:56
"Nggak malu sama Honor Of Kings montoon?,lu event aja banyak,bagus,tapi jaringan/server lu jelek,burik,tolong perbaikin ini game montoon,terkhusus jaringan,gw menderita main seperti ini,tolong baca montoon,setidaknya kalo jaringan udah bagus/server bagus ,gw rating 5 bintang ini game!",1,2026-07-26 01:41:19
"kurang darksistem, kasih musuh wajar aja, KURANGIN DARKSISTEM.",1,2026-07-26 01:38:44
asik bangett sampai ketagihann tpi aku nda bisa main rank soalnya msi master.tpi kurangnya waktu itu aku kill orang 13 kli mati 4 kli tpi dapat pedang silang yg dpt mvp mlh orang yg kil 6 kli mti 5 kli aduhh gak bress pdahal aku uda brusaha,4,2026-07-26 01:38:43
oy ilangin dark system,5,2026-07-26 01:35:27
jangan tertipu sama ni game kalau baru main pasti lawannya mudah tapi nanti lama kelamaan lu di kasih kalah terus,1,2026-07-26 01:32:55
Reng warior musuh epic ples penjoki,1,2026-07-26 01:32:04
"Bagus banget apalagi kalo dapet title itu gua seneng parah,tapi kenapa kadang kadang dapetin tim dark sistem,tapi gak papa sih soalnya dapet pengalaman baru yaitu gendong gendong tim",5,2026-07-26 01:31:04
saya suka banget main game ini sangking seru nya lupa waktu,5,2026-07-26 01:27:37
game nya pilih kasih lawan jago tim bot,1,2026-07-26 01:26:56
walau pun ini game bikin darting tapi okelah,5,2026-07-26 01:25:23
habis ws mangkanya ku kasih bintang 5,5,2026-07-26 01:23:21
ᴡᴀʟᴀᴜᴘᴜɴ ᴀᴋᴜ ᴇᴘɪᴄ ᴛᴀᴘɪ ɢᴀᴍᴇᴘʟᴀʏ ᴍʟʙʙ ɪᴛᴜ sᴇʀᴜ˃͈◡˂͈,5,2026-07-26 01:20:02
gampang mainnya,5,2026-07-26 01:19:33
banyak drak system,1,2026-07-26 01:18:11
benerin game lu noh sinyal naik turun gajeles,1,2026-07-26 01:17:51
plis hilangkan role support sama hero nya,4,2026-07-26 01:16:49
"matchmaking tolol 5 kali dikasi tim anomali, giliran musuh dikasih tim yang kompak perbaiki dulu jaringan sama matchmakinhnya jangan ngurusin hero sama skin dulu",1,2026-07-26 01:15:44
tolong ringankan sedikit untuk hp potato karena Minggu kemarin main stabil 60 fps semenjak update main kadang ngeframe dan fps tidak stabil karena menurut saya fps lebih penting karena lebih enak selebihnya bagus bagus aja,5,2026-07-26 01:14:51
gak bisa ganti akun ngebug dan akun pertama dah di hapus gak kehapus tolong hapus akun ku saja,2,2026-07-26 01:13:20
plis lah kasih tim jangan yang bot semua!!!,1,2026-07-26 01:12:25
tolong sortir lah itu player yg bot musnahin mengganggu pemain yg lain,5,2026-07-26 01:12:10
Terlalu banyak Dark Sistem yang membuat player selalu kalah,1,2026-07-26 01:08:31
yang mau ngilangin setres jangan main ini malah buat setres,4,2026-07-26 01:08:28
jangan main kebanyakan player jawa,1,2026-07-26 01:07:32
seru semoga sehabis kasih ulasan winstrek trus yaa aminn montonn,5,2026-07-26 01:07:24
game apa ni dark sistem semua mending pindah game aja gw moonton capek gw maen game lu gw mau pindah bs,1,2026-07-26 01:07:16
montoon lu IQ nya dimana gw main di troll Mulu udh pertandingan gw di telatin biar apa ton,1,2026-07-26 01:02:52
TOLONG DONG PIHAK MOONTON ML DI BENERIN MASA JARINGAN IJO TPI NGELAG LAMA² GW HAPUS NIH GANR,1,2026-07-26 01:02:47
"tolong game nya di perbaiki lagi, soal nya ngeleg padahal bagus sinyal nya jadi kalah main gua",3,2026-07-26 01:01:19
ngasih tim ga adil,1,2026-07-26 01:00:43
bagus gamenya,5,2026-07-26 00:59:22
lose streak Mulu ajg,2,2026-07-26 00:57:31
Game sampa bikin stres game bikin emosi game degan player bodo sampah,1,2026-07-26 00:57:09
"Admin apakah alangkah baiknya menciptakan fitur mlbb pro yang untuk hp hp raknya lebih dari 4 dan mlbb ringan untuk hp 2 3 gb an, untuk menambahkan populasi didunia mlbb Semoga dibalas terimakasih",5,2026-07-26 00:50:30
"main solo gak kaya dlu,sekarang susah nya minta ampun,,",1,2026-07-26 00:49:22
apalah main jaringan hijau tapi ngelag gajelas bngt,1,2026-07-26 00:41:18
game bikin stress,1,2026-07-26 00:40:33
game dajal gw main ini buat ngilangin stres tapi pas main malah tambah stres .gera paeh monton,1,2026-07-26 00:39:54
"game aneh capek capek ngepush solo malah di tim ada yg legend 5,di musuh juga begitu tapi ex imo.",1,2026-07-26 00:38:54
"kenapa aku gabisa login ke game, whyyy, awas aja sampe hilang akun ku",3,2026-07-26 00:37:52
jaringan hijau tapi pas main merah terus tiba tiba ngelag game lu noh rusak,1,2026-07-26 00:31:55
kenapa setiap kurang 1 bintang naik ke rank berikut nya kok di kasih tim bot dan musuh jago ya kenapa ya ?,2,2026-07-26 00:26:28
"sebernanya udh bagus ya moonton, tapi plis tolong kurangi orang² ngecheat di ml. udh banyak yg sering terjadi di saya, apalagi ini melanggar aturanya untuk ngecheat. jadi untuk update kedepan saya pengen ini dikurangi orang² yg suka main ngecheat",3,2026-07-26 00:21:50
"woi montoon perbaiki la tim nya masa gw di kasih tim plenger musuh nya jago jago amat sekelas tim mpl,percuma ada skin baru trus tapi tim nya gak jelas semua gak tau dah gw mau ngomong apa hilang bintang gw 10,",1,2026-07-26 00:21:30
"game ini sangat seru sampai aku legend dan temen ku kecanduan game online ini dan moonton aku pengen mythic biasa Aja boleh g ya moonton cita cita ku hanya mau mythic terimakasih banget moonton aku baru legend sekian terimakasi banyak MLBB KREATIF.....................,...................,.......?........................ .MLMLMLML....................,..........,....................................,.................,........,....................................................,.................",5,2026-07-26 00:21:26
my gemes favorit,5,2026-07-26 00:17:58
"game ini menang skin bagus aja, tapi masalah di in game seperti crash saat bertanding dan lag di saat crusial di ranked tidak dibenahi. da mendunia tapi masalah seperti ini dianggap sampah sama pihak developer. masa kalah kualitasnya servernya dengan game MOBA lain. woi moontoon benahi tuh game mu jgn asik cari cuan terus dari jual skin skin mu. kenyamanan pelanggan mu gak kau jaga lama lama semua org muak main game kalian ini",1,2026-07-26 00:17:11
monton ini gimanasih gua main ml dari kls 2sd sampe udah tamat kok monton kasi gua tim yg lol temen lol 😮‍💨😭😭😭😭😭🌋🌋🌋🌋,1,2026-07-26 00:14:57
gaming stress,1,2026-07-26 00:12:26
"game gila,sistem mu rusak ton moonton masa gw dikasih tim darksystem musuhnya abang-abangan game paling buruk daripada semua game",1,2026-07-26 00:12:03
"Saya diberikan tim full bot di mode ranked dan saya kalah serta bintang saya menghilang padahal dapet tim bot. Tim lawan full player, gimana ga kalah coba? Ga adil banget game ini. Ga layak dimainkan sistem match making masih ampas. Halah optimal gimana coba masih jelek timnya, game terampas yg pernah saya mainkan. Tim saya tetap tolol sama kayak dev nya pembagian tim gak adil",1,2026-07-26 00:09:03
apalah kalah Mulu aku main kalau aku kalah lagi aku hapus ml sekarang juga,1,2026-07-26 00:08:22
sangat hebat,5,2026-07-26 00:08:15
kalo kasih tim yang kompak selalu ya,4,2026-07-26 00:06:47
yang jelas napa kalo ngasi tim,1,2026-07-26 00:05:29
seru lain kalijangan kasih aku tim derak sistem yaseru banget makasih ya,5,2026-07-26 00:04:13
halo gem ny seru,5,2026-07-26 00:02:54
game rusak ini... makin rusak ni game udah bnyk draksistem nya masih ad yg namanya bot/computer masa dmhonor ketemu bot.. gila dh ni gama,2,2026-07-26 00:00:03
"semakin kesini moonton makin gak jelas, katanya bertema legenda didalam game kenapa banyak hero yang gak jelas mulu rilis. apakah memenuhi pasar bagi orang yang cabul kah. sudah jauh dari legenda sekarang yang terakhir itu hero legenda yang rilis itu Khaleed. setelah itu dahlah padahal sudah banyak yang mengecam.",5,2026-07-25 23:58:32
"macth gak seimbang mulu makin update makin aneh macthmakingnya, tim lawan sama tim sendiri jauh perbedaan nya bisa bisanya lawan full imortal, di tim sendiri ada legend. tolong perbaiki kasihan yang push solo",1,2026-07-25 23:56:43
player nya ramah-ramah wajib di coba game nya🥰,4,2026-07-25 23:53:55
"DEAR MOONTON, MAAF ATAS KOMENTAR SAYA SEBELUMNYA, TAPI SAYA MOHON KASIH SAYA MENANG, SAYA LELAH KALAH TERUS 😞, DAN SAYA INGIN SEKALI MENDAPATKAN EMOTE DYRROTH CRYING DARI BANG-BANG CARDS, KASIH SAYA EMOTE ITU JUGA YA, SEKALI LAGI SAYA MINTA MAAF ATAS KOMENTAR SEBELUM NYA 🙏.",5,2026-07-25 23:53:49
"saat kita bermain solo rank ketika penempatan dengan teman satu tim sangat buruk. game yang terlalu asal-asalan saat menentukan draft pick, tolong perbaiki lagi hal tersebut!!!",1,2026-07-25 23:52:11
seru & asik,5,2026-07-25 23:50:22
gw di kasih musuh yg keras padahal epic temen setim pokee tolong kasih musuh jangan keras²,2,2026-07-25 23:50:09
kurang banyak bot kelen buat di game itu ! maen sendiri 4 lagi bot kelen semua ! game sampaaah !,1,2026-07-25 23:49:26
"saya suka bantuin orang tua malah di kasih gak di kasih menang sama kamu montoon aku, cape di rank epic ya allah montoon pls ini nama akun ku ©®!KAWASAKI!©® ITU NAMA AKUN KUU MONTOON TOLONG LAG NAIKIN RANK AKU ATAU MAININ SAMA MONTOON SAAT AKU LAGI AFK AKU LAGI, BANTUIN ORANG TUA MONTOON TAPI HONOR SCORE SAMA MUSUH NYA YANG BOT AJA TERUS🥀",5,2026-07-25 23:48:38
monton ngsih tim yang benar lah kaya botttt kali,1,2026-07-25 23:46:50
banyk hadiah yg bagus🤩,5,2026-07-25 23:39:17
gila monton gak niat banget ngasih team anomali trus aja ada yg ngetroll gedek gw MVP team yg kalah trus,1,2026-07-25 23:38:02
Game yang sangat ramah sampai saya dikatain yang tidak pantas dan menyuruh saya meninggalkan dunia,1,2026-07-25 23:36:06
game nya burik ngelag banget aku sengaja kasih bintang 5 biar di jawab,5,2026-07-25 23:34:47
bus menghilangkan setres ku,5,2026-07-25 23:33:17
gemm nyaaa seruuu bangettt tapiii akuuuuu sering kalah jadi aku maless,5,2026-07-25 23:31:14
tim nya pada beban tapi musuh nya jago udah lah jan di donlod,1,2026-07-25 23:29:57
buat developer nya ini game nya seru banget cuma kadang² bikin stres tapi game nya tetep seru aku kasih bintang 5,5,2026-07-25 23:28:48
tidak ramah,1,2026-07-25 23:28:22
bagus banget update terbaru nyaa,4,2026-07-25 23:24:53
game yatim,1,2026-07-25 23:23:09
keren,5,2026-07-25 23:21:38
Keren,5,2026-07-25 23:20:12
game ru$4k t1m nya terlalu aneh main gak bener kalau dapat tim yang kemampuan nya hampir sama dengan kita biar game serasa imbang tampa ada emosi dalam bermain dan jika kalah pun berarti musuh lebih jago dan itu masih bisa diterima dibandingkan jika tim nya bot/gak bisa main,1,2026-07-25 23:17:39
kasih ali0 lawan Moonton,5,2026-07-25 23:14:15
ini game aneh bet.sinyal gue bagus pas main tapi entah kenapa pas war/nyerang sinyal gue tuh langsung merah pas kembali normal tau tau uadah mati aja ayolah perbaiki sinyal nya.dan satu hal lagi masalah matcmaking yang ga seimabang kalo uadah los strek 5 kali wahh parah hp gue uadh pasti rusak,1,2026-07-25 23:12:16
"Ampas, Match making gak jelas",1,2026-07-25 23:06:01
seru dan bagus,5,2026-07-25 23:05:03
"game nya bgus ,tapi klo bisa buat chat pas udah selesai jangan di hapus,seru tapi aku punya saran collab sama demons slayer, misal tanjiro alucard, inosuke martis, zenitsu lancelot nah itu bagus tuh😎",5,2026-07-25 23:02:35
game bagus,5,2026-07-25 22:56:25
"season sekarang timnya jelek kali tapi musuh nya jago jago,tolong kasih tim sama lawan yang imbang montoon",1,2026-07-25 22:53:27
gemnya bagus,5,2026-07-25 22:44:03
"makin lama makin tidak waras pelayer nya, klo bisa dicek setiap pelayer ada yang melakukan kecurangan",1,2026-07-25 22:36:15
"woe yatim benerin laah matchmaking lu ngtd,main di glory masih masih ketemu legend mawi tolol",1,2026-07-25 22:35:55
WOW game ini seru sekali... ( kasih ws dong) 😹😹,5,2026-07-25 22:35:11
game nya bagus dan keren,5,2026-07-25 22:28:21
sangat detail tapi skin gratisannya GK Adak yg ber efek tebal jadi aku bagi reting 4 🌟🌟🌟🌟,4,2026-07-25 22:24:59
"malu dong rating 3,7 doang",1,2026-07-25 22:24:06
sangat bagus,5,2026-07-25 22:22:44
"kalo 5 bintang tandanya jangan ada lag, cheat dll.",5,2026-07-25 22:18:01
"kenapa gem ini sekarang, ko banyak ngebah nya saya menghubungkan ulang tapi ga ke gem nya Aden ini gem sekarang benerin lah monton",2,2026-07-25 22:13:14
"Game MOBA terbaik di seluler! Hero-heronya keren, gameplay-nya seru dan kompetitif, cocok banget buat mabar sama teman. Terima kasih Moonton untuk update dan event-event serunya!""",5,2026-07-25 22:12:53
harus nya lu tau knp gw kasih segini,1,2026-07-25 21:53:48
"game merusak smartphone, penuh setingan , sytem makin ga jelass nickname=I L",1,2026-07-25 21:50:11
publik nya tolong diatur cape jadi exp mandiri TB gada yang yang peduli roam cuma TB ke jung sama gold tolong lah min dari jam 3 pagi saya main kalah melulu kalau wins streak ku kasih bintang 5 kalau ini 1 aja,1,2026-07-25 21:29:22
game burik gampang ngelang,1,2026-07-25 21:27:39
my favorit,5,2026-07-25 21:17:17
"aplikasi nya bagus animasi nya keren juga tapi ada bug pas mau main, nah kan harus persiapan, pas udah siap semua game nya nge stuck di situ terus gak ganti ganti yang pilih Hero, dah itu aja sih makasih ya",4,2026-07-25 21:16:15
"Game aneh, yg gobloggg selalu dikasih di tim gw, udah rusak ini game",1,2026-07-25 21:08:35
rank epic sekarang GK kyk dulu gampang main solo juga cepet ke legend sekarang malah nambahin susah GK naik naik bintangya malah turun terus jadi males main cuma abisin waktu aja😏,1,2026-07-25 21:08:05
game bikin stress,5,2026-07-25 21:02:00
game tho lol,1,2026-07-25 20:59:08
setiap main di kasih tim yang ga jls cape banget gendong nya main pou aja sono,1,2026-07-25 20:52:57
GAME KONTOLL BUKAN SUSAH MUSUH MALAH SUSAH TEAM ANJENG,1,2026-07-25 20:52:56
buat game kontoll,1,2026-07-25 20:52:08
bagus banget game mu montoon tapi boleh gak aku mau skin? 😞,5,2026-07-25 20:47:38
Kapan Dikasih Tim Yang Setara Ketemu Nya Poke Mulu Dan Troll Jaringan Ngebug Mulu Udh Dikasih Tim Poke Jaringan Buruk Ngerugiin Banget,1,2026-07-25 20:46:48
Game idiot,1,2026-07-25 20:45:16
gem atau apk yng tidak disarang untuk di download mendapatkan bentang 1 pun tidak layak ni gem sekali lagi Jagan didownload,1,2026-07-25 20:44:45
game gk guna. untung gk pernah habisin lagi uang di game ni. 100℅ lebih enak pubg dri pada ni game. balik game aku by by game gk guna.,1,2026-07-25 20:43:11
game nya bagus tapi lostreak terus sia bere wees atuh,2,2026-07-25 20:42:50
"please moonton, sistem macthmaking perbaiki, intinya, game ini ga adil buat player solo, harus nya tim sama musuh setara, ya minimal setara dari rank and high rank, terus, untuk tim dan lawan, harus nya setara sama kita, ya minimal dari rank and high rank, lebih bagus kalo bisa detail, seperti wr and segala macem, jangan cuma banyakin skin, untuk skin sama isi game, udah bagus semua, tinggal itu aja, menurut saya, utamain dulu yang player butuhin, kaya sistem macthmaking adil, mundurin replay",3,2026-07-25 20:38:57
"tolong dong system di perbaikin lagi sinyal gw udah 5G loh main game lain malah lancar banget kok tiba tiba pas main ml malah ngelag nya mintak ampun merah merah mulu bikin ga nyaman buat main, terus untuk team game play tolong di perbaikin lagi gw udah berapa kali play tapi ga ada menang"" nya kan aneh sedangkan team dari lawan selalu menang terus itu memang sengaja di kasih squad yang dark system atau gimana, TOLONG DONG PIHAK DEVELOPER PERBAIKAN NYA BANYAK PLAYER YANG UDAH GA NYAMAN.",1,2026-07-25 20:34:58
BAGUS BANGET,5,2026-07-25 20:29:47
game tholol,1,2026-07-25 20:29:10
"Game apa sih ni banyak user cacad, banyak cheater,,pihak game tolong di minimal kan user cacad dan user cheat Anjng lah",1,2026-07-25 20:24:40
"monton tolong lah kalo naik tuh naik dari jam 7 sampe jam 3 malem, ngepush naik turun naik turun apalah",1,2026-07-25 20:19:16
"ditemukan sama tim yang tidak imbang,tim lawan jauh lebih bagus.",3,2026-07-25 20:18:00
bagus,5,2026-07-25 20:12:57
kenapa selalu kalau ikut war langsung leg coba infonya,2,2026-07-25 20:08:06
"Beli Diamond sampai sekarang Ga Masuk"" Diamond nya",1,2026-07-25 20:07:26
"INI GAME RUSAK ASLI,DAPET TIM GA PERNAH BERES SEDANGKAN MUSUH NYA JAGO,MATCHMAKING GAPERNAH SEIMBANG,INI APK MENDING DI UNINSTALL AJA GAGUNA",1,2026-07-25 20:07:06
moonton kyk pemerintah..rakyat mau senang naik level aja dikasih darksistem...Uda dikasi draftpik teman ga beres...g imbang sama lawan..giliran. ngetrol g boleh maen...,1,2026-07-25 20:06:59
"game apaan ini, padahal rank masih gm, dikasih menang, kalah, menang, kalah terus, habis²in waktu, udh ketebak juga kalo yg main player bot yg udh di setting ama moonton, intinya game pembuang waktu sesat",1,2026-07-25 19:56:24
"Sistem matchmaking kayak dibebanin ke solo player, capek maenin ini game tolol development nya",1,2026-07-25 19:55:49
makin stress kalo main game ini. drak sistem semua yang dikasih monton.,1,2026-07-25 19:50:03
game stres,1,2026-07-25 19:49:52
GUA GLORY KNPA DIKSI TIM LEGEND TRS KONTOLLL MUSUHNYA SETARA TIMNYA GA SETARA KASI MATCHING YG BNR JGN KBNYKN EVENT DOANG MMK,1,2026-07-25 19:31:28
Game Bang sattt,1,2026-07-25 19:27:25
TOLONG TIM NYA DIPERBAIKI DAN LEBIH TEGAS LAGI UNTUK DEVELOPER BAGI PEMAIN YANG MELAKUKAN FEED SESAMA TIM MASA KALAH SAMA HOK&EPEP,1,2026-07-25 19:25:25
tolong di benahin servernya banyak player yg ngetrol.dan bodoh dan bikin beban,1,2026-07-25 19:24:56
"gamee luu baguss, cumaa minimal kasihh team yg bagus juga kocakk... musuh jago semua, tapi di team temennya kayak monyettt!!!!",1,2026-07-25 19:22:23
"game taiiiii, mendingan main Honor of kings",1,2026-07-25 19:14:28
game bagus draft picknya role sesuai yang kita suka,5,2026-07-25 19:11:11
tolong lah kasih team yang bener gendong 4 orang tolok kepala keras batu capek moonton,1,2026-07-25 19:10:36
game tay,1,2026-07-25 19:04:14
"game tidak se imbang lawan nya, montoon ga seru game jelek mending hapus aja dari play store",1,2026-07-25 19:02:49
"sistem nya ga adil,tim saya kaya pemula yang baru main,sedangkan tim musuh udah pro dan udah tau makro mikro,tim yang saya dapat selalu buruk dan tidak bisa main,saya jadi kalah berturut turut,bukanya main game untuk menghilangkan stres,malah bikin nambah stres,bikin marah,karna kalah lebih banyak daripada menang,saya selalu menggendong tim saya yang bodoh,tolong sistem nya perhatikan,harus setara sesama tim,untuk menciptakan pertandingan yang adil dan seru.",2,2026-07-25 19:01:46
"gua kasih 4 biar ke up,kalo bikin game sistem team nya kasih yang sepadan lah masa rank tinggi di kasih team rank rendah ga adil banget, pokonya perbaiki lagi dah sistem match nya",4,2026-07-25 19:01:06
"ngasih tim binatang mulu ntah ada masalah apa monton ni, game rusak",1,2026-07-25 18:49:43
"game busuk udh sering dapet tim anomali feeder semua direport pun ga diterima, giliran gw yg dapet coklat bisa""nya kena report 2x, bikin pecah kepala maen ni game. udh gitu servernya dari dlu kaga pernah dibenerin, 3-5ms tiba"" jumping ke 300+ms??? mending gw uninstall ni game, udh dapet tim busuk bikin kepala sakit servernya pula ikutan busuk.",1,2026-07-25 18:44:30
mantap,5,2026-07-25 18:43:41
"matchmaking, krisis player exp, solo vs trio trus",1,2026-07-25 18:39:27
"tolong developer segera perbaiki sistem matchmkingnya, sudah banyak keluhan dari player terkait ketidakseimbangan matchmaking dimana tim lawan selalu lebih unggul dari tim rekan, baik dari segi draft, strategi bermain, penguasaan Hero dan laning. sedangkan tim rekan seringkali diisi oleh player yang tidak bisa memahami aturan permainan, tidak menguasai Hero, dan tidak menjalankan makro sama sekali. saya sudah pernah mengirim kritik dan saran di cs namun tidak ada tindakan lanjutan dari developer",1,2026-07-25 18:38:06
game caduk,1,2026-07-25 18:37:25
terima kasih atas tim nob nya thenk montoon,5,2026-07-25 18:36:28
halah monton,1,2026-07-25 18:29:59
oi brawl itu diperbaiki lah yakali gua dikasih Hero nya itu itu aja ditambah Xavier gak pernah ketemu lagi dikasih Hero sora Sora Sora kayak bagus aja Hero jelek tuh,1,2026-07-25 18:28:57
"cuma habiskan waktu kalian,, mending dwonload game lain,kalah menang di atur monton sendiri,",1,2026-07-25 18:27:53
oii montol vexana gilakk lu kasih lord sm skill bikin oleng,5,2026-07-25 18:24:06
"dark sistem semakin parah, solo player dirugikan",1,2026-07-25 18:22:05
saya senang memainkan game ini,5,2026-07-25 18:17:47
kasih tim yang bener jing,3,2026-07-25 18:15:47
setelah update makin aneh gua gasengaja ke close dari game terus login kembali eh gabisa lanjutkan permainan bukan sekali dua kali terjadi udah berkali kali.. gua hubungi cs juga ga berguna Mending gua habus ini game kont*,1,2026-07-25 18:14:54
"setelah 4 tahun pensi,setelah 4 kali akun hilang,gw mutusin,buat mengulang lagi,bermain ml,sebagai manusia biasa.",5,2026-07-25 18:14:44
game bodoh membuat naik darah lebih baik jangan di install daripada sakit hati kalian,1,2026-07-25 18:14:10
"game, nya banyak komputer nya memang gh game gak punya otak bego dongo emang player banyak yg di mainin komputer, pantesan reting nya jlk game nya aja gk adil, kalah sama game sebelah reting nya lebih bagus",5,2026-07-25 18:13:21
gamenya mksa banget udah itu mati suri lagi heheheh tapi boong ayo mainkan ml sekarang juga,5,2026-07-25 18:12:53
"game yang udah penuh cheater ping gak jelas hijau merah paketan banyak full.sistem game juga udah gak jelas.masih honor ketemu rank tingkat imo ke atas.Match making udah buruk.season paling buruk season ini.kalau solo ketemu tim wr 50 ke bawah gak sesuai sistem nya.perbaiki sistem nya lagi.hero""udah bagus banyak player bikin susah.alias poke.dari awal season solo terus ketemu player troll.Harusnya hukuman yang troll di beratkan Ban atau mute rank kalau gak mute Chat sama voice.perbaiki sistem",1,2026-07-25 18:12:23
"game gjls di kasih team bot truss bikin stress, mending main game laen",1,2026-07-25 18:11:40
"Game aneh, main solo selalu dapet tim yang gak jelas, ga seimbang ga adil, perbaiki sistemnya montoon,",1,2026-07-25 18:07:58
"masalah jaringan tolong moonton diperbaiki lagi, masa setiap main sering banget lag jumping, padahal wifi aman aman aja. tolong masalah ""JARINGAN"" diperbaiki lagi. terima kasih",3,2026-07-25 18:06:57
Uda bosen main game ini pemilihan tim GK jls selalu ketemu Mabar Mulu mls,1,2026-07-25 18:06:39
gem rusak,1,2026-07-25 18:06:11
game gila,1,2026-07-25 18:05:27
seru aku suka ml,5,2026-07-25 18:04:33
"game gajelas masa ada hero valir yang cc nya se abad, apus hero valir atau gua apus emel",1,2026-07-25 18:03:54
game stres,1,2026-07-25 17:54:59
kenapa gw di kasih tim yg kaga jelas semua minimal kasih tim yg sama sama jago gitu bukan yang tolol,1,2026-07-25 17:53:51
di kasi tim apas terus tiap kali maen kalah terus,1,2026-07-25 17:48:59
game terkontol yg pernah gw mainin matching gak adill rank gak sesuai terus,1,2026-07-25 17:48:12
tolong monton kalo lagi main jaringan jan di lag lag kin saya jdi kepental history jadi full afk ini termasuk ke gemes nya saya cuma mau cari ketenangan malah jadi kemarahan,2,2026-07-25 17:47:44
game nya gk seimbang masa tim lawan jago² tim saya kaya ayam,1,2026-07-25 17:46:53
moonton tolol ngasih musuh yg gk wajar sedangkan tim nya busuk banget tolong lah moonton kasih musuh yg mudah lol,1,2026-07-25 17:45:21
"saran buat moontooon kalau macth ranked player yg dapet coklat turunin 2/3 bintang biar mainnya gk pada ngetrol, yg MVP kga turun bintang 🙏",1,2026-07-25 17:43:44
"gem yang sangat buruk,dapat tim kalah trus jadi capek main nya",1,2026-07-25 17:42:03
pembentukan tim makin aneh,1,2026-07-25 17:41:25
sistem nya sangat parah sampai di kasih bintang -20 pun kasih tidak pantas apalagi sistem mech nya ga waras tim honor mawi lawan nya imo glory ga logis jam terbang aja udh beda trus sistem len nya juga rusak jelas jelas saya user Jungler tapi saya malah di kasih len lain padahal saya sudah memilih yang benar tapi tetap saya tim nya yang ga waras buang buang waktu saja.,1,2026-07-25 17:40:59
pasti selalu dapet bot sampe losestrike tolong jangan gitu dong moonton kasian player solo kalo begini terus,1,2026-07-25 17:40:06
"hadirkan fitur pilih role tanpa minimal lane selain roam aku cuma mau main mid tapi selalu dapat role lain pilih 1 gak bisa, pilih 2 selalu gk kebagian mid apa justru sengaja karna macth mid ku banyak makanya gak pernah dapat mid?",1,2026-07-25 17:39:30
ga adil,1,2026-07-25 17:38:58
"ls melulu, pdhl main dh bnr, tp mlh di ajakin tim nya yg gjls, wkw, emg sngja kli y",1,2026-07-25 17:35:34
sengaja bet di lag lain biar gak bisa naik rank dasar game cacat,1,2026-07-25 17:32:43
"akhir"" ini tim gua kek T41 semua gua kalah trus kek mana ini moonton nggak bisa diperbaiki lagi kah dalam hal kekompakan tim gua rasa nggak cuman gua yang kek gini update berikutnya tolong perbaiki moonton janginam ma moonton janginam",1,2026-07-25 17:32:33
"mantap, cuma banyak darksystem nya min",5,2026-07-25 17:30:52
sistem match making nya konyol kalo habis menang dapet timnya bot sampah,1,2026-07-25 17:30:46
musuh nya tidak setara teman saya bodoh,1,2026-07-25 17:27:28
tolong lah montoon kalau ngasih matchmaking yg adil dikit lah aku glory ketemu nya Ama legend sedangkan musuhnya glory apaan³ dah ga adil bngt,3,2026-07-25 17:27:26
musuh tidak setara dan teman yang bodoh,1,2026-07-25 17:27:21
ga jls ga bisa masuk pas abis draft pick,1,2026-07-25 17:24:34
busuk,1,2026-07-25 17:24:25
👍👍👍👍,4,2026-07-25 17:23:00
kasih gua ws dongg pilss capekk ls terusss,1,2026-07-25 17:22:38
"Game penambah stress, lose streak gak pernah menang rank masih epic match macking lama sistem sampah pensi aja gue",1,2026-07-25 17:22:07
gini yah rasanya pakek hp baru dikira baru maen ml,5,2026-07-25 17:20:30
timnya tolol dark sistem kalo tim musuh GK tolol kayak tim kami geme kikir montonnnnn stn,1,2026-07-25 17:20:06
"menang kalah menang kalah gitu aja trus cuma menghabiskan waktu,bikin emosi bagus main game lain",1,2026-07-25 17:19:37
"yg bnr kalo ngasih team, sesuai rolenya aja, bbrpa kali gak sesuai terus perasaan, perbaiki sistemnya, tolong, mksh",1,2026-07-25 17:17:23
"game ngntd kurangi dark sistem nya, dapat tim bot trus",1,2026-07-25 17:16:58
gem busuk,1,2026-07-25 17:13:48
game penghilang stress,5,2026-07-25 17:13:29
settingan frame rate nya mentok tinggi ga bisa super padahal hp bisa,3,2026-07-25 17:12:01
"menurut saya, sistem di game ini sangat tidak adil. banyak pemain (solo ranked) yang mengeluh karena dipertemukan dengan tim ataupun musuh yang sedang bermain bersama (mabar). jika mau main (solo ranked), seharusnya dipertemukan dengan tim ataupun musuh yg bermain (solo ranked) juga. soalnya kalo pemain yang sedang bermain bersama (mabar), itu biasanya tier rank nya berbeda beda, jadi bisa mempengaruhi kinerja di setiap tim.",1,2026-07-25 17:09:02
karna ini gw kepengen jadi pemain ml,5,2026-07-25 17:08:54
di kasih tim kagak becus,3,2026-07-25 17:06:51
good,5,2026-07-25 17:05:59
jujur dapet tim serasa computer musuh nya kaya uda IMO semua jadi di sini aku udah ga tahan ama tim ku,1,2026-07-25 17:03:29
game taiiii jadi xp cuma buat di liatin doang,1,2026-07-25 17:02:08
bagus bgt game nya yang waras hrus download agar menjadi tdk waras lagi +tim nya slalu bagus yg uda imo di kasi tim mentok legend masyaAllah bagus bgt pokona maa,5,2026-07-25 17:00:52
game gk jelas,1,2026-07-25 16:58:51
sangat memuaskan sekali,1,2026-07-25 16:58:16
game asu,1,2026-07-25 16:56:49
jelek apalah dikit dikit dikasih beban,1,2026-07-25 16:56:12
"kenapa kredit skor gw turun gara2 di report orang, padahal main bener, dapet gold medal mlh diblg sengaja mengalah",1,2026-07-25 16:55:55
"halo kak, saya berkomitmen medapatkan permainan yang adil",2,2026-07-25 16:55:16
"game rusak ngetik team bisa kena mute aneh emang arti team apaan perbaiki lagi, sistem mu itu moonton",1,2026-07-25 16:54:32
"tidak dapat protec bintang pas ada yg afk,banyak system hitam pula",2,2026-07-25 16:54:12
"dasar game jelek, pas main lag bgt sampai gabisa ngapa ngapain, padahal sinyal saya bagus ga lag sama sekali 10ms loh kenapa pas loading screen ga nambah sama sekali, dan pas saat war lag parahh!!!",1,2026-07-25 16:53:21
eh moontom itu kalo tier bawah jangan di gabungin sama high tier gw udh ls 15x gaada menang moonton hamaaa,1,2026-07-25 16:53:07
good,5,2026-07-25 16:52:42
"moonton tolong lah jangan kau kasih tim yang kek baru main kek gimana gitu ,beri tim yang seimbang jangan yang kasih tim yang membuat keuntungan besar bagi lawan ,kami tau bahwa permainan harus adil tapi gimana letak keadilan nya kalau kek gini masa 231 Mach rank gak naik naik ,udah mau naik malah turun lagi masalahnya gak pernah ganti itu"" aja kalau gak jaringannya bugnya ,timnya yang kacau ,udah main semaksimal mungkin tapi kalau timnya kek gini mau apa aja juga tetap kalah astaga cape dah",3,2026-07-25 16:52:34
apaan maen menang kalah menang kalah doang,1,2026-07-25 16:52:05
"terimakasih sudah nemenin kurang lebih 10 tahun ini, belajar main di season 3, mulai main di season 4, mulai dari kuliah semester 2 sekarang sudah punya kerjaan, sudah nikah dan sudah punya anak, sempat kehilangan akun 2 kali, tapi tetap kembali bermain, sekarang waktunya istirahat dahulu, mungkin akan kembali jika ada bintang dan rank khusus solo player, karena saya suka bermain solo, btw ini email istri saya thanks montooon byee..!!",3,2026-07-25 16:50:55
ketidakadilan lingkungan bermain yg saya dapat kan,1,2026-07-25 16:49:23
game mati suri,5,2026-07-25 16:47:07
udah lah gak usah kejar aku lagi aku muak sama game mu ditik tok ada yutub apa lagi udah 9 h loh aku gak main,1,2026-07-25 16:42:00
"udh ga beres ini game makin parah system nya, bocil berkeliaran, dark system berkeliaran, nyari duit doang lol lah, makin parah montoon, bocil2 dan boot beresin lah.... rusak rusak",1,2026-07-25 16:41:01
game bagus sinyal gak pernah di optimalkan admin lol,1,2026-07-25 16:39:42
perbedaan tier pada match tidak seimbang,3,2026-07-25 16:39:26
ini ko ga bisa masuk stack di loading???,2,2026-07-25 16:37:31
game rusak setelah match relog sendiri dan nggak bisa masuk kedalam game,1,2026-07-25 16:37:25
banyak tim yang ngetroll apa lagi kalau war di bawa 50%pasti dapat tim nya tolol terus,1,2026-07-25 16:36:51
moonton asuuuu,1,2026-07-25 16:36:11
Sulit tapi seru,5,2026-07-25 16:30:50
"game ini perlu ditingkatkan lagi karena bikin stres musuh dapat tim jago sedangkan saya selalu mendapat tim gajelas,jadi ini saran saya!",3,2026-07-25 16:29:19
"Parah buat solo player sekarang, dapat team parah trus",5,2026-07-25 16:27:50
"game buruk saran gw ga usah di dongload, masak setiap main musuh full glory propalyer sedangkan team busuk semua",1,2026-07-25 16:27:13
memang bagus game nya. tapi monton tolong jangan kasih dark sistem terus dari tadi bintang saya naik turun terus,5,2026-07-25 16:26:34
kasih bintang 1 aja soalnya game nya bukannya makin bagus malahan makin gak jelas kalo kasih match anomali semua isi nya betul betul lahh klo kasih tim orang mau main buat hilangin stres bukan nambah,1,2026-07-25 16:26:16
satu kali lagi gua ketemu dark sistem gua uninstal ni game,1,2026-07-25 16:24:29
moonton terimakasih karna engkau saya lose streak 5 kali dan bertemu top global dan party jokian saya jadi mendapat pengalaman buruk 🥰🥰🥰🥰🥰🥰,1,2026-07-25 16:24:00
game bikin streess,1,2026-07-25 16:23:25
kasih tim yang bener lah,1,2026-07-25 16:23:23
geme nya gak enak di kasih tim gak jelas musuh nya juga jogo semua tim kita di kasih tim bot monton rasis gak usah download ini geme gak usah buat geme monton,1,2026-07-25 16:21:44
sumpah baik bet montoon ngasih gw kalah 12 kali kayanyah gw bakalh pensi ml lagih 🥲🥲🥲,5,2026-07-25 16:21:31
ok,5,2026-07-25 16:21:31
"najis banget jaringan hijau pun tetep lag, banyak bag dll, kadang kasih tim yang kek ta* musuh gg, main game bukannya buat ngeredain stres malah makin stres males main, langsung ambruk mood ku",2,2026-07-25 16:19:35
lumayan banget sihhh,5,2026-07-25 16:18:58
bug stak ga bisa login euy,1,2026-07-25 16:17:47
Montoon sekarang pilih kasih,5,2026-07-25 16:16:51
mengapa saya selalu di beri tim yang seperti bot hingga membuat saya losetreak??saya selalu mvp dan terus mendapatkan tim yg tidak seimbang dengan lawan.sangat kecewa!.,1,2026-07-25 16:15:01
"lu kalo buat sistem matching tu yang rada ngotak dikit, musuh full imo team sendiri mentok honor, adil adil gimana maksudnya",1,2026-07-25 16:14:50
tolong di benerin game nya saya lagi main suka tiba² relog ga jelas udah gitu gak bisa masuk lagi,2,2026-07-25 16:14:16
ini gem baby gak ada otak monton ya,1,2026-07-25 16:14:04
"repetitif,bosen,bikin emosi ga seru",1,2026-07-25 16:13:55
saya baru saja buat akun beberapa jam yang lalu dan saya main solo sampai gm 3 b4 dengan ws 31 dan al hasil ws saya pecah gegara team saya yang computer tidak mau recal pas team yang lain mati 3 termasuk saya 1 komputer nya malah tidak mau recal kan konyol seharusnya computer itu di sistem harus tau atau memahami bagaimana dasar' nya contohnya seperti kita harus recal di saat team kita rata bukanya malah tetap clear saya sungguh kecewa sangat' kecewa walaupun saya sudah memainkan ni game lama,1,2026-07-25 16:13:50
tolong service nya di perbaiki karena saya ga bisa masuk lagi setelah keluar gara gara lag,1,2026-07-25 16:13:35
game nya ada unsur tawuran dan ada unsur 18+ jadi gak cocok untuk anak anak dibawah umur,1,2026-07-25 16:12:42
"Sampai sekarang blom di benerin juga system matchmakingnya,dikasih tim troll,musuh honor padahal lagi maen di tier epic,udah dikasih 10x ls,gw coba maen mro malah makin parah,moonton gak profesional membuat system matchmaking,asal naro,tiba tiba2 lag,pelit emblem,moonton mending ganti rugi lagi aja ke Dev lol,biar mereka tau seberapa busuk matchmaking game ini",5,2026-07-25 16:11:50
montonn tolong berantas cheater di game karna banyak cheater yang bertebaran di global saat bermain,1,2026-07-25 16:10:28
kalau nyariin kawan yg imbang ton montoon masak glory di temukan legend abadi,5,2026-07-25 16:09:50
mending gausah di maen nin ni game game rusak tim darsistem,1,2026-07-25 16:09:38
game gblok buang waktu,1,2026-07-25 16:08:54
"sinyal/jaringan bagus, tapi ngeleq. makin busuk",1,2026-07-25 16:06:41
"untuk game nya sudah bagus tapi untuk keseimbangan antara tim dan musuh itu sangat tidak adil tolong di perbaiki SEGERA!!,karena saya sudah capek bermain selalu mendapatkan tim dan musuh yang tidak adil!!,saya sering mendapatkan tim yang tidak kompa sementara tim musuh itu sangat kompak dan kuat sehingga sangat sulit untuk dikalahkan SEGERA PERBAIKI SISTEM KESEIMBANGAN TIM DAN MUSUH😠😠😠😠😠😠😠😠😠😠😠😠😠😠😠😠😠😠😠😠😠😠😠😠😠😠😠😠😠😠😠😠😠😠😠😠😠😠😠😠😠😠😠😠😠😠😠😠😠😠😠😠😠😠😠😠😠",3,2026-07-25 16:05:36
"banyak player yang bermain feed dan musuh yang kuat, tidak imbang sulit dapat menang, musuh terlalu kuat",1,2026-07-25 16:03:53
"ml makin lama makin banyak buq nya jaringan wifi bagus pas masuk game merah tiba"" tolong di perbaiki",1,2026-07-25 16:01:30
game nya bagus tapi tim nya kaya agus,5,2026-07-25 16:01:10
sukaaaaa lopee mlll,5,2026-07-25 16:01:05
"kntll, mau pindah akun aja susah tll",1,2026-07-25 15:59:08
"Jangan bermain gameini semunya,gmae ini tidak layak dimainkan",1,2026-07-25 15:58:32
game taik skor kredit 79,1,2026-07-25 15:58:24
"benerin machtmaking nya monton masa di glory dpt tim legend sedang musuh ex imo cape gwe ls Mulu, padahal pada main solo Napa bisa dpt player legend jembut",1,2026-07-25 15:57:14
GK tau mau ngetik apa tapi saya suka MLBB🗿,4,2026-07-25 15:55:46
PERBAIKI JARINGANYA ATAU SAYA PINDAH HONOR OF KINGS PADAHAL JARINGAN SUDAH BAGUS TAPI MASIH NGELEG,1,2026-07-25 15:54:16
sangat bagus saya main game ini saya jadi gila,5,2026-07-25 15:54:15
game dajal dk bisa login ulang ke game dongok game rusak game rusak kalo buat game tu kayak ff bisa login ulang jaringan dh bagus tapi GK bisa login ulang game dajal,1,2026-07-25 15:53:01
game seru,5,2026-07-25 15:52:42
"padahal 1 bintang, lagi naik malah kalah roam nya bukan tb sama janggel nya tolol",1,2026-07-25 15:50:03
game gak jelas,1,2026-07-25 15:49:03
Good,5,2026-07-25 15:47:30
ihh seru aku udah epic ikutin akun aku yah nXall_inCall,5,2026-07-25 15:46:36
di kasih tim Kya 👹 semua padahal main AQ baguss 😭😭😭 ngeselin,1,2026-07-25 15:44:14
nice,5,2026-07-25 15:43:58
moonton tolong kalo mvp tapi kalah jangan diturunin bintangnya cape lose trs kasih tim yang setara kek benci bnget 💜,2,2026-07-25 15:42:38
oke gass,4,2026-07-25 15:41:59
game tolol,1,2026-07-25 15:41:18
sebenernya gamenya bagus bagus aja cuman saran aja fitur afk 3 menit di naikin jadi 5 menit kasian buat hp kentang yang nungguin nya lama sekitar 5 menit atau yang di isengin temen malah login ulang,5,2026-07-25 15:40:39
apaan MONTOON ga jelas banget padahal sinyal kuat 4 ms.kok gw relog lagi di dlm in game ga bisa balik ke dlm game aneh emang game ini.mending pindah ke game sebelah ga jelas banget peringatan sinyal lemah segala macem udh jelas jelas sinyal 4-8 ms kenceng malah gabisa masuk gajelas ni montoon montoon,1,2026-07-25 15:40:21
mantap sekarang sering lag/delay tiba² jadi makin semangat mainnya. jmbot tiba² pas mau main selalu macet bikin kredit score turun sampe 80 gara² macet jmbot. update malah makin parah,1,2026-07-25 15:39:16
"game anji,di kasih tim computer mulu benerin dulu tuh game",1,2026-07-25 15:38:50
GAME IDIOT KETEMU PLAYER TROLL TRUS.,1,2026-07-25 15:37:41
ngeleg gk jelas,1,2026-07-25 15:34:38
jujur gua butuh buff alucard karna damagenya kurang bgt,5,2026-07-25 15:34:12
bugny parah.,1,2026-07-25 15:33:46
darksistem smua,2,2026-07-25 15:32:44
"game perusak mental, tim yg di berikan tidak adil musuh nya jago. sedangkan tim kita terlalu cupu (harap jangan perhan dimainkan)",1,2026-07-25 15:32:33
luar biasa,5,2026-07-25 15:31:38
"Game ini rusak gara2 developer melihara player tolol, bukannya ngasih sanksi tegas malah ngebiarin player tolol seenaknya, Pantesan banyak player pindah ke HOK",1,2026-07-25 15:31:28
hapus aja ml biar hati kalian tenang teman,1,2026-07-25 15:30:34
"gak masuk akal ni game, bisa bisa main hampir 3 kali lebih gak ada yang menang, dapat tim pun dark sistem semua, nafsu kali pingin kill musuh, setiap main solo ketemu tim ampas terus, apalagi main di rank epic sama legend, memang tolol rata2 mainnya dan untuk jaringan ngelag kali, coba game lain lancar aja, kayak mana developer nya ni, perbaiki lah sistem nya",1,2026-07-25 15:30:33
game gajelas,1,2026-07-25 15:28:35
"game bikin stres dari legend 1 bintang 5 di kasih tim drak sistem Mulu jadi turun lagi ke epik,game gila mana ping nya buruk terus kalo maen, game stres",5,2026-07-25 15:27:46
seru sih! seru tapi KLO malam rusak keluar sendiri mlu g jls pas gua lgi rising lgi Cok cape gua plis lah KLO lgi main rank atau lgi main ml jangan ry load cape gua,4,2026-07-25 15:26:55
"game gjls, gua jago malah ketemu sm tim sistem gelap, makin banyak yg berbau porno",1,2026-07-25 15:25:51
game gajls macth making ga bner hpus aja game lu,1,2026-07-25 15:25:24
Mau naik bintang aja susa.,1,2026-07-25 15:24:41
monton jmt,5,2026-07-25 15:24:08
"tolong apa, jangan mentang2 akun saya udah lama dari tahun 2017. setiap bertanding selalu gx seimbang, main 5 kali kalah 4 kali dan sekali menang. tolong lah tolong lah kenapa setiap matcmaking selalu lag atau BUG, padahal sudah menggunakan WiFi dan data",3,2026-07-25 15:23:24
"ngasih tim tuh yang jelas dikit napa dah, hah? udh berapa hari gua mainnya menang kalah menang kalah menang kalah, dan gua selalu MVP kalo gak gold. Kenapa bisa? ya karena tim yang lu kasih dodol tpi musuh yang lu kasih setara Onic bjir. Gua gk minta skin gratis, gua gk minta apa apa, gua cuman minta sistem matchmaking lu yang ampas itu diperbaikilah, drpd lu ngurus skin skin, dll..lu perbaiki sistem matchmaking lu. asli g karuan sistemnya.",1,2026-07-25 15:23:09
menarik,5,2026-07-25 15:22:48
"game bikin stresss, musuh susah, temen bot... anehhh, gajelasss",1,2026-07-25 15:22:33
gjls diksi tim jelek mulu bkin stres,1,2026-07-25 15:22:10
"ga seimbang pembagian timnya, selalu se tim sama player afk atau rank di bawah tapi lawannya rank lebih tinggi tolong perbaiki lagi sistemnya",1,2026-07-25 15:20:09
Game sampah match gak jelas banyak dark sistem,1,2026-07-25 15:18:30
game santai,5,2026-07-25 15:17:38
"ini game bikin hari hari lu hancur, mood lu hancur, kalo mau masih waras gk usah main game ini, percaya sama gua, dah banyak gua bakar waktu gua untuk main game ini dan gak dapat apa apa, dapat ~senang~ aja gak ada. ini pendapat ku terserah mau suka atau enggak. makasih",1,2026-07-25 15:15:29
percuma guys ngasih ulasan jelek toh juga kga di tanggepin pindah game sebelah aja,1,2026-07-25 15:13:59
"f youuuuuu, please give me win butch fix the bug, please bug lock hero",1,2026-07-25 15:13:15
"skrg ku uninstall ni apk apalah dibikin lose streak bgtt, gini bbgt moonton skrg.",1,2026-07-25 15:13:05
"Game apaan, udah 24 jam nggak brenti² main masih aja nge stuck di Epic 2, temen gua aja yang dark sistem solo rank udah myitic🤦🏻 Mending Game sebelah",1,2026-07-25 15:12:12
min tolong dapet timnya itu setara seimbang gitu jangan berat sebelah tolong banget,2,2026-07-25 15:11:26
"Matchmacking tidak adil min, tolong diperbaiki saya sebagai user roam merasa dirugikan dalam Matchmacking, pls monton tolong didengarkan!!!",1,2026-07-25 15:10:14
"geme hama,ini geme bukan 5 vs 5,udh di trol tim sendiri bot lagi,hapus aja tuh fiktur solo ganti wajib party,geme ta1,mending HOK cuihh,bnyak skin gratis bagus pula,dari pada ni geme udh susah dapat skin elite ama spesial,cuih geme kikir",1,2026-07-25 15:10:07
"game nya aneh setiap main rank ga di kasih menang sampe bener bener turun rank nya, kenapa si lu moonton ngasih tim nya oon semua ga ada yang bener ga becus semua lagi, game gajelas emang ini males mainnya juga🤮",1,2026-07-25 15:09:50
game penambah stress 😭😭,1,2026-07-25 15:08:45
"game gajelas sumpah asli dah draft pick nya kga benr bikin gw pusing kelapa doang,gw main Jung dikasih exp ga bener gw main exp dikasih Jung g bener gw main Jung lagi dikasih mm g bener gw main mid dikasih Jung g gw main roam dikasih Jung g bener,terus gw main apa moonton plisss lah draf pick dibenerin pal a gw udh pusing bngt ini dari kemarin push dari mitik 25 turun ke mitik 15 aneh sumpah dah ga sekalian aja kasih gw rank legen atau g warior dah jing, sebenarnya moonton ada dendam apa?,,,,,,",2,2026-07-25 15:04:57
gamelu rusak sistem ngasih tim gapernah bner,1,2026-07-25 15:04:50
my likes dyrroth,5,2026-07-25 15:02:51
"Diamond saya belum masuk padahal udah ada bukti pembayaran nya berhasil ini namanya penipuan gua laporin ke polisi aja biar lu kena tuntutt enak aja uang dapet barangnya gak dikasih, belinyasaya digoogle play udah di tanya kecs gak dikasih solusi",1,2026-07-25 15:01:53
"makin lama makin stres,udh cape ngegendong juga ternyata yang main akun bot,kurangin lah akun bot yang foto blur² itu, atau kalo bisa di hilangkan lah, cape lose streak gara² ketemu tim kyk gitu",1,2026-07-25 15:01:37
"game ga jelas ngasi tim bot Mulu, lu niat buat game apa gak ?",1,2026-07-25 15:01:16
game peli,1,2026-07-25 15:01:06
game penambah stres,1,2026-07-25 15:00:23
RANK GLORY BISA BISA NYA KETEMU LEGEND BLOK,5,2026-07-25 15:00:17
MOBA sampah....jelek banget,1,2026-07-25 15:00:03
udah agak gak nyaman ini game kalah terus kasih menang muntun😭😭😭😭😭😭😭😭😭😭 udah lostrek 15 kali ahhhhh,3,2026-07-25 14:59:58
bagus bagus aja sih -di sepinan hero aja agak pellit,4,2026-07-25 14:59:23
"Untuk devoloper nya, Tolong di atasi masalah ping sinyal saat bermain karna sangat menggangu sekali saat bermain dan freezz saat war untuk hp spek biasa tolong ditanggapi. tambahan, habis season kemarin kenapa aku selalu dapat tim yang nggak bisa main, mainnya selalu coklat atau silver aku sendiri yang mvp/emas, tolong lah moonton kasih tim yang sepadan lah sama lawannya",4,2026-07-25 14:57:45
moonton tolong diperbaiki game ny yahh soal ny game lu rusak,1,2026-07-25 14:56:57
game nya asik tapi sayangnya lose treak trus,5,2026-07-25 14:55:30
tidak pantas,1,2026-07-25 14:54:26
wow,5,2026-07-25 14:53:33
perbaiki chat dalam game mau nulis apa kena suspend Mulu 🤬,3,2026-07-25 14:52:32
ada hero tank dan semua level up gampang,5,2026-07-25 14:52:06
knp pke Indosat suka lag tbtb smpe 3x pdhl sinyal bgs,1,2026-07-25 14:51:31
game nya sengaja bikin kalah aku mainin di mitik kalah terus sampe wr nya turun drastis game nya bikin kalian stres,1,2026-07-25 14:50:53
game sepi,1,2026-07-25 14:49:37
"game payah sistem jelek jebol,banyak banget sekarang yang main curang pakai akun akun bot GB ,RW,Main flek,Pakai VPN,semua memanfaatkan pt 5,setengah dari orang yang memainkan ini ngerasa terugikan yang curang dengan gampang enak naik,MMR naik gampang masuk Global INI ML SISTEM NYA TOLONG DI KONDISIKAN,buatlah game yg di mana player nya main bersih,di laporin orang orang curang di cs tetap ga mempan,BAN ORANG ORANG YANG GB DI TOP LEADER BANYAK.",1,2026-07-25 14:49:19
"game lelet gak baakal tim dikasih yg lol Mulu, sampai lose 10 kali, mvp gak ada perubahan masih aja turun bintang,",1,2026-07-25 14:49:02
jaringan nya lag banget Klo pake hp android tolong di benerin Klo ga pensi ml Klo pada pensi game nya sepi mau ?,1,2026-07-25 14:48:35
Game Ttolol,1,2026-07-25 14:47:48
gokil min emg abis update gitu suka lag tapi pas mid season gk thanks y min,4,2026-07-25 14:47:24
☹️☹️,1,2026-07-25 14:45:59
gem yang gak adil buat player solo baru menang 2 kali udah dapat tim bot apalagi kalau udah win lima kali (pasti ada bot kalo ngak bot Computer di tim),2,2026-07-25 14:45:01
"pengalaman matcs macking yang tidak seimbang kalo mau kalah ya yang adil aja lah jangan langsung yang Abang IMO , masa saya pernah terjadi main 20 kali cuma menang 2 kali doang kami sebagai player juga punya perasaan",5,2026-07-25 14:44:34
dahlah makin cape tambah stress rank legend pus Malah ke grandmaster dahlah,1,2026-07-25 14:44:04
metcmekik kurang sesuai dapet tim nya deraksistem semua game ga jelas bgt,1,2026-07-25 14:44:04
"game kntol, mkin aneh tim sekarang klo main ml, banyak bocil ny",1,2026-07-25 14:43:27
"Dikasih team yang jelek melulu, capek lose streak.",1,2026-07-25 14:40:39
sangat bagus,5,2026-07-25 14:39:39
"tim selalu tidak seimbang, system moonton makin bodoh",1,2026-07-25 14:39:35
game gajelas,1,2026-07-25 14:39:30
moonton ngasih tim yang bener pls cpee ls trus moonton,5,2026-07-25 14:39:16
Game tolol argus udah bagus malah di otak atik dongo,1,2026-07-25 14:38:38
"woy ini game apaan dah,masa gw dari glory 62 sampe honor,terus tim gw klo solo sering banget Masi hohor semua,sedangkan gw glory sendiri,dan di tim musuh glory semua, gimana ini,gw bakal apus ML",1,2026-07-25 14:38:26
"lagi main rank keluar sendiri, pas masuk malah gabisa lanjutin game nya.",1,2026-07-25 14:37:54
monton kayak angjeng ngasih tim sampah,1,2026-07-25 14:37:50
"nih game bikin tambah stres,jadi kalo mau ngilangin stres jangan di game ini,kasih bintang satu aja ora sudi",1,2026-07-25 14:37:30
gak seru,1,2026-07-25 14:37:10
ko terlalu lama kalau di update,1,2026-07-25 14:37:02
game yg sangat bagus,5,2026-07-25 14:36:12
game koncet isi nya bot semua pas gw main duh saran gw kalo ga mau stress jgn download ini sie :),1,2026-07-25 14:35:57
jelek gamenya. kalah terus. jaringan tidak pernah stabil seperti versi sebelumnya,1,2026-07-25 14:35:24
banned citer yang sangat meresahkan itu moonton,3,2026-07-25 14:34:06
aku suka game ini aku sudah sampai epic yey,5,2026-07-25 14:33:16
game sampah rank ga naik bikin orang stress iya emang geme mobile legend gak kayak untuk di mainkan gem sebelah ga kaya gini naik naik ga nurun,1,2026-07-25 14:33:05
keren,5,2026-07-25 14:32:46
ajg ajg dari kemarin Nyampe sekarang dpt drak sistem terus asw hapus aj lah game ni bikin stres bukan bikin waras,1,2026-07-25 14:32:05
oke,5,2026-07-25 14:31:44
game yg asik...penghilang rasa capek,5,2026-07-25 14:30:23
banyak sistem yng rusak trus lelet banyak bug,1,2026-07-25 14:30:17
Game penghilang strees terbaik,5,2026-07-25 14:28:40
di kasih tim anj semua,1,2026-07-25 14:27:32
"game penghilang stress, timnya sangat seimbang, saya sangat merekomendasikan game ini untuk orang² yang ingin masuk RSJ",1,2026-07-25 14:26:42
gemburik draksistem semu tim pada GK bisa maen yg jago campur yg bit² yg baru maen,1,2026-07-25 14:26:41
"ini game rusak, dark sistem , apa lagi buat player solo kalo abis menang match berikutnya pasti di buat kalah,, win lose win lose terus,,makin kesini makin rusak ini game,jaringan juga sering lag pula.",1,2026-07-25 14:26:35
tolong sistem timnya perbaiki saya dapat lawan tidak seimbang dan kebanyakan dari tim saya gak tau main,1,2026-07-25 14:26:25
banyak dark sistem jadi stress gajelas game apa ini,1,2026-07-25 14:26:06
akun Saya di hack Saya sudah laporan ke Cs moonton tetapi di tolak game apaan ini masa akun Milik gw buat dari nol gw laporan ke Cs moonton data nya sudah akurat tetapi di tolak trus trus apa guna nya ini game gk jlas sumpah.,1,2026-07-25 14:26:06
"tolong lebih diadil kan dalam pembagian performa bermain tim dengan tim lawan,jgn pikirkan untung sendiri doang,lebih di utamakan kenyamanan penggunanya,kalo kayk gini gk ush update"" game nya biar gk banyak peminatnya lagi",1,2026-07-25 14:25:25
knp si monton gua mau ke mitik ketemu musuh yang susah terus sampe ke legend 5 lagi kasihani lah aku (aku kasih bintang 3 biar seneng lu monton),3,2026-07-25 14:25:15
gj hampir gila gw main nya dapet tim Drakseste,1,2026-07-25 14:24:57
saya sangat tertarik,5,2026-07-25 14:23:55
jangan main game ini game ini banyak draksistem nya main seharian gada menang mau solo mau party sama aja.. game kebanyakan draksystem! game rusak,1,2026-07-25 14:23:35
"saya hampir stres main game ini, tiap main selalu aja dikasih dark sistem cape banget asli",3,2026-07-25 14:21:53
sangat bagus,5,2026-07-25 14:21:43
bagus,5,2026-07-25 14:21:19
setiap proses pertandingan kalo tim musuh atau tim sendiri pake skin animasi ga bisa masuk loading nya lama udah gitu dihitung afk,1,2026-07-25 14:19:35
udah spin 10× di event fighter ga dapet skin nya gimana ni moonton heiyy,1,2026-07-25 14:19:32
ml ga ada pintu,1,2026-07-25 14:18:07
"Buruk, matchmakingnya sangat buruk. saya ditempatkan dengan 2 orang yang feed yang sengaja mati 12 dan membeli item yang sama",1,2026-07-25 14:17:48
game nya bagus,5,2026-07-25 14:17:32
gamee kontolllll,1,2026-07-25 14:17:13
ga ada dm geratis,1,2026-07-25 14:17:06
"benerin sistem kau moonton,setiap main di rank glory,ketemu legend Mawi legend Mawi, sedangkan musuhnya glory honor,tolong lah moonton gaush kau siksa player mu sendiri,kami main mau mencari kesenangan bukan malah kau bikin kami pusing dapet tim yang gabisa main, jangan kau pikirin colab sana colab sini, sedangkan sistem matching mu masih rusak kaya gitu,orang sudah top up banyak"" main malah jadi stres,tolong benerin sistem macth kau, setidaknya kalau gada yg rank setara paling tidak bisa main.",1,2026-07-25 14:17:04
"memberikan musuh yang susah padahal rank mau naik.lebih baik gua main HOK ,soalanya game nya mudah.gak kayak ml susah naik rank mobile legends gak asik",1,2026-07-25 14:17:01
"Bagus banget,aku bertahan sampe rank gm 2,,sama kasih hero baru kek,tapi biasanya pas aku main tim ku tu bot semua,jadi milih heronya yg lemah²,jadi aku saranin kasih musuh tu levelnya yg setara aja ya,biar gk kalah trus,jadi kyk gk adil kan kalo musuhnya jago² rank kita trus turun,capek² main malah kalah aku kasih bintang 5 aja ya dan jangan kasih musuh yg kuat ya,banyakin event nya klo bisa ya🎀🎈",5,2026-07-25 14:16:20
ml burik,2,2026-07-25 14:15:41
"jelek, sistem kacau, dapet player busuk melulu",1,2026-07-25 14:15:06
👍,5,2026-07-25 14:14:56
mas boleh ga tier epic di ilangin karena epic isinya orang orang ga bisa maen semua prustasi saya lose streak,2,2026-07-25 14:13:50
"moonton ini game nya sudah bagus gameplay, tetapi saya tidak nyaman dengan pemain lain yang tidak bisa memainkan game ini tolong ya moonton bisa di fix, untuk tidak di pertemukan dengan dark sistem dalam team.",1,2026-07-25 14:12:13
jujur gamenya si bagus ya tapi kebanyakan drak sistem,3,2026-07-25 14:11:37
"game nya gak enak , di kasih tim bot semua di kasih kalah terus naik kagak yang ada malah buang buang waktu aja",1,2026-07-25 14:10:13
gg king,5,2026-07-25 14:08:20
"game yang sangat bagus sekali, player² juga sangat ramah, matching sangat adil apalagi kalau mau naik rank, dan sangat bisa meredakan stress di dalam kehidupan mu. 🙏🏻👍🏽",5,2026-07-25 14:08:18
Intinya Aj Kadang Timnya Ketemu Draks system musuh nya jago kali apa gak terlalu seimbang gitu permainan Gamenya,1,2026-07-25 14:06:31
"lumayan lah,tapi ngeleg banget bisa pls lah moonton tipis tipis lag ya ga ngotak loh gua ngeleg ga bisa jalan,btw ini gua kasih bintang empat karena bagus dan jadi game favorit gua, semoga kedepannya lebih sedikit lag ya atau ngeleg ya agar bisa masuk top game terbaik di dunia mungkin",4,2026-07-25 14:04:44
"geme bikin sters,ad temen gw sampe masuk rjs",1,2026-07-25 14:04:25
"game tolol, waras dikit ngasih temen. terus tiba"" lag lagi war jaringan padah hijau. cuih.",1,2026-07-25 14:04:16
game apasih gua dapet mvp mulu tapi ga pernah dapet protection,1,2026-07-25 14:03:06
sanga bagus,5,2026-07-25 14:00:38
"game macam apa ini,klau perbaiki system lo moonton",1,2026-07-25 14:00:18
ganti engine woi lag nya ping merah terus wifi + data hidup pun tetap merah,1,2026-07-25 13:59:11
"muak dh gw maen, solo dimatching sama bot dpt tim ampe selusin lose streak matching di mitik, diketemui sama tim toxic kek bot mainy, matching ga balance",1,2026-07-25 13:59:00
"ini gw kasih bintang 5 biar di lihat, ton tolong lah minimal kasih tim yg sama2 niat main. tim musuh serius tim sendiri dark sistem",5,2026-07-25 13:57:41
gajelas banget dapet tim masa main di honor 47 kalah 9x sampe bintang 40 main dari siang sampai malam cuma buat kalah,1,2026-07-25 13:55:37
benerin server nya lag terus,1,2026-07-25 13:55:18
perbaiki sistem buat solo,1,2026-07-25 13:55:00
tol*l bet ping gua ijo tpi masih aja ngelag,1,2026-07-25 13:54:03
"buruk di kasih tim yg nyusin sampe losstrekk kecwa ,niat ingin asik malah sakit",1,2026-07-25 13:53:37
mending mati mootoon di kasih pablic cuman bisa hiro suprt dameng sedangkan tim musuh drakpik gak ngotak,1,2026-07-25 13:53:28
lambat menanggapi laporan pertandingan,1,2026-07-25 13:52:53
game sampah nge-lag trus,1,2026-07-25 13:52:52
"lama"" jadi gak jelas, tiap main solo lawannya slalu squad, gimana mau menang, tiap menang 1x kalahnya 3x,, menangnya susah payah, giliran main dapet tim ngetrol belum ada 10mnit sudah kalah,,,",2,2026-07-25 13:52:15
"pembagian tim yang buruk,masa saya di pertemukan dengan player baru dan player noob.Dan fitur invalid yang sangat jelek,karna apabila tim sedang posisi menang malah musuh invalid, menjadikan mlbb game yang sangat mudah untuk menyulut emosi😡🤬",1,2026-07-25 13:51:44
"monton makin kesini makin gak jelas Mending judi, minimal kalahnya jujur. Ini kalah karena di setting Monton. tim saya pas pertandingan di kasih lawan yang lebih tinggi rank nya sedangkan tim saya rank nya di atas lawan agak lain",2,2026-07-25 13:50:48
BENERIN DULU ITU SISTEM JARINGAN BUAT BUKA YT GAME LAIN LANCAR GILIRAN BUKA ML NGE LAG,1,2026-07-25 13:50:22
halo moonton tolong ya kondisikan game mu kami penjuang solo kami jarang dapet team bagus main solo 4 orang pada gak bisa main main trio 2 orang gak bisa main main party serasa mpl dan juga kuota internet banyak pas main ngeleg Mulu di kasih saran malah didiemin tolonglah kamu mau menikmati game ini dengan tenang niatan menghilangkan setres bukan menambah setres (saya rekomendasikan game yang lebih baik dari ini supaya yang setres gak nambah setres apa lagi pejuang solo),2,2026-07-25 13:49:41
"hei, aku tau aku tidak hebat dalam suatu bidang, tapi cuman di game ini aku bisa di puji ""hei roam, kamu sangat keren!!!"", memang solo itu tidak semudah itu, tapi karna aku sendirian, aku bisa mendapatkan gelar yg selama ini aku impikan, memang di mata mereka itu hanya sebuah tulisan yg berisi ""Sobang nomer 46 tigreal"" itu memang tidak seberapa, sampai sampai aku di katakan gila game oleh temanku sendiri, tapi, pencapaian ku di sekolah juga banyak, dan aku hanya bisa mengucapkan, terima kasih",5,2026-07-25 13:48:07
"cape gua moonton moonton, wl wl terus",1,2026-07-25 13:47:33
aku bug saat main ketika sesudah draf pick terus ada notif menghubungkan kembali terus saat aku reloq malah gak masuk lagi stak di lobby gak bisa masuk lagi coba servernya di perbaiki aku setiap main afk terus karena itu kredit skor ku turun coba di benar kan pliss,1,2026-07-25 13:47:15
kurang puas karna ping teruss,3,2026-07-25 13:46:02
"mantap min win streak terussss , semoga rejekinya tambah lancar dan banyak player,terus Mabar sama temen enak lagi , pokonya jossss lah buruan download",5,2026-07-25 13:45:39
tolong perbaiki game kenapa saat afk sebentar tiba-tiba ngestuck diloby?,2,2026-07-25 13:45:13
tolong diperbaiki dlu dong sinyal nya jangan mikirin skin Mulu gua main hyper Sampek GK bisa gua dikatain poke sama temen gua nih tolong lah ton perbaiki dlu sinyalnya,1,2026-07-25 13:44:58
Menarik,4,2026-07-25 13:43:39
tolong APUS aja item sky banyak DS yang pake tapi ga bener,1,2026-07-25 13:43:39
"tolong masalah jaringan di perbaiki udah bertahun tahun gw main ini game tapi,masalah jaringan server ini gk pernah di perbaiki mohon diperbaiki 🙏",1,2026-07-25 13:42:43
kebanyakan bot bukan player,1,2026-07-25 13:42:36
permainannya tuh seru ada mode vs ai jadi adek aku bisa coba,5,2026-07-25 13:42:15
"sangat buruk pengalaman bermain sangat jelek, tim terkadang ngawur saat bermain dan saya mengalami kekalahan dan kemenangan berulang yang membuat bintang saya tidak naik sama sekali, setelah itu malah losetreak karena tim yang stress. Nasib jadi seorang solo player. Di mythic honor serasa rank epic",2,2026-07-25 13:41:51
game jos jis,5,2026-07-25 13:39:47
"saya tidak bisa keluar dari akun saya yang dibanned, tolong pihak monton untuk mengeluarkan saya dari akun saya",1,2026-07-25 13:37:53
game nya bikin gila win sekali lose 10 kali gem aneh,3,2026-07-25 13:36:42
"3 tahun gak main,2026 nyoba main, eh tetap aja sampah semakin sampah matchmaking nya,kikir battle point,spam debu ungu doang, grafik tetap burik meskipun rata kanan. saya yakin yg main game ini cuma bocah dibawah umur dan hp kentang doang.",1,2026-07-25 13:36:34
"matchmaking ga adil,gk mendukung player solo,tim bot musuh ex imo,moonton benerin sikit lah",2,2026-07-25 13:36:30
"ayo lah muntun kalo ngasih tim yang setara lah tim sendiri mainnya kaya epic sedangkan tim musuh jago2 semua, jadi tolong ya buat pertandingan sesuai dengan rank dan skill yang setara",2,2026-07-25 13:36:15
terimakasih atas mobile sudah berjuang anteran dengan anime blue archive,5,2026-07-25 13:35:54
WOI kalo bikin geme bikin yang bener gw main naik turun sama gw main leg mulu saat dalam pertandingan sama ketemu tim yang kayak ajim benerin lah lama lama gw hapus juga ni geme jangan sampek bales nya cuman minta maaf percuma minta maaf doang kalo gak di benerin. malah tambah gak jelas geme ini niat apa kagak benerin gak jelas,1,2026-07-25 13:35:08
"Hai monton, tolong perbaiki game nya ya, tolong kasi tim yg seimbang dan musuh yg seimbang, gini lah monton yg main ml yg dark sistem kumpulin ama yg drak sistem, yg jago kumpulin ama yg jago, gitu nae, tiap hari gw di kasi tim lol, dan musuh jago, dan setiap harinya kalah kalah mulu, di buat gila ama monton ni",1,2026-07-25 13:33:54
game seru buat di mainkan,5,2026-07-25 13:33:27
saya menyukainya,5,2026-07-25 13:31:47
moonton loco,1,2026-07-25 13:31:29
"Game sampah, Sarang dark sistem, Sinyal enggak stabil, server down 👎 jaringan kenceng pakai wifi game sampah",1,2026-07-25 13:31:13
"kebanyakan bot ngsih tim gk ngotak tim aja bot masa musuhnya dikasih yg ex imo, ex glory ping jelek parah tolong lh moonton",1,2026-07-25 13:30:39
makin keisni makin dongo dark sistem di banyakin lawak bau,1,2026-07-25 13:29:53
"ini bagus tapi suka ngeleg, itu yang bikin kesal, kalo saya memainkan mode rank, hero yang saya pakai berhenti tiba-tiba dan langsung dimainkan oleh komputer saya hanya bisa melihat hero saya dimainkan oleh komputer saya juga tidak bisa berbuat apa-apa, apa lagi mengendalikan hero yang saya pakai itu hal mustahil untuk saya. Saya harap bisa diperbaiki selebihnya bagus dan epicc banget, I like in the game💜",4,2026-07-25 13:29:44
Game ngebug setiap relog gk pernah masuk ke match lagi malah stuck di loby utama Game nya banyak bug skrng,2,2026-07-25 13:29:43
apalah. padahal sinyal gw bagus main game lain tapi pas main ml ping terendah cuma 60 an (pakai internet sama game lain) apalagi pas udah nemu match malah gak bisa masuk... tolong diperbaiki karena di Mobile legends delay dikit juga sangat berpengaruh menuruku,1,2026-07-25 13:29:30
gamenya seru cocok buat Mabar,5,2026-07-25 13:29:11
mau main ml,1,2026-07-25 13:28:57
game jelek jaringan ijo tapi pas main maju² sendiri ga jelas skill ga bisa d pencet,1,2026-07-25 13:26:05
game nya lumayan bagus tapi tolong kenapa setiap saya main solo rank sama selalu kalah,4,2026-07-25 13:25:49
saya sangat suka karena banyak hero,5,2026-07-25 13:24:59
APALAH SERVERNYA BURIK Minimal UPGRADE server kikir,1,2026-07-25 13:24:58
baguss Bett cuyy,5,2026-07-25 13:24:56
"game bgst perusak mood,matchmacking nya perbaiki kocak,lagi pula dah kikir hapus aja ini game",1,2026-07-25 13:24:43
"monton baned la para drak sistem itu batasi yang bisa pakek sky,di real life udah sengsara main ml malah ketemu tim hama monton🫠🫠",1,2026-07-25 13:23:41
"game jelek, pelit win, udah main dari jam berapa juga dapetnya lostrik terus. pantes banyak yang pensi, orang main udah bener tetep aja dikasih lostrik. kalau pilih kasih gausah buat game",1,2026-07-25 13:23:10
game rusak,1,2026-07-25 13:23:08
bagus sih tapi bintang lima nya gak bisa kepencet maaf yahh🙏🏻🙏🏻,1,2026-07-25 13:22:25
game keren,1,2026-07-25 13:22:15
game yg bikin naik darah jngan mau main game ini.....saya udah uninstal game buruk ini mending main yg lain aja yg bisa menghasilkan uang tapi bukan main slot,1,2026-07-25 13:22:08
server ngelag babi,1,2026-07-25 13:21:23
legendary,5,2026-07-25 13:20:24
moonton tolong gamenya perbaiki gamenya males banget tiba tiba ngelag padahal sinyal bagus,1,2026-07-25 13:18:31
"saya sangat resah dengan game ini kenapa karena game ini membuat orang menjadi streess karena banyak orang gj contohnya gila kill, gabisa maen, yapping, dan bucin gj. game nya rusak gw main pake sinyal bagus malah gak masuk ke game play nya terus pas udah bisa malah for close gj game bagus tapi rusak. perbaiki lah monton",1,2026-07-25 13:18:28
"gamenya seru tapi tim nya yang gak seru. papi moonton ksih lah tim yang white system secerah surga, jangan kasih yang dark system lah papi moontonnnnn tolonh",5,2026-07-25 13:18:21
"masih banyak lagi karena server TOLONG DIPERBAIKIIIIII,UNTUK KENYAMANAN KITAAA MONTONNNNNNN PING WIFI 6ms ,pas main drop parahh",1,2026-07-25 13:17:58
"geme nya seru tpi sistem pencarian tim nya gak jelas udah nunggu 3 kali gak masuk pas udah masuk dpet tim yg ngetrol, pada gk bisa main, percuma klo nunggu lama dpet tim nya gk jelas, tolong di perbaiki monton, masa nunggu lama² dpat tim yg gak jelas gitu",3,2026-07-25 13:17:55
OI INI GW PUSH MMR BELERICK DARI KEMAREN KENAPA GK DI KIRIM NUNGGU 6 HARI LAGI KLO BIKIN GAME BUG NYA LANGSUNG DI FIX KEK BUKAN MALAH DI BAN GC GITU KLO ADA BUG GW CAPE CAPE PUSH MMR SAMPE BERAPA TUH GW LUPA TURUN KE 56 TAPI GK DAPET APA APA YANG DI DAPET CUMA APA CUMA HIKMAH COK BUAT APA GW BUANG BUANG WAKTU 24 JAM GW MAEN KETEMU HAMA FANNY BELAJAR DI RANK LAWANNYA MAKE RW KLO MAKE CIT JUGA KENAPA HARUS DI BAN 30 TAHUN BUAT APA COK MINIMAL HARUS CARI CARA GITU BIKIN GAME ANTI CIT BERLEBIHAN,3,2026-07-25 13:16:29
download aja udh kasih bintang 5,5,2026-07-25 13:16:07
monton tolong la kalau kami main solo temennya bot Mulu kasih lah yang bagus kami main mobile legends ini hanya merebut kan satu bintang aja susahnya minta ampun game apa ini. kasian yang player solo nanti kami kalo mau main bareng dikatain rank lu kecil kalo kaya gini gimana mau tinggi ranknya ya cobalah yu main gimana rasanya dapet temen bot menang sekali kalah Mulu coba lah main solo sakit hati dan juga males mending fre fire aja.,1,2026-07-25 13:14:21
muntun kenapa kau kasih drak sistem diayang boot gw yang disalahin,1,2026-07-25 13:13:38
kikir 😭,1,2026-07-25 13:12:14
"moonton kalo kasih tim yg jelas beda kali sama tim musuh sengaja kasih sekali menang mau nutupi lima kali kalah ga logika , kalau memang mau buat game susah buat dengan gameplay game mu bukan pemain mending di buang dari ml orang ga pandai main kalo ga ajarin buat latihan sesuai rank jangan yg udah pandai main bersatu sama yang belum main apalagi aku pernah sampai empat orang yang berarti semua tim ku ga pandai main, tolong lah ya aku bukan apa apa tapi kayak gini buang waktu makasih",1,2026-07-25 13:09:15
Jangan terlalu ngelek,4,2026-07-25 13:09:02
makasih monton inih b 4 kalo b 5 lu lasih tim gak bisa main,4,2026-07-25 13:08:48
"tolong servernya diperbaiki / di upgrade soalnya saya setiap kali main rank itu di mid game sinyalnya merah padahal pas early bagus dan setiap kali main begitu terus edit: walaupun udah pake wifi saudara wifi sendiri bahkan data tetep aja ngeleg, dahlah pensi ae mending maen honor of king atau aov",1,2026-07-25 13:07:57
game nya bagus sekali 👍,5,2026-07-25 13:06:51
game gajee setiap maen berlimaa ping nggak karuan padahal wifi dekat ping wifi full benahi lagi sistemm sinyalnya ton,1,2026-07-25 13:06:31
montoon ko gini ya sekarang,2,2026-07-25 13:06:02
geme membuat mental kuat,1,2026-07-25 13:05:46
gamenya bagus tapi ada bug pas mau masuk ml di tulisan mobile legends bang bang itu ngestack terus disitu,3,2026-07-25 13:04:21
SUMPAH KECEWA SAMA INI GAME MAKIN LAMA MAKIN GAK BENER SISTEM NYA TOLONG LAH MONTOON BENERIN SISTEM NYA MATCHING NYA TOLONG DI BENERIN CAPEK SAYA MONTOON 🥲🥲,1,2026-07-25 13:04:20
sistemnya jelek sangat buruk tidak baik sistem tim selalu dark sistem,1,2026-07-25 13:02:47
mobil legen tolong😭🙏 dong anuin akun ku akun ku tiba tiba ajah beda kaya server lain tolong dikembaliin akun kesayang ku tolong ya mobil legen pelis😭,5,2026-07-25 13:00:37
gamenya bagus tapi napag sinyalnya merah terus moonton pantas game ini bikin emosi terus kalau macam ini terus moonton mending hapus aja ml ini gk guna,5,2026-07-25 12:58:50
MOONTON!!!!. kasih tim yg waras dikitlah. di tim sendiri. kayak orang baru main ML. sedangkan musuh nya kayak lawan para top global. tolong perbaiki Match nya.,1,2026-07-25 12:58:02
bagus game nya,5,2026-07-25 12:57:23
game kampang,1,2026-07-25 12:57:06
soryy nih montoon gua dapat dark system terusss turun BINTANG GUA!!,3,2026-07-25 12:56:55
publik game ini sakit semua,2,2026-07-25 12:55:22
game tai,1,2026-07-25 12:55:12
guys gw cmn mau bilang game ini ga work it buat kalian download. pentingin masa depan kalian jangan game yang gajelas ini pasti kalian bkalan cape😮‍💨😮‍💨😮‍💨,1,2026-07-25 12:53:48
ml sangat baguss,5,2026-07-25 12:53:22
seru,5,2026-07-25 12:51:18
"bagi yang bilang ini game susah lah game tim bot musuh jago lah, match making g seimbang dan apalah itu berarti mereka aja yang g bisa maen",5,2026-07-25 12:51:15
"game rusak, pantes Udah Mau Bangkrut ini Game, banyak pada pergi player, game busuk, Jangan Mau Download lagi game ini guys,",1,2026-07-25 12:50:57
klo kasih tim yang bener la gw Sampek ls terus mvp kalah pula,1,2026-07-25 12:50:32
sistem nya tolong di perbaiki masih jaringan bagus tapi ngelag,1,2026-07-25 12:49:31
seruu,5,2026-07-25 12:49:11
"sekarang ketahuan bahwa moonton curang. buktinya tim tidak adil, baterei cepat habis (saat hapenya layarnya hitam), aku dikurangi credit score. pasti moonton hakker. gak usah menipuku, kalau sudah ketahuan. benerin ini sekarang juga atau aku hapus dari play store dimasa yang akan datang. bilang aja moonton curang. gak usah bilang kalau mau menang harus pake kemampuan tim.",1,2026-07-25 12:48:58
gada yang menarik game aneh,1,2026-07-25 12:47:51
game ter ajg,1,2026-07-25 12:47:15
"game sampah, player tidak ramah",1,2026-07-25 12:45:39
💔,5,2026-07-25 12:43:40
game buruk masa lalu 20 kali dalam 12 jam?,1,2026-07-25 12:43:08
enak dan mantap game-nya tidak tidak ada kesulitan pas bermain,5,2026-07-25 12:42:33
seru games nya,4,2026-07-25 12:42:21
jujur seru mainnya apalagi banyak event nya dan Hero baru nya pokonya bagus deh ini game👍👍👍,5,2026-07-25 12:41:59
gamenya rusak parah,2,2026-07-25 12:40:57
masalah jaringan tolong diperhatikan lagi dan machmaking juga tolong di kondisikan dengan cara yang adil atau sesuai kemampuan player dan yang paling penting tolong di perketat lagi sistem kemanan nya soalnya aku pernah ketemu citer aku udah report tapi tidak ada respon oleh developer game nya pokok itu saja yang ingin saya sampaikan,5,2026-07-25 12:39:29
"Update makin lama makin ngelek, jaringan ku bagus bagus aja tapi pas main Tah kenapa ngelek-ngelek,Mending kalian jangan Download ini game mending kalian Download Honor Of King aja",1,2026-07-25 12:38:23
game nya gak jelas anak saya sampai masuk rsj tolong diperbaiki,1,2026-07-25 12:37:20
MOONTONN KENAPA SIH PADAHAL TULISANNYA PERLINDUNGAN BINTANG 1X SEHARI PAKE ROAM TAPI KOK MALAH NGURANG TERUS JADI MALES MAIN,1,2026-07-25 12:35:01
game jago isinya drakkk sistemmmmm😹😹😹,5,2026-07-25 12:34:29
main di hp ip15 resoulusi udh rendah masih patapata,1,2026-07-25 12:31:35
monton perbaiki mlbb gw namanya /sopan kalo gak bisa lagi gua pansi,2,2026-07-25 12:31:15
"hallo kk admin montoon,aku hari ini ulang tahun masa dikasih skin trial doang, saya rekomendasikan bagi kode redeem skin napa, biar pada betah engga pindah game sebelah, salam dari akun server (2319) terimakasih🙏🙏🙏",5,2026-07-25 12:29:02
"game pembuat emosi stresss, kenapa setiap main malah dipasangin sama orang yang ga bisa main ? cape turun teross, percuma mau di ulas kayak apa pasti jawaban nya maaf minta tangkapan layar, hadehhhhhh",1,2026-07-25 12:28:46
game burik,1,2026-07-25 12:28:26
ini sangat bagusss,5,2026-07-25 12:25:13
game bagus pls ws,5,2026-07-25 12:19:40
wah game nya sangat seru sekali aku kalah terus tim ku coklat aku yang gendong tapi kalah moonton anak anj..baik tolong donk😁,1,2026-07-25 12:19:39
tidak bisakah anda memilihkan rekan tim yg seimbang,1,2026-07-25 12:19:02
"game nya si enak, tapi dark sistem nya tolong di basmiin y min🗿",4,2026-07-25 12:18:28
like....,5,2026-07-25 12:17:41
seru sih game nya wajib di coba soal nya bukan cuma war biasa harus ngerti item dan lain lain,5,2026-07-25 12:16:06
games ampas jangan di download kalau gk mau nyesal,1,2026-07-25 12:13:38
pemilihan player kadang tidak seimbang dan sering dapat team lemah,4,2026-07-25 12:13:35
ampun gw main gem ini gw legend dapat tim epic padahal tim kayak computer tapi musuh jago mending gk usah main gem ini bisa gila mending main gem sebelah,1,2026-07-25 12:13:25
"di tier epic perasaan banyak deh playernya. kenapa pas main classic, tim gua dikasi computer. ini ga jarang ya, bro. plis lah ya, se-engganya kalo sepi pemain jangan masukin computer (akun tanpa pemain) di suatu match lah, co. kalah meski sama² sportif mainnya masi okey, kalo kayak gini ya ga seimbang namanya",2,2026-07-25 12:13:10
heran gua setiap kali mau naik pasti kalah kok bisa pas ya curiga gua,1,2026-07-25 12:12:21
"selamat tinggal game ml , ini terakhir kalinya gua main ml q",1,2026-07-25 12:11:17
di kasih bot mulu temen nya,1,2026-07-25 12:10:02
Tolong ya game seseru ini tapi ancur gegara sistemnya sendiri yang ngebuat para playernya setres terutama untuk player solo.. sistem matchmaking begitu ampas dibuat losestreak sampe puluhan menang cuma 2-3x gila gila.. waktu di cek akun2 rekan tim ternyata bukan player asli melainkan bot di tim kita.. yang jelas2 merugikan para solo player untuk main ranked.. tolonglah muntun game mu udah bagus banget janhan dirusak sama sistem mu yang seperti itu.. yang ada game mu makin sepi..,1,2026-07-25 12:09:36
bagus,5,2026-07-25 12:09:33
"tiba tiba suka leg, sedangkan kalo lain loba sebelah jaringan aman aman aja anehhh dah",1,2026-07-25 12:09:17
i hate you moonton,1,2026-07-25 12:07:46
"jaringan servernya di perbaikin dong saya lagi war tiba tiba ga bisa ngapa ngapain jaringan saya ijo wifi nya juga baru di bayar kuota nya juga baru di beli kemarin belum kepake, tim saya juga gitu pada ngelag bilang nya pas lagi party",2,2026-07-25 12:07:26
"team tidak setara, kikir, banyak DS, makin kesini makin elek aj ni game, dasar montooddd.",1,2026-07-25 12:06:41
game gajelas banyak dark siatem,1,2026-07-25 12:05:39
gamenya bagus darksistemnya tolong dihapus,5,2026-07-25 12:04:34
muntun gemnya bagus banget,5,2026-07-25 12:03:14
aku suka tapi sulit banget untuk naik rank dan musuhnya pada jago sedangkan aku buat mainnya ayah sulit di mana mau naik tapi keren banget sih,4,2026-07-25 12:02:29
katanya game bagus dan adil alasan biar di download tayi gak ada bagus bagus nya gk recommended buat di download mending main free fire aj,5,2026-07-25 12:01:23
Gamenya sih mudah dimainkan tapi banyak player yang kurang ngerti cara main game ini dan saya sering di rugikan karena mendapatkan player kurang tahu cara main jadi untuk player yang mvp kalah harusnya mendapatkan kompensasi berupa bintangnya tidak berkurang,3,2026-07-25 12:00:53
game banyak cheat nyaa,1,2026-07-25 12:00:31
game nya seru banget jadi ketagihan mainnya juga grafiknya bagus banget,5,2026-07-25 12:00:14
bagusss,5,2026-07-25 11:58:24
game seru bangetttttttttt dariiiiiii pagiiiiiiiii hinggaaaaaa malaaaammmmm sayaaaaaaa mengalamiiiiiii loseeeee streakkkkkkkk yanggggg sangggattttt menyenangkannnn,5,2026-07-25 11:56:56
bagus dan sangat indah gerafik mobile,5,2026-07-25 11:56:16
game sangat ramah,5,2026-07-25 11:54:06
moonton mohon di perbaiki jaringan bermasalah apalagi klo orang lagi main merah walaupun gw pake data tetap merah kumohon perbaiki,1,2026-07-25 11:54:05
game hama di kasihnya aku tim dongo,1,2026-07-25 11:53:26
monton apa salah gue sampai sampai lu beri gue kalah mulu,1,2026-07-25 11:53:13
jelek su,1,2026-07-25 11:52:40
ahh game ampas,1,2026-07-25 11:52:36
matchmaking lu benerin anj season sekarang hancur banget dah dapet tim legend mulu padahal rank honor dari honor 40 turun sampe honor 30 wr 63-56 apaan dah tim ge jalas semua enemy jago semua ditim anomali semua mana gua yang mvp. last season ini mah.,1,2026-07-25 11:52:03
"game nya seru dan bisa main offline kalo gaada kuota tinggal main main offline dan juga banyak promo skin,🧢",5,2026-07-25 11:51:10
hilangkan draksistem moonton,4,2026-07-25 11:50:04
game sampah.di game online..puiiiiihhhh,1,2026-07-25 11:49:56
game nya seru banget,5,2026-07-25 11:49:47
"saya masih belum bisa mengembalikan akun saya yang email-nya sudah tidak aktif lagi. ketika login dengan akun moonton harus masukin kode verifikasi padahal sandi bener,cuman emailnya aja yang sudah gak ada karna hp saya teriset data pabrik kirim email ke moonton jg gak ada solusi. terus ke CS yang ada di game juga gak bisa di pulihkan, padahal buktinya ada semua bukti topup,bukti pembuatan, terus id dan server hapal semua. tolong di bantu pihak moonton akun saya saya main dari season 4",3,2026-07-25 11:48:18
karena game ini suka buat orang lain marah tapi saya sangat menyukai game ini,5,2026-07-25 11:47:58
Highly competitive fast mobile MOBA balancing thrilling quick competitive matches.,5,2026-07-25 11:47:57
"season ini terparah, dapat tim gk jelas",1,2026-07-25 11:46:50
game play yang mendunia,5,2026-07-25 11:46:12
gem ya seruh kok,5,2026-07-25 11:44:27
"gila sih, gak bagus buat di download dibikin setres ni bro, masa dari lejen 1 di kasih ls sampe balik epik🗿 jangan donlod mending kita rame' main pou, apus aja apk ni, pinda epep aja yok, atau main pou 🗿",1,2026-07-25 11:43:44
woi niat bikin game gak sih ada citer udah ku laporin belum ada kena ban padahal udah 10 bulan terlewat mana masih main lagi ws terus kalau gini mending gak usah bikin game buat gak nyaman aja kalau emang izinin ngecit lama-lama ku ikutan ngecit nih jadi Dev jan lol napa,1,2026-07-25 11:43:33
seru jadi nagihhh,5,2026-07-25 11:43:03
game bagus playernya tolong di hapus,1,2026-07-25 11:42:00
tolong moonton perbaiki lagi sistemnya karna saat main dan di tengah tengah war game tersebut sering kali jaringannya merah dan mengganggu saya saat main dan untuk lainnya sudah bagus tapi kurangi bug di matchmakingnya,5,2026-07-25 11:41:39
game nya keren saya di beri lose streak 8x dan saat saya winstreak winstreak saya dj pecahkan oleh darksistem dan karna itu game menjadi seru dan emosional perbanyak darksistem nya montoon agar game smakin seru dan mendebarkan lagi terimakasih montoon☺😘🥰,5,2026-07-25 11:40:54
suka tidak bisa masuk saat maching di temukan.,2,2026-07-25 11:39:34
"tolong dong match making nya setarain kalo solo ya ketemu solo, jangan ktemu duo atau trio, ini gua solo ketemu nya anomali, yang baru naik epic lah, yang baru naik legend lah tim nya, sementar tim musuh rank tertinggi dah glory, honor. apa apa an ini game lama lama busuk, bukan nya bikin seneng malah bikin streeessss, yg udh stres makin stress",1,2026-07-25 11:38:57
game toksik,2,2026-07-25 11:38:32
game ny bagus bgt!! suka sama event nya juga n selalu dapet skin gratis suka deh,5,2026-07-25 11:37:17
kok aku gaada model 3D pas selesai match ya sedangkan temen gua ada?,1,2026-07-25 11:35:29
kok saya beli wdp hanyan sehari itupun dapetnya hanyan 80 dm,3,2026-07-25 11:35:12
dikasih tim poke terus,1,2026-07-25 11:32:15
seru bngt,5,2026-07-25 11:31:39
game hama,1,2026-07-25 11:30:54
"ya....saya hanya ingin mengatakan, game nya bagus.baguus banget. saya adalah player solo rank, saya main dari tahun 2018 sampe sekarang, dan yg saya dapat hanya kesiasia an mentok bintang 47 SELAMA SAYA MAIN, dan saya telah menjual akun saya dengan harga murah padahal udah banyak yg saya top up, mungkin karena bintang nya yg mentok 47 itu, sama sama atas ke sia sia annya",5,2026-07-25 11:28:30
gimana si monton kok ada ada temen satu tim yang ga becus main aku main 6 mect 7 mect naik nya 1 kalo ga dua temen satu tim yang ga guna banned aja akunya cape tau main renk cuman dapat emosinya aja,3,2026-07-25 11:27:57
makasih,5,2026-07-25 11:27:51
saya suka dengan hero namanya aurora tapi karena waktu memilih hero biasanya aurora gak ada di pilihan biasanya itu vexana karena pertama kali main karena aurora bisa c ee pat naik rank jadi agak lumayan suka,5,2026-07-25 11:27:06
"jaringan selalu merah saat bermain sangat tidak nyaman,,tolong perbaiki",1,2026-07-25 11:26:49
"aku masih heran sama developer game ini kok bisa dapet tim bot semua kalau nggak bot musuhnya jago jago, tolong bisa ganti nggak draf picknya jadi sesuai skil bukan rank tapi setidaknya aku kasih bintang tiga aja",3,2026-07-25 11:25:56
"SEMOGA ini game TDK masuk ke server China,amin,demi tuhan",1,2026-07-25 11:23:52
"saya kehilangan akun saya, sy diberi tahu untuk isi formulir pemulihan akun dan disuruh mengisi data sesuai keluhan dan bukti yg benar, semua bukti mulai dri foto akun, id, dan bukti top up semua sudah lengkap dan akurat. tapi malah ditolak. maaf akan saya post bukti dari semua masalah ini semua akun sosmed saya.",1,2026-07-25 11:22:23
hero dyrot sm florin klu ada 1 team sama kalian itu darksistem.komputer sampah mau win di tmbah lag sinyal hijau tp gk gerak. kebaca sistem lu moonton sedikit ya yg maen ni ghame makanya jelek bintang lu karena buruknya sistem cara ghame lu gk adil..w tunggu kehancuran ni ghame cape solo rank,1,2026-07-25 11:21:40
hero dyrot sm florin klu ada 1 team sama kalian itu darksistem auto defeat pokoknya secape apapun kalian gendong gk bakal win,5,2026-07-25 11:21:04
saya sngt suka bngt sama ni game mllb permainannya ramah skla 😇😇👍,5,2026-07-25 11:20:49
saya beli diamon tidak masuk tolong di perbaiki,5,2026-07-25 11:19:33
bug di lobyy ya ton tolong perbaiki apa perlu viral baru dilihat?,1,2026-07-25 11:19:09
"gue kasi bintang tiga karena ga seru jumpa tim yg ga kompak jumpa lawan ga sepadan aturan nya lebih rendah lagi,udh ga rekomend pokok nya gue pensi gara'tim ga kompak",3,2026-07-25 11:19:08
game yang menarik,5,2026-07-25 11:17:38
assalamualaikum wr.wb maaf menggangu moonton yang terhormat saya mau melaporkan ada kendala jadi gini saat bermain nggak tau kenapa setiap aku main satu match ketemu musuh top global Hero sedangkn tim aku yang tidak seimbang Tolong montonn rank aku terus turun naik turun naik padahal rank mityk Roma bintang 1 harusnya musuhnya sedang itu saja kendala aku harap biar rank nya bisa seimbang,3,2026-07-25 11:16:01
"game apa ini, gak ada town hall nya udah gitu gak ada yang bisa di up hadeh, aku kasih rating 1 yaa!!!",1,2026-07-25 11:14:52
"game rusak, sistem match gak bener, jual skin terus, beneri tu sistem mu, paling pas kasi bintang 1 aja, smoga player laen jg kasih bintang 1, biar tutup aja ni game",1,2026-07-25 11:13:43
"tololng pembagian timnya di benarkan lagi,masa tim saya dibawah honor tapi musuhnya bintang glory keatas semua",1,2026-07-25 11:13:09
"game nya seru dan sangat kompetitif tapi tolong kurangi dark system,dan player toxic",4,2026-07-25 11:12:23
terimakasih atas semua darksistem dan tim tolol nya mlbb tapi sangat di sayangkan memberi bintang 1 di karnakan game ini bisa merusak mental seseorang dan bikin teman ku gila sampai masuk rsj melamun gajelas ketawa sendiri akibat dari banyak nya kalah kemungkinan ini akan menjadi akhir gw di game ini dan saya akan berpindah game yg ramah dan gabuat mental seseorang terganggu sampai gila kayak temen ku,1,2026-07-25 11:12:12
"game lawak, dapet tim anomali mlu, cape gw bang kasih ws kek, anj emng😹",1,2026-07-25 11:12:06
game nya bagus tapi player noob dan darksistem troll nya banyak tolong kurangin player gelap,5,2026-07-25 11:11:05
kagak pernah di kasi menang mulu ama di kasi tim yg jelek tapi tim musuh bagus,1,2026-07-25 11:10:09
"90% lag , 19% matchmaking ga seimbang, 1% hoki win",1,2026-07-25 11:09:29
patah patah mainnya kurangi lah ram nya min,1,2026-07-25 11:07:19
😋,5,2026-07-25 11:06:52
"lumayan, tapi please, player nya,, di bilang fefek hitam lah, emang lu pernah liat?? kata gw, yg ngatain berarti dia yg bgtu, eh maap, lc yah?",5,2026-07-25 11:06:49
turun aja game nya gk adil,1,2026-07-25 11:06:04
game stres,1,2026-07-25 11:01:08
karena moonton tidak mau kasih aku ke Mythical,1,2026-07-25 10:58:37
"makasih moonton,game ini sudah banyak menghibur saya",5,2026-07-25 10:55:55
burik jelek,1,2026-07-25 10:55:12
machmcaking buruk banyak dark sistem,1,2026-07-25 10:54:27
gw suka sumpah sama ni game GG amat sama enak kalo lagi bosen,5,2026-07-25 10:54:13
"omon omon katanya mau memperbaiki sistem matcmakingnya,daripada janji manis tapi boongan,mending gak usah,kenapa?hanya omon omon",1,2026-07-25 10:53:19
"main 1 mingu ga peranh menang, game ta*",1,2026-07-25 10:51:29
game ini seruuu banget buat orang yang suka gabut kayak aku,5,2026-07-25 10:51:09
tolong lebih banyak skin gratis,5,2026-07-25 10:50:14
"game yang sangat jelek dan buruk mending di hapus saja dari Indonesia, banyak kalah nya daripada menang nya ini bukan game happy fun, tapi ini game laknat tim sama musuh lebih jago musuh dapat tim sampah semua kaya baru main ml aja ga recommended lah mending out dari Indonesia, mending main pubg senang"" , makanya ratingnya cuman 3🤣",1,2026-07-25 10:50:02
"game bikin stres jir, masa klo udh epik 1 bintang 5,kalo mau push ke legend selalu kalah terus jir, dikasih tim gjls trus, ga pernah menang, giliran bintang 3/4 jdi menang, trus klo dh bintang lima lagi ke gitu lagi. knt",1,2026-07-25 10:48:43
pelis lh ee monton dari tadi los trik tula katek nian aku menang 7kali los trik,1,2026-07-25 10:48:40
tolong dong kenapa belakangan ini masalah jaringan suka gk jelas tiba² gk bisa gerak mohon di perbaiki,2,2026-07-25 10:48:29
"sudah ku uninstall. cape bro. buat orang jadi tertekan batin. aku mundur diri. lama lama disini udah ga nyaman. mau healing jadi pusing.... disimpen 10 GB buat pusing doang. mending main block blast, pusingnya jelas. kalian ini keras kepala. yg tidak sehat itu kalian,mengatur pemain untuk menciptakan permainan sehat. kalian memasukkan pemain yg sakit jiwa. atau yg sakit jiwa itu kalian? aku istirahat dulu. dari semalam aku membuang waktu untuk hal bodoh yg kalian buat ini. dasar game konyol.",1,2026-07-25 10:48:05
"untuk game nya ya bisa di bilang bagus. bug sinyal juga udah gak ada naik turun. game nya juga gak maksain buat pay to win jadi bagus lah aman juga buat palyer yang emng cuman mau main doang. tapi tolong lah sistem matchmaking tetap serasa gak adil apa lagi di saat kita udah win streak tim yang kita dapet performanya bisa di bilang aneh aneh soalnya draf nya mereka suka ngaco, setidaknya samain lah skil mereka dengan skil kita. gua gak paham sih ini dari game nya atau emng playernya.",4,2026-07-25 10:47:23
makin bobrok !,1,2026-07-25 10:46:46
"game ini seru banget kalo dimainin saat gabut ataupun saat naikin rank!!🤩🤩, tapi yang gak seru gak punya diamond😔😔...",5,2026-07-25 10:46:05
itu game paling seru.,5,2026-07-25 10:45:52
tolong developer ketika solo kasih temenya yang bener aja,1,2026-07-25 10:45:02
"gw udh cape montoon gw sakit 3jam ngepush ga dapet apa apa last match tadi malah lu ketemuin ama legend apa ga sakit gw match making lu kek gitu, gw kasih bintang 5 biar ulasan gw ada di atas dan lu bisa liat gimana cape nya org ama sistem matchmaking lu yg belum bener",5,2026-07-25 10:44:40
lose streak bisa bikin lu stress,1,2026-07-25 10:43:52
"game aneh bot banyak, akun gabisa di pulihin balikin akun gua, udh minta layanan pelanggan tetep aja ga bisa di pulihin g guna",1,2026-07-25 10:43:13
saya suka dengan game mobile legend reng nya semakin naik semakin susah terkadang menurun rengnya dan terkadang naik pokok nya saya kasih bintang ⭐⭐⭐⭐⭐ 😅👍,5,2026-07-25 10:42:40
kalo ngasih tim yang bener tim sendiri kocak tim lawan jago,1,2026-07-25 10:41:58
woh lah muntun ini kenapa masa garis 2 di gem lek kadang remak kadang kuning memang gem gak jelas semakin kesini semakin busuk ml,1,2026-07-25 10:41:16
menyenangkan,5,2026-07-25 10:39:38
aku kasih bintang 5 meski pun aku GK puas.kadng saat milih Hero di dalam role.kadang ada teman PIK Hero tidak sesuai rolnya misalnya espi PIK mage.misal mm jdi tank.mm jadi mage.jadi tolong jauhkan player yg kayak gitu di tim saya.pada saat sy main rank. dan jauhkan tim2 kuat SM sy.dan aku rekan tim yg kuat ke aku.gue capek kalah mulu.di saat main rank.karna dpt tim yg egois dan GK mentiging rekan tim di rank.maunya mau di gendong terus GK mau usaha.sendiri,5,2026-07-25 10:37:47
"pliss gua mau main lancar pin ijo aku gak peduli menang atau kalah tapi kasih gua pengalaman bermain yang adil orang² pada lancar gua kagak, gua user wifi gem lain lancar tapi di MLBB kagak, masih lancar si tapi di lobby@#@$#@",1,2026-07-25 10:36:35
muantap,5,2026-07-25 10:35:51
"montoon bagaimana cara mengatasi, di saat mactmaking, yang stuk di tulisan pertandingan ditemukan",3,2026-07-25 10:35:35
seru dan asik,5,2026-07-25 10:34:25
game tolol,1,2026-07-25 10:32:23
"plss lah ini game dah bagus cok tapi kenapa harus banget ya keliatan banget cok ga adil nya masa gw mythic satu tim sama legend tapi musuh honor semua, aneh sumpah sama ini game ga adil bener,",1,2026-07-25 10:31:38
sangat puas Dengan model model skinnya,5,2026-07-25 10:31:26
matchmaking tidak adil glory ketemu legend udah gitu bnyak darksistem,1,2026-07-25 10:30:34
"mantap, tergantung skill bermain",5,2026-07-25 10:30:32
"makin hari makin sampah. matcha ga adil, ga pernah diperbaiki.",1,2026-07-25 10:28:00
walaupun bikin setres tapi seru,5,2026-07-25 10:25:55
Game yg pas buat adu omong🤣🤣🤣,2,2026-07-25 10:25:54
game bagus bikin gp turun rengket,5,2026-07-25 10:25:26
Saya sangat suka game ini,5,2026-07-25 10:23:14
"game ga jelas, banyak anomalinya",1,2026-07-25 10:23:07
kita tak boleh,5,2026-07-25 10:23:07
dapat tim bloon truss. menang sekli kalah bisa berkali kali,1,2026-07-25 10:22:37
moonton tolol ngasih musuh yang pro,1,2026-07-25 10:21:57
keren game nya seru banget kalo di mainin bareng temen,5,2026-07-25 10:19:52
bagus,5,2026-07-25 10:18:11
kasih reset akun lah pas akun aku gak sengaja ke ban gak bisa reset atau login yang lain Tambahin fitur dikit pelis,4,2026-07-25 10:17:22
seru,4,2026-07-25 10:16:47
bagusssssss,5,2026-07-25 10:16:43
di kasih tim g pernah bener,3,2026-07-25 10:16:31
jaringan lag Skali padahal pakai wifi aneh,5,2026-07-25 10:15:15
tolong server nya benerin masa sinyal ijo ngelak hp gak mungkin yang jelek di perbaikin lagi,5,2026-07-25 10:14:59
yang males nya gini udah menang kalah terus pas 1 bintang lagi immo mytic atau legend di kasih susah sama moonton emang seru banget dari dulu mobile legends itu orang tinggal beberapa skor lagi immo di kasih dikit lagi harus satu match itu doang yang jadi masalah kurang adil,3,2026-07-25 10:11:32
pertemuan war di kecepatan duitnya 100% gak adil tolong gan di perbaiki,5,2026-07-25 10:11:05
ga ngotak bikin game di beri musuh yg jgo sama yim yg aneh,1,2026-07-25 10:10:27
maen dari s12 smpe skrng mentok glory 🗿. mana hp udah kentank bet woii ml updte makin berat pntk,4,2026-07-25 10:09:06
saya sampai stres memainkan game ini,4,2026-07-25 10:08:58
plis lah udah lah kasih tim yang si imbang kek gak adil ini nama nya permainan gak adil masa tim musuh kuat tim ku gak pandai main gak adil kalo gini mending hok,1,2026-07-25 10:08:16
sistem pemilihan tim yang buruk,2,2026-07-25 10:07:59
like it,5,2026-07-25 10:05:06
GAME TER KIKIR SEPANJANG SEJARAH,1,2026-07-25 10:04:22
mlbb and tqq its peak,5,2026-07-25 10:03:01
gamenya sangat bagus tapi mohon perbaiki bug sama ping ya,5,2026-07-25 10:00:36
game ini sangat burik grafik sangat jelek,1,2026-07-25 09:58:20
jika boleh saya ingin ikut tournament,5,2026-07-25 09:58:06
2 aja makin jlek selalu kasi tim yg satu PP nya KLO solo,2,2026-07-25 09:57:55
cara ngatasin ml stuck di login gimana monton pliss,2,2026-07-25 09:56:01
"timnya gak jelas,game lol",2,2026-07-25 09:56:00
aku win streak terus di epic,3,2026-07-25 09:54:47
"mengadukan gk bisa di permainan,stak d loby,jawaban ny malah gratis 1*ganti nama,astaga🤦",1,2026-07-25 09:50:33
orang orang nya minta dikatain semua,5,2026-07-25 09:49:33
monton gimana sih cara hapus akun ml nya tapi di ganti akun baru soal nya akun ini punya kenangan dari orang yang nyakitin aku 😭😭,5,2026-07-25 09:48:41
saya sangat suka,5,2026-07-25 09:45:49
Ng lag banget moonton,3,2026-07-25 09:45:15
game jelek banget bikin stres mending hapus aj dari playstrore gw ga bakal main lagi,1,2026-07-25 09:44:20
Stop dulu main mobile legends tunggu siseon turun dulu memang main di legends susah betul jadi sy putus khan berenti main sampai turun ke gm baru sy main lgi sm ke epic setelah sampai di epic sy berenti main tunggu siseon turun lgi bgitu ak main,1,2026-07-25 09:44:12
Gamenya bagus bangettt,5,2026-07-25 09:43:46
"banyak bug nya, masa gw lagi enak main tiba-tiba di keluarin dari dalam game, gajelas bgt mana gabisa masuk kedalam game nya lagi",4,2026-07-25 09:43:42
layar gw jadi kecil tll,1,2026-07-25 09:43:26
"masih banyak darksistem,mohon agar lebih di kondisi kan lagi darksistem nya",4,2026-07-25 09:43:18
"Game nya bagus👍playernya juga ramah-ramah, Playernya juga suka merekomendasikan game lain seperti, Free Fire dan Pou atau Barbie, Intinya gamenya bagus, Karna playernya yang baik dan sopan dan permainannya yang seru, Dan game ini cocok untuk menghilangkan stres kalian.🗿👍",5,2026-07-25 09:42:25
"game bagus ,moonton baik kasih nya dark sistem mulu",5,2026-07-25 09:42:01
"susah banget dapet tim yang bagus, kalah Mulu padahal main udh bagus",1,2026-07-25 09:41:24
"banyak dark sistem nya, kacau banget ini game",1,2026-07-25 09:41:18
ga jelas ni game menang 1x kalah 10x dpt tim bot mulu aneh kalo kek gini kapan gue imo nya GUE GAMAU SETIM SAMA BOT gue cape tau ga udah ya gue uninstal nanti kalo mut donlot lagi lama² stres beneran ni gue. JARINGAN LO GMN SI TIAP MAIN KEJANG AJA TEROSSSSS,1,2026-07-25 09:39:47
emng gamenya ngesetting gua buat kalag mau gimna lagi di kasih tim dark sistem sampe lose 12 kali itu ga wajar banget,1,2026-07-25 09:34:30
game player nya idiot semua kek yang nyiptainn,1,2026-07-25 09:32:57
mantap,5,2026-07-25 09:32:32
game kontl,1,2026-07-25 09:31:09
"seru banget,game fav",5,2026-07-25 09:30:07
game nipu katanya 1 vs 5 eh dalam gamenya malah 1 vs 9 kocak banget bukan sekali dua kali berkali-kali malah 1 vs 9 mana 5vs5 yang kau janjikan itu wok?,1,2026-07-25 09:27:30
akun saya di retas bagaimana cara mengembalikannya,5,2026-07-25 09:26:21
game gak adil,1,2026-07-25 09:26:19
moonton tolong bikin fitur/player yg rank tertinggi nya setara contoh kalau kita main solo dapat tim sama2 ex glory begitu juga di tier bawah soalnya tim gw beban abis dan juga tolong diperbaiki sinyal nya sekarang gw kalo main pas war suka ngelag pdhl sebelumnya gapernah gini apalagi wifi udh mentok masih ngelag tolong juga kalo player main rank tolong cariin server terdekat aja biar ga lag itu aja sih sisanya bagus2 aja,4,2026-07-25 09:25:49
kasih event skin Collab Naruto,1,2026-07-25 09:25:44
game tolol sinyak gw bagus malah lag,1,2026-07-25 09:25:28
"semenjak update sistem matchmaking menjadi tidak seimbang. Setelah menang dan mendapat KDA yang bagus, pada saat akan bermain untuk permainan selanjutnya kita diberikan player dengan KDA yang buruk pada game sebelumnya (dark sistem). Sistem seperti ini tidak adil untuk player yang bermain secara solo, dan membuat player malas untuk bermain game seperti ini lagi. Berbeda jauh dengan game sebelah, sistem yang anda berikan sangat mengecewakan!",1,2026-07-25 09:25:05
gamenya bagus banget,5,2026-07-25 09:23:48
game tolol mambu tau ngasu,1,2026-07-25 09:22:57
ku kasih 1 bintang game ini membuat ku gila stres,1,2026-07-25 09:22:43
"bintang lima buat game ini,karena game ini sukses bikin saya sesak nafas karena player nya yang pada buta,ml kasih saimbara kaca mata biar ga buta",5,2026-07-25 09:21:24
bagus monton bagus,1,2026-07-25 09:20:56
gamex mantap,5,2026-07-25 09:20:12
"makin hari makin parah, jaringan bagus (hijau) ko patah2 bahkan lek parah, kok bisa begini, bukannya di perbaiki malah update ngak jelas",5,2026-07-25 09:20:11
"Tolong perbaiki bug pasif benedettanya, pas ulti gabisa ngedash malah suka stag jalan kaki",2,2026-07-25 09:19:08
"sangat baik, saya epic",5,2026-07-25 09:19:04
"wah game ini sangat bagus untuk menaikkan darah tinggi, apa lagi kalo sering di kasih lose treak saat hendak mencapai rank selanjutnya 😊😊, ada yang lebih parah yaitu selalu di kasih tim draksistem dan lawan yng jago, berbanding jauh bukan?.. sejauh ini yang aku takutin bukan cuma lawan yang jago tapi yang paling aku takutin itu tim yang.. aduh th O lo l nya tapi gapapa moonton emang suka nguji kesabaran orang, untung aku orang nya sabaran (boong bgt su)",5,2026-07-25 09:18:58
"sistem match making tidak adil, ketika melaporkan player troll juga tidak ada tanggapan ini sangat merugikan ini adalah kesalahan moonton yg membuat rating di PlayStore jelek, mungkin bisa dipertimbangkan untuk sistem match making di game, dan buat sistem nya lebih bisa tanggap laporan atau report",1,2026-07-25 09:18:05
game sangat seru,5,2026-07-25 09:15:07
👍👍👍👍👍👍👍👍👍😁😁😁😁,5,2026-07-25 09:14:36
l wont stop until The boys is mine..,5,2026-07-25 09:13:51
pemilihan musuh tidak seimbang,1,2026-07-25 09:12:30
game nya bagus ga bikin bosenn pokoknya menghibur lah the best👍💯,5,2026-07-25 09:12:05
"Tolong nerf skill 1 cici jadi 1,75-2,75% max hp lawan bukan 3,5-4,5%",5,2026-07-25 09:09:47
Sangat seru mainnya terkadang lawan nya menantang,5,2026-07-25 09:09:30
bagus,5,2026-07-25 09:08:32
game bagus,5,2026-07-25 09:07:34
game nya seru banget,5,2026-07-25 09:07:26
aku lebih suka ml daripada ff karena ff itu burik terima kasih moonton,5,2026-07-25 09:07:07
makasih telah mempromosikan game lain ☺😋,5,2026-07-25 09:06:52
"percuma punya perlindungan rank kalo GK bisa kepake, apa gunanya coba punya perlindungan tapi kalo GK bisa dipake aneh agak laen juga ini game, hama bener",1,2026-07-25 09:06:51
kayak bab1 game nya ga di kasih tim yg setara,1,2026-07-25 09:06:40
"gacha ga hoki, match ga seimbang, waktu main sering ngelek, dan masih banyak lagi.",2,2026-07-25 09:03:44
"tidak jelas sinyal saya macet di merah padahal wifinya baik"" aj",1,2026-07-25 09:03:30
pembagian tim tidak adil tim musuh pada glory semua masa tim saya ada yg legend ada yg honor,1,2026-07-25 09:02:10
seru banget walau ketemu dark sistem tapi moonton aku pengen ke mytich,5,2026-07-25 09:02:01
seru,5,2026-07-25 09:01:08
"game tolol, main solo rank slalu dikasih kalah dan tim bot !!!",1,2026-07-25 09:00:10
"sistem aneh masa iya player mythic ketemu immortal maupun Cl dan rank setiap hari lose streak perbaiki sistem itu aja kalau bagus,bintang 5",1,2026-07-25 09:00:07
"Game nya sering bermasalah nih, masa pas lagi main rank pas di draft pick tiba tiba reconnect dan itu makan waktu yang lama (padahal jaringan ku gak bermasalah) ini bener bener merugikan diriku karena teranggapnya afk dan bisa mengurangi kredit skor.",3,2026-07-25 08:59:12
game gg,5,2026-07-25 08:58:46
gemnya seru dan dapat banyak teman bintang 5🤩🤩,5,2026-07-25 08:58:33
gem seru tapi kenapa aku di kasih kalah mulu,5,2026-07-25 08:58:29
"game lawak maen dikasih dark sistem terus kalo gini trus kasian dong player yg udh buang buang waktu cuma buat bintang turun lawak org kasih yg setara kek biar seru ini mah dapet nya tim bot semua musuh nya banyak yg jago hadeh lawak !!!, game ini soal matchmaking problem nya banyak bgt ga abis pikir dah sama ml skrang!!!,perbaiki dulu noh matchmaking Lo yang burik itu",1,2026-07-25 08:56:20
selalu di kasih musuh ga setara,1,2026-07-25 08:55:44
epic sarang binatang,1,2026-07-25 08:54:02
bagus tapi lostrak mulu,5,2026-07-25 08:53:18
sangat seru dan menarik,5,2026-07-25 08:53:06
Kenapa Aku Gabisa Download Ya Moonton Woilah Ditolak Karna Terlalu Jago😎,1,2026-07-25 08:52:46
Makin parah... .uninstal aja,1,2026-07-25 08:52:19
INI GAME TAU DIRI ORANG LAGI SETRESS ATURAN MAH INI MENGHIBUR TAPI MALAH BUAT MAKIN BURUK,1,2026-07-25 08:50:42
game on ol gaje banget gw maen cmn buat kalah,1,2026-07-25 08:49:19
gem nya sangat bagus,5,2026-07-25 08:48:40
halo. kenapa aku stuck di loding ml dan tidak bisa masuk ke game padahal siyal ku bagus bagus aja tetapi setelah aku relock beberapa kali sudah bisa. tapi nanti terulang lagi dan karakter loby ku kaku gak bisa bergerak cuman bisa muncul teck pembicaraan dan juga lagi aku sering ketemu bot/computer saat main apakah memang sudah terlalu sedikit player yang main?,1,2026-07-25 08:48:10
"yok uninstal game ini, game mobile legend lama alama gk jelas,, uninstall aja ,, tiap hari main di kasih tim bot,, uninstall ganti game baru,, game norak kampungan",1,2026-07-25 08:48:08
games sudah tidak layak buat mainin banyak lawan yang gunakan cheat,1,2026-07-25 08:47:09
tolong moonton benerin ml saya kok ada tulisan menghubungi kembali terus tolong ya saya mau main,5,2026-07-25 08:47:07
"sarang gw, klo udh kalah 1-2 kali jgn di terusin lagi, pasti bakalan kalah trus",1,2026-07-25 08:46:36
"untuk saat ini saya kasih 1 bintang!!!, tolong segera berikan solusinya gimana agar di saat main rank di in game jaringan tidak jumping/ lagg,,",1,2026-07-25 08:46:16
game jelek,1,2026-07-25 08:45:34
moonton tolonglah ini saya main buat cari kesenangan ketenangan tapi setiap saya main kalah terus udah hp gak sanggup lagi buat main game ini di mainin gamenya cuma dapat kalah terus,4,2026-07-25 08:45:32
sukaa,4,2026-07-25 08:44:58
"game busuk, gameplay enggak seimbang, gajelas masak kalah bisa lebih 8 kali",1,2026-07-25 08:43:36
Tolong Kasih tim yang seimbang soalnya Udahlah matchmaking lama Tim bot musuh jago semua kayak rugi gitu makanya kasih tim yang seimbang lah kalo engga matchmaking Dipercepat Terimakasih,4,2026-07-25 08:41:22
bagus untuk saat ini bot AI nya untuk penguasa pada setiap bot AI nya di sesuaikan sesuai rank jadi kalo rank lebih tinggi bot AI nya lebih pintar untuk rank yang pemula Bot AI nya tidak terlalu agresif bagus trus kan mooton,5,2026-07-25 08:40:22
"game nya udah jelek, apalagi yang main solo harus bisa lah kita gendong 4 orang, masa 200 macth mentok di lengend, emang makin lama kek game gk jelas",1,2026-07-25 08:39:54
gameplay nya bagus tapi tolong diperbaiki bug nya Jagan kasih dark sistem lagi saya mau push rank jadi kalah Terus,4,2026-07-25 08:39:39
"apaan si ini moonton , udah top up weekly diamon pass tapi kaga masuk diamonnya padahal udah dibayar ada buktinya juga , game rusak korup",1,2026-07-25 08:39:32
saya tidak melakukan pelanggaran tetapi akun saya tidak bisa main padahal sudah ada data yg lancar baik,1,2026-07-25 08:39:08
ga adil saya main tidak di beri tim setara dan lawan tak setara,1,2026-07-25 08:38:26
"Game yang buruk, saya baru beberapa Minggu tidak login ke akun saya yang namanya ヨギ glexプラセ, kemudian saya login kembali tapi sudah disuruh untuk buat akun lagi, jadi akun saya ヨギ glexプラセ sudah hilang, saya coba pemulihan akun juga tidak bisa, tolong kepada pihak moonton untuk memulihkan akun saya.",1,2026-07-25 08:37:36
Unstable connection in Mobile Legends while the game is running,1,2026-07-25 08:36:51
server nya benerin,1,2026-07-25 08:34:56
ya bagus aja sih walau kadang bikin stress 🗿,5,2026-07-25 08:34:38
ngasih tim drafsistem mlu...kalah mah 10 kali menang sekali sistem apa kali buta g liat draf...buang2 waktu gua unistal.,1,2026-07-25 08:34:07
buruk game banyak bug,1,2026-07-25 08:34:06
ml kok gak bisa hapus konten skin dalam pertandingan cepet rusak perangkat kayak gini,1,2026-07-25 08:33:06
coba benerin draksisitem nya min,1,2026-07-25 08:32:29
"klo mau kasih tim yang adil dong masa tim musuh semuanya udh pernah imo sedangkan tim saya glory aja belum pernah , ini saya player solo, gak adil bgt",3,2026-07-25 08:32:17
gamenya sangat bagus bagi saya user roam yang sengsara tolong lah moonton kasih team gak dark sistem dan tolong hapus fitur bunga mekar,1,2026-07-25 08:31:37
"nih mas monton udah kasih 5 lagi kalo kalah dua kali lagi,gw turunin lagi bintang nya",5,2026-07-25 08:31:30
"game ANEH, awalnya mudah aja, tapi lama kelamaan kok makin susah, musuh nya jago² lagi, bug, awalnya aku exited lohh download game ini, tapi tidak memuaskan, harus adil dong, masa ga, huhh, tapi tim ku sebenarnya pro, tapi aku itu lohh, aku udh nyerang tapi malah yg lain yg dibilang nyerang, bintang ku hangus tau.",3,2026-07-25 08:31:18
"geme apa kek gini org main gem buat hilangin stress malah makin streess, dapat tim BOT,tim kayak baru main ml padahal rank legend, rotasi gak ngerti beda kali sama musuh nya, maen aman, kompak jago rusuh, tapi tim kita , udah roam di golden selalu xp gak ngerti bantu ken kek apa lah ni geme, hapus aja ni geme main ep ep enak lagi bisa solo",1,2026-07-25 08:29:56
gimana tau..lvl kecil ketemunya lvl timggi ya kalah mulu lah..gimana mau naik rank'a.. adil darimana nya suuu lah 😡..uninstal langsung,1,2026-07-25 08:29:46
game buruk tim yang gak bisa main aku selalu dibuat susah sama timnya mending aku main Free fire daripada main game ML soalnya timnya nggak jelas semoga didengarkan,1,2026-07-25 08:29:34
tidak bisa login,1,2026-07-25 08:29:13
"mantap, meski terkadang rekan nya ngetroll sihh",5,2026-07-25 08:28:46
kenapa ini kok gk bisa masuk dicutomer server,1,2026-07-25 08:28:41
Game nya keren gk ngebosenin tapi yang bikin kesel itu team nya dra system semua apa lagi banyak yang cheat kesel tapi jujur ml itu seru banyak yang bilang ff paling seru ml yang paling seru bodo amat lah hp gw ini game gw ini yang unduh kita lawan anak ff hidup moonton ✊,5,2026-07-25 08:28:13
"epic ex legend ketemu epic ex imo gimana ceritanya, udah kasih masukan ratusan kali tetep aja sama gak di perbaiki, pengalaman bermain yang buruk",1,2026-07-25 08:27:46
good,5,2026-07-25 08:26:57
selalu leg sinyal gk padahal bagus tpi pas di game leg parah terus sekarang gak bisa login,1,2026-07-25 08:26:12
"game aneh. keluar sebentar dri aplikasinya, login ulang malah lama bgt, padahal masih main rank lho, berharap ga di cap afk sm ml eh tau nya afk terus bot yg mainin TOLOL bgt, lucu dah ni game",1,2026-07-25 08:25:47
Moonton kenapa ml ku pas di loading scren kaga bisa masuk ke in game nya jadinya afk mulu bantu,2,2026-07-25 08:24:57
Gem tambah setres,3,2026-07-25 08:24:31
game nya seru polllll😍😍😍😍,5,2026-07-25 08:24:28
sangat tidak mendukung player jangan di download,1,2026-07-25 08:22:26
"perbaiki dulu lah game mu ini moonton,orang make cheter akun ku yg kena imbas nya",1,2026-07-25 08:22:22
Gamenya seru bgt,5,2026-07-25 08:20:22
keren,5,2026-07-25 08:20:07
gampang imonya,5,2026-07-25 08:18:41
aku sangat suka,5,2026-07-25 08:18:10
jaringan saat main merah dan 300+ gabisa gerak sama sekali jadi diperbaikin dulu biar nyaman orang² mainnya tambahan:jangan kikir,3,2026-07-25 08:16:30
"game apasi ini, banyak anomali nya, jaringan bagus tiba tiba nge lag",5,2026-07-25 08:16:07
woy monton kasih tim gua yg bagus dong gua mau naik imo susah bener Jangankan imo honor aja susah kasih kek nya tim yg bagus kasih gua ws dong,1,2026-07-25 08:15:23
"game aneh, masa pas udah win muncul tulisan ""menghubungkan kembali"" padahal jaringan gw bagus, trus pas relog bintangnya gak nambah dan hasil pertandingannya gak muncul tapi pas di cek replay ada. udah relog berkali-kali tapi bintangnya gak nambah",1,2026-07-25 08:14:59
"kenapa dah monton jaringan nya Leng parah padahal aman aman aja. kalau lagi main game ini suka Leng ini, ini game apa dah Leng Mulu",3,2026-07-25 08:14:33
bagus banget dan seru lagiiii,5,2026-07-25 08:14:20
seru banget,5,2026-07-25 08:14:17
bagusi tapi hpku udah mulai ga kuat🗿,5,2026-07-25 08:13:38
agk ngeleg dikit,5,2026-07-25 08:13:19
woii MONTONN Kenapa game lu ga bisa login di hp gw,5,2026-07-25 08:12:58
karena saya di kasih tim yang kaga bisa maen setiap hari bukan cuma sekali dua kali setiap hari di kasih temen yang ga bisa maen,1,2026-07-25 08:12:08
"game ini sangat seru, playernya ramah, banyak sekali jenis2 hewannya, jaringan sangat lancar dikarnakan ada cheater, menaikkan ranknya sangat gampang sekali, intinya game ini dapat menghilangkan stressss",5,2026-07-25 08:11:40
gem sepi isi nya computer 5 pertandingan ketemu 5 computer tolong berbaikan sistem mu ini monton,1,2026-07-25 08:11:05
keren banget,5,2026-07-25 08:08:32
gk bisa login,1,2026-07-25 08:08:11
GAME NYA JELEK GUA GA BISA LOGIN UDAH 2 HARI JANGAN DI MAININ LAGI,1,2026-07-25 08:08:03
wow game stuck di loading gambar GK bisa masuk,1,2026-07-25 08:07:16
saya sudah main baru saja tapi entah ada yang ngecit atau apa gitu lalu tiba² keluar ngeleh dan gak bisa login tolong moonton akun irhas•sebyan,5,2026-07-25 08:07:11
ngasih tim selalu gk adil,1,2026-07-25 08:05:28
bagus,5,2026-07-25 08:04:33
banyak promosi pow kalo under perfom,5,2026-07-25 08:03:38
"bagus ,tapi proses download majemen konten mohon dipercepat ya terima terimakasih 😎",5,2026-07-25 08:03:36
bewan kita montoon,5,2026-07-25 08:03:11
"Ini Dev saking bagusnya pengelolaan server sampe nge crash loh ya, lagi main rank tetiba freeze hilang sinyal, Di relog nggak ngaruh. Hebat memang Montoon, aku cinta Montoon dan MLBB, terimakasih sudah menciptakan game sebagus ini #MlbbTheBest #MontoonDevTerbaik #GreatestOfAllTime",1,2026-07-25 08:02:10
GK jelas yg maen dongo benerin match making moonton,1,2026-07-25 08:02:02
Dark sistem baik,1,2026-07-25 08:01:10
"tempat laporan ml dimana,akun saya disconnect sudah 1 jam lebih",1,2026-07-25 08:00:57
kenapa jadi lose streak terus ya? kasih team yang seimbang lah,1,2026-07-25 08:00:16
"burik, skin nya gada yg bagus 😊",1,2026-07-25 07:58:55
"Matchmaking sangat tidak adil. saat gw main di game pertama menang, game selanjutnya gak semesti menang lagi, paling kesempatan menang nya 50% dan kalah 50%. TAPIIIIII pas game pertama kalah game selanjutnya mustahil menang😈😈. kalau main game pertama KALAH, lanjut main bergame game sudah pasti akan KALAH. gw main game pertama menang dan game selanjutnya kalah, pas gw terusin jadi LOSE TREAK 9x😈😈 Padahal gw main roam tapi tetep kalah soalnya tim gw GAK SEIMBANG SAMA MUSUH😈😈😈INI KHUSUS SOLO",3,2026-07-25 07:58:33
kak akun saya hilang setelah menerima invit bermain game tolong dibantu,5,2026-07-25 07:58:17
"game nya bagus bagus bagus aja sih tapi gw aja yg muak ketemu dark system' anj, Woi moonton benerin dah sistem match lu biar gak ketemu Mawi padahal udh glory",1,2026-07-25 07:58:11
game ini keren,5,2026-07-25 07:58:02
karena permainan itu seru,5,2026-07-25 07:57:12
gasuka matchmaking nya ga sesuai gua padahal mentok pengendara masa ketemu musuh yg mentok honor lahh mythic lahh mana ls mulu sering juga ketemu lah pokok nya gasuka ama game ini,1,2026-07-25 07:56:56
akun ku di bajak,1,2026-07-25 07:55:51
game rusak,1,2026-07-25 07:55:48
makin kesini makin jelek lawan tidak imbang tim sendiri di kasih boot,2,2026-07-25 07:54:40
Game Aneh Jir,1,2026-07-25 07:54:02
saya suka game ini karna pemilihan tim yang sangat bagus dan Player nya sangat ramah dan jago jago,5,2026-07-25 07:53:54
gak jelas ni game lagi dalam pertandingan tiba tiba jaringan terputus Kataya padahal jaringan aku bagus sampai sekarang masih seperti itu gak tau lagi udh lah game sampah,1,2026-07-25 07:53:50
game rusak ngasih publik kaga pernah adil,1,2026-07-25 07:50:23
"ga adil, masa gw selalu dapet tim yg ga bener padahal di rank honor? bukan karna ga ga jago, tapi tetep aja gw jago kalo ga ada yg ngimbangin, setidaknnya kasih 2 orang an yg setara ini mah ga ada sama sekali, dapet publik jago juga cuma kadang"" itu juga bisa keitung pake jari, benerin lagi deh sistem nya moonton kalo bisa ada sistem seleksi dulu biar nentuin dapet tim nya gimana dan bisa dapet tim yg setara",3,2026-07-25 07:49:15
karena banyak drack sistem,1,2026-07-25 07:47:56
ini kenapa sih ga bisa login ngestak Mulu di loading screen?,1,2026-07-25 07:47:42
game hama😹😹 sekali mau naik mythic langsung menang kalah. apalah game hama. satu team legend semua tapi isinya kek warior😹😹,1,2026-07-25 07:47:17
apalah ini ga bisa main pdhal lagi Mabar,4,2026-07-25 07:44:24
lagi eror kah ini game dri tadi menyambungkan mulu,1,2026-07-25 07:43:02
gua stuck di loading screen anjir,1,2026-07-25 07:42:56
saya mengalami kesalahan server game nya ngak bisa dimainkan,1,2026-07-25 07:42:28
"seru tapi kebanyakan bocil darksistem yg gbisa main tolong kasih tim yg bener, capek main solo,duo gini kena troll Mulu",3,2026-07-25 07:42:03
"Semenjak Muncul hero hirara match making rusak,saat jam siang satu tim sama bocil asal main,saat jam malam nabrak akun smurf dan abang abangan glory-imo,plis benerin matchmakingnya moonton",2,2026-07-25 07:42:02
saya gak bisa login,1,2026-07-25 07:41:44
apa apaan ini kok GK bisa masuk ml nya,2,2026-07-25 07:41:44
apalah suka stuck di draft dan loading bikin ga bisa masuk ke game play padahal sinyal bagus,3,2026-07-25 07:41:10
kerasin,3,2026-07-25 07:40:23
kenapa tidak bisa login Hari ini ngestuck di loading screen,4,2026-07-25 07:40:04
"game nya bagus tapi pliss moonton revamp nana, Harley, chou,",5,2026-07-25 07:38:27
ngelaggg,5,2026-07-25 07:37:38
"game gajelas tiba-tiba jaringannya merah pdhl klo buka apk lain lancar, mana pas relog gabisa login lagi",1,2026-07-25 07:37:35
Bagus banget setinganya,1,2026-07-25 07:36:29
ngelag parah,3,2026-07-25 07:35:40
"Kebanyakan Collab, server gak dibenerin",1,2026-07-25 07:35:25
"geme nya bagus tapi orang"" di dalem nya jahat jahat mereka bilang mending aku main pou aja padahal aku cuman mau cari hiburan di game ini",3,2026-07-25 07:33:59
ngasih tim ga ada yang bener kala Mulu gua,1,2026-07-25 07:33:37
kok bnyk dark sistem masih gm lo gmn nih ton,1,2026-07-25 07:32:38
moonton ini knp saat main tiba-tiba lag trs waktu relog malah gabisa login stuck di loading trsss gmn ini.,1,2026-07-25 07:32:30
"tolonglah untuk para orang yg masih menggunakan cheat/curang segera di kasih hukuman saya bertemu orang yg curang lalu lag dan akun saya sama teman"" tidak bisa login lagi sampai sekarang",1,2026-07-25 07:30:48
bagus,5,2026-07-25 07:30:44
"jangan skin mulu yang di benerin, server nya juga diperhatikan lah, ping stuck 20 tiba tiba jumping... gegara server bapuklu gw kalah gegara salah langkah, pantesan dapet rating jelek, developernya aja mata duitan gini",2,2026-07-25 07:30:20
gema bikin stres,1,2026-07-25 07:30:02
game paorit,5,2026-07-25 07:28:46
"gamenya bgus, cuman teamnya yang tidak adil dan juga team musuh jago"" mainnya tapi team sendiri ngetrol dan bocah semua lawannya abang-abangan",3,2026-07-25 07:28:39
"sedikit cerita saya lagi bermaen game ini sma temen² saya, ga ada angin ga ada ujan tiba² kami ngeleg semuaa, padahal sinyal baguss ,tp sinyal di gamenya merah ga bisa gerak gak busa ngapa²in yg lebih gak masuk akal kan gak bisa gerak ga bisa ngapa²in tu, tp anehnya bisa on mic,,, gak lama dari satu sekitr 5 menitan malah ke kluar sendiri dari gamenya mental kek gitu,,udh berupaya kami buat login ulang malah gak bisa metok logo di login gamenya, udh di uninstal di downdlod ualng masih aja",1,2026-07-25 07:28:34
game nya seru bangat kadang bikin ketagihan kadang nyaris bikin gila,5,2026-07-25 07:27:11
anj gw ga bisa login co,1,2026-07-25 07:27:05
"bug jaringan nya meresahkan tiba tiba lag pas masih main rank,eh pas di cek jaringan nya stabil habis itu relog dah masuk ke halaman utama ada tulisan menghubungkan kembali,di tunggu gak masuk masuk ke pertandingan nya lagi,relog lagi dan masih sama,emang rusak sistem moonton.",2,2026-07-25 07:26:58
game banyak citer,1,2026-07-25 07:25:20
aku sudah masuk kedalam permainnya padahal sinyalnya bagus tapi kok 0 persen terus sih yang yeliti napa,1,2026-07-25 07:24:58
"gemnya bagus, cuman bikin stres",5,2026-07-25 07:24:07
game ini sangat bagus jadi saya beri bintang 5 karena game play nya menarik dan banyak hadiah sekin Hero geratis dan tolong jangan beri saya musuh yang jago,5,2026-07-25 07:23:20
monnton give me winstriak,3,2026-07-25 07:23:18
"game toolol server lagggg , gada perbaikan sekali mending maen game lain",2,2026-07-25 07:23:03
"tiba"" kluar sendiri akun saya terus ga bisa login lagi nge stuck di awal terus uda berkali kali restart pun sama aja tolong bantu dong min",1,2026-07-25 07:22:43
MOONTON KENAPA AKU GABISA MAIN TIBA2 HILANG SERVER NYA TOLONG DONG,1,2026-07-25 07:22:36
ga bisa log in tolong balas,1,2026-07-25 07:22:14
bagus desain nya,5,2026-07-25 07:22:05
game sampah stuck mulu,1,2026-07-25 07:21:20
lagi rank. tiba2. ngelag. terus tak bisa masuk lagi. keluar sendiri. aneehh,1,2026-07-25 07:20:53
Aneh banget gw malah kaga bisa login malah stuck di tampilan awal login montoon aneh banget,1,2026-07-25 07:20:43
"game sampah, kenapa berhari hari mentok dilobi gangguan jariangan.",1,2026-07-25 07:20:20
"game gajelas, ngasih tim ga jelas + dikasih ls mulu",1,2026-07-25 07:20:08
enak,5,2026-07-25 07:19:54
game taik cuman bisa rusak servernya mending gw hapus nih game ganti hok aj pas login juga gk bisa ngefrezee mulu,1,2026-07-25 07:19:40
gem kayak di seting montoon kalah mulu gem jelek,1,2026-07-25 07:19:31
"kesel banget gwa sama nih game. awal - awal instal emang fine aja, pas tadi pas gwa lagi push rank tiba - tiba sinyal merah. padahal pas gua cek di wa, ig, dan apk lainnya fine aja tuh. trs gua coba gua login lagi, tetep aja lamaa banget geraknya. gua login ulang, pas lagi loading nya 5 tahun, lama banget anj. udah gua coba 4x malah, tetep aja gitu. terus muncul teks ""loading resources failed"" AHH FANTEQ",1,2026-07-25 07:19:08
karna gemnya bagus tapi hp ku ga support ya gitu aja,4,2026-07-25 07:19:04
"server lag jaringan tiba"" merah bikin gak enak main sepi dah ni game,gini terus jaringannya",1,2026-07-25 07:18:39
gamenya ga bisa dibuka sampai saya download ulang tetap aja ga bisa kenapa ya? tolong dong developer nya,4,2026-07-25 07:18:20
"I prefer the Hayabusa and Kagura pairing over Hayabusa and Hanabi, which is why I gave a one-star rating. If you want me to give five stars, bring back the Hayabusa and Kagura pairing!",1,2026-07-25 07:17:44
"tolong lah ya moonton kalau bikin game waras dikit,tiba tiba lag pas main,terus login ulang sampe sekarang gabisa lagi masuk,itu maksudnya gimana moonton? kok bisa kayak gitu,udah coba hapus data,gabisa juga masuk ke background ml nya aneh ini game,tolong di respon lah,lama lama dikit yang main ini game",1,2026-07-25 07:16:59
"game ga jelas perbaiki lah tuh sistemnya, masa dpt tim aneh trs, giliran musuh pda dikasih yang bener jaringan juga noh etdehh, makin lama makin rusak ni game, bye bye deh kata gue",2,2026-07-25 07:16:27
baik,5,2026-07-25 07:15:55
banyak bug gajelas,1,2026-07-25 07:15:40
KASIHAN YANG HP KETANG TERLALU BESAR PENYIMPANAN !!!!.,1,2026-07-25 07:15:24
saya suka game ini karena ramah sekali orang nya,5,2026-07-25 07:15:14
Saya menyukai gems,4,2026-07-25 07:14:21
"sumpahh Gweh dikasi musuh susah terus ,juga Gweh dikasi tim yg beban kaya komputer males gua jadinya KLO kayak gini",2,2026-07-25 07:14:01
stuck di loading screen padahal sinyal udah 5G,1,2026-07-25 07:13:59
game asu,1,2026-07-25 07:13:33
min itu kok ngebug yaa wktu in game tiba2 lag trs ku relog ttp sama gbs masuk ke in game ngestuck di main hall knp kek gtu ya min trs aku nyoba uninstall donwload lgi masih sama tlong min ditangani,1,2026-07-25 07:13:23
loading nya lama,1,2026-07-25 07:12:33
nglag parah hp gw udh mau meledak,1,2026-07-25 07:12:33
mlbb bintang 1kudriliun plis monton kasih aku dimon,5,2026-07-25 07:12:13
"jaringan saya bagus, kenapa saya tidak bisa masuk ke game MOBILE LEGEND , saya lagi main tiba"" SINYALNYA MERAH. APA KEMUNGKINAN MUSUHNYA MENGGUNAKAN CHEAT? MONTOON DIBENAHI LAGI JANGAN DIBIARKAN USER MANAPUN YANG MENGGUNAKAN CHEAT. PERBAIKI MASALAH BUG PADA GAME MOBILE LEGEND , SINYAL SAYA BERJALAN LANCAR, KENAPA SAYA TIDAK BISA MASUK KE GAME MOBILE LEGEND.?",1,2026-07-25 07:11:00
game gaadil ini anj,1,2026-07-25 07:10:24
"ketemu citer gw, monton perbaiki monton gw ketemu cit free lag gabisa login selamanya monton pliss lahh",5,2026-07-25 07:10:18
assalamu'alaikum warahmatullahi wabarokatu monoton balikin ga skip 1 YIN auto aim nya pas mode lieh kalo ga di balikin akan tau akibat nya?,1,2026-07-25 07:10:12
cakep bgt,5,2026-07-25 07:10:03
game tolol,1,2026-07-25 07:07:20
game penambah stres,1,2026-07-25 07:07:17
game gak masuk akal banyak server pemula di gabung ke server yang sudah pro,1,2026-07-25 07:06:58
server lu benerin woi,1,2026-07-25 07:06:53
"game apa ini, setiap main solo kasi tim bot semua...apalah monton",2,2026-07-25 07:06:14
kasih lawan yg setara kek masa rank legend ketemu rank mitik keatas aneh bet sistem lu perbaiki lagi,1,2026-07-25 07:05:39
game ga jls dapet tim nya kaya monyet semua dari bintang 5 turun sampe bintang 1 monyet mending apus aja ni game dari play store,1,2026-07-25 07:05:21
"gua tidak bisa login anjir,pas lagi main mainya",1,2026-07-25 07:04:53
GAME RUSAK ORANG RELOG PAS LAGI IN GAME GA BISA MASUK LAGI MANA YANG HARUS NYA STAR GUA NAEK JADI JADI TURUN MANA KS JUGA TURUN WOY BENERIN GAME LU KOCAK JANGAN CUMA UPDATE UPDATE AJA MAKIN BAGUS MATCHMAKING NYA MAH GPP LAH INI MAKIN BUTUT,1,2026-07-25 07:04:44
perangkat nya tolong di perbarui,3,2026-07-25 07:03:58
rugi kasih satu bintang doang pelit bintang tim gajelas ga lebih setengah bintang game yang kata nya paling adil dan kompetitif ini gajelassssssssssss,1,2026-07-25 07:03:57
Kok ga bisa loginn,5,2026-07-25 07:03:54
bagus,5,2026-07-25 07:03:20
kenapa gk bisa dilogin montonn!!!!!,1,2026-07-25 07:03:09
knapa ngebug... gx bisa terhubung kembali ke dalam pertandingan,1,2026-07-25 07:03:06
"sistem pembagian teman di rank gimana sih,gak pernah dapet teman satu team yang bener bener mau main,susah banget ya moonton,mau nya gimana sih,di pikir yang main pro player semua apa,udah main solo di kasih temen satu team yang gak serius main semua,kacau",1,2026-07-25 07:02:02
"SYSTEM MONYET seandainya bisa ngasih bintang ½ , akan ku kasih ½.. 1 bintang kebanyakan ..",1,2026-07-25 07:01:46
"lagi main rank tiba tiba ngelag dan gak bisa masuk lagi , ini gimana mooonton udah coba restart ttp gak bisa",2,2026-07-25 07:01:34
di kasih lawan hebat mulu jadi males main ml,1,2026-07-25 07:01:25
"ada bug nya,aku tadi ngeleg trs login ulang,pas login ulang GK bisa msuk ml,trs di hp tmn ku,aku dlm pertandingan, benerin bug nya moonton TOLONG",1,2026-07-25 07:00:15
"untuk pihak yang bersangkutan dalam sistem mobile legend tolong ini game kenapa sistem tim dengan musuh kurng seimbang sedangkan ada bug"" yang tidak jelas padahal download data sudah melengkapi tapi masih ada saja bug nya",1,2026-07-25 07:00:14
"gamee anjjjinggg,, tiba"" aja keluar dari draft phase.... sialannnnn",1,2026-07-25 07:00:12
game nya sangat ramah,5,2026-07-25 07:00:08
"Makin kesini gameplay Mobile lagend makin aneh, sering ketemu team bot, sering ketemu team random yg gajelas ga sebanding sama team lawan, dan sekarang gw ngalamin BUG server tiba"" kluar dari game padahal mau mulai ranked notifikasinya kendala jaringan padahal gw udah pake support data+wifi, dan hp juga udh upgrade tiap tahun, entah udah mulai banyak cheater di Mobile lagend atau gimana, skrng gw mau masuk game gabisa padahal sinyal loadingnya udah full stuck di memuat game... 😡🤬",1,2026-07-25 07:00:02
jelekkkkkkk,1,2026-07-25 06:58:46
bagus seru,5,2026-07-25 06:58:11
"game jelek tim kita jelek tim lawan kek onic kairi banyak darksystem smaa yg gamau main sesuai lane dan ada yang mengambil buff tim dan ngetroll pokoknya diperbaiki moonton, sering ngelag ada chiter yang bikin ngelag bgt abis itu karna skor tim lebih tinggi dan saat keluar setelah itu masuk lagi tidak bisa",3,2026-07-25 06:58:09
"ml kenapa ini tiba2 ngak bisa di buka,tadi aku baru top up beli skin baru langsung main 1 match tiba2 game nya lag parah tapi sinyalku bagus trus keluar layar pas masuk lagi malah ngak bisaa, tolong....",3,2026-07-25 06:58:07
"Mimin monton lu gimn si?lagi asik main game ini udah malah main di rank kalo main di cl mah gpp deh, ini kan lagi main di rank, malah menghubungkan kembali?udah gitu engga bisa masuk ke ml nya ni kenapa bisa begini ml sekrng?tolong lah di perbaiki lagii terus juga suka ngeleg, udah udah ganti ke paket juga tetep aja ngeleg udah malah engga bisa' login ini stuk di logo ml aja hade.",1,2026-07-25 06:57:55
"diperhatikan lagi moonton buat orang yang suka cheat dsb. player makin dikit karna yg begini begini gak di tindak lanjut. ngerugiin kami player yang jujur, di menit awal udh ngelag sampe ga bisa main, sehat sehat deh buat orang yang main pake cara curang begitu, moonton sukses deh semoga game RUSAK ini ga SEMAKIN RUSAK.",2,2026-07-25 06:57:44
"game gaje, lagi war malah lag ngebug gabisa login",1,2026-07-25 06:57:03
"JELEK BGT SINYALNYA, TIBA-TIBA ADA TULISAN KONEKSI TERPUTUS PADAHAL DATA BAGUS AMAN AJA, WAKTU DIBUKA LAGI GK MAU LOGIN, NGESELIN BGT, MATCHMAKING NYA GK SEIMBANG",1,2026-07-25 06:56:56
"musuh nya terlalu berat""",2,2026-07-25 06:56:41
game rusak bikin pusing selalu lag masalah sekali mole ini hadiuuh,1,2026-07-25 06:56:35
"di perbaiki itu jaringan nya,jngn asik keluar skin baru aja taunya Kelen moonton. lagi ini game, setengah game keluar sendiri,masuk game lagi ngk bisa.di anggap AFK. GAME APA INI",1,2026-07-25 06:56:03
saya suka banget game ini soalnya untuk penghilang stres tapi kalau WS. kalo LS saya udah jadi odgj,5,2026-07-25 06:55:47
"woi monton game kenapa gak bisa login ngestuk di lobby mulu, gw lagi ngerank kenapa disconect",1,2026-07-25 06:55:45
masaa game besar gini gampang diretas sistemnya aku lagi main slo terus lagi posisi menang masa tiba tiba ngelag satu tim tapi masih bisa on mik nab trus aku coba reload masa ga bisa login lagi kan lol anj game taik,1,2026-07-25 06:55:35
game yang selalu memberikan drak sistem bagi pemain rank solo . mending hapus z ini game udah burik,1,2026-07-25 06:55:23
"Untuk gameplay nya okelah tapi bisa ga, jauhkan dari dark sistem capek tooon tolong lah mana udh mau reset rank gua capek Cok..., udh mau win malah force close tiba"", paten kali lama"" ml ini",3,2026-07-25 06:55:13
"laggy ahh game, jaringan hijau tapi lelet bahkan g mau menghubungkan kembali ke game 💔 fix your game instead of adding a bunch of skins",1,2026-07-25 06:55:08
sungguh game yang sangat menjijikan,1,2026-07-25 06:54:57
ini game kenapa jadi patah patah padahal jaringan saya baik baik aja penyimpanan saya pun masih 60GB lagi knp malah patah patah dan membuat saya susah main dengan benar,1,2026-07-25 06:54:46
keren,5,2026-07-25 06:54:42
KENAPA SEKARANG ML BANYAK BUG JARINGAN DALAM PERTANDINGAN TOLONG PENANGANANYA !,1,2026-07-25 06:54:22
monton haram,1,2026-07-25 06:54:10
Karena gem ini selalu seru aja adet nya seru,4,2026-07-25 06:54:08
menurut saya ini sangat seru apalagi saat koleb Ama Spongebob dan seru dan banyak lagi hal yang kita bisa lakukan di game ml beng beng,5,2026-07-25 06:54:04
moonton aku tadi login kok gk bisa yaa? padahal sinyal full.. 🙂,2,2026-07-25 06:54:03
"There are still Moonton cheaters in your game 😭😭😭. Every server lags, including my server.",1,2026-07-25 06:53:32
banyak player gk jelas bikin muak memainkan game nya... semakin di main kan merugikan waktu tidak membuat nyaman dan banyak player dark sistem nya dari pada pemain asli,1,2026-07-25 06:53:19
"gangguan ka ini monton? lagi maen tiba"" lag aduhhhh",1,2026-07-25 06:53:14
woy lagi ngerank pas draft pick malah keluar tiba tiba ke ban apa coba,1,2026-07-25 06:53:13
"game gjelas masa gara"" jaringan langsung afk gada permbertahuan lain kah",1,2026-07-25 06:53:08
gua gabisa login oy moonton solusi lah,1,2026-07-25 06:52:49
gajelas mau honor mlh gabisa masuk kedalam game EMG moonton,1,2026-07-25 06:52:27
"ngga bagus kadang monton pelit kasih tim dan kadang leg di game pas lagi main kurang enak nii sumpah game rusak bangat tambah update tambah rusak banyak leg"" ketika lagi main",1,2026-07-25 06:52:14
menghubungkan mulu padahal jaringan w bagus,1,2026-07-25 06:52:11
"tolong lihat yang menggunakan cheat ya admin,nyusain sampe ga bisa login ml",1,2026-07-25 06:51:36
ping naik turun padahal dibuat maen game lain stabil anj,1,2026-07-25 06:51:26
jaringan sering error..system terlalu canggih,1,2026-07-25 06:51:24
Server ampas,1,2026-07-25 06:51:21
"lumayan, tpi gw benci ni game karna banyak chit, tiba2 lag, tiba2 keluarr gua rating 2/10",2,2026-07-25 06:51:16
game rusak.. udah mau menang di bikin ngeleg aku lihat jaringan normal hp ku yg satu bisa youtuban n adikku main ML pun gk masalah punya ku lama lagi ngeleg nya,1,2026-07-25 06:50:52
"game gjls lagi main tiba "" di bikin leg pas login ulang malah gbsa masuk aneh ,bikin turun skor kredit aja ni game geblek",1,2026-07-25 06:50:47
"ad bug tiba"" leg pdhl jaringan bgus.udh keluar game coba login mlh stuck di loading g bisa balik game nya",1,2026-07-25 06:50:45
game ngantuk klo ngantuk tidur ml tidur,1,2026-07-25 06:50:38
moonton makin kesini makin ga seru masa lagi war bisa bisa berhenti sendiri padahal pake wifi + data bisa bisa bethenti sendiri. pas coba ilangin sampah ny trs coba masuk lg ga bisa bisa. trs menghubungkan ulang sangat menjengkelkan hufft😤😤😤,1,2026-07-25 06:50:35
"apbgt dah LG main tiba"" mental lobby pdhl sinyal bgs",1,2026-07-25 06:50:18
"Game burik, lebih burik dari ff",1,2026-07-25 06:50:03
"game ini sering banget bug, sinyal kuota ada, wifi juga lancar, tapi tiba² ngelag, padahal sinyal bagus, makin ke sini makin parah ni game, udah berapa kali ngebug coba, gak bener ni emang",1,2026-07-25 06:49:54
"woyyy monton ini gimana, server lu benerin,kasi kawan yang bener rank nya sama lawan yang ngotak dikit",1,2026-07-25 06:49:32
tim nya lol lawan nya jago GK adil moonton,1,2026-07-25 06:49:22
game nge bug,1,2026-07-25 06:49:20
"pengalaman saya game mobile legend bagus sih, tapi kalo saya main sinyal suka merah padahal sinyal nya bagus coba diperbaiki lagi,sama kalo ada kesalahan server mohon diperbaiki saya main game ini suka lag juga saya kira mah cheat sapa tau nya gangguan server tapi mohon diperbaiki lagi yah biar pengalaman saya menikmati nya enak",3,2026-07-25 06:49:13
"jangan cuma skin Collab yang di bagusin, benerin tuh game masih nge lag nge lag aja padahal wifi lancar",1,2026-07-25 06:49:05
"developer, tolong lah ini gua baru main langsing lag, mau relog dibilang ada masalah jaringan, padahal jaringan gua pake wifi sama data sama"" bagus lo",1,2026-07-25 06:48:56
"server ngelag👎,ngelag lgi",1,2026-07-25 06:48:53
gamenya eror masuk di game play malah menghubungkan kembali terus padahal jaringan bagus😩😩,1,2026-07-25 06:48:51
woyy anjiang aku gabisa mainnn,5,2026-07-25 06:48:49
"ini kenapa ya kok jaringan akhir akhir ini lag padahal jaringan nya oke aja, tapi pas main kok tiba tiba jalan sendiri.",1,2026-07-25 06:48:48
game lawak😹,1,2026-07-25 06:48:46
"Masuk game baru main, kill di awal langsung jaringan drop gk bisa main restart gak bisa"" masuk. ampas betul nih game",1,2026-07-25 06:48:41
"lag parah, server error ketika main",1,2026-07-25 06:48:35
keluar dari game tanpa sebab game bodoh apa ini,1,2026-07-25 06:48:28
tiba tiba ngelag urusin cheater dulu jangan ngurusin patch baru mulu,1,2026-07-25 06:48:28
game tolol,1,2026-07-25 06:48:21
makin kesini makin gajelas mulai dari tim sampai ke sinyal yang jelek padahal buat scrol atau game lain lancar lancar aja,1,2026-07-25 06:48:14
GAME GAJELAS GUA RELOG BUKANYA DI GAME MALAH BUG GAME GA GUNA,1,2026-07-25 06:48:13
sinyal benerin jangan dikit2 lag dikit2 lag,3,2026-07-25 06:48:10
"ngeleg banget,padahal ping nya hijau",1,2026-07-25 06:47:56
"Hey Moonton, your game is broken. I was playing and suddenly got lag, even though my signal was good. Please fix it, Moonton; if the lagging stops, I'll give you 5 stars and a good review.",2,2026-07-25 06:47:24
bagus,5,2026-07-25 06:47:00
game rusak tiba2 keluar dari game jaringan bagus malah merah,1,2026-07-25 06:46:55
"jaringan di inggame sering ilang tiba² padahal wifi lancar , dan ketika relog malah tidak bisa masuk mentok diloading screen doang",1,2026-07-25 06:46:52
game apasih banyak bug jaringan,1,2026-07-25 06:46:50
"jaringan lag tibatiba , montongak jelas",1,2026-07-25 06:46:21
ngak tau kenapa keluar sendiri dr match trus mau masuk lagi ngak bisa tolong diperbaiki lagi agar pengguna memiliki pengalaman bermain yg menyenangkan,3,2026-07-25 06:46:18
"barusan aja main party tiba""ngeleq semua buka aplikasi lain gak ada ngeleq game burukkk server nya rusakkkkk",1,2026-07-25 06:46:17
moonton ktl main tiba tiba lag semua,1,2026-07-25 06:46:14
game idiot jaringan bagus tiba tiba keluar padahal lagi main pas mau main stuck di loading screen lawa,1,2026-07-25 06:46:04
moonton server mu mabok,1,2026-07-25 06:46:02
Matchmaking yang tidak adil ditambah dengan server yang jelek membuat game ini tidak layak untuk dimainkan. Ditambahnya penyebaran role yang tidak sesuai membuat game ini semakin hancur. Sangat mengecewakan.,1,2026-07-25 06:45:31
apalah lagi draft koneksi terputus gbisa masuk lagi aneh jaringan bagus bagus aja,1,2026-07-25 06:45:26
"setiap aku main pasti ada bug nya,Tah kenapa padahal jaringan saya lancar nya tolong di perbaiki lagi lah,udah login tapi mesih tetap di awal aja gak masuk² hadeh capek kalii plis di bagusin lagii lahhh",2,2026-07-25 06:45:24
"tiba ""ngelag gabisa gerak padahal jaringan gada bermasalah,relog pun tetal gabisa masuk ke game nya , hadehh,kayaknya citer ,tolong di kuatkan lagi keaaman nua",2,2026-07-25 06:45:19
"woi monton, server lu benerin noh, baru main menit 1 udah ngeleg, pas relog malah gak masuk masuk",5,2026-07-25 06:45:18
"knapa tiba laggg woy, wifi gue lancar padahal, trus dibuka lagi gamau, gimana sih monton woyyy",1,2026-07-25 06:45:11
game rusak,3,2026-07-25 06:44:56
"lawak ni game, tiba2 ngelag padahal sinyal aman",1,2026-07-25 06:44:52
"game gila,mentang² aku afk 2 menit kau bikin jaringan ku jadi ngelag ya.Gak jelas bet padahal sebelum afk lancar jaya giliran afk 2 menit aja langsung dibikin lag sampai gk bisa masuk ke dalam game agar kedeteksi afk terus kredit skor turun.GAME GILA PANTAS 3 BINTANG",1,2026-07-25 06:44:30
"satu bintang saja kerna kadang lagi tengha main tiba""berenti gak bis amasuk lagi pdhl jring bgus",1,2026-07-25 06:44:27
"oyy monton itu klo mau ngabdet pikir"" lahh gw lgi main renk tiba"" eror(dah ga bisa d buka/gemnya brhenti tiba"") pdahal jringan bagusssss😑",1,2026-07-25 06:44:21
geme gak ada kemajuan masa jaringan hijau tiba tiba ngelek yang adil lah kalo pengen geme mu maju ada nya game mu makin turun pemain nya iya gue kasih bintang 1 aja banyak masalah server,1,2026-07-25 06:44:11
"game rusak akhir"" ini sering lag kag sendiri padahal wifi saya bagus bagus aja tolong di perbaiki lagi ni moonton terus sama kasih tim match yg sesuai udah di laporin dalam game masih aja juga tim nya dapat yg gak bisa main tolong lah moonton 😡",1,2026-07-25 06:44:09
game bosok pake jaringan apa pun tetep ngelek,2,2026-07-25 06:44:07
"server down Mulu tololllllll tolollll, udah dikasih tim idiot tapi musuhnya jago jago",2,2026-07-25 06:44:02
game yatim,1,2026-07-25 06:43:45
halloooooooooooo ini kenapa game nya tiba gak ada jaringan terus gak bisa login?,1,2026-07-25 06:43:36
"game nya sangat tidak ramah, matchmaking tidak seimbang, player nya toxic, tim musuh selalu saja lebih baik daripada tim sendiri, banyak feeder, banyak orang yang gak ngerti main, entah kenapa bisa ada di high rank, paling sering ketemu tim sendiri komputer, emang aneh, bisa bisa nya setim ama 3 komputer, bahkan parah nya ketemu 4 komputer di tim sendiri, sangat menyiksa bagi player solo, kalau ketemu tim manusia asli pun rata rata egois, gak mentingin tim, tidak di sarankan untuk di download",1,2026-07-25 06:43:29
kenapa tiba tiba menghubungkan ulang dah,1,2026-07-25 06:42:55
ngelag anj,1,2026-07-25 06:42:52
banyakkk bugg suka ngelagg saat main mode modenyaa tolong perbaikii server erorr,1,2026-07-25 06:42:40
"buat game niat ga! sinyal bagus stabil jadi jelek ga layak banget, hapus aja dari google play store, ga layak",1,2026-07-25 06:42:34
Jaringan makin ngelag aneh dasar daritadi main rank ngelag mulu padahal wifi aman aja,1,2026-07-25 06:42:32
game burik,1,2026-07-25 06:42:06
biki Seter,2,2026-07-25 06:41:59
gk jadi,1,2026-07-25 06:41:40
tiba tiba ngelag,1,2026-07-25 06:41:38
gem e kakean drak sistem,1,2026-07-25 06:41:27
server lag Mulu t4i,1,2026-07-25 06:41:02
sering membuat saya kesal tapi seru,4,2026-07-25 06:40:39
game hama tim hama,1,2026-07-25 06:39:43
game hama tolol,1,2026-07-25 06:39:29
"jgn skill issue, lu jago lu aman, lu dongo lu kalah paling kalau main solo Nemu dark sistem 1/2 di tim itu juga kalau lu di rank rendah KLO di rank tinggi jarang bgt Nemu dark sistem semangat bagi yg baru belajar main mole ini game seru tapi yaaa gitulah jgn terpengaruh kata kata org di luar sana tentang ni game",5,2026-07-25 06:38:51
game sangat bagus,5,2026-07-25 06:37:43
"lebih baik jngn kalian install ini game, aneh sengaja bikin kalian kalah biar nyandu, game gk berfaedah",1,2026-07-25 06:36:39
kalah mulu jadi males main game nya bagusan ff njir,1,2026-07-25 06:35:55
bagus banget,5,2026-07-25 06:35:35
seru jierr,5,2026-07-25 06:35:20
ini yg di sebut game bikin seru game bikin stres dan marah iya udah lah kikir ngasih kita musuh yg udah ini tim kita malah nyalahin kita game ini kuberi reting 1 untuk keburukan dan tidak ada otak dan kikir,1,2026-07-25 06:35:00
game bosokk pokoknya..nggak dapat match yang seimbang..game burikk,1,2026-07-25 06:33:05
mooton kasih menang tim bagus kita kasih bintang 1 di play store mooton gak jelas mooton kasih kita menang lawan dapet timnya bagus tim kita sediri bot,1,2026-07-25 06:30:24
"pegawai bagian perusahaan di bagian system mending di pecat aja ,soal nya di tiap game GK pernah dapet tim rank yg sesuai dengan rank yg saya miliki masa mythic ketemu epic !!, sengaja atau gmna? ,mending main hok dari pada ini game GK waras di bagian system aneh, main game padahal untuk hiburan yg ini malah bikin stress yg ada ,GK layak di instal ,KLO bisa tanpa bintang buat ranting game 0/10",1,2026-07-25 06:30:22
capek banget lostreak Mulu main ml ngasih tim gak bener masak 10 pertanding kalah Mulu gw Mulu yang mvp kalah lu kalo ngasih tim yg bener napa hadehhhh unsril juga nih game,1,2026-07-25 06:29:41
seru dan asik,5,2026-07-25 06:29:29
matchmaking nya jelek banget jumpa tim yang mainnya kaya epic Mulu tolong moonton benerin dlu matchmaking gk seimbang banget soalnya sering banget dpt tim ngefeed TPI musuh spek tlph,1,2026-07-25 06:28:50
ga masuk akal dimatching in terus sama anomali solo rank,1,2026-07-25 06:28:36
"bikin stres ama ping nya merah mulu giliran game sebelah normal2 ae, fix game burik",1,2026-07-25 06:28:29
game yang paling jelek menurut gw tim nya kek babi semua,1,2026-07-25 06:27:53
kenapa ml ku gak bisaaa,5,2026-07-25 06:27:40
"Game Settingan Kocak , Maen Solo Jangan Coba-Coba Kalau gak kuat nahan emosi 🤣",1,2026-07-25 06:27:32
game ampas mending kalo tim nya jago tim nya poke²,1,2026-07-25 06:27:00
menurut ku game ini bagus tapi tambah bnyak skin lagi bagus sihh,4,2026-07-25 06:26:16
pertandingan yg rusak tiap main kalah 4 atau 3 menang di kasih sekali.....mvp tiap kalah berat gendong beban silver sama coklat.....,1,2026-07-25 06:25:09
player mah banyak tapi ketemu bot ai mulu kikir pula,1,2026-07-25 06:23:55
di saranin nih. mending unistal aja game ini. makin hari makin buruk. dan makin tidak menyadari kesalahan system. malah akun player yg d band. kocak. parah nya bug makin banyak dan makin rusak d game nya.,1,2026-07-25 06:23:53
bagus,5,2026-07-25 06:23:32
game ini cukup mudah dan cepat dalam tim yang hebat,4,2026-07-25 06:23:30
isinya cowo aneh,1,2026-07-25 06:22:42
monton pls koleb sama tensura gw beli skin nya,5,2026-07-25 06:21:40
"match nya buruk dan sering Delay, bermain di beri tim yang buruk yang membuat Lose Streak, Sungguh ini game lebih buruk dari pada One Piece Bounty Rush",1,2026-07-25 06:21:05
"game nya gk jelas, sya ngestuck pas lgi match padahal jaringan aman, login ulang malah udh invalid, mana lgi kna pelanggaran bintang turun, takaran lawan gk sesuai sya legen di jumpakan lawan yg glory🗿",1,2026-07-25 06:19:24
kasih tim kgk bnr perbaikan dong matchnya jngn nambahin skin atau hero mulu lu monoton kasih tim yg bener dikit ngapa moonton gk pernah bnr lu moonton exp masa cuma bisa pasrah sih kasih star protection kek ngapa lu moonton dah skin mulu benerin match nya kek ngapa ahh elah lu moonton,1,2026-07-25 06:18:42
moonton tolong kasi saya tim yg waras masak setiap saya main pasti tim saya pada poke klo tim musuh jago bgt. tolong moonton kasi saya tim yg jago jgn yg poke,1,2026-07-25 06:17:52
"plis Jan download ni game.mactmaking nya jelek banget sumpah demi apapun itu Sejago jago kalian malah ketemu team bot,dam sekarang kebanyakan player joki jadi gak sesuai rank",1,2026-07-25 06:15:24
asyik....,5,2026-07-25 06:15:20
Game nya seru walau kadang bikin stres dikit tapi bener enak dimain in dah itu aja makasih dah nyiptain ML nya MOONTON✌🏻,5,2026-07-25 06:14:32
monton tolonglah kasih tim yang seimbang kenapa sih musuhnya selalu jago dan gk seimbang tolonglah kasih yang seimbang game nya ini bukan kaya game paham kan hampir gk bisa dimainkan,1,2026-07-25 06:14:12
game kalah terus dapat tim drak sistem emng ajgg. kenapa kalah mulu dahh aku nihh tolong. kasihh win kehh nama akun manzz acc,1,2026-07-25 06:13:13
bintang 5 untuk ML!!!!!!!!!!!!!!!!!!!!!!!!!!!!!!!!!!!!!!!!!!!!!!!!!!!!!!!!!!!!!!!!!!!!!!!!!!!!!!!!!!!!!!!!!!!!!!!!!!!!!!!!!!!!!!!!!!!!!!!!!!!!!!!!!!!!!!!!!!!!!!!!!!!!!!!!!!!!!!!!!!!!!!!!!!!!!!!!!!!!!!!!!!!!!!!!!!!!!!!!!!!!!!!!!!!!!!!!!!!!!!!!!!!!!!!!!!!!!!!!!!!!!!!!!!!!!!!!!!!!!!!!!!!!!!!!!!!!!!!!!!!!!!!!!!!!!!!!!!!!!!!!!!!!!!!!!!!!!!!!!!!!!!!!!!!!,5,2026-07-25 06:12:16
Sekarang sering bug!!!!!,1,2026-07-25 06:09:12
game gjls,1,2026-07-25 06:08:42
game nya bagus dari pada game fre fire udah ngga ada pintu dan burik lebih baik main mobi legend,5,2026-07-25 06:07:23
game kok pelit sama player sendiri 1 bintang lagi dikasih nya musuh yg susah sama team beban monton b4b| GK mau lagi aku main game kayak gini monton kikir 1 bintang,1,2026-07-25 06:06:22
"sebenernya game nya bagus aja sih, CUMAN KENAPA LOSE STREAK MULU YA? KALAH MULU WS CUMA 6 KALAH NYA 10 KALI TOLONG YA KASIH TIM YANG BENER",2,2026-07-25 06:06:10
"game nya bagus, tapi gak tau ini kenapa setiap kali bermain solo itu dapet musuh yg kompak, sedangkan teman satu tim kayak orang baru main, dan saya selalu kalah gara-gara dapet teman satu tim yang kayak gitu, kayak gak adil aja anda memberi kami tim seperti itu",3,2026-07-25 06:01:58
kecewa banget kan game nya invalid ada yang afk di tim terus suren ko bintang saya hilang harus nya yang afk bukan saya males banget main game ini lagi,1,2026-07-25 06:01:14
niatnya mau main game ini buat rilekskan diri tapi malah bikin stress sinyalnya gampang ngeleg terus dapat tim dark sistem tim bot cuma bikin tambah stress,1,2026-07-25 06:01:04
game nya ramah ngak bikin stres☺️,5,2026-07-25 06:00:05
"tolong moonton musnahkan orang-orang yang main nya tidak serius, kebanyakan yang main cuman mati-mati dan tidak membantu, saya dari rank legend turun ke grand master, bikin game yang betul dikit la",1,2026-07-25 05:59:25
gimana sih dah tau masih pemula dah langsung di kasih lawan dah kaya lawan imortal mana gak adil banget lagi toxsik,1,2026-07-25 05:57:55
game nya hama sering ngelag pakek kuota apalagi pas full kuotanya banyak citer nya juga di biarin,1,2026-07-25 05:56:49
𝐠𝐚𝐦𝐞 𝐲𝐚𝐧𝐠 𝐬𝐚𝐧𝐠𝐚𝐭 𝐭𝐢𝐝𝐚𝐤 𝐚𝐝𝐢𝐥 𝐲𝐚𝐧𝐠 𝐬𝐞𝐥𝐚𝐥𝐮 𝐝𝐢 𝐤𝐚𝐬𝐢𝐡 𝐤𝐞𝐤𝐚𝐥𝐚𝐡𝐚𝐧 𝐛𝐞𝐫𝐮𝐧𝐭𝐮𝐧 𝐭𝐞𝐫𝐤𝐚𝐝𝐚𝐧𝐠 𝐦𝐞𝐧𝐝𝐚𝐩𝐚𝐭𝐤𝐚𝐧 𝐦𝐮𝐬𝐮𝐡 𝐲𝐚𝐧𝐠 𝐥𝐞𝐛𝐢𝐡 𝐣𝐚𝐠𝐨 𝐭𝐚𝐩𝐢 𝐭𝐢𝐦 𝐬𝐚𝐲𝐚 𝐦𝐞𝐧𝐝𝐚𝐩𝐚𝐭 𝐭𝐢𝐦 𝐲𝐚𝐧𝐠 𝐭𝐢𝐝𝐚𝐤 𝐛𝐢𝐬𝐚 𝐦𝐚𝐢𝐧 𝐜𝐨𝐛𝐚 𝐝𝐢 𝐩𝐞𝐫𝐡𝐚𝐭𝐢𝐤𝐚𝐧 𝐥𝐚𝐠𝐢 𝐬𝐢𝐬𝐭𝐞𝐦 𝐲𝐚 𝐦𝐨𝐧𝐧𝐭𝐨𝐧 𝐦𝐢𝐧𝐢𝐦𝐚𝐥 𝐤𝐚𝐬𝐢𝐡 𝐥𝐚𝐰𝐚𝐧 𝐲𝐚𝐧𝐠 𝐬𝐞𝐬𝐮𝐚𝐢 𝐝𝐞𝐧𝐠𝐚𝐧 𝐫𝐚𝐧𝐠 𝐚𝐣𝐚 𝐛𝐢𝐚𝐫 𝐥𝐞𝐛𝐢𝐡 𝐬𝐞𝐢𝐦𝐛𝐚𝐧𝐠,1,2026-07-25 05:56:37
game buruk..bukannya ngurangin stres malah tambah stressss hadeeh,1,2026-07-25 05:56:31
gak jelas ketemu nya tim gak jelas gak setara timnya,1,2026-07-25 05:55:18
bosan ya main gams ml,5,2026-07-25 05:54:43
mantap,5,2026-07-25 05:54:40
GAME TAEKKK,1,2026-07-25 05:54:21
"game nya aneh, taman yg dikasi gk benar semua dan banyak dark sistem nya",1,2026-07-25 05:53:35
"tambah parah terlalu sering lag padahal jaringan bagus, lebih banyak dapat team tidak seimbang dengan team lawan atau mungkin dari sistemnya sudah di seting biar lebih sering kalah",1,2026-07-25 05:53:21
ayolah cuman main game malah dikasih kalah 4 lagi cuman nyobain 1 hero ngapa kasih kalah,1,2026-07-25 05:53:07
mantap tapi mines nya pas saya ulang tahun tidak di rayakan,5,2026-07-25 05:52:28
seru banget permainan nya,5,2026-07-25 05:52:13
saya sering main ini game nya seru bisa Mabar juga pokok nya bintang 5 untuk ini deh,5,2026-07-25 05:52:01
gw lagi war tiba tiba ke relog cok game apalah jadi ke comeback kan gw ini gw ngetik sambil nge rank,4,2026-07-25 05:50:07
banyak drak sistem mohon ya moonton,1,2026-07-25 05:49:31
game nya seru sekali tapi grafiknya bisa diatur ga,5,2026-07-25 05:49:18
bagus tapi sering kalah mulu tolong moonton kasih tim yang bagus,1,2026-07-25 05:49:13
sangat bagus,5,2026-07-25 05:48:17
moonton kenapa kita selalu kalah lu pilih kasih gua menang sampe legend 1 atau gua rating bintang 1 sama gua hapus mobile legend,5,2026-07-25 05:45:13
"Saya tidak menyikai game ini karna diberi dark sistem, musuh selalu pro tapi tim bodoh kayak bot, buat apa dimainkan kalo dikasih dark sistem terus, baru belajar aja dikasih musuh sulit, bagi saya ini game tidak adil dn bikin emosi saja",1,2026-07-25 05:44:56
Game ini sangat bagus cocok di main kan saat lagi stres biar makin stress🗿,5,2026-07-25 05:43:01
bagus evek Hero nya itu lumayan tebel dan gem play nya itu evek nya pas hancurin tured juga tebel,5,2026-07-25 05:42:20
gila gue di kasih dark sistem terus game macam apa ini comentar saat main di mute tiap main di kasih dark sistem weiii orang main gema cari hiburan bukan mau jadi gila,1,2026-07-25 05:41:50
ok,5,2026-07-25 05:41:02
PERMAINAN YANG BAGUS CUMA BAYAK DRAKSISTEM BERKILIARAN DI EPIK SETELAH RESET SESON,1,2026-07-25 05:40:50
"machtmaking gamenya aneh, selalu 1 tim dengan akun yang tidak jelas sangat merugikan.",1,2026-07-25 05:38:40
game sampah timnya dark sistem semua,2,2026-07-25 05:38:27
game rusak,1,2026-07-25 05:37:56
seru asalkan GK ketemu dark system,5,2026-07-25 05:37:56
Game nya buruk sistem matchmaking sampah masa gw mau ngepush tim gw isinya bocah legend padahal gw rank nya mythic ke atas apa apaan nih game sistem matchmaking lol game ampas semakin kesini matchmaking nya berat sebelah,1,2026-07-25 05:37:08
game tuempeeeeek,1,2026-07-25 05:36:48
thanks moonton udah bikin gua naik honor walaupun habis itu kalah 20 kali,1,2026-07-25 05:35:58
makasih ya moonton gw ga dikasih hoki gaca tas tas ga dpt dpt tim kaya anji hoki kaga pernah ini aku kasih bintang 5 karna gamenya kek ajg,5,2026-07-25 05:35:18
bagus sekali cokk,5,2026-07-25 05:33:23
"game player bocah,darksystem mulu",1,2026-07-25 05:33:16
"game dark sistem game babi, solo player di gabungin sama skuad2 tolol",1,2026-07-25 05:30:56
bagus banget TPI byk chiter,1,2026-07-25 05:26:05
banyakin skin gratisan dan kalo bisa ubah desain baru pada area pertandingan nya misal ada gubuk yg bisa di hancurkan ada barang yg bisa di ambil kaya di ff,3,2026-07-25 05:25:24
"tolong perbaiki sistem matchmakingnya, baru winstreak 3 kali langsung dikasih tim bot dan ga bisa main, dikira kita bisa gendong apa? pdhl kita jga performa mainnya tergantung tim tp mlh dikasih tim yg ga bisa main, dan knp cm dikasih maksimal 3 kali winstreak utk player solo? tolong pengertiannya utk player solo dikasih tim yg bener, setidaknya seimbang sama tim musuh, ini mlh dikasih tim yg bener' baru main ml bhkn cm pny 3 hero disuruh roam mlh pick nana dan musuhnya high ranked, ga adil🤢",1,2026-07-25 05:25:22
Bagus cuman saya pakai hp kentang,5,2026-07-25 05:25:09
game nya aneh monton saya lagi mesmeki pas banget ada notifikasi yang penting saya pencet buat Ngebales pesan terus tersebut Balum ada 1 menit pas saya mau masuk lagi ke gem nya nyetak di logo saya udah coba buat login kembali tetapi tida bisa,2,2026-07-25 05:23:58
"game rusak,game penambah stres bukan penghilang,jangan mau main game kek t4l ini jangan mau,bahkan kalo diajak temen kalian mau jago maupun gak ,sama aja game rusak ini emang",1,2026-07-25 05:21:17
bagus,5,2026-07-25 05:21:14
jngn main ni game klo dah epic musuhnya ga seimbang bikin stres masa ngepush rang 4 hari berturut² malah naik 1 bintang.dan kita main 1 kali menang 5 kali kalah jngn deh,1,2026-07-25 05:21:09
game aneh ngasi tim anomali mulu,1,2026-07-25 05:20:19
game bagus 🗿,5,2026-07-25 05:20:05
"gatau, pokoknya ga direkomendasiin buat orang yg cepet marah/ ga sabaran.",1,2026-07-25 05:19:34
"gimana sih ml sekarang setiap habis winstrek sinyal gwe bug merah terus jadinya kalah ,,perbaiki lagi moonton",2,2026-07-25 05:18:48
enak game nya tapi rada leg dikit kasih ws bos Monton,5,2026-07-25 05:18:39
game gak jelas gak menarik tidak disarankan untuk di download game ini merusak psikologi manusia game sesat saat ini dan di besar besarkan oleh media yg populer yak tiktok atau disebut apk sarang monyet dan untuk developer playstore game ini seharusnya dibanned dari situs ini dan menyebab kan anak anak gangguan,1,2026-07-25 05:18:32
"sangat seru banyak dark sistem, orang ngetroll , bucin, dll apa lagi main sendiri layak untuk dapat bintang 1 👍👍👍jangan lupa liat map👍👍👍",1,2026-07-25 05:18:17
ga ga jelas kasih tim dongo semua,1,2026-07-25 05:12:23
dark sistem 😹 aku udah gendong tapi timnya tolong bagi dengan merata masa kalah 20 lebih menang cuman 1-2 tambahin aja losetreak nya biar banyak yang pensi,1,2026-07-25 05:11:37
musuh terlalu susah cokkkkkk,1,2026-07-25 05:11:20
"lama ngga main, sekalinya main isinya bot,musuh ga imbang sama musuh",1,2026-07-25 05:10:34
ngasih tim nya kagak pernah adil,1,2026-07-25 05:10:10
bagus menang dikit langsung dikasih tim yang keren. sampai saya lose ts 6 kali,5,2026-07-25 05:08:40
game temendil emang,5,2026-07-25 05:07:36
COMING SOON 3.5,1,2026-07-25 05:07:01
serruuuuuuuu bgttttt,5,2026-07-25 05:05:24
mantap tapi bikin HP saya lag mlu,4,2026-07-25 05:05:15
saya suka game nya Hero nya bagus bagus,5,2026-07-25 05:03:15
kok bisa ya ping/jaringan sering jadi merah gak boleh jalan lagi dan juga kalau gak login 3 hari pun langsung mengunduh data tolong lagi di perbaiki:(,2,2026-07-25 05:02:08
"woi moonton, itu tolong sepatu encourage di fix minimal kalau Nerima damage baru dapet assist. ini gua barusan main ketemu khufra ULTI gak kena kena dapet assist cuma dari encourage, kalau lu mikir dia berjasa karena maju ya udah tugas badan dia maju karena paling susah mati. gua main jung udah outplay sana sini objektif dapet steal turtel, turret gua, demeg paling banyak gua. yang mvp malah khufra yang dapet asis dari gua yang ngedemeg kagak Nerima kagak, mindset nya yang penting bareng.",1,2026-07-25 05:01:45
saran moonton buat yang main solo tolong jangan di kasih tim rondom yg ampas terus di situ kan ada winrate nah sesuaikan dengan winratenya jgn asal comot aja bodoh banget ngelolanya jgn mau untungnya aja,1,2026-07-25 05:01:32
game seru jika menang jika kalah banting hape,4,2026-07-25 05:01:17
woy moonton kalo ngasih tim tuh yang bener yang bisa lihat maps,3,2026-07-25 05:00:45
Game ini sangat seru,5,2026-07-25 05:00:42
"cobak kalo tinggal satu bintang lagi tu jangan kasih musuh yang imo atau yang pake chit,cuma saya kasi h bintang 3 lh setiap ketemu musuh kalo GK pake chit ya partian imo , GK tu jaringan nya ngeleg parah",3,2026-07-25 04:59:25
"game nya bagus cuman aga ngeleg,dan aga banyak bug",4,2026-07-25 04:58:39
"bagi teman teman harap untuk tidak download game ini karena dalam pertandingan mengenai tim itu sudah di atur oleh moonton,jadi bagi teman yg pernah bermain game ini pasti pernah ngerasa di kasih musuh yg sangat hebat dan teman kita afk atau server kita mendadak jelek itu kareba moonton yg ngatur,harap teman teman jngan download game ini kerna tjuan bermain game untuk bersenang senang dan kebebsan bukan untuk di atur mengenai tim,ingat moonton itu curang jngan download dan uninstal game ini",3,2026-07-25 04:58:30
"banyak dosa lu monton, kasih tim masih mitik honor semua, giliran lawan mitik glory semua, hebat, ngeleg lagi, di room jaringan 50 ms, pas main malah 98-115 ms apa coba, banyak dia lu monton",2,2026-07-25 04:57:53
akun saya hilang begitu saja setelah meng uninstall game ini,1,2026-07-25 04:57:10
suka di kasih derak sistem,1,2026-07-25 04:56:04
mantap,5,2026-07-25 04:52:42
keren sangat seru..,5,2026-07-25 04:52:07
game stres nik turun sampe 10 kali,5,2026-07-25 04:52:03
game jelek,1,2026-07-25 04:51:46
seru banget gamenya kalo aku mvp terus baru aku bisa ke mythic honor,5,2026-07-25 04:50:47
bikin setress,5,2026-07-25 04:50:12
game nya bagus tapi sering leg padahal udah pakay Wi-Fi,1,2026-07-25 04:49:35
ga ush di download bikin gila,1,2026-07-25 04:49:20
"jangan percaya dengan obrolan costumer service , tidak ada yg dia lakukan ketika kita laporan , fakta ini mah . tidak bakal di tindak . pantes banyak AI ternyata game sepi. JANGAN TOP UP",1,2026-07-25 04:48:15
seru,5,2026-07-25 04:45:06
taikk game gak jelas lawan imortal temen epic semua,1,2026-07-25 04:44:17
gempley buruk servernya pilih kasih.timnya di kasih yang bot sedang kan musuh nya jago.jika begini trz semakin lama semua juga. bosan dan unistal game ini,1,2026-07-25 04:42:20
gemenya udh bagus tapi tolong Adain map buat hevun,2,2026-07-25 04:42:08
monton plis akun gua buka in baned nya gua ga pake cit apapun,5,2026-07-25 04:41:59
gem terbaik sumpah,5,2026-07-25 04:40:08
"I like the game, it's exciting even though it's sometimes annoying, but it's okay because it's my own fault or my own team's fault. And you guys, if you lose, don't get angry at Moonton, it's your own fault or your team's fault. Unless it's because of a slow internet connection, even though your internet at home is fine, then you can complain. Don't be mean to Moonton, okay? 😊",5,2026-07-25 04:40:04
SERVER LAG PARAH!!!,1,2026-07-25 04:39:57
buat moonton ini game bener' ga adil banget systemnya gw di pertemuin sama player yang kurang kasih sayang orang tua caper semua pada bandel ngeyel jadi buat kalian gausa dimainin ini game lu bisa stres nanti sistem tidak seimbang lawan selalu jago tetapi teman kita mainnya kayak bayi ga ngerti apa',1,2026-07-25 04:38:20
"tolong pemilihan tim di rank epic diperadil lagi, masa pemilihan timnya gak bener",1,2026-07-25 04:37:55
bagus banget,5,2026-07-25 04:37:33
game ya jangan terlalu susah di mainkan selalu main solo tabrak Abang Abang kan tolong ya moonton,2,2026-07-25 04:37:22
Seru Sih Tapi Kadang MOONTON NGETROL GWWW 🗿,5,2026-07-25 04:36:17
"Saya kecewa dengan game ini, saya rasa sistem berpihak hanya pada yang melaporkan.. sedangkan yang dilaporkan berusaha bermain dalam tim, tapi selama match berlangsung tidak ada 1 pun anggota tim yang membantu dan membuat nilai jelek.. tolong sistem yang adil kalau mau mengadili.. kalau gini kasihan player yang mainnya sungguh2 dan berusaha demi tim",1,2026-07-25 04:36:16
"padahal saya cuma ngetik ""izin afk disuruh emak"" sama montoon kehitung chat yang tidak pantas emang gak waras montoon ini",1,2026-07-25 04:35:25
"Gjls, ngasih tim gk waras. matchmaking lama dan aneh, dpt tim legend sementara musuh ex imo.",1,2026-07-25 04:35:17
Seruuu,5,2026-07-25 04:35:11
moonton tolong kasih saya tim yg jago la masak tim yg dark system moonton,1,2026-07-25 04:35:01
game ga guna hapus aja game ini dari PlayStore game ga bermanfaaat game yang sangat tidak di sarankan untuk di donwload,1,2026-07-25 04:34:45
"game aneh, 14 hari lebih gak pernah dapat win berturut-turut",1,2026-07-25 04:34:18
tolong sesuaikan pengalaman match making dengan tingkatan tier yang sama,5,2026-07-25 04:34:02
susah banget ni game udah mah pernah nabrak global lagi pusinggg bet dah,1,2026-07-25 04:33:13
"Game asik ini mah, malah jadi moba wajib di Indonesia. Easy to play, pakai Carmilla juga santuy, eh tapi udah ulti malah ditinggal tim. Asik dah main ni game.",5,2026-07-25 04:32:56
tolol game anji,1,2026-07-25 04:32:53
saya senang bermain game ini,5,2026-07-25 04:31:48
"Game nya bagus tapi , kadang gak adil banget musuh tim nya oke² aj ,lah tim ku dark sistem semua ,gak adil",5,2026-07-25 04:31:25
lw bisa banyakin diamond nya,5,2026-07-25 04:27:54
"udah kirim starlight ke temen, udah bener akunnya, tapi kok ga nerima apa-apa temen saya? padahal kartu starlight saya sudah berkurang!",5,2026-07-25 04:27:10
main full 1 hari cuma nambah 1 bintang nemu tim cuma mentok glory semua musuhnya malah full immo dua ratus,1,2026-07-25 04:25:28
aku sangat menyukai gem mL,5,2026-07-25 04:25:02
Gem penuh lek padahal sinyal bagus,2,2026-07-25 04:24:42
gua main mobile Legends dari dulu sampai sekaran jujur gua itu skin impian gua tuh yaitu Hunter x Hunter tapi sayangnya belum punya diamond buat beli,5,2026-07-25 04:24:22
bismillaah.. nah gitu dong salut akhirnya google play paham juga.. ada google deals.. keren.. maa syaa Allaah.. kan nanti terhubung dengan instrumen lainnya. game ya industri gaming house.. game produksi ya produksi.. slot dan poker kita alihkan ke market skin dll.. dan penghasilan saldo non coin (point dll) good job google.. termasuk software dan hardware ke industri yang dituju.. intinya semua ada instrument nya so stop nagih langganan.. bikin pusing aja..,1,2026-07-25 04:22:23
"komposisi rank tim saya dan tim lawan tidak seimbang, membuat perbedaan kemampuan yang sangat signifikan dan terkesan tidak adil sama sekali, segera perbaiki!",1,2026-07-25 04:21:39
bagus aku suka tapi banyak cheater,4,2026-07-25 04:20:51
game apaan lu dikasih ws langsung dikasih tim poke +ngleeeg,1,2026-07-25 04:20:34
game ini sangat bagus dan kadang² saya sters bermain game ini tapi game ini tetap seru 0,5,2026-07-25 04:20:22
cara membetulkan bug mic gagal dinyalakan gimana?,5,2026-07-25 04:20:18
mohon banget ml tolong lawannya yang adil ya🙏,1,2026-07-25 04:20:03
woy moontoon boleh tak kalau bagi skin gratis! rank aku dah akh kekal kat epic tak naik-naik sbb season baru.. susah tau tak bagilah skin gratis mlbb beta pun kena kumpul skin walaupun diamond free susah tau tak,3,2026-07-25 04:19:07
"game ga guna, game ajur ngabisin waktu doang",1,2026-07-25 04:18:30
tim nya dapet nya gak sesuai rank musuh nya malah imo ge baru honor 30,1,2026-07-25 04:18:17
baka ngelag kin hp ku emang males main mlbb bagus banget,1,2026-07-25 04:17:17
gem tolol sistem aneh orang ga afk di bilang afk,1,2026-07-25 04:16:36
"game sepi ga ada pemain lagi,maknya terpaksa akun bot dimasukin di dalam match,game sampah season depan akun bot di hilangin,biar ga sepi ni game",1,2026-07-25 04:16:16
aku suka ml,5,2026-07-25 04:13:18
"game t*i, a*jing",1,2026-07-25 04:12:53
Bagus,5,2026-07-25 04:11:55
"mau komplain moon tod 1. kenapa gw kalau roam suka ditemenin Ama poke, padahal gw jago 2. kenapa jaringan gw saat Mabar sama temen tbtb suka ngelag bersamaan padhal kita gak saling nge hotspot 3. download data gw ke reseat moon toll 4. tolong moonton buru semua dark sistem kalau boleh eksekusi dah, bikin emosi Mabar Ama team keras kepala tukang beli sky picek stak 0",1,2026-07-25 04:09:22
sanggat seruh dan menyenangkan,5,2026-07-25 04:09:22
monton pilih kasih ga jelas,1,2026-07-25 04:08:52
"Game yang sangat membikin darah mendidih, Keren luar biasa. tapi tolong, fitur chat di perbaiki. masih banyak anak anak fomo dan toxic, kalau bisa auto kasih pelanggaran untuk yang TOXIC. Semangat..",5,2026-07-25 04:08:36
kasih tim yg setara Napa berapa kali Nemu tim yg ga seimbang sama musuh nya lawak bugg sinyal juga benerin tuh main game lain sinyal stabil di 5ms paling gede 10ms giliran main ke ml bisa ping 50 kadang merah kadang juga kalo sinyal hijau tapi di game nya ngeleq jalan jalan sendiri lawak,1,2026-07-25 04:06:07
seru tapi naikin rank nya susah,3,2026-07-25 04:05:31
game nya bagus player nya ilangin,1,2026-07-25 04:04:00
ngeleg mulu padahal jaringan bagus gimanasi,1,2026-07-25 04:03:29
"banyak drak sistem nya, jadi saya kasih bintang 5🤗",5,2026-07-25 04:02:10
"INI KAPAN FLORYN DI NERF MONTONNNNN ROAMM SUP HMA KEK GITU DI BIARIN AJA, GA LIAT APA GIMANA ADA FLORYN TIM JADI GA SEIMBANG",1,2026-07-25 03:59:59
udh seru doang sih sorry gk banyak²,5,2026-07-25 03:58:57
server benerin bukan skin yang di update terus lawak,1,2026-07-25 03:57:34
menuju Menuhin memories jir😹,1,2026-07-25 03:57:31
"kalo bikin game itu jgn bikin orang stress orang punya emosi kau kasih pulak tim yg noob tapi musuh ny jago itu namanya ga adil sama juga kau kasih di rank kalah terus giliran classic asik menang kau memang kurang ajar ya kau kalo buat game kau jangan kasih orang yg solo, duo sama trio nabrak party ya kau buat orang stress ya orang yg udh emosian jgn kau tambah tambahkan emosinya di classic kasih tim bagus di rank dikasih tim cupu",1,2026-07-25 03:57:19
"saya suka ml, tapi monton kasih tim tu jangan yg main nya kayak tier epic, tapi tim musuh mantan tier imo, jadi kasih tim yg sepadan aja jangan kasi tim yg GK bisa main😭.",5,2026-07-25 03:57:08
kalo main solo ketemu nya musuh nya trio jago muluk mana rank nya tinggi pulak tolong lah perbaiki buat pelayer solo,2,2026-07-25 03:55:55
hmmmn gua ls 12 kali tonnnn kasih ws 39 kali cepEt akun gua namanya draksistem,1,2026-07-25 03:55:50
aku dapet teman bot mulu isi nya kalah mulu jangan main gem ini busuk kalah terus menerus dapet tim bot gw kalah terus,1,2026-07-25 03:53:40
seru,5,2026-07-25 03:53:07
"PEMBAGIAN UNTUK PLAYER SOLO SUDAH GA NGOTAK,MQKIN KESINI MAKIN BURUK,SEMOGA KE DEPQNYA GAME INI RATING 2.0",1,2026-07-25 03:51:04
seruu,5,2026-07-25 03:49:41
Dpt yim gk bener semua,1,2026-07-25 03:47:18
"dendam apa mooton sm gua ,gua kasih tim epik semua beban , males maen ml kolo begini lost trek 15 kali dahlah",1,2026-07-25 03:46:00
bagus banget,5,2026-07-25 03:45:11
"gw abis lose 9x,,ini game tim musuh kek bintang tim sendiri kek binatang",1,2026-07-25 03:44:53
game nya buruk dapat musuh ya gk bisa yang normal masa top desa lawan top global jujur kalo kamu satu bintang lg menuju Rnk baru jangan berharap bisa menang semudah itu malahan membuat kita emosi dan pusing kalo ingin hidup lebih lama usaha kan jan main game ini tkt nya makin di bilangin makin jadi😹 makin sepi makin baik,1,2026-07-25 03:44:51
game matchmaking sampahhh,1,2026-07-25 03:44:14
"game aneh,setingan, devloper problematik, moonton mata duitan. sengaja bgt dibikin kalah dah, aneh ni game.",1,2026-07-25 03:41:27
GAME TOLOL TOLOL TOLOL GAME,1,2026-07-25 03:37:59
kenapa pas afk terus mau masuk pertandingan nya lagi ada loading screen mana loading screen nya lama lagi,3,2026-07-25 03:37:08
game ini saya sangat suka walaupun ketemu sistem gelap tapi gpp yang menting saya sangat suka menyukainya,5,2026-07-25 03:37:03
banyak drak sistemnya banyak orng yang ga bisa main banyak orang yang ngetrol nurunin rank orang mulu,1,2026-07-25 03:36:40
bagus,5,2026-07-25 03:36:33
kemampuan herony di ubah2 najis . game apa ni . tinggal lapor tar di nerf / buff dah gtu tanpa pemberitahuan lg ah parah ga layak instal ni ges . game rusaaaaaak 😭,1,2026-07-25 03:36:00
gua suka sama payung nya kegura 🗿,5,2026-07-25 03:34:35
aneh sekarang ping nya tinggi mulu,5,2026-07-25 03:34:02
"bagus, tapi ngasih tim yang setara ya jangan asal lawan onik ph tim bocah sd",3,2026-07-25 03:33:18
"gamenya emang bagus tapi jangan yg timnya kenapa, karena saya ranknya legend Mala turun ke epik tim saya kayak bot udah tau mati banyak malah beli sky piecer.ada juga ni masak kita trio dua saya epik temanku epik malah musuh nya legend semua emang udah saya melupakan game ini kikir.",1,2026-07-25 03:31:07
sangat tidak direkomen pemilihan timnya sangat tidak adil,3,2026-07-25 03:30:04
seru,5,2026-07-25 03:28:52
game gaje gw udh immo bukan nya tim nya makin bagus malah makin pada tolol,1,2026-07-25 03:28:51
asik banget game nya menang terus,5,2026-07-25 03:26:43
"player nya ramah ramah, bahkan ngerekomen dasiin makanan apa yg cocok buat makan siang, player nya juga saling mendoakan, tim musuh jago jago, sementara tim sendiri jago bangett 🥰, apa lagi d rank² tinggi kita bisa ketemu player legend yg mainnya jago pol, ini game nguarangin stress 🤬, ga rekomen sih buat anak-anak main baby bus aja ya biar kita ga ketemu soalnya nanti kejagoan ku tersaingi 🥰",5,2026-07-25 03:23:56
"untuk even skin sein seiya dan kof diadakan lagi untuk pembelian skin sein seiya dan kof jangan terlalu mahal , yg main mlbb tidak semua golongan atas terimakasi",5,2026-07-25 03:23:18
kayaknya ini game mau setiap hari di update paket data ku habis gara gara setiap hari update tolong montoon jadi in mobile legends yg dulu aku capek update,1,2026-07-25 03:23:10
game aneh banyak bot nya,5,2026-07-25 03:23:08
"mobile legend adalah permainan saya sejak kecil, dan saya adalah player xp Hero favorit saya adalah Argus sampe top 1 kabupaten saya sampe tahun kemarin, ijin mengkritik, Hero Argus buff tahun 2026 8 juli ini sangat berbeda dengan cara main Argus dulu , sangat² berbedaa , saya mencoba beberapa kali dengan beradaptasi skil² Argus sekarang, masih aja gak enak tuh Hero, ini buff atau nerf sebenernya ?, plis monton saya harap Argus bisa di ulang lagi seperti dahulu,banyak player Argus yang pensi😭😭",2,2026-07-25 03:22:10
bAgus bAnhet Gem nya tEam nYa rAmah tidak kasar 😎😭👻😱🤑👹👺,5,2026-07-25 03:21:33
saya sangat menyukainya walaupun kadang bikin stress,5,2026-07-25 03:20:45
jika ada bintang 100 saya kasih,5,2026-07-25 03:19:10
punyaku kok ngestuck mulu di logo yah moontoon. aku gak bisa masuk untuk main,1,2026-07-25 03:18:35
bagus sih game nya jaringan nya tapi setiap saya ketemu tim saya di katain poke poke ayam ayam retri indomaret orang nya pqda jahat jahat padahal saya mau kesenangan doang loh gimana sih🥺,5,2026-07-25 03:18:28
Game Rusak main pake kuota dapet tim poke main offline computer lawan jarang pake retry Aneh memang,1,2026-07-25 03:18:25
bagus,5,2026-07-25 03:18:03
"game manipulasi, memberikan tim tidak fair",1,2026-07-25 03:17:54
katanya game adil. apa nya yg adil? saya main tadi tim saya isinya dark sistem skor tim saya 10 tim musuh 40 itu saya doang yg ngekil. game adil katanya😂😂🤣🤣,1,2026-07-25 03:17:49
"monton aku udah bener2 setres ton udahnya dapat tim beban ditambah sinyal jelek untuk hari ini aku g mau main mlbb selama 3 hari ,game ini bisa2 membuat aku gila.🤡🤡🤡😵😵😵👎🏿👎🏿👎🏿💩💩",1,2026-07-25 03:15:59
seru banget gemny,5,2026-07-25 03:10:58
ok bgt Game ini krna gue kasih bintang 5 semoga semakin keren untuk kedepan nanti biar banyak perbuhan,5,2026-07-25 03:10:41
"seru, tapi kadang kadang di rekomendasi kan game pou,",5,2026-07-25 03:10:09
moonton pliss kasi tim yg bener capee bgttt😓,2,2026-07-25 03:07:40
"jelek, timnya beban terus jadi game nya ngebosenin kalah mulu jelek game nya kalah mulu game",1,2026-07-25 03:07:31
"sudah top up tpi diamond tidak masuk , tetapi saldo sudah berkurang",5,2026-07-25 03:06:54
t4! sinyal ijo tapi lag,1,2026-07-25 03:06:43
"aku GK mau marah.moonton kalah atau menang itu biasa. cuma tunjukkan kemampuan biasa skill Hero kita kuasai. saya suka moonton, setiap event . kasih skin gratisan yg bagus dan keren spesial aku kasih bintang empat moonton. aku dukung mlbb. 🥺🙏 aku GK kecewa game ini Hero ini udah aku kuasa tambah pandai.",4,2026-07-25 03:06:40
makin rusak di ml pas mau war padahal jaringan bagus malah leg,1,2026-07-25 03:03:12
"GAME BOSOK NIATNYA CUMA BUAT HIBURAN MAKIN LAMA MAKIN BIKIN EMOSI, SISTEM RANK SANGAT BURUK SEPERTI DIBUAT DEFEAT MOONTON PADAHAL GUA PEMAIN LAMA..BANGKE !! UNINSTAL !!",1,2026-07-25 03:02:39
plislah moonton kasih tim yang adil gw udah kalah 13x malah ketemu cheater jadi kalah 14x gw kadang juga ada yang nge troll tolonglah moonton kasi tim yang adil baru gw kasi bintang 5 kalo adil,1,2026-07-25 03:02:21
ini kenapa pas saya mau download soalnya mau comeback kok ngestuck di 98?,3,2026-07-25 03:02:02
game bagus & gak bikin stress😇,5,2026-07-25 03:01:35
"game bikin depresi, 1,2 kali kahalah oke lah tapi setiap main kalah di kasih tim nya yang starsindrom ga pernah bener menang cuma 1,2 kali doang sisahnya kalah",1,2026-07-25 03:00:53
semoga lebih maju moonton😊,5,2026-07-25 03:00:14
"Game rusak kita bintang 70 ketemu rata"" lawan yg bintang 1200,game hancur makin lama d mainkan makin rusak,kalau mau bgus kalau kita glory ya kasih ketemu tim glory ini malah tim bapuk emang ini monton makin rusak lebih bagus main PUBG aj daripada main ML yg bikin orang makin stress",1,2026-07-25 02:58:42
maaf saya kasi bintang 1 sering main gk tamba hepy mala dara tinggi . solo player di kasi tim computer,1,2026-07-25 02:58:24
Mai. gem ml bikin steres tim nya gak jelas,1,2026-07-25 02:58:07
"makin kesini makin ngelag, jaringan 5G kaya H+ main game ini",1,2026-07-25 02:57:32
apaan sihhh dear moonton udh gw Chet di cs tetap gak bisaaaaaa padahal data gw mati sebentar terus keluar dari ml abis tu gak bisa masuk lagiiii suuuu malah ngestuck di lobbyyyy benerin dulu server lu erorrr,1,2026-07-25 02:57:09
sangat di saran kann saya main game ini bikin saya stress Dann banyak berkata kotor mendapat tim kayak anjingg hapus ajalahh game nya dari play store ngentotttt ngentotttttttttt game kntolll anjnggg apa siii dapat tim kntol muluu yang roam valir roam Layla apaa lah ngntottttttt dapet mid jarott alah kntoll hyper kayak taii anjjj ngntot ngntot ngntoooooootttttt bwan aja lah anjj ayk,1,2026-07-25 02:57:08
sangat menarik dan menyenangkan,5,2026-07-25 02:56:31
"game konyol, game membosankan, game tereror 2026, mendapat peringatan award game bermasalah selamat karena anda akan ditinggal para player 🤮🤮🤮",1,2026-07-25 02:55:19
game bagus NIH ahahahah,5,2026-07-25 02:55:02
"mode 1vs1 jangan perlihatkan item, biar tidak bisa di ikuti sama lawan",1,2026-07-25 02:54:28
iya lumayan bgus,3,2026-07-25 02:54:10
"lu ngasih gua kalah berapa kali 11 kali!!,dan itupun aku masih sabar mengapa kau tega mengasih ku tim seperti ini apakah kau tidak kasihan melihat player playermu yang paling setia kau sakiti haa?bagus begitu??bagus??kenapa kalo ngasih tim ga ngotak musuh dikasih bagus sementara aku dikasih tim yang nge troll?😢terbuat apakah hatimu moonton sampai kau menyakiti hati player mu yang setia??😭😭😭",1,2026-07-25 02:53:43
saya suka pakai dyrot dan moga moga tidak di bannd,5,2026-07-25 02:53:14
"game nya tidak asik saat war selalu delay seperti sinyal lag ga bisa jalan pdhl ping bagus tidak lag, tolong di baguskan dong",2,2026-07-25 02:53:12
moonton ga baik kasih tim yang tolol semua manya aku kasih bintang 1,1,2026-07-25 02:52:11
game tolol,1,2026-07-25 02:51:48
game stres jgn di kasih bintang biar bangkrut game ini bikin nambah dosa,1,2026-07-25 02:50:47
aku suka karena game ya enak tapi aku cewek🩷🩷🩷🩷🩷🩷(⁠๑⁠•⁠﹏⁠•⁠),5,2026-07-25 02:50:31
game jelek cuman bikin stress,1,2026-07-25 02:50:03
game breg,1,2026-07-25 02:46:47
"tolong sekarang"" ini banyak keluhan perihal top up diamond di apk ML sendiri suka error mohon di perbaiki dan di berikan solusi segera karena sangat di sayangkan jika ada fitur diamond tapi error dan ga bisa di gunakan",3,2026-07-25 02:46:25
di kasi tim gajelas 2 bulan isi nya lostrek semua,1,2026-07-25 02:44:25
"game sampah, kadang kadang wifi gw ga leg tapi tetap ngeleg di dalam game nya,matchmaking lama, kadang kadang juga kalau dapat pertandingan ga seimbang, benerin dulu game lu sebelum Collab Collab lagi",1,2026-07-25 02:42:44
game colo ngelag terus padahal sinyalnya aman aman aja gajelas,1,2026-07-25 02:40:16
apalan nih game moba setiap main di kasih musuh jago terus ketemu tim bot mana gua MVP lagi sini ketemu yo monton bikin game yang wajar lah jangan sampe segitunya,1,2026-07-25 02:39:45
game pembikan setres,1,2026-07-25 02:39:12
game hama tholol,1,2026-07-25 02:36:58
"woi tolong nih para cheater di basmi, soal nya hama terutama yang Chet map sama yang bikin lag",1,2026-07-25 02:36:03
"game terbagus sepanjang masa,tiada tandingan",5,2026-07-25 02:35:49
"game hama, tim selalu jelek, ngga seimbang, bikin makin males main, yakali udah mythic otak timnya masih stuck di epic, bikin sistem yg bener dikit",1,2026-07-25 02:32:11
ini mah gem sejarah 👍👍👍👍,5,2026-07-25 02:32:07
bagus ayo main ml,5,2026-07-25 02:31:59
"halo tim mlbb saya ingin mengeluh soal bug yang ada di ml saat ini,yaitu bug loading screen yang stuck dan matchmaking yang ngestuck juga,tolong di perbaiki bug itu okey, terimakasih",4,2026-07-25 02:30:22
"seru, aku jadi tau kalo perang gmn, yang jadi bergunanya aku jadi kaya gak takut gitu kalau ada yang buly aku walapun gak bawa senjata aku jadi gak takut😁",5,2026-07-25 02:26:33
balikin Ruby gw ke setelan awal cih sialan enak an Ruby yg dulu,2,2026-07-25 02:24:23
Game ini harus dikurangi Giga nya,1,2026-07-25 02:23:08
proses instal nya lama bgt,4,2026-07-25 02:21:20
"game bagus, cuma tambah kan starlight pemula skin V.E.N.O.M permanen gratis pliss,",5,2026-07-25 02:21:07
monton aku kalah teros tim ku jelek semua gak pernah menang mau ke ini tapi monton pilih kasih,1,2026-07-25 02:20:08
"gw gk suka sekrang soalnya aku d stuckin terus di legend terus dapat musuh jago jago trs teman dark sistem semua. kalah pun gw yg mpv gak adil bangat, sekali dua kali kalah gpp lah ini d hasil pertandingan defeat semua udh ah males. kayak sia sia doang habisin waktu, baterai hp, sama kuota hasilnya sama aja gk ada perubahan. gw tau kalo sistem machmacing nya d bagi sesuai wr tapi ini keterlaluan gw sama yg bot Mulu trs musuhnya jago jago, kalau kalah gw trs yg mpv , Gak adil!!!!",1,2026-07-25 02:19:58
game goblok,1,2026-07-25 02:18:31
game nya seru banyak darksistem nya trus dikasih tim yang bot dan lawan yang gak ngotak pokoknya saya rekomdasikan game ini untuk para anak kecil,1,2026-07-25 02:16:05
"kenapa sih di kasih lose mulu, padahal udah stop main ML beberapa hari masih aja gak di kasih menang. dan gimana may menang, musuh nya jago tim nya ngawur, minimal diseimbangkan lah, niat ngilangin stress malah nambah stress",1,2026-07-25 02:14:55
game tolol gua solo nabrak legend mulu,1,2026-07-25 02:14:47
perbanyak player ramahnya,5,2026-07-25 02:14:02
mino onlyyyyy!!,5,2026-07-25 02:13:58
gak seru seruan ff ml banyak cit nya dan gak bisa di laporin diperbaiki lagi untuk monton citer ml gk bisa di laporkan,2,2026-07-25 02:13:14
bapak kau adil hp gw lcd nya udah ada ini gara gara gem elu tanggung jawab,1,2026-07-25 02:13:03
"sistem nya di ubah lagi moonton,bnyak darksistem bikin Solo player malas main,ga adil",2,2026-07-25 02:11:46
game ini bagus banget deh cocok Ama ya pro main nya,5,2026-07-25 02:11:30
sistem mvp sampah,1,2026-07-25 02:10:19
game jlk pemilihan tim nya ga seimbang ngomong nya pemilihan tim di sama ratakan tapi mana ga seimbang bat,1,2026-07-25 02:08:21
servernya down,1,2026-07-25 02:07:53
"ini geme lama ² ak heran bgt, dulu ni geme favorit bgt sih , tpi skrng kurang jdi ny jdi setiap main gitu knp kasih musuh ny itu yg susah mulu tiap login ml maen rank kalah mulu coba aj kasih musuh ny yg seimbang gituu, punya tim jga bot teruss , in aku sengaja kasih bintang 2, main kalah mulu rank jga turun lama lama bikin ak jdi males main nya padahal ak tiap hari login main rank, tpi in entah knp ak udh bekali ² login kalah gk menang², hadehhh",2,2026-07-25 02:07:38
tolol benerin matchmacing,1,2026-07-25 02:06:32
"apa lah monton main tim musuh ama tim temen selalu ga imbang tim musuh jago""giliran tim sendiri pada ga bisa main main klh terus mvp trs cape dari bintang 13 sampe legend sellu dapet tim ga bisa main tim musuh ama tim sendiri selalu ha imbang",1,2026-07-25 02:05:38
sistem match nya jelek,1,2026-07-25 02:04:53
bagus,5,2026-07-25 02:02:09
Kereeenn,5,2026-07-25 02:00:43
"moonton ngasih tim gabisa main terus sedangkan musuh global semua timnya, saya harap sistem draft diperbaiki sebaik baiknya supaya mengenakkan semua player, contoh ni kalau para karyawan moonton gatau gimana caranya, kasih tim sesuai sama kemampuan misal jago sama jago bot sama bot biar ga berat sebelah.",1,2026-07-25 01:59:38
seru plis kasih cange dong,4,2026-07-25 01:59:28
keren kalo Ade sekin alpa baru lagi 👍👍👍👍👍👍,5,2026-07-25 01:59:18
"yahh bintangnya makin turun deh, makanya ngasih tim yang jelas, masa timnya poke musuhnya mantan glory semua hadehh ckckck,",1,2026-07-25 01:59:14
mantap pokonya,5,2026-07-25 01:55:17
"woww game yang sangat membahagiakan. game ini sangat ramah untuk anak-anak,playernya juga baik semua ,tidak ada yang toxic dan juga senang membantu temannya ,setiap hari aku memainkan game ini karena game ini adalah penghilang stres,bahkan karena game ini hidup saya jadi lebih tenang dan bahagia,kalo bisa ilangin aja nih game _-",5,2026-07-25 01:53:09
kasih ai gak jelas,2,2026-07-25 01:53:07
jujur bagus bgt gk nge lag lagi trus kekuatan di setiap karakternya itu kuat kuat gk ada yang lemah jujur nih game satu gua kasih bintang 5,5,2026-07-25 01:48:02
team gak seimbang,1,2026-07-25 01:48:00
"tim isinya bot trus musuhnya player asli,gk masuk logika",1,2026-07-25 01:47:46
"Game rusak,di karenakan ketidak seimbangan tim,dan tidak akan pernah di perbaiki keluhan yang satu ini",1,2026-07-25 01:47:38
"Siap².unistal klo harga DM naik, dasar Game kikir, banyak Bot, kekurangan player kah nih Game?",1,2026-07-25 01:47:23
"Game tidak berguna tidak jelas, masa teman gua spin skin basic argus di draw pakai tiket dari 1863 tiket sampai tuh tiket abis tidak dapat sama sekali tuh skin basic argus. Game yang tidak jelas, bisa nya cuman bikin emosi aja masa gua garuk kepala sebentar tidak gerak langsung afk gak jelas lu mlbb dan lebih parahnya lagi setiap gua pake bahasa jawa atau pun bahasa sunda di chat pasti langsung dpt peringatan katanya chat tidak pantas. Hello sana² pergi dulu sana bljr bahasa daerah dulu sana.",1,2026-07-25 01:46:42
seru banget jir,5,2026-07-25 01:46:28
"ni game bagus banget mulai dari grafiknya tambah lagi ini game bisa juga tampa jaringan pokoknya bagus banget tambah tim dark sistem lagi setiap main dark sistem aja terus rank gak naik tapi emosi yang naik gw aja pernah gendong tim sendiri tapi kaga dapat bintang lagi sama ngotak lu masa gw masih epic malah dikasi lawan dah imo ngotak lu, di posisi dapat lord knp selalu ngelek setiap gw mau pencet retri knp setiap gw di posisi menang selalu ngelek padahal jaringan sudah bagus",1,2026-07-25 01:45:03
Saya senang bermain game ini tapi sering kalah,5,2026-07-25 01:44:55
"EXORCIST KAPAN MOONTON, AKU LUMUTAN NUNGGUIN NYA!!",1,2026-07-25 01:42:59
moonton gay,1,2026-07-25 01:42:24
lumayan buat ngelatih mental karena tim nya keras semua,1,2026-07-25 01:40:51
"Tolong moonton kalo ngasih tim sama musuh yang adil masa musuhnya immo timnya honor, dah 10× berturut turut di kasih tim ga setara sama musuh,uda pernah di rating 1 masih aja di kasih yang ke gini,tolong lah cape aku",1,2026-07-25 01:34:45
kalau kita sering main malah di kasih kalah dan kalau kita jago dapat MVP di suruh gendong tim bot,2,2026-07-25 01:34:08
game yang menurut saya tidak adil pembagian timnya masa saya udah glory se tim sama epicc yg Main dyrot gold lane pake retri,1,2026-07-25 01:32:06
game aneh asli masa setiap main nemu boot trs yg satu tim aku skillnya kayak player epic abadi semua,1,2026-07-25 01:26:36
kembalikan lore kagura dan hayabusa,2,2026-07-25 01:26:33
Halo kak kami komitmen menciptakan permainan yang adil taik setiap pembagian tim selalu mendapatkan tim yang nub sehingga tingkat kemenangan 0% game yang membuat rasa marah dan kecewa ya ini mobile legends tolong bagi player di seluruh dunia untuk melaporkan aplikasi ini yang telah mengecewakan dan membodohi player pemula,1,2026-07-25 01:20:42
ga ngotak gua turun dari legen 1 bintang 5 sampai ke epic 2,1,2026-07-25 01:19:32
signalnya di perbaiki ya,5,2026-07-25 01:18:37
akun gue balikin,1,2026-07-25 01:17:44
"tolong dong, top up diamond saya belum masuk ke akun saya, gimana ini perbaikannya😭😭",2,2026-07-25 01:14:23
tidak bisa di main kan,1,2026-07-25 01:11:37
makin ke sini makin burukk...,1,2026-07-25 01:08:54
keren dan bagus,5,2026-07-25 01:07:14
"game hama mending di hapus dari playstore, sekali kalah, kalah seterusnya kek judol aja",1,2026-07-25 01:06:51
game anjeng,1,2026-07-25 01:03:27
game ini sangat menyenangkan bagi orang yang pintar membuat strategi pembelajaran kooperatif mengasah kemampuan,5,2026-07-25 01:00:11
"lu kalau jadi develop game kalo ngasih musuh ama tim yang seimbanglah montoon gak tim poke musuh jago gak imbang banget mikir lah adik2an mawi dikasih musuh spek angkatan glory kan anjg emang sistem montoon bngst emang, woi moonton tolong sinyal diperbaiki masa sinyal Wifi bagus ping gw naik turun mulu, gausah ngeles kalo dikritik",2,2026-07-25 00:53:07
event exorcist cepetin jangan dilama lamain munculnya di ORI server,1,2026-07-25 00:52:31
aku kasih bintang 5 biar di baca setiap main selalu kalah gak pernah win sama sekali ini aja baru losetreak yang ke 25 dari mythic glory bintang 50 turun jadi mythic honor bintang 25 udh males mainin game nya jadi sekarang aku udh gak main selama 1 tahunan,5,2026-07-25 00:50:01
Game nya seru dan setiap event nya menarik dan skin nya cantik ² juga ada yang keren kalau spin jangan berharap muntun kasi skin yang lo mau kecuali lu udh punya skin laen,5,2026-07-25 00:49:45
game yang niru hok wkwkwkwk hok mah gk banyak dark system nya lah ini apk apaan wkwkwkwk merusak mental orang.,1,2026-07-25 00:45:49
❤️❤️❤️,5,2026-07-25 00:45:04
makasih yaa moonton lebig baik kasih tim yg bobrok lgi dong udh cape maininnya di tambah lelet terus turunin aja ampe master aja gpp lah mls njir baguss yaa kasih tim yg bapuk terus aja mending turunin bintang daripada naikin bintang mh,3,2026-07-25 00:44:25
"Game dengan sistem match yang kurang seimbang, beberapa kali di rank epic saya sering bertemu dengan player dengan rank tertinggi Honor hingga Glory, sedangkan Ke-4 team saya rank tertingginya hanya Sampai Epic.. jelas match menjadi tidak seimbang karena perbedaan kemampuan dan pengalaman bermain, tolong lakukan perbaikan dan pembaruan pada sistem ini.",2,2026-07-25 00:43:53
game bgst bikin stres ngntd,1,2026-07-25 00:39:04
sistem permainan tidak adil dengan musuh pangkat yg tinggi sedangkan teman dengan pangkat yg rendah,1,2026-07-25 00:38:07
game nya bagus. sayang banyak player cacat,1,2026-07-25 00:35:13
bagus lii,5,2026-07-25 00:35:00
saya turunkan bintangnya lagi karena lagi dan lagi dapet tim ga berguna dan pada egois... selama main solo selalu banyak kalahnya di banding menang... tidak seperti di awal2 download mobile legend...,1,2026-07-25 00:33:33
server memburuk,3,2026-07-25 00:33:11
kalo ga dikasih losetreak terus saya kasih bintang 5,4,2026-07-25 00:31:00
"tolong perbaiki lagi sistem di game ini, saya bermain solo dan malah di pertemukan dengan tim yang mainnya duo ataw trio, setelah selesai main saya melihat di tim saya semuanya bermain solo tapi kenapa di tim musuh ada trio/duo, terus kesetaraan, saya bermain di rank legend dan rank tertinggi saya glory bintang 55, kenapa saya malah di pertemukan dengan lawan yang ranknya lebih tinggi dari saya, mohon maaf saya harus memberikan 1bintang karna pengalaman bermain yang sangat buruk",1,2026-07-25 00:30:19
rada ngelag doang sihhh cuma bagus.,4,2026-07-25 00:26:44
gk bisa top up,2,2026-07-25 00:22:09
sebener nya bantyak drak sistem tapi sekarang banyak yang ramah,4,2026-07-25 00:21:25
"bisa gak jangan kasih tim dark sistem mulu, di rank lah brawl lah, classic lah. dengar kan gitu kami kasih tim normal dikit kek. kalo sampe aku masih dapet tim dark sistem lagi aku gak ganti bintang 1 ini.",1,2026-07-25 00:20:44
GOBLOGGG GAME TEMPEKKKKK,1,2026-07-25 00:20:10
game ini begitu mudah dimainkan di HP dan grafik nya kayak AI,5,2026-07-25 00:19:55
geme rusak,1,2026-07-25 00:18:17
"tidak ramah untuk anak"" membuat stresss",1,2026-07-25 00:16:56
mantappp,5,2026-07-25 00:14:34
HOK is better in every way,1,2026-07-25 00:10:35
selalu ketemu tim bot beban,1,2026-07-25 00:09:13
KALO NGASI TEAM JANGAN KAYA EEK LAHH CAPE KALAH MULU GUAAA,3,2026-07-25 00:09:09
Bagus dan seru.,5,2026-07-25 00:06:44
"game aneh, isinya bot semua udah gitu defeat, dicocotin tim sendiri mana kejebak di epic males banget",2,2026-07-25 00:05:38
pliss lah moonton aku nge stuck mulu di epic dikasinya lawan jago mulu dah,3,2026-07-25 00:02:56
seru bett,5,2026-07-25 00:02:09
kenapaa setiap gua main Heppy selalu di kasih tim yang gak bisa main padahal gua download game ini gara² seru tapi selalu di kasih tim yang gak bisa main kenapa 😭😭😭😭,2,2026-07-25 00:00:55
"Ga tau kenapa gua udah kena banned 2 kali dengan kasus sama, ""pake apk plug in"" padahal gua ga sama sekali pake apk apa apa, trus kata temen gua, gua pake apk clone app itu juga cuman buat ig ga buat ml, aju banding juga ga jelas ga ada kepastian",1,2026-07-24 23:58:50
Saya slalu stuk di loading mau maen. Knapa ya. Tolong dong. Jadi afk mulu,5,2026-07-24 23:56:52
"game gak jelas dikasih nya tim bloon gak bisa main semua mending main epep daripada ml, timnya gak jelas losestreak sampe 14 kali dari legend 5 bintang 3 ke epik 2 bintang 3",2,2026-07-24 23:52:25
"jelek banget gamenya, sebelum main jaringan stabil, eh pas main malah nggak stabil, terus suka tiba-tiba stuck loading ke pertandingan. buat pemain baru jangan main ini game . buriqqq",1,2026-07-24 23:51:28
mantap semoga kedepannya mangkin ada kemudahan,5,2026-07-24 23:49:00
seru,5,2026-07-24 23:48:02
game nya seru,5,2026-07-24 23:47:30
aku gk suka ml,1,2026-07-24 23:44:54
gw lagi road to mhytic moonton knp gw kalah Mulu anjir EMG nya gak cape apa gw,1,2026-07-24 23:43:09
nyaman polll,5,2026-07-24 23:41:37
"moonton kenapa pas di game bagian atas semua ga bisa di pencet rasanya saya tergangu soalnya ga bebas milih seperti shop, jaringan dan poni itu semua ga bisa di pencet",5,2026-07-24 23:40:46
"gamenya aneh bgt, masa pas login sinyal wifinya jelek bgt, tapi pas keluar dari game sinyal wifinya langsung bagus. perbaiki lagi dong tolong ngeselin bgt soalnya, jadi gak mood main😔😔😔",5,2026-07-24 23:40:29
"GAME RUSAK, SISTEM SOLO RANK TIDAK ADIL !!!!!!!! DEVELOPER HANYA MEMENTINGKAN UANG DARIPADA KOMUNITAS",1,2026-07-24 23:33:02
"game rusak kalo matching gak pernah di kasih tim yang seimbang, matching lu noh benerin",1,2026-07-24 23:30:13
game nya sangat seru dan bikin bertarungan yang sangat intens yang bikin adrenalin naik tergantung seberapa jago pemain dan tim,5,2026-07-24 23:27:42
game ini terlalu berat,1,2026-07-24 23:26:09
woii apalah gw stuk di rank itu itu aja kena kutukan,1,2026-07-24 23:18:40
"Sangat asik, bisa bermain saat ada waktu luang!",5,2026-07-24 23:17:55
dikasih tim bot terus monton Kon,1,2026-07-24 23:11:42
tadinya ingin senang seneng malah bikin stress,2,2026-07-24 23:07:34
game nya bagus sering sering bagi skin ya montoon 😁😊,5,2026-07-24 22:59:26
"Lebih Baik dari sebelumnya, semoga lebih baik lagi 👍🏻",1,2026-07-24 22:52:55
Biasa ajah lemon wkkwk,5,2026-07-24 22:47:26
bnrin lgi timnya,1,2026-07-24 22:47:21
"kurang merata saat pembagian tim saat bermain solo, di bandukan tim saya tim lawan lebih jago",2,2026-07-24 22:47:09
beri aku skin gratis dong,5,2026-07-24 22:45:57
kasih gua menang,5,2026-07-24 22:43:52
gem nya bagus banget,5,2026-07-24 22:42:12
game rusak kasih tim yg bener lah,1,2026-07-24 22:38:41
gila aku udh cape cape push rank tapi dikasih tim dark sistem setiap MVP aku terus gendong udh lah tim ku beban di kasih sama moonton. tim musuh malah jago soal ml buriq,1,2026-07-24 22:32:22
bagus sih,3,2026-07-24 22:30:41
server error mulu,4,2026-07-24 22:30:21
ampass match maching busukk,1,2026-07-24 22:27:07
"game rusak stress 2 menang 10 kalah banyak cheatnya, joki yg main banyak jd legend rasa imortal semua teman noob bahkan direport pun gak ada responnya",4,2026-07-24 22:22:27
game anjeng,1,2026-07-24 22:12:50
"saya kasih bintang 5,tolong ketika login mobile legends kan langsung muncul ""update"" dan saya ingin ada ""lain kali"" saya main MobileLegends jadi nya tidak bisa terus",5,2026-07-24 22:12:33
sangat menyukainya,5,2026-07-24 21:48:22
"Gw player lama, tapi gw dah stop main game ini, Krn menurut gw, game ini tidak memberikan impact positif, melainkan impact negatif, toxic, berkata kotor, menurut gua, game ini adalah game pembodohan, masih banyak game yg lebih baik & memberikan impact positif daripada game ini, sistem matchmaking nya pun tidak berlaku adil, sangat merugikan player lain, terutama player solo, jadi silahkan berpikir dua kali untuk mendownload game ini, asal jgn menyesal dikemudian hari",1,2026-07-24 21:47:40
jangan maen game ini gajelas mytic glory bisa ketemu sama legend kocakkk,1,2026-07-24 21:43:06
permainan ini sangat bagus,5,2026-07-24 21:42:32
game ga jelas,2,2026-07-24 21:42:19
macth lu benerin montoll,1,2026-07-24 21:41:18
bagus jirs mines nya jan ksih tim sistem hitam ke gua muntun si alan,5,2026-07-24 21:39:09
dark sistem isinya kaya .....,1,2026-07-24 21:39:04
RIBUT YU,1,2026-07-24 21:34:43
ppp good,5,2026-07-24 21:33:10
semoga bintang ini digantikan dengan diamond . hehe,5,2026-07-24 21:32:15
sangat bagus,5,2026-07-24 21:28:25
burik ... jangan instal ... kasih bintang 1 saja ...,1,2026-07-24 21:26:30
game tai ngleeek truus,1,2026-07-24 21:21:36
jangan di dowload ada unsur 18+,1,2026-07-24 21:20:55
game ga jelas merusak generasi bangsa,1,2026-07-24 21:17:02
adil la moonton ngasih kawan gajelas ngasih lawan berkelas,1,2026-07-24 21:16:10
"game isinya anak kecil,gwe main dari jam 12 malem sampe jam 4 subuh 1 bintang pun ga dapet,lost mulu,ini game online udah kek judol jadinya,blacklist player di akun gw udah banyak tapi masih aja di kasihnya sama ga ada bedanya,tolong ton moonton kalo mau rating an game lu bagus ga gini ton,kasih ws lah,dapet dapet 5 bintang apa 4 kek minimal,ga di lost semua,baru login padahal,di lawanin ga tidur,buat naikin rank doang,buang buang waktu #keluhkesahplyersolo",2,2026-07-24 21:15:29
percuma kalian koment pasti di abaikan lebih baik kalian kasi bintang satu terus uninstall,1,2026-07-24 21:08:09
"gw APUS dah,berat sebelah match-nya dpet tim yang ampas bgt,dahlah yah cukup deh untung gajadi topup kemarin",1,2026-07-24 21:03:15
"p, info keadilan dalam permainan. ini udah di luar nalar banget.",1,2026-07-24 21:01:15
menurut saya musuh dari game satu ini cukup bingung lihat Tim yang bot seperti afk tolong di perbaiki ya monton setiap,5,2026-07-24 20:58:21
"banyak botnya sekarang ini game mana jago banget lagi botnya, tolong lah min hapus aja bot botnya",2,2026-07-24 20:51:55
"niat saya cuma mau seneng seneng eh malah di bully abis abisan katanya hero yang saya gunakan menjijikkan (se jijik itukah? padahal b aja, saya juga engga beban yang gimana gimana) , sampe trauma saya✋🏻😐🤚🏻, i'm out bro.",3,2026-07-24 20:51:35
game nya bagus grafiknya jangan di tanya deh tapi ko pas maen kita udah mau menang kadang musuhnya tiba tiba lebih sakit demegnya apa mungkin aku yang kurang jago atau kah udah dari sana yang ngatur,3,2026-07-24 20:51:12
gem ML ini sangat bagus tapi yg bikin kesel tim drak sistem,5,2026-07-24 20:49:36
"Hey dog developer, fix the enemy match system, the dongo team is good, they are all stupid, they can't code, what are you dogs?",1,2026-07-24 20:48:36
"tolong ban tu cheater, msih bnyak yg lolos",4,2026-07-24 20:41:26
game aneh ngasih musuh sama tim ga seimbang sengaja amat mush rank tinggi timnya yg rendah sampe lose streak dibuat ni game,1,2026-07-24 20:40:27
sangat memuaskan,5,2026-07-24 20:38:46
"kak, kapan skin epic dan legend hero aamon dan Natan di rilis, saya sudah nunggu sejak starlight terakhir kedua hero ini 3 tahun lalu, tapi skin epic dan legend nya kok masih belum keluar-keluar😭, dan kalau sampai akhir tahun ini belum keluar, seperti nya kedepannya saya akan berhenti bermain 🙏.",5,2026-07-24 20:33:48
seru tp kebanyakan drak sistem,5,2026-07-24 20:32:56
"jaringan bagus tapi saat matchmaking tiba² lag mulu, jumping terus padahal ijo, bug, dapet tim yg ga seimbang terus, banyak yg trol, yang sekiranya ga mampu naik rank ga usah dinaikin cepet² jadi banyak yg troll seenaknya!!!!!!!",1,2026-07-24 20:23:04
game sangat buruk,1,2026-07-24 20:20:59
game taiii!!!!!!,1,2026-07-24 20:12:40
game tolol,1,2026-07-24 20:09:16
game gk adil rank legend di kasih lawan imortal,1,2026-07-24 20:08:18
mending pindah ke game sebelah.. Udah banyak bug. Dan paling ganggu stak matching di 80 atau sekian.. Padahal jaringan bagus.. Bukanya benerin malah colab mulu,1,2026-07-24 20:05:55
"Tolonglah di rolling lagi Lanennya. Gw daritadi ketemu hyper sama gold yg tolol terus. Kagak jelas lu ngasih tim, gw kalah terus sial",1,2026-07-24 20:03:49
GAme babi poke gak jelas,1,2026-07-24 20:01:33
"banyak hama hama banyak dark sistem, match making ga seimbang",1,2026-07-24 20:00:30
"setelah 6x losetreak, saya putuskan berhenti bermain game ini. Bayangkan di kurang lebih 200 match saya MVP (menang) 53x dan MVP (kalah) 47x total 100 MVP (kalah-menang), jadi saya seperti menggendong separuh tim dalam keseluruhan permainan. terimakasih, S40 adalah season terbaik map dreadsea dan mode Tidal Fishing ""Memancing Ombak"" sangat menyenangkan. Saya berhenti di S41 - sekian.",1,2026-07-24 19:57:28
Game ampas yang tidak adil.,1,2026-07-24 19:54:56
"please lah, gamenya udah bagus, tapi matchmaking nya loh, tim sendiri kayak player baru main, tapi tim musuh udah kayak pro player, katanya game dengan matchmaking adil? tapi kok gini",3,2026-07-24 19:43:59
Tolong di perbaiki server nya min setiap war sering ngeleg banget ga logis,5,2026-07-24 19:41:21
game rusak,1,2026-07-24 19:41:01
siiip,5,2026-07-24 19:36:19
bad game,1,2026-07-24 19:32:21
game moba tergoblokk yang pernah gua mainin,1,2026-07-24 19:30:33
tolong hilang pemain epic di game ini,5,2026-07-24 19:29:09
Game ga bagus Tidak usah di download Di kasih tim dark sistem dan ga bisa main habis itu gagal ke mythic karena di legend 1 bintang 5 terus turun karena tim nya dark sistem tidak usah di download,1,2026-07-24 19:26:59
"game ga jelas, saya ditroll diambilin buff saya di menit pertama masa didenda -4 kredit skor? giliran saya yang pundung meluk base ampe kalah gegara ditroll malah dapet pelanggaran besar, aneh kek hukum Indonesia",1,2026-07-24 19:24:00
game udah hampir 10 tahun tapi masih banyak masalah,1,2026-07-24 19:19:27
game buruk selalu tidak bisa menyeimbangkan permainan.. selalu dikasi dark system...game terburuk lebihh baik main AOV Garena... system nya ok keseimbangan yg pas,1,2026-07-24 19:17:47
game bikin emosi rank nya ngk bakal naik2 kalo blum top up badak 1 turun ke badak 3 naik lagi ke badak 1 turun lagi ke badak 3 main tiap hari tiap mlm gitu2 ajah menak dan kalah suda di tentukan sama pihak developer🤮🤮🤮🤮🤮🤮,1,2026-07-24 19:17:17
"game aneh dapet tim isinya bot mulu sedangkan musuhnya jago, moonton gajelas",1,2026-07-24 19:17:12
"game gjls keluar"" sendiri dri pertandingan",3,2026-07-24 19:12:44
isinya bot semua di tim terus d musuh GK bot emang bBi,1,2026-07-24 19:11:57
"match making rusak, Musuh 3 glory. tim sendiri 2 tier legend. gokil",1,2026-07-24 19:11:48
"kenapa ketika saya login, setak di loading tidak bisa masuk kedalam game nya??",1,2026-07-24 19:07:13
"tolonglah system matchmaking nya dibenerin, masa main solo ketemu player random gak jelas terus. gak jelas kali loh montooon. saya termasuk player old padahal, tapi setiap main ranked solo selalu ketemu random satu tim kayak bot. di kasih player yang baru main bocil-bocil gak paham rotasi, gk paham item.",1,2026-07-24 19:05:46
bisa ga sih ini game rank di sesuain bayangin losetreak 14 kali perkara tim gajelas mending liat dlu deh kualitas game ampas lama lama jadi makin susah karena dikasih tim gajelas mulu,1,2026-07-24 19:05:29
anj server nya perbaiki lag woi,1,2026-07-24 19:02:27
tolong lihat player mu muntun gak pernah adil dalam pemilihan tim dan tidak pernah seimbang mikir,1,2026-07-24 19:00:35
"SOLO RANK SEMAKIN GAK JELAS TIM NYA, gak semakin baik malh semakin buruk lagi, gak jelas kau montoon",1,2026-07-24 18:56:59
"emg ini game tambah kesini tambah g jls ya konsepnya. orang ditinggal bls chat sebentar aja langsung ga bisa lanjut game, langsung afk. ga ada niatan buat usaha loading dulu, aneh banget",1,2026-07-24 18:52:24
akun ml gw hilang min padahal email udah di kaitin ke akun ml giliran mau login kok koneksi tidak stabil mulu padhal kuota wifi bagus,1,2026-07-24 18:43:26
"Parah system sekarang semenjak ada partyan grup , niat main solo kalah menang mulu , kadang pada troll ... dari dulu sampe sekarang skin gratis yg bikin puas dari pada main rusak semua tim nya kali solo .",1,2026-07-24 18:42:52
game ramah saya kasih bintang 1,1,2026-07-24 18:33:00
"Tiap ada turnamen besar, lag semua server",1,2026-07-24 18:31:26
musuh susah team ga jelas,1,2026-07-24 18:29:58
"ASLI INI GAME UDAH RUSAK! SETIAP HARI KETEMU TIM YG GA NGERTI MAEN, SEDANGKAN MUSUH KAYA ORANG PATYAN NGERTI MAEN SEMUA! MULAI HARI INI GUE UNINSTAL INI GAME! MIKIRIN BIKIN SKIN DOANG! PEMAIN² POKE KAGA DIKASIH SANKSI GOBLOKKKK!",1,2026-07-24 18:29:01
woi min kasih lah aku menang dari kemarin kemarin kalah mulu yang bener dikit napa ngasih tim nya pas mau serius malah dapet tim anomali pas gak serius malah dapet tim yang serius perbaiki lah sistem pencari an musuh sama tim kasih lawan yang sama dong,1,2026-07-24 18:28:45
gajelas pembagian tim gak se imbang game rusak,1,2026-07-24 18:27:40
"ehh montonn hapus dark system nya lah, gw cape main gak nambah² bintang gw bangke",1,2026-07-24 18:27:07
"Perbaiki Sistem Mach nya, masa Mitik bintang 8 dapet musuh Honor bintang 40 gajls asu",1,2026-07-24 18:22:56
jangan di kasih tim dark sistem mulu woi,5,2026-07-24 18:16:12
GAME ASU,1,2026-07-24 18:15:59
cape banget dari pagi main sampai JM 1 malam bukan nya naik bintang malah turun main sambil nagis begadang nyampe asam lambung kumat pliss yatuhan cape banget .pliss gk bisa berhenti nagis hampir gila ini,1,2026-07-24 18:10:24
mengapa selalu mendapatkan tim yang tidak sepadan dengan musuh dan mengapa saya terus saja di beri lawan yang susah dan tim yang bodoh??,1,2026-07-24 18:10:23
"di rank adain ripot orang nga bisa maen , 3 kali di ripot nga bisa maen rank lagi , cape banget maen ketmu tim nga jelas nga ngerti game",1,2026-07-24 18:07:07
matchmaking nya suka ngaco banget,1,2026-07-24 18:06:50
game gak jelas dapat team gak bisa main terus sama server ngaur,1,2026-07-24 18:06:44
"Tim gak sesuai ,,banyak akun bocil jokian, pembagian tim buat solo player gak imbang, gamexyang harusnya buat ngilangi stress malah bikin stresss",1,2026-07-24 18:05:27
ton monton mbok nek golek ne tim sengenah ora gor mbok kei drak sistem roh pora kene rep ngugah ne pangkat anggel,1,2026-07-24 18:04:45
"game tai, mending Honor Of Kings,",1,2026-07-24 18:02:26
"kalian ini bisa memvalidkan laporan orang padahal secara obyektif permainan tidak adil, misalkan player kena ganking dilaporin karena ga perform. Apa memang kalian tak lihat gameplay nya.. matchmaking juga ga imbang, BURUK",1,2026-07-24 17:57:53
AKU STERES MONTOON TIMNYA KAYA EE SEMUAAAAAAAA BERI AKU TIM YANG BENERRRRR PLISS AKU SUDAH MUAK DENGAN TIMKU YANG AMAT GAJELAS INIEHHHH😭😭😭🫩🫩🫩🫩🫩🫩🤯🤯🤯🤯🤯🤯😈😈😈😈😈😈😈😈😈,4,2026-07-24 17:52:40
suka sekali game ini,5,2026-07-24 17:50:07
"saya kecewa atas perilaku player ml,saya dihina di caci maki sampai saya tkut main ml lagi",1,2026-07-24 17:47:19
"jujur gw udah sakit banget main ni game,gw sampe sakit dibuat ni game",1,2026-07-24 17:44:32
cape gua Ama monton tim lawan pada gg tim nya tim gua kek ee punya salah apa si gua Ama lu hah?gua main dari jam 4 sore punya tim ke ee semua,5,2026-07-24 17:42:32
"tolong moonton capek jadi roomer tapj di kasih tim gajelas , awal awal lebih unggul mendekati late game dibikin blunder akhirnya kalah,, tolong kalau ngasih tim jangan penghuni asli lah, kadang mantan rank tinggi main kayak newbie, masak 14 match cman menang 2 , tolongmoonton perbaiki matchmaking dan server nya , yang lain dikasiih ws bbrp kali , saya di kasih losetreak . Apalagi mendekati hero saya damage nya sudah sakit di kasih lag sampai ping merah ,, tolong yg adil moonton",1,2026-07-24 17:39:21
terlalu susah musuh di game ini,1,2026-07-24 17:35:06
gb nya kebanyakan muntun,1,2026-07-24 17:32:46
"game hama,sistem match pas trio taii muluuuu!!!!!awal season glory nabrak legend 3 mana ada kek gituuu",1,2026-07-24 17:32:45
sangat menyukai game ini,5,2026-07-24 17:31:42
"dear moonton. masalah utama di game mlbb itu soal matching yg tidak adil, Tolong lah diperbaiki banyak yg rate bintang 1 karna masalah matching buruk. batasi juga antar perbedaan rank. kalo bisa rank legend gabisa bermain di rank tinggi seperti di glory/honor itu sangat merugikan. perbedaan rank sangat jauh dari segi performa bermain juga beda tapi maksa main di rank tinggi malah jadi beban sangat"" merugikan. pls guys like opini gw ini. udah muak soal matching gak dibener benerin",1,2026-07-24 17:30:10
game banyak drak sistem,1,2026-07-24 17:26:39
kau kalo ngasih tim yg bener ya yth bapak muntun,1,2026-07-24 17:25:17
