content,score,at,clean_no_stem,clean_stem,skor_base,label_base,skor_domain,label_domain,label,split,pred_best,benar
KALAU NGASIH TEAM YG BENER LAHHH,1,2026-07-27 07:54:47,kalau ngasih team bener lahh,kalau ngasih team bener lahh,3.0,Positif,3.0,Positif,Positif,test,Positif,True
mooton bujang intinya game pp game bujang main 20 kali menang cuma 1 kali mau Mabar solo tetap sama monton Kon bujanginam mooton pp,1,2026-07-27 07:53:01,moonton bujang intinya game pp game bujang main kali menang cuma kali mau mabar solo tetap sama moonton kon bujanginam moonton pp,moonton bujang inti game pp game bujang main kali menang cuma kali mau mabar solo tetap sama moonton kon bujanginam moonton pp,20.0,Positif,24.0,Positif,Positif,test,Positif,True
capek juga main selalu kalah saya sebagai solo rankk dapat tim selalu jelek tim musuh selalu kuat kuat msuh,1,2026-07-27 07:52:40,capek main selalu kalah solo rankk tim selalu jelek tim musuh selalu kuat kuat msuh,capek main selalu kalah solo rankk tim selalu jelek tim musuh selalu kuat kuat msuh,-21.0,Negatif,-21.0,Negatif,Negatif,test,Negatif,True
"kasih tim yang jelas masa mode renk ada bot tim sendiri bot musuh player semua, ini bukan player skill bot tapi beneran bot, kekurangan player kah monton?",1,2026-07-27 07:42:44,kasih tim jelas masa mode renk bot tim sendiri bot musuh player semua bukan player skill bot beneran bot kekurangan player moonton,kasih tim jelas masa mode renk bot tim sendiri bot musuh player semua bukan player skill bot beneran bot kurang player moonton,-30.0,Negatif,-30.0,Negatif,Negatif,test,Negatif,True
game nya bagus saya suka memainkan nya saat ada waktu luang🤩🤩,5,2026-07-27 07:39:10,game nya bagus suka memainkan nya waktu luang emoji_positif emoji_positif,game nya bagus suka main nya waktu luang emoji_positif emoji_positif,1.0,Positif,6.0,Positif,Positif,test,Positif,True
mines nya gk bisa ngeceat,4,2026-07-27 07:36:21,mines nya tidak ngeceat,mes nya tidak ngeceat,-5.0,Negatif,-5.0,Negatif,Negatif,test,Negatif,True
ML GAME NYA SERU BANGET DAN RANK AKU UDAH IMMORTAL,5,2026-07-27 07:35:56,ml game nya seru banget rank aku udah immortal,ml game nya seru banget rank aku udah immortal,4.0,Positif,7.0,Positif,Positif,test,Positif,True
"sdh brkli"" sy hps download tp akhirnya download lg wkwk perbaiki lg match dan ping 🙄",1,2026-07-27 07:34:27,sdh brkli hps download akhirnya download lg wkwk perbaiki lg match ping emoji_negatif,sdh brkli hps download akhir download lg wkwk baik lg match ping emoji_negatif,0.0,Negatif,0.0,Negatif,Negatif,test,Negatif,True
sangat bagus dan enak main nya,5,2026-07-27 07:33:05,sangat bagus enak main nya,sangat bagus enak main nya,-3.0,Negatif,4.0,Positif,Positif,test,Positif,True
akun saya hilang,1,2026-07-27 07:23:55,akun hilang,akun hilang,-1.0,Negatif,-1.0,Negatif,Negatif,test,Negatif,True
gak adil cok selalu dapat tim aneh giliran musuh jago kali,1,2026-07-27 07:23:33,tidak adil cok selalu tim aneh giliran musuh jago kali,tidak adil cok selalu tim aneh gilir musuh jago kali,-8.0,Negatif,-8.0,Negatif,Negatif,test,Negatif,True
buat kau monton gk tim itu bagus dong kasih permainan yang imbang . tim gua lol semuanya tadi musuh jago jago yang bener dong ngasih tim nya,5,2026-07-27 07:16:46,buat kau moonton tidak tim bagus dong kasih permainan imbang tim lol semuanya tadi musuh jago jago bener dong ngasih tim nya,buat kau moonton tidak tim bagus dong kasih main imbang tim lol semua tadi musuh jago jago bener dong ngasih tim nya,-8.0,Negatif,-3.0,Negatif,Negatif,test,Negatif,True
"Saya kecewa dengan sistem bantuan pelanggan Moonton. Proses pemulihan dan pergantian email akun saya sebelumnya sudah berhasil, tetapi saya masih mengalami masalah saat login. Saat mencoba mendapatkan bantuan lagi, sistem justru mengarahkan saya ke proses Pemulihan Akun yang sama tanpa memberikan pilihan lain yang sesuai. Mohon berikan solusi untuk masalah login saya, bukan mengarahkan saya kembali ke proses yang sudah berhasil dilakukan.",1,2026-07-27 07:10:55,kecewa sistem bantuan pelanggan moonton proses pemulihan pergantian email akun sebelumnya berhasil mengalami masalah login mencoba mendapatkan bantuan sistem justru mengarahkan proses pemulihan akun sama tanpa memberikan pilihan sesuai mohon berikan solusi masalah login bukan mengarahkan proses berhasil dilakukan,kecewa sistem bantu langgan moonton proses pulih ganti email akun belum hasil alami masalah login coba dapat bantu sistem justru arah proses pulih akun sama tanpa beri pilih sesuai mohon ikan solusi masalah login bukan arah proses hasil laku,8.0,Positif,8.0,Positif,Positif,test,Negatif,False
game aneh dipaksa gendong para bocil..,1,2026-07-27 06:56:51,game aneh dipaksa gendong bocil,game aneh paksa gendong bocil,-2.0,Negatif,-2.0,Negatif,Negatif,test,Positif,False
gamenya seru dan aku juga suka grafiknyaa,5,2026-07-27 06:54:02,gamenya seru aku suka grafiknyaa,gamenya seru aku suka grafiknyaa,3.0,Positif,6.0,Positif,Positif,test,Positif,True
kamu kenapaa muntun muntun mentang mentang saya jarang main dikasih menang kalah Mulu muntun kocak,5,2026-07-27 06:53:29,kamu kenapaa moonton moonton mentang mentang jarang main dikasih menang kalah mulu moonton kocak,kamu kenapaa moonton moonton mentang mentang jarang main kasih menang kalah mulu moonton kocak,-10.0,Negatif,-6.0,Negatif,Negatif,test,Negatif,True
Susah nak naik mythic immortal.rank legend tapi lawan dengan musuh mythic glory Susah betul,2,2026-07-27 06:52:04,susah nak naik mythic immortal rank legend lawan musuh mythic glory susah betul,susah nak naik mythic immortal rank legend lawan musuh mythic glory susah betul,-14.0,Negatif,-14.0,Negatif,Negatif,test,Negatif,True
Janggan kasih gua ls lagi yaa,5,2026-07-27 06:51:41,janggan kasih losestreak yaa,janggan kasih losestreak yaa,1.0,Positif,1.0,Positif,Positif,test,Positif,True
Ngeleg banget anj,1,2026-07-27 06:50:56,ngeleg banget anj,ngeleg banget anj,1.0,Positif,1.0,Positif,Positif,test,Positif,True
moonton tolong kasih menang gua,1,2026-07-27 06:23:57,moonton kasih menang,moonton kasih menang,0.0,Negatif,4.0,Positif,Positif,test,Positif,True
"jahat banget plis, ngasih tim sama musuh bot yg ga adil ny tuh bot di musuh jago sedangkan di tim kek gajelas banget, aku ngestuck di legend gara"" itu, tolong dong di benerin aku udh main bnr tapi wlwl terus gara"" itu, bikin stres jujur🥹",1,2026-07-27 06:09:19,jahat banget plis ngasih tim sama musuh bot tidak adil ny tuh bot musuh jago tim kek gajelas banget aku ngestuck legend gara dong benerin aku main bnr wlwl terus gara bikin stres jujur emoji_lain,jahat banget plis ngasih tim sama musuh bot tidak adil ny tuh bot musuh jago tim kek gajelas banget aku ngestuck legend gara dong benerin aku main bnr wlwl terus gara bikin stres jujur emoji_lain,-28.0,Negatif,-28.0,Negatif,Negatif,test,Negatif,True
bagus sekali,1,2026-07-27 05:57:10,bagus sekali,bagus sekali,-3.0,Negatif,2.0,Positif,Positif,test,Positif,True
sangat suka ML,5,2026-07-27 05:48:29,sangat suka ml,sangat suka ml,0.0,Positif,0.0,Positif,Positif,test,Positif,True
yang bener kasih tim gw cape setiap hari gw main dapat tim dark sistem mulu mohon monton yang adil lah,1,2026-07-27 05:43:00,bener kasih tim cape hari main tim dark sistem mulu mohon moonton adil lah,bener kasih tim cape hari main tim dark sistem mulu mohon moonton adil lah,-11.0,Negatif,-11.0,Negatif,Negatif,test,Negatif,True
banyak dark sistem di high rank sangat tidak adil dalam matcmaking,3,2026-07-27 04:51:30,banyak dark sistem high rank sangat tidak adil matcmaking,banyak dark sistem high rank sangat tidak adil matcmaking,-12.0,Negatif,-12.0,Negatif,Negatif,test,Negatif,True
udah imo belum,5,2026-07-27 04:46:07,udah imo belum,udah imo belum,0.0,Positif,0.0,Positif,Positif,test,Positif,True
"selalu dibikin kalah pas di moment krusial, ga jelas ni game. ga enak buat solo player yang selalu dapet tim ga kompak",1,2026-07-27 04:36:36,selalu dibikin kalah pas moment krusial tidak jelas ni game tidak enak buat solo player selalu dapet tim tidak kompak,selalu bikin kalah pas moment krusial tidak jelas ni game tidak enak buat solo player selalu dapet tim tidak kompak,-12.0,Negatif,-14.0,Negatif,Negatif,test,Negatif,True
tidak menyenangkan,1,2026-07-27 04:23:23,tidak menyenangkan,tidak senang,-6.0,Negatif,-6.0,Negatif,Negatif,test,Negatif,True
Sungguh Tidak Adill Ping jaringan Legs,1,2026-07-27 04:07:25,sungguh tidak adill ping jaringan legs,sungguh tidak adill ping jaring legs,-3.0,Negatif,-3.0,Negatif,Negatif,test,Negatif,True
permainannya seru banget tapi grapik nya agak burik,5,2026-07-27 03:49:11,permainannya seru banget grapik nya burik,main seru banget grapik nya burik,1.0,Positif,4.0,Positif,Positif,test,Positif,True
Saya terkagum dgn game ini tapi hp saya saat main ini berat dan lag sekali akhirnya saya ada hp baru,5,2026-07-27 03:35:18,terkagum game handphone main berat lag sekali akhirnya handphone baru,kagum game handphone main berat lag sekali akhir handphone baru,1.0,Positif,-2.0,Negatif,Negatif,test,Negatif,True
"Moonton, Hari ini adalah perpisahan kita. sekarang aku sudah tidak bermain lagi karena di season ini banyak sekali pemain bot lawan pemain jago, kenapa setiap aku main dikasih tim yang gak jago, dark sistem, dan lain sebagainya. sekarang aku waktu nya menjadi dewasa. suatu hari nanti kita akan ketemu lagi. see you mobile legend😁😙",4,2026-07-27 03:12:49,moonton hari perpisahan sekarang aku tidak bermain season banyak sekali pemain bot lawan pemain jago aku main dikasih tim tidak jago dark sistem sebagainya sekarang aku waktu nya menjadi dewasa suatu hari ketemu see you mobile legend emoji_positif emoji_lain,moonton hari pisah sekarang aku tidak main season banyak sekali main bot lawan main jago aku main kasih tim tidak jago dark sistem bagai sekarang aku waktu nya jadi dewasa suatu hari ketemu see you mobile legend emoji_positif emoji_lain,-22.0,Negatif,-22.0,Negatif,Negatif,test,Negatif,True
"game ga jelas, sistemnya harus di perbaiki , ini ketemu legen 3 mabar sama mawi ketemu",1,2026-07-27 02:37:34,game tidak jelas sistemnya perbaiki ketemu legen mabar sama mawi ketemu,game tidak jelas sistem baik ketemu legen mabar sama mawi ketemu,4.0,Positif,4.0,Positif,Positif,test,Negatif,False
Bagus,5,2026-07-27 02:16:11,bagus,bagus,-2.0,Negatif,3.0,Positif,Positif,test,Positif,True
geme seru tapi kalo sekali main malah ketemu tim yang gak bisa main gitu banyak drak sistem nya.,1,2026-07-27 02:07:10,geme seru kalau sekali main malah ketemu tim tidak main gitu banyak drak sistem nya,geme seru kalau sekali main malah ketemu tim tidak main gitu banyak drak sistem nya,-14.0,Negatif,-11.0,Negatif,Negatif,test,Negatif,True
bintang satu karena sistem jaringan yang tidak kompeten dan paling fatalnya sistem moonton melakukan pukul rata gak bisa bedain mana player afk dengan sengaja maupun murni karena ganguan,1,2026-07-27 02:05:39,bintang satu sistem jaringan tidak kompeten paling fatalnya sistem moonton melakukan pukul rata tidak bedain mana player afk sengaja maupun murni ganguan,bintang satu sistem jaring tidak kompeten paling fatal sistem moonton laku pukul rata tidak bedain mana player afk sengaja maupun murni ganguan,-25.0,Negatif,-27.0,Negatif,Negatif,test,Negatif,True
"game apaan.....kenyamanan player nggak pernah diperhatikan,cuma collab2 terus,matchmaking makin GK jelas,WR tinggi ketemu player busuk,1k match lebih 1 tim sama yg pertandingannya baru 100.game gak jelas,cuman mentingin cuan doang.gk heran kalo rating nya jelek,emang pantas game kayak gini di beri rate serendah ini.udah komplain di in game,sama aja,komplain berpuluh2 kali nggak digubris sama sekali.ping nggak stabil,server 4 digit 1 tim sama server 6 digit,emang rusak nih game.SADAR DIRI MOONTON",1,2026-07-27 01:21:09,game apaan kenyamanan player tidak pernah diperhatikan cuma collab terus matchmaking makin tidak jelas winrate tinggi ketemu player busuk k match lebih tim sama pertandingannya baru game tidak jelas cuman mentingin cuan doang tidak heran kalau rating nya jelek emang pantas game kayak gini beri rate serendah udah komplain in game sama aja komplain berpuluh kali tidak digubris sama sekali ping tidak stabil server digit tim sama server digit emang rusak nih game sadar diri moonton,game apa nyaman player tidak pernah perhati cuma collab terus matchmaking makin tidak jelas winrate tinggi ketemu player busuk k match lebih tim sama tanding baru game tidak jelas cuman mentingin cuan doang tidak heran kalau rating nya jelek emang pantas game kayak gin beri rate serendah udah komplain in game sama aja komplain puluh kali tidak gubris sama sekali ping tidak stabil server digit tim sama server digit emang rusak nih game sadar diri moonton,-33.0,Negatif,-33.0,Negatif,Negatif,test,Negatif,True
banyak dark system,1,2026-07-27 00:35:12,banyak dark system,banyak dark system,0.0,Negatif,0.0,Negatif,Negatif,test,Negatif,True
matchmaking g imbang,1,2026-07-26 23:52:49,matchmaking g imbang,matchmaking g imbang,-1.0,Negatif,-1.0,Negatif,Negatif,test,Negatif,True
4 bintang untuk game ini karna banyak yang toxic,4,2026-07-26 23:41:37,bintang game banyak toxic,bintang game banyak toxic,2.0,Positif,-2.0,Negatif,Negatif,test,Negatif,True
"bagus, tapi jangan untuk game penghilang stres, dan jangan juga main lebih dari 2x dalam sehari",3,2026-07-26 22:47:59,bagus jangan game penghilang stres jangan main lebih x sehari,bagus jangan game hilang stres jangan main lebih x hari,-13.0,Negatif,-8.0,Negatif,Negatif,test,Negatif,True
hey moonton akuu main kok lag. se server semua lag gimana to moonton ngantuk kh . woy yg lihat ini jangan main jam 5:15 nanti lag parah sumpah ini aku harus keluar gm kerana servernya ngelag,1,2026-07-26 22:39:56,hey moonton akuu main kok lag se server semua lag gimana to moonton ngantuk kh woy lihat jangan main jam lag parah sumpah aku keluar gm kerana servernya ngelag,hey moonton akuu main kok lag se server semua lag gimana to moonton ngantuk kh woy lihat jangan main jam lag parah sumpah aku keluar gm rana servernya ngelag,-12.0,Negatif,-24.0,Negatif,Negatif,test,Negatif,True
"muntun gantenk servernya benerin dlu donk, MASA DIKIT DIKIT SERVERNYA DOWN SI, jeleg",1,2026-07-26 22:39:44,moonton gantenk servernya benerin dlu donk masa dikit dikit servernya down si jeleg,moonton gantenk servernya benerin dlu donk masa dikit dikit servernya down si jeleg,-11.0,Negatif,-11.0,Negatif,Negatif,test,Negatif,True
good game,5,2026-07-26 21:12:38,good game,good game,7.0,Positif,7.0,Positif,Positif,test,Positif,True
aku suka,5,2026-07-26 20:52:17,aku suka,aku suka,3.0,Positif,3.0,Positif,Positif,test,Positif,True
"selama season baru di mulai selalu di kasih tim sampah terus, stak di legend 5",1,2026-07-26 20:47:23,selama season baru mulai selalu kasih tim sampah terus stak legend,lama season baru mulai selalu kasih tim sampah terus stak legend,-6.0,Negatif,-6.0,Negatif,Negatif,test,Negatif,True
"dari pengalaman gw ngintal ml 2017 perlu 3tahun buat bisa mitik,. winstrek-losetrek memang hal biasa. tapi mulu mh yang d dapet ajg bgt. ntah akun gw yg busuk, soalnya sering d jokiin org yg lebih jago dibanding gw pun kalah terus,. gw main 2 akun, d akun yg satunya normal kalah menang seimbang bahkan bintang bisa naik,. tp d akun utama gw parahh busuk,. sangat tidak adil awal season jd epic, untuk bisa balik mitik lg kye harus bgt d ahir pengujung season,, najis ajig selalu kye bgitu,.",1,2026-07-26 20:35:53,pengalaman ngintal ml perlu tahun buat mitik winstrek losetrek memang biasa mulu mh d dapet ajg banget ntah akun busuk soalnya sering d jokiin org lebih jago dibanding kalah terus main akun d akun satunya normal kalah menang seimbang bahkan bintang naik d akun utama parahh busuk sangat tidak adil awal season jadi epic balik mitik lg kye banget d ahir pengujung season najis ajig selalu kye bgitu,alam ngintal ml perlu tahun buat mitik winstrek losetrek memang biasa mulu mh d dapet ajg banget ntah akun busuk soal sering d jokiin org lebih jago banding kalah terus main akun d akun satu normal kalah menang imbang bahkan bintang naik d akun utama parahh busuk sangat tidak adil awal season jadi epic balik mitik lg kye banget d ahir ujung season najis ajig selalu kye bgitu,-17.0,Negatif,-13.0,Negatif,Negatif,test,Negatif,True
"Terimakasih mobile legends karna mengingat ulang tahun saya, karna tidak ada seorangpun yang mengingatnya :')",5,2026-07-26 20:25:49,terimakasih mobile legends mengingat ulang tahun tidak seorangpun mengingatnya,terimakasih mobile legends ingat ulang tahun tidak orang ingat,0.0,Positif,0.0,Positif,Positif,test,Positif,True
"YANG BENER AJA INI GAME UDAH PULUHAN TAHUN MATCH MAKING NYA MASIH GA DI BENERIN JUGA, GIMANA GA PADA PINDAH GAME MOBA SEBELAH!. AYOLAH BENERIN BIAR PLAYER NYA PADA GA MALES MAEN GAME NYA!!!!!!!!!",1,2026-07-26 20:00:27,bener aja game udah puluhan tahun match making nya tidak benerin gimana tidak pindah game moba sebelah ayolah benerin player nya tidak males maen game nya,bener aja game udah puluh tahun match making nya tidak benerin gimana tidak pindah game moba belah ayo benerin player nya tidak males maen game nya,-1.0,Negatif,-1.0,Negatif,Negatif,test,Negatif,True
"game ga adil, kalo ngasi tim yang adil dong jangan berat sebelah, musuh serius tim sendiri malah ngetroll, kasian orang lain yang mau push rank kalo dapet tim gitu terus, kasih tim yang adil dong moonton kesel juga lama"" setiap ngerank dapet tim troll terus yang bener dikit ke ngasih tim yang bijak lah",1,2026-07-26 18:29:16,game tidak adil kalau ngasi tim adil dong jangan berat sebelah musuh serius tim sendiri malah ngetroll kasian orang mau push rank kalau dapet tim gitu terus kasih tim adil dong moonton kesel lama ngerank dapet tim troll terus bener dikit ngasih tim bijak lah,game tidak adil kalau ngasi tim adil dong jangan berat belah musuh serius tim sendiri malah ngetroll kasi orang mau push rank kalau dapet tim gitu terus kasih tim adil dong moonton kesel lama ngerank dapet tim troll terus bener dikit ngasih tim bijak lah,-52.0,Negatif,-55.0,Negatif,Negatif,test,Negatif,True
kurang gcor moonton tim gw,1,2026-07-26 18:25:51,kurang gcor moonton tim,kurang gcor moonton tim,-7.0,Negatif,-7.0,Negatif,Negatif,test,Negatif,True
"Main ml buat apaa,,bikin kita setres,,main kalah menang buat apa monton, kita mau cari hiburan aja, bukan buat setres monton,",1,2026-07-26 18:25:07,main ml buat apaa bikin setres main kalah menang buat apa moonton mau cari hiburan aja bukan buat setres moonton,main ml buat apaa bikin tres main kalah menang buat apa moonton mau cari hibur aja bukan buat tres moonton,-8.0,Negatif,-4.0,Negatif,Negatif,test,Positif,False
"Matchmaking tolol, perbaiki lah kontll",4,2026-07-26 18:02:08,matchmaking tolol perbaiki lah kontll,matchmaking tolol baik lah kontll,-5.0,Negatif,-5.0,Negatif,Negatif,test,Negatif,True
game udh ga ketolong. isi publicnya player player dongok semua,1,2026-07-26 17:54:06,game tidak ketolong isi publicnya player player dongok semua,game tidak tolong isi publicnya player player dongok semua,-14.0,Negatif,-14.0,Negatif,Negatif,test,Negatif,True
kebanyakan tim feeder masa main dari pagi sampai ga ad nambah bintang naik turun,1,2026-07-26 17:49:43,kebanyakan tim feeder masa main pagi tidak ad nambah bintang naik turun,banyak tim feeder masa main pagi tidak ad nambah bintang naik turun,-10.0,Negatif,-10.0,Negatif,Negatif,test,Negatif,True
ngasih tim gajelas,1,2026-07-26 17:46:45,ngasih tim gajelas,ngasih tim gajelas,-3.0,Negatif,-3.0,Negatif,Negatif,test,Negatif,True
😠,5,2026-07-26 17:41:47,emoji_negatif,emoji_negatif,0.0,Positif,0.0,Positif,Positif,test,Positif,True
"moonton pairing tim ga pernah bener, dapet tim juga ga waras semua. lag semua. afk semua.",1,2026-07-26 17:21:03,moonton pairing tim tidak pernah bener dapet tim tidak waras semua lag semua afk semua,moonton pairing tim tidak pernah bener dapet tim tidak waras semua lag semua afk semua,-22.0,Negatif,-27.0,Negatif,Negatif,test,Negatif,True
"Monyet, sistem gajelas, tim lawan high ranknya jauh di banding tim random, musuh sama random yang setim ga sesuai, benerin tuh sistem event mulu event, kalo honor sama nawi ya temuin sama yang sama ranknya, ini tim gw random legend mawi musuh glory, global, ex imo 200++",1,2026-07-26 17:18:54,monyet sistem gajelas tim lawan high ranknya jauh banding tim random musuh sama random setim tidak sesuai benerin tuh sistem event mulu event kalau honor sama nawi temuin sama sama ranknya tim random legend mawi musuh glory global ex imo,monyet sistem gajelas tim lawan high ranknya jauh banding tim random musuh sama random tim tidak sesuai benerin tuh sistem event mulu event kalau honor sama nawi temuin sama sama ranknya tim random legend mawi musuh glory global ex imo,-47.0,Negatif,-47.0,Negatif,Negatif,test,Negatif,True
"saya sangat kecewa bermain game ini karna bertemu dengan dark system terus, ga adil matchmakingnya tolong benerin lagi lah ni game,cape² push Nemunya team system Mulu,dari glory sampe turun ke honor B27,ga masuk akal banget ngasih LS nya,tolong lah benerin lgi ni game adiling lahi",1,2026-07-26 17:18:39,sangat kecewa bermain game bertemu dark system terus tidak adil matchmakingnya benerin lah ni game cape push nemunya team system mulu glory sampe turun honor b tidak masuk akal banget ngasih losestreak nya lah benerin lgi ni game adiling lahi,sangat kecewa main game temu dark system terus tidak adil matchmakingnya benerin lah ni game cape push nemunya team system mulu glory sampe turun honor b tidak masuk akal banget ngasih losestreak nya lah benerin lgi ni game adiling lah,-4.0,Negatif,-4.0,Negatif,Negatif,test,Negatif,True
kereen,5,2026-07-26 17:05:44,kereen,kereen,0.0,Positif,0.0,Positif,Positif,test,Negatif,False
"tolong perbaiki macmaking montoon saya bermain selalu kalah Mulu dan karna permainan yg tidak seimbang saya sudah capekkkkkk menggendong drak sistem, menang 1 kali terus di kasih kalah 4 kali, kalo begini terus kapan rank saya akan naik💔💔💔 dan player akan bosan dan berpindah game lain, mohon di perbaiki toonn.",1,2026-07-26 16:51:45,perbaiki macmaking moonton bermain selalu kalah mulu permainan tidak seimbang capekk menggendong drak sistem menang kali terus kasih kalah kali kalau begini terus kapan rank naik player bosan berpindah game mohon perbaiki toonn emoji_negatif emoji_negatif emoji_negatif,baik macmaking moonton main selalu kalah mulu main tidak imbang capekk gendong drak sistem menang kali terus kasih kalah kali kalau begini terus kapan rank naik player bosan pindah game mohon baik toonn emoji_negatif emoji_negatif emoji_negatif,-15.0,Negatif,-11.0,Negatif,Negatif,test,Negatif,True
"Game Rusak. Sistem blaklist jangan di batasin lah moontod banyak draksistem isi nya, dan di benerin dong sistem blacklist nya masa udh di blacklist masih aja ketemu setim. Gmn mau pada main kalau sistem match making blm dibenerin. Dan matchmaking terlalu lama 5 menit sy tungguin malah dapat tim yg hasil jokian mulu, skill nya dmna tier nya dmn",1,2026-07-26 16:47:24,game rusak sistem blaklist jangan batasin lah moontod banyak draksistem isi nya benerin dong sistem blacklist nya masa blacklist aja ketemu setim bagaimana mau main kalau sistem match making belum dibenerin matchmaking terlalu lama menit tungguin malah tim hasil jokian mulu skill nya dmna tier nya dmn,game rusak sistem blaklist jangan batasin lah moontod banyak draksistem isi nya benerin dong sistem blacklist nya masa blacklist aja ketemu tim bagaimana mau main kalau sistem match making belum dibenerin matchmaking terlalu lama menit tungguin malah tim hasil joki mulu skill nya dmna tier nya dmn,-19.0,Negatif,-19.0,Negatif,Negatif,test,Negatif,True
"match making mu bnerin npa, bisa pulak di tim musuh mitik, tim sendri lu gabungin epik sama legend, ko pikir kita evos pa nyet, coba ko bnerin tu kasian yg main solo udah stress, sampe liat teman ja yg main udah gk da, game bangkrut ntr lagi kyk nya",1,2026-07-26 16:32:05,match making mu bnerin npa pulak tim musuh mitik tim sendri kamu gabungin epik sama legend ko pikir evos pa nyet coba ko bnerin tu kasian main solo udah stress sampe liat teman ja main udah tidak da game bangkrut ntr kyk nya,match making mu bnerin npa pulak tim musuh mitik tim sendri kamu gabungin epik sama legend ko pikir evos pa nyet coba ko bnerin tu kasi main solo udah stress sampe liat teman ja main udah tidak da game bangkrut ntr kyk nya,-33.0,Negatif,-33.0,Negatif,Negatif,test,Negatif,True
ini maksud gimana ton gw mau main game buat ngilangin stress malah nambah stress gw 😭😭😭😭😭😭😭😭😭😭,5,2026-07-26 16:23:07,maksud gimana ton mau main game buat ngilangin stress malah nambah stress emoji_negatif emoji_negatif emoji_negatif emoji_negatif emoji_negatif emoji_negatif emoji_negatif emoji_negatif emoji_negatif emoji_negatif,maksud gimana ton mau main game buat ngilangin stress malah nambah stress emoji_negatif emoji_negatif emoji_negatif emoji_negatif emoji_negatif emoji_negatif emoji_negatif emoji_negatif emoji_negatif emoji_negatif,-1.0,Negatif,-1.0,Negatif,Negatif,test,Negatif,True
"game gajelas, matchmaking gak pernah dibenerin",1,2026-07-26 16:22:45,game gajelas matchmaking tidak pernah dibenerin,game gajelas matchmaking tidak pernah dibenerin,-3.0,Negatif,-3.0,Negatif,Negatif,test,Negatif,True
Game nya bagus kok,5,2026-07-26 16:22:22,game nya bagus kok,game nya bagus kok,0.0,Positif,5.0,Positif,Positif,test,Positif,True
monton kasi tim yang gak ngetrol lah kapan saya ke honor nya,1,2026-07-26 15:56:36,moonton kasi tim tidak ngetrol lah kapan honor nya,moonton kasi tim tidak ngetrol lah kapan honor nya,-12.0,Negatif,-12.0,Negatif,Negatif,test,Negatif,True
jangan download game ini kalo gak mau gila,1,2026-07-26 15:48:01,jangan download game kalau tidak mau gila,jangan download game kalau tidak mau gila,-17.0,Negatif,-17.0,Negatif,Negatif,test,Negatif,True
kren,5,2026-07-26 15:48:00,kren,kren,0.0,Positif,0.0,Positif,Positif,test,Negatif,False
"game gk bener, game merusak moral, game pembodohan, main game untuk hiburan tapi di kasih team yang gk bener melulu",1,2026-07-26 15:39:17,game tidak bener game merusak moral game pembodohan main game hiburan kasih team tidak bener melulu,game tidak bener game rusak moral game bodoh main game hibur kasih team tidak bener melulu,-3.0,Negatif,-3.0,Negatif,Negatif,test,Positif,False
"aku gak tau ini di aku aja atau yang lain juga. aku tuh main setiap loading 80% kalau udah muncul notif loading"" gtu gak bakal gerak stack aja di 80, coba relog tetap gak bisa masuk game alhasil afk dan gara"" bug lag ini wr ku hancur total. yang paling parah lusa kemarin aku bug pas mau match game, loading"" di lobby coba relog tetap loading jadi ku coba download ulang berharap bug nya udah gak ada. tapi barusan aku baru mau main habis download tapi malah buggggg loading game lagi ajggggggg capek",1,2026-07-26 15:38:06,aku tidak tau aku aja aku tuh main loading kalau udah muncul notif loading gtu tidak bakal gerak stack aja coba relog tetap tidak masuk game alhasil afk gara bug lag winrate ku hancur total paling parah lusa kemarin aku bug pas mau match game loading lobby coba relog tetap loading jadi ku coba download ulang berharap bug nya udah tidak barusan aku baru mau main habis download malah bugg loading game ajgg capek,aku tidak tau aku aja aku tuh main loading kalau udah muncul notif loading gtu tidak bakal gerak stack aja coba relog tetap tidak masuk game alhasil afk gara bug lag winrate ku hancur total paling parah lusa kemarin aku bug pas mau match game loading lobby coba relog tetap loading jadi ku coba download ulang harap bug nya udah tidak barusan aku baru mau main habis download malah bugg loading game ajgg capek,8.0,Positif,-3.0,Negatif,Negatif,test,Negatif,True
Game haram di main kan bikin emosi,1,2026-07-26 15:28:11,game haram main kan bikin emosi,game haram main kan bikin emosi,1.0,Positif,1.0,Positif,Positif,test,Negatif,False
sistem matchmaking lu sistem judi,1,2026-07-26 15:28:06,sistem matchmaking kamu sistem judi,sistem matchmaking kamu sistem judi,-8.0,Negatif,-8.0,Negatif,Negatif,test,Negatif,True
permainan bagus walau kadang berat sebelah🤣🤣 asik buat waktu santai,5,2026-07-26 15:20:58,permainan bagus kadang berat sebelah asik buat waktu santai emoji_netral emoji_netral,main bagus kadang berat belah asik buat waktu santai emoji_netral emoji_netral,4.0,Positif,9.0,Positif,Positif,test,Positif,True
"skarang mobile legends parah main solo ketemu trio atau duo, sangat membosankan... perbaikilah kalo player solo ketemu solo biar ver",1,2026-07-26 15:17:41,skarang mobile legends parah main solo ketemu trio duo sangat membosankan perbaikilah kalau player solo ketemu solo ver,skarang mobile legends parah main solo ketemu trio duo sangat bosan baik kalau player solo ketemu solo ver,-3.0,Negatif,-3.0,Negatif,Negatif,test,Positif,False
"apaan dah masa wifi gua lancar tapi pas main ml dapet sinyal di 200 San, udah muak gua,main yang lain aja lancar apalagi Genshin impact sinyal nya lancar"" aja, sebisanya update depan di perbaiki saya udah 3 hari sinyal dapetnya gitu"" terus",2,2026-07-26 15:15:06,apaan masa wifi lancar pas main ml dapet sinyal san udah muak main aja lancar genshin impact sinyal nya lancar aja sebisanya update depan perbaiki udah hari sinyal dapetnya gitu terus,apa masa wifi lancar pas main ml dapet sinyal san udah muak main aja lancar genshin impact sinyal nya lancar aja bisa update depan baik udah hari sinyal dapetnya gitu terus,4.0,Positif,4.0,Positif,Positif,test,Negatif,False
game hebat,5,2026-07-26 15:00:22,game hebat,game hebat,2.0,Positif,2.0,Positif,Positif,test,Negatif,False
moonton emang pelit bjirr kasih musuhnya yg susah asalkan tim gw masih epik semua udah dark sistem pula makanya jng mainin game ini atau kalian akan stress kaya gw sekian terimakasih,1,2026-07-26 15:00:06,moonton emang pelit bjirr kasih musuhnya susah asalkan tim epik semua udah dark sistem makanya jng mainin game kalian stress kaya sekian terimakasih,moonton emang pelit bjirr kasih musuh susah asal tim epik semua udah dark sistem makanya jng mainin game kalian stress kaya sekian terimakasih,-14.0,Negatif,-14.0,Negatif,Negatif,test,Negatif,True
Game tololl,1,2026-07-26 15:00:02,game tololl,game tololl,2.0,Positif,2.0,Positif,Positif,test,Positif,True
"tolong dong moonton sinyal nya di perbaiki dulu, saya di loby sinyal nya normal, trus di in game sinyal berubah drastis sampe merah merah sinyal nya, jadi tolong moonton perbaiki sinyal nya, trus ada lagi soal mactmaking tim nya gak seimbang, di tim musuh pada bagus, lah ini di kasih tim dark sistem, dah gitu aja sinyal sinyal sinyal perbaiki yah.",5,2026-07-26 14:54:44,dong moonton sinyal nya perbaiki dulu loby sinyal nya normal trus in game sinyal berubah drastis sampe merah merah sinyal nya jadi moonton perbaiki sinyal nya trus soal mactmaking tim nya tidak seimbang tim musuh bagus lah kasih tim dark sistem gitu aja sinyal sinyal sinyal perbaiki yah,dong moonton sinyal nya baik dulu loby sinyal nya normal trus in game sinyal ubah drastis sampe merah merah sinyal nya jadi moonton baik sinyal nya trus soal mactmaking tim nya tidak imbang tim musuh bagus lah kasih tim dark sistem gitu aja sinyal sinyal sinyal baik yah,-22.0,Negatif,-17.0,Negatif,Negatif,test,Negatif,True
game apa ini login pakai akun google yang sama aja ngga bisa alasannya (akun tidak terkait dengan game) padahal kemaren segala proteksi keamanan akun di aktifkan,1,2026-07-26 14:50:27,game apa login pakai akun google sama aja ngga alasannya akun tidak terkait game padahal kemaren segala proteksi keamanan akun aktifkan,game apa login pakai akun google sama aja ngga alas akun tidak kait game padahal kemaren segala proteksi aman akun aktif,1.0,Positif,1.0,Positif,Positif,test,Negatif,False
sampah,1,2026-07-26 14:48:14,sampah,sampah,-4.0,Negatif,-4.0,Negatif,Negatif,test,Negatif,True
game dongo matchmaking tidak jelas,1,2026-07-26 14:41:34,game dongo matchmaking tidak jelas,game dongo matchmaking tidak jelas,-1.0,Negatif,-1.0,Negatif,Negatif,test,Negatif,True
bodo x dapat masuk game,1,2026-07-26 14:38:43,bodo x masuk game,bodo x masuk game,-6.0,Negatif,-6.0,Negatif,Negatif,test,Positif,False
busuk game busuk main solo dapet team kyak monyet semua,1,2026-07-26 14:36:19,busuk game busuk main solo dapet team kyak monyet semua,busuk game busuk main solo dapet team kyak monyet semua,-9.0,Negatif,-9.0,Negatif,Negatif,test,Negatif,True
"game seru, bisa buat nengin pikiran",5,2026-07-26 14:18:04,game seru buat nengin pikiran,game seru buat nengin pikir,3.0,Positif,6.0,Positif,Positif,test,Positif,True
"assalamualaikum, kalo dijawab aku kasih bintang 5",1,2026-07-26 14:14:39,assalamualaikum kalau dijawab aku kasih bintang,assalamualaikum kalau jawab aku kasih bintang,4.0,Positif,4.0,Positif,Positif,test,Positif,True
Menurut saya game ya sangat bagus dan cukup menghibur untuk waktu luwang ku tapik sulit untuk naik ki reng,2,2026-07-26 14:11:23,game sangat bagus cukup menghibur waktu luwang ku tapik sulit naik ki reng,game sangat bagus cukup hibur waktu luwang ku tapik sulit naik ki reng,-6.0,Negatif,-1.0,Negatif,Negatif,test,Positif,False
baguss banget tapi kurang nya kalau misal waktu main ada urusan penting bgt tapi Gabole afk dikit pun itu bikin ribet banget sumpah bikin suatu mode agar kita bisa afk dengan aman dong kek waktu kita mengaktifkan mode afk ada bot (AI) yang memainkan player kita dan saat kita mematikan mode tersebut bot (AI) akan hilang itu aja sih saran ku :),5,2026-07-26 14:09:37,baguss banget kurang nya kalau misal waktu main urusan penting banget gabole afk dikit bikin ribet banget sumpah bikin suatu mode afk aman dong kek waktu mengaktifkan mode afk bot ai memainkan player mematikan mode tersebut bot ai hilang aja sih saran ku,baguss banget kurang nya kalau misal waktu main urus penting banget gabole afk dikit bikin ribet banget sumpah bikin suatu mode afk aman dong kek waktu aktif mode afk bot ai main player mati mode sebut bot ai hilang aja sih saran ku,-17.0,Negatif,-23.0,Negatif,Negatif,test,Negatif,True
syah sngat suka,5,2026-07-26 14:03:23,syah sngat suka,syah sngat suka,2.0,Positif,2.0,Positif,Positif,test,Positif,True
sangat seru dan membuat orang sangat tenang,5,2026-07-26 13:50:26,sangat seru membuat orang sangat tenang,sangat seru buat orang sangat tenang,1.0,Positif,4.0,Positif,Positif,test,Positif,True
GAME SAMPAAHH!! matchmaking gak jelass!,1,2026-07-26 13:49:48,game sampaahh matchmaking tidak jelass,game sampaahh matchmaking tidak jelass,-3.0,Negatif,-3.0,Negatif,Negatif,test,Negatif,True
woi mending game ini gausa di download karna. banyak bug yg belum di perbaiki dari dulu sampai sekarang seperti bug jaringan yg sangat merugikan player sehingga mengurangi kredit skor.karna moonton lebih fokus ke citer atau pengguna skin yg tidak di punya jadi jangan download dulu tunggu sampai di perbaiki baru di download,5,2026-07-26 13:42:28,woi mending game gausa download banyak bug belum perbaiki dulu sekarang bug jaringan sangat merugikan player mengurangi kredit skor moonton lebih fokus cheater pengguna skin tidak punya jadi jangan download dulu tunggu perbaiki baru download,woi mending game gausa download banyak bug belum baik dulu sekarang bug jaring sangat rugi player kurang kredit skor moonton lebih fokus cheater guna skin tidak punya jadi jangan download dulu tunggu baik baru download,-15.0,Negatif,-23.0,Negatif,Negatif,test,Negatif,True
Game play not fair.. too much bot and feeder ini this game.. not recommend,1,2026-07-26 13:42:12,game play not fair too much bot and feeder this game not recommend,game play not fair too much bot and feeder this game not recommend,5.0,Positif,5.0,Positif,Positif,test,Positif,True
game makin rusak di kasih tim bot² giliran lawanya hebat²,1,2026-07-26 13:39:05,game makin rusak kasih tim bot giliran lawanya hebat,game makin rusak kasih tim bot gilir lawa hebat,1.0,Positif,1.0,Positif,Positif,test,Negatif,False
"sistemnya jelek, timnya di ksik yang aneh banget, giliran menang pasti match berikutnya kalah, dan dapat tim yang aneh seperti bot mainnya",1,2026-07-26 13:33:30,sistemnya jelek timnya ksik aneh banget giliran menang match berikutnya kalah tim aneh bot mainnya,sistem jelek tim ksik aneh banget gilir menang match ikut kalah tim aneh bot main,-12.0,Negatif,-8.0,Negatif,Negatif,test,Negatif,True
good sangat kak,5,2026-07-26 13:32:57,good sangat kak,good sangat kak,3.0,Positif,3.0,Positif,Positif,test,Positif,True
"suka lag tiba2 pdhl sinyal hijau, matchnya juga gajelas lama. isinya bot semua",1,2026-07-26 13:31:50,suka lag tiba pdhl sinyal hijau matchnya gajelas lama isinya bot semua,suka lag tiba pdhl sinyal hijau matchnya gajelas lama isi bot semua,-4.0,Negatif,-7.0,Negatif,Negatif,test,Negatif,True
sangat seru,5,2026-07-26 13:25:39,sangat seru,sangat seru,-2.0,Negatif,1.0,Positif,Positif,test,Positif,True
game taek,5,2026-07-26 12:57:50,game taek,game taek,2.0,Positif,2.0,Positif,Positif,test,Positif,True
kebanyakan di kasih tim g jelas dari glory 55 turun ke honor 43,1,2026-07-26 12:54:57,kebanyakan kasih tim g jelas glory turun honor,banyak kasih tim g jelas glory turun honor,-5.0,Negatif,-5.0,Negatif,Negatif,test,Negatif,True
lumayan lah,4,2026-07-26 12:54:57,lumayan lah,lumayan lah,-1.0,Negatif,-1.0,Negatif,Negatif,test,Negatif,True
"tempik tempik, ga guna hapus aja ni game hama",1,2026-07-26 12:49:45,tempik tempik tidak hapus aja ni game hama,tempik tempik tidak hapus aja ni game hama,-10.0,Negatif,-10.0,Negatif,Negatif,test,Negatif,True
"kalau mau rame game nya entengin biar semua semangat main, kurangi lag",1,2026-07-26 12:49:38,kalau mau rame game nya entengin semua semangat main kurangi lag,kalau mau rame game nya entengin semua semangat main kurang lag,5.0,Positif,2.0,Positif,Positif,test,Negatif,False
malah dikasih dark sistem gua montoon sat,1,2026-07-26 12:47:51,malah dikasih dark sistem moonton sat,malah kasih dark sistem moonton sat,-2.0,Negatif,-2.0,Negatif,Negatif,test,Negatif,True
gokil dapat tim full sky,5,2026-07-26 12:42:21,gokil tim full sky,gokil tim full sky,-4.0,Negatif,-4.0,Negatif,Negatif,test,Negatif,True
di game ga adil banget dari Rank ke rank ga jelas bngt masa dah 5 match Nemu legend Mawi terus cape cukk gw sama temen gw dah glory 90+ masa masih ketemu rank kayak gitu game apa dah kalo ngasih tim kadang waras kadang kgk pusing orang orang yg ketemu kayak gini TOLONG BANGET DI BENERIN PEMBAGIAN RANK LEGEND SAMA LEGEND BUKAN LEGEND SAMA GLORY ANEHH,1,2026-07-26 12:39:43,game tidak adil banget rank rank tidak jelas banget masa match nemu legend mawi terus cape cukk sama temen glory masa ketemu rank kayak gitu game apa kalau ngasih tim kadang waras kadang kgk pusing orang orang ketemu kayak gini banget benerin pembagian rank legend sama legend bukan legend sama glory anehh,game tidak adil banget rank rank tidak jelas banget masa match nemu legend mawi terus cape cukk sama temen glory masa ketemu rank kayak gitu game apa kalau ngasih tim kadang waras kadang kgk pusing orang orang ketemu kayak gin banget benerin bagi rank legend sama legend bukan legend sama glory anehh,-15.0,Negatif,-15.0,Negatif,Negatif,test,Negatif,True
"setiap hari selalu saja satu tim sama bot sementara musuh nya jago jago, saya sangat kurang puas dengan game ini dari matchmaking nya yg sangat tidak adil akun saya selalu saja kalah 8 kali berturut turut karena 1 tim sama computer sementara menang hanya sekali saja saya mohon untuk perbaiki matchmaking nya",1,2026-07-26 12:39:15,hari selalu satu tim sama bot musuh nya jago jago sangat kurang puas game matchmaking nya sangat tidak adil akun selalu kalah kali berturut turut tim sama computer menang sekali mohon perbaiki matchmaking nya,hari selalu satu tim sama bot musuh nya jago jago sangat kurang puas game matchmaking nya sangat tidak adil akun selalu kalah kali turut turut tim sama computer menang sekali mohon baik matchmaking nya,-23.0,Negatif,-19.0,Negatif,Negatif,test,Negatif,True
monton kok aku gak bisa mode offline yang ada extreme nya kenapa ya😭😭😭😭,1,2026-07-26 12:34:04,moonton kok aku tidak mode offline extreme nya emoji_negatif emoji_negatif emoji_negatif emoji_negatif,moonton kok aku tidak mode offline extreme nya emoji_negatif emoji_negatif emoji_negatif emoji_negatif,-4.0,Negatif,-4.0,Negatif,Negatif,test,Negatif,True
montoon aku beri bintang 5 soalnya aku suka mobil legend terus 1 kalau bisa hiro nya gratis dan tim nya mau dia ajak kerja sama itu saran dari saya makasih),5,2026-07-26 12:31:03,moonton aku beri bintang soalnya aku suka mobil legend terus kalau hiro nya gratis tim nya mau ajak kerja sama saran makasih,moonton aku beri bintang soal aku suka mobil legend terus kalau hiro nya gratis tim nya mau ajak kerja sama saran makasih,16.0,Positif,16.0,Positif,Positif,test,Positif,True
bagus ramah baik,5,2026-07-26 12:30:02,bagus ramah baik,bagus ramah baik,2.0,Positif,7.0,Positif,Positif,test,Positif,True
"singkat ajah lah ya, sukakkk bangettt samau update nyaaa",5,2026-07-26 12:27:19,singkat ajah lah sukakk bangett samau update nyaa,singkat ajah lah sukakk bangett samau update nyaa,-5.0,Negatif,-5.0,Negatif,Negatif,test,Negatif,True
gem Ny kaya anji gw tim Ny di kasih draksistem mulu walaupun udah glory juga,2,2026-07-26 12:26:45,gem ny kaya anji tim ny kasih draksistem mulu walaupun udah glory,gem ny kaya anji tim ny kasih draksistem mulu walaupun udah glory,-2.0,Negatif,-2.0,Negatif,Negatif,test,Negatif,True
woy kenapa gua ga bisa menghubungkan ulang hilang terus kredit gua cape gua sama game ini tidak pernah berkembang yang ada makin menurun,1,2026-07-26 12:23:31,woy tidak menghubungkan ulang hilang terus kredit cape sama game tidak pernah berkembang makin menurun,woy tidak hubung ulang hilang terus kredit cape sama game tidak pernah kembang makin turun,-11.0,Negatif,-11.0,Negatif,Negatif,test,Negatif,True
bagus bisa di coba untuk menghilang kan stress😊☺,5,2026-07-26 12:22:45,bagus coba menghilang kan stress emoji_positif emoji_lain,bagus coba hilang kan stress emoji_positif emoji_lain,-9.0,Negatif,-4.0,Negatif,Negatif,test,Negatif,True
JANGAN ADA YANG INSTAL GAME INI GAME INI BANYAK PLAYER BEBAN,1,2026-07-26 12:19:12,jangan instal game game banyak player beban,jangan instal game game banyak player beban,-4.0,Negatif,-4.0,Negatif,Negatif,test,Negatif,True
game ini sangat seru,5,2026-07-26 12:15:03,game sangat seru,game sangat seru,0.0,Positif,3.0,Positif,Positif,test,Positif,True
main 5 jam gak naik gk turun,1,2026-07-26 12:00:56,main jam tidak naik tidak turun,main jam tidak naik tidak turun,-9.0,Negatif,-9.0,Negatif,Negatif,test,Negatif,True
suka sama game ini ramah sekali ya bun sampe di saranin game pou sama di katain ayam baik sakali player ml🥰,5,2026-07-26 11:58:44,suka sama game ramah sekali bun sampe saranin game pou sama katain ayam baik sakali player ml emoji_positif,suka sama game ramah sekali bun sampe saranin game pou sama katain ayam baik sakal player ml emoji_positif,15.0,Positif,15.0,Positif,Positif,test,Positif,True
min coba skinnya di gatisin 5 menit aja,1,2026-07-26 11:50:30,min coba skinnya gatisin menit aja,min coba skinnya gatisin menit aja,2.0,Positif,2.0,Positif,Positif,test,Positif,True
saya sangat suka dengan game ini saya sudah mencapai tingkat yang lebih besar,5,2026-07-26 11:46:16,sangat suka game mencapai tingkat lebih besar,sangat suka game capai tingkat lebih besar,6.0,Positif,6.0,Positif,Positif,test,Positif,True
1 bintang lagi mau mytik malah di kasih tim yg tolol jadi gagal mytik moonton sengaja ya😭,1,2026-07-26 11:31:50,bintang mau mytik malah kasih tim tolol jadi gagal mytik moonton sengaja emoji_negatif,bintang mau mytik malah kasih tim tolol jadi gagal mytik moonton sengaja emoji_negatif,-11.0,Negatif,-11.0,Negatif,Negatif,test,Negatif,True
"Game ga adil, pembagian tim tidak seimbang",1,2026-07-26 11:19:54,game tidak adil pembagian tim tidak seimbang,game tidak adil bagi tim tidak imbang,-13.0,Negatif,-13.0,Negatif,Negatif,test,Negatif,True
"Game nya baguss, namun sebagian ada yang drag sistem, tapi okey game nya juga gak terlalu kikir",5,2026-07-26 11:18:15,game nya baguss sebagian drag sistem okey game nya tidak terlalu kikir,game nya baguss bagi drag sistem okey game nya tidak terlalu kikir,2.0,Positif,2.0,Positif,Positif,test,Negatif,False
"gara ml gua dapet temen banyak makasih monton boleh lah 50k dm nya kiw""",5,2026-07-26 11:12:57,gara ml dapet temen banyak makasih moonton lah k dm nya kiw,gara ml dapet temen banyak makasih moonton lah k dm nya kiw,2.0,Positif,2.0,Positif,Positif,test,Positif,True
bagus lahh seru juga tapi sekarang mahal mahal skin nya dan jarang yg gratis padahal waktu tahun 2024 pas udah selesai main 2 kali atau beberapa kali dapet skin sekarang beda lebih suka yg dulu,4,2026-07-26 11:09:19,bagus lahh seru sekarang mahal mahal skin nya jarang gratis padahal waktu tahun pas udah selesai main kali beberapa kali dapet skin sekarang beda lebih suka dulu,bagus lahh seru sekarang mahal mahal skin nya jarang gratis padahal waktu tahun pas udah selesai main kali beberapa kali dapet skin sekarang beda lebih suka dulu,8.0,Positif,16.0,Positif,Positif,test,Positif,True
"gua top up diamond pakai dana,uang sudah masuk tapi dm nya gak ada tolong kembaliin uang ku tonn montonn",1,2026-07-26 11:03:48,top up diamond pakai dana uang masuk dm nya tidak kembaliin uang ku tonn montonn,top up diamond pakai dana uang masuk dm nya tidak kembaliin uang ku tonn montonn,4.0,Positif,4.0,Positif,Positif,test,Positif,True
md aku kasih rating 8/10,4,2026-07-26 11:02:58,md aku kasih rating,md aku kasih rating,2.0,Positif,2.0,Positif,Positif,test,Positif,True
"sistem pembodohan, sistem rusak, dari dulu maen ketemu tim kadang sehat kadang tolol minimal seimbangin laa dongo!!! game rusak",1,2026-07-26 10:54:56,sistem pembodohan sistem rusak dulu maen ketemu tim kadang sehat kadang tolol minimal seimbangin laa dongo game rusak,sistem bodoh sistem rusak dulu maen ketemu tim kadang sehat kadang tolol minimal seimbangin laa dongo game rusak,-7.0,Negatif,-7.0,Negatif,Negatif,test,Negatif,True
tambah lama g tambh bgus Mlah isinya tim bot mlu lama² JD sepi lu moonton,1,2026-07-26 10:50:20,tambah lama g tambh bgus mlah isinya tim bot mlu lama jadi sepi kamu moonton,tambah lama g tambh bgus mlah isi tim bot mlu lama jadi sepi kamu moonton,-15.0,Negatif,-15.0,Negatif,Negatif,test,Negatif,True
ngasih tim sama musuh yang ngotak dong monton ga setara bet ngasih musuhnya,2,2026-07-26 10:45:04,ngasih tim sama musuh ngotak dong moonton tidak setara bet ngasih musuhnya,ngasih tim sama musuh ngotak dong moonton tidak tara bet ngasih musuh,-10.0,Negatif,-10.0,Negatif,Negatif,test,Negatif,True
apa apaan gabisa login via monton,1,2026-07-26 10:41:31,apa apaan gabisa login via moonton,apa apa gabisa login via moonton,-7.0,Negatif,-7.0,Negatif,Negatif,test,Negatif,True
sering terjadi mslah jaringn,1,2026-07-26 10:39:43,sering terjadi mslah jaringn,sering jadi mslah jaringn,6.0,Positif,6.0,Positif,Positif,test,Positif,True
"game nya gak jelas kbnyakan yg main Boca yang g ngerti, Uda gitu kalau di report krna beban malah gak kena pelanggaran",1,2026-07-26 10:37:21,game nya tidak jelas kbnyakan main boca g ngerti uda gitu kalau report krna beban malah tidak kena pelanggaran,game nya tidak jelas kbnyakan main boca g ngerti uda gitu kalau report krna beban malah tidak kena langgar,-9.0,Negatif,-9.0,Negatif,Negatif,test,Negatif,True
woo game nya seru banget gameplay nya baguss Hero nya banyak,5,2026-07-26 10:35:54,woo game nya seru banget gameplay nya baguss hero nya banyak,woo game nya seru banget gameplay nya baguss hero nya banyak,3.0,Positif,6.0,Positif,Positif,test,Positif,True
knp ini setiap main ml mesti ada hubungkan hubungkan,1,2026-07-26 10:34:51,main ml mesti hubungkan hubungkan,main ml mesti hubung hubung,-3.0,Negatif,-3.0,Negatif,Negatif,test,Negatif,True
sampai sekarang jaringannya gak benar padahal saat gua main ff atau pubg aman aman aja bikin emosi aja nih game,1,2026-07-26 10:32:37,sekarang jaringannya tidak benar padahal main ff pubg aman aman aja bikin emosi aja nih game,sekarang jaring tidak benar padahal main ff pubg aman aman aja bikin emosi aja nih game,0.0,Negatif,0.0,Negatif,Negatif,test,Negatif,True
GAME BABI INI,1,2026-07-26 10:29:57,game babi,game babi,-2.0,Negatif,-2.0,Negatif,Negatif,test,Positif,False
"dasarr gamee apaan si timnyaa g bisa main, musuhnya ke prolayer gimna dah, ngasih tim yang seimbang niat bikin game g si moonton plis lah gw juga pengin imo, TPI dpet tim gjlas teruss aplah kadang midnya kadang roamnya kadang goldanenyaa kadang expinyaa gmn si tolong lah",1,2026-07-26 10:18:45,dasarr gamee apaan si timnyaa g main musuhnya prolayer gimna ngasih tim seimbang niat bikin game g si moonton plis lah pengin imo tpi dpet tim gjlas teruss aplah kadang midnya kadang roamnya kadang goldanenyaa kadang expinyaa bagaimana si lah,dasarr gamee apa si timnyaa g main musuh prolayer gimna ngasih tim imbang niat bikin game g si moonton plis lah pengin imo tpi dpet tim gjlas teruss aplah kadang midnya kadang roamnya kadang goldanenyaa kadang expinyaa bagaimana si lah,3.0,Positif,3.0,Positif,Positif,test,Positif,True
"aku menyukainya tetapi,saya tidak menyukai saat bug, pas saya mangalah kan lawan. mengapa saya yang mati?.itu aneh sekali...",4,2026-07-26 10:16:39,aku menyukainya tidak menyukai bug pas mangalah kan lawan mati aneh sekali,aku suka tidak suka bug pas mangalah kan lawan mati aneh sekali,-9.0,Negatif,-11.0,Negatif,Negatif,test,Negatif,True
"matching classic lama banget, death game",1,2026-07-26 10:15:28,matching classic lama banget death game,matching classic lama banget death game,-4.0,Negatif,-4.0,Negatif,Negatif,test,Negatif,True
"Tolong ciptakan hukuman yang sangat berat bagi player player yang tidak bermain sesuai role , tolong perbaiki draft match agar jangan memberikan tim yang tidak bisa main, karena sangat merugikan waktu",1,2026-07-26 10:12:12,ciptakan hukuman sangat berat player player tidak bermain sesuai role perbaiki draft match jangan memberikan tim tidak main sangat merugikan waktu,cipta hukum sangat berat player player tidak main sesuai role baik draft match jangan beri tim tidak main sangat rugi waktu,-18.0,Negatif,-18.0,Negatif,Negatif,test,Negatif,True
seru bgt,5,2026-07-26 10:04:54,seru banget,seru banget,1.0,Positif,4.0,Positif,Positif,test,Positif,True
ga jelas pas relog gabisa kembali ke in game malah stuck di loby benerin dong buang buang credit skor doang dan pas game nya menang tidak dapat bintang nyusahin banget,1,2026-07-26 09:59:55,tidak jelas pas relog gabisa in game malah stuck loby benerin dong buang buang credit skor doang pas game nya menang tidak bintang nyusahin banget,tidak jelas pas relog gabisa in game malah stuck loby benerin dong buang buang credit skor doang pas game nya menang tidak bintang nyusahin banget,-4.0,Negatif,0.0,Negatif,Negatif,test,Negatif,True
"matchmaking ngga masuk akal, mikirw lah kasi lawan dan tim lu moontonn",1,2026-07-26 09:54:59,matchmaking ngga masuk akal mikirw lah kasi lawan tim kamu moontonn,matchmaking ngga masuk akal mikirw lah kasi lawan tim kamu moontonn,-15.0,Negatif,-15.0,Negatif,Negatif,test,Negatif,True
Revamp skin beneddetta Collector Dong udah tipis bet efek nya kalah ama skin covenant yg murah,5,2026-07-26 09:54:26,revamp skin beneddetta collector dong udah tipis bet efek nya kalah ama skin covenant murah,revamp skin beneddetta collector dong udah tipis bet efek nya kalah ama skin covenant murah,0.0,Positif,0.0,Positif,Positif,test,Negatif,False
"main cuma kebagian kalah doang , begini rasanya jadi npc............",4,2026-07-26 09:53:50,main cuma kebagian kalah doang begini rasanya jadi npc,main cuma bagi kalah doang begini rasa jadi npc,-9.0,Negatif,-9.0,Negatif,Negatif,test,Negatif,True
"Moonton tolong lah magic dust nya seenggaknya buat bisa di tuker sama kupon atau poin kek, gaguna anjirr. udh hampir 75rb magic dust gua ga kepake samsek. sama Lucky spin juga itu batu ga guna lgi anjirrr udh seratus lebih di gua ga kepake",4,2026-07-26 09:53:48,moonton lah magic dust nya seenggaknya buat tuker sama kupon poin kek gaguna anjirr hampir rb magic dust tidak kepake samsek sama lucky spin batu tidak lgi anjirr seratus lebih tidak kepake,moonton lah magic dust nya enggak buat tuker sama kupon poin kek gaguna anjirr hampir rb magic dust tidak kepake samsek sama lucky spin batu tidak lgi anjirr ratus lebih tidak kepake,-2.0,Negatif,-2.0,Negatif,Negatif,test,Negatif,True
suka tapi yg ga suka nya bikin kesel padahal setiap hari main ini tau nya yg naik satu bintang yg turun 4 bintang kesel bnget,3,2026-07-26 09:36:46,suka tidak suka nya bikin kesel padahal hari main tau nya naik satu bintang turun bintang kesel bnget,suka tidak suka nya bikin kesel padahal hari main tau nya naik satu bintang turun bintang kesel bnget,-18.0,Negatif,-18.0,Negatif,Negatif,test,Negatif,True
game mantap,5,2026-07-26 09:35:20,game mantap,game mantap,7.0,Positif,7.0,Positif,Positif,test,Positif,True
jelek banget sekarang bugnya. Tiba-tiba nge yang terus gk bisa masuk lagi. padahal biasanya gk kek gitu,1,2026-07-26 09:32:11,jelek banget sekarang bugnya tiba tiba nge terus tidak masuk padahal biasanya tidak kek gitu,jelek banget sekarang bugnya tiba tiba nge terus tidak masuk padahal biasa tidak kek gitu,-11.0,Negatif,-11.0,Negatif,Negatif,test,Negatif,True
game ngnetod,1,2026-07-26 09:21:45,game ngnetod,game ngnetod,2.0,Positif,2.0,Positif,Positif,test,Positif,True
aku kecewa karena kalah terus aku ingin leged tapi kalah terus !!!!!!!!!!!!!!!!,1,2026-07-26 09:20:11,aku kecewa kalah terus aku leged kalah terus,aku kecewa kalah terus aku leged kalah terus,-6.0,Negatif,-6.0,Negatif,Negatif,test,Negatif,True
Bisa di bilang game paling seru dan menarik,5,2026-07-26 09:11:08,bilang game paling seru menarik,bilang game paling seru tarik,2.0,Positif,5.0,Positif,Positif,test,Positif,True
"sinyalllll ndes Tek mu pie maksude wifi apik"" sinyal mleset",1,2026-07-26 09:06:52,sinyall ndes tek mu pie maksude wifi apik sinyal mleset,sinyall ndes tek mu pie maksude wifi apik sinyal mleset,0.0,Negatif,0.0,Negatif,Negatif,test,Negatif,True
saat di download tidak bisa,1,2026-07-26 09:01:41,download tidak,download tidak,-5.0,Negatif,-5.0,Negatif,Negatif,test,Negatif,True
"matchmaking selalu ga adil, team ga ada yang immortal malah ketemu musuh immortal, top global lagi. sampah banget asli. terus di in game padahal udah ikutan nge bantu, malah ga dapat assist sama sekali, bikin rugi doang jadinya. berkali kali kayak gini, ga usah bikin game kalo ga bisa adil sesama player nya.",1,2026-07-26 08:48:42,matchmaking selalu tidak adil team tidak immortal malah ketemu musuh immortal top global sampah banget asli terus in game padahal udah ikutan nge bantu malah tidak assist sama sekali bikin rugi doang jadinya berkali kali kayak gini tidak usah bikin game kalau tidak adil sesama player nya,matchmaking selalu tidak adil team tidak immortal malah ketemu musuh immortal top global sampah banget asli terus in game padahal udah ikut nge bantu malah tidak assist sama sekali bikin rugi doang jadi kali kali kayak gin tidak usah bikin game kalau tidak adil sama player nya,-23.0,Negatif,-23.0,Negatif,Negatif,test,Negatif,True
tolong di perbaiki karena akun saya hilang saya juga tidak penyebab nya apa tolong di perbaiki ya mooton,1,2026-07-26 08:46:36,perbaiki akun hilang tidak penyebab nya apa perbaiki moonton,baik akun hilang tidak sebab nya apa baik moonton,-6.0,Negatif,-6.0,Negatif,Negatif,test,Negatif,True
"jujur game nya bagus banget, terus gampang menang, lalu aku dapat tim yang sepadan sama musuh,sampai sampai kalau sepupu ku kesini aku selalu main bareng sama dia, pokoknya seru banget, sampai ketagihan, kalau mau dapet skin juga peluang nya besar, skin gratis aku sering dapat dan bangus lagi, pokok nya bagus banget👍🏻👍🏻",5,2026-07-26 08:44:45,jujur game nya bagus banget terus gampang menang lalu aku tim sepadan sama musuh kalau sepupu ku kesini aku selalu main bareng sama pokoknya seru banget ketagihan kalau mau dapet skin peluang nya besar skin gratis aku sering bangus pokok nya bagus banget emoji_positif emoji_positif emoji_lain emoji_lain,jujur game nya bagus banget terus gampang menang lalu aku tim padan sama musuh kalau sepupu ku kesini aku selalu main bareng sama pokok seru banget tagih kalau mau dapet skin peluang nya besar skin gratis aku sering bangus pokok nya bagus banget emoji_positif emoji_positif emoji_lain emoji_lain,15.0,Positif,32.0,Positif,Positif,test,Positif,True
saya menyukainya,5,2026-07-26 08:43:20,menyukainya,suka,0.0,Positif,0.0,Positif,Positif,test,Positif,True
"GUA 70+ MATCH DAPET TIM AMPAS, TAPI TIM MUSUH BAHKAN ADA YANG MANTAN GLORY, TOLONGGG BANGET DI SEIMBANG KAN KOMPOSISI TIMNYA/SISTEM MATCHMAKING BIAR PEMAIN MOBILE LEGEND SEMAKIN RAMAI DAN BETAH BERMAIN MOBILE LEGEND 🙏",4,2026-07-26 08:42:57,match dapet tim ampas tim musuh bahkan mantan glory tolongg banget seimbang kan komposisi timnya sistem matchmaking pemain mobile legend semakin ramai betah bermain mobile legend emoji_netral,match dapet tim ampas tim musuh bahkan mantan glory tolongg banget imbang kan komposisi tim sistem matchmaking main mobile legend makin ramai betah main mobile legend emoji_netral,-22.0,Negatif,-22.0,Negatif,Negatif,test,Negatif,True
game yang sangat kont,1,2026-07-26 08:42:37,game sangat kont,game sangat kont,0.0,Negatif,0.0,Negatif,Negatif,test,Negatif,True
epic sedunia,5,2026-07-26 08:33:48,epic sedunia,epic dunia,0.0,Positif,0.0,Positif,Positif,test,Positif,True
"laporan digamenya gak didenger. tim tidak seimbang monton tidak seimbang. tim lawan lebih jago tim gua beban, minimal tim lawan sama tim gua seimbang ex honor ketemu ex honor. walaupun kalah jika permainan seimbang itu sangat menyenangkan.",1,2026-07-26 08:24:47,laporan digamenya tidak didenger tim tidak seimbang moonton tidak seimbang tim lawan lebih jago tim beban minimal tim lawan sama tim seimbang ex honor ketemu ex honor walaupun kalah permainan seimbang sangat menyenangkan,lapor digamenya tidak didenger tim tidak imbang moonton tidak imbang tim lawan lebih jago tim beban minimal tim lawan sama tim imbang ex honor ketemu ex honor walaupun kalah main imbang sangat senang,-53.0,Negatif,-53.0,Negatif,Negatif,test,Negatif,True
bagus banget monton gif aku skin Kagura exorsis,5,2026-07-26 08:13:31,bagus banget moonton gif aku skin kagura exorsis,bagus banget moonton gif aku skin kagura exorsis,0.0,Positif,5.0,Positif,Positif,test,Positif,True
game seru tapi bikin darah tinggi,3,2026-07-26 08:12:10,game seru bikin darah tinggi,game seru bikin darah tinggi,6.0,Positif,9.0,Positif,Positif,test,Positif,True
saya pemain glo kok gloo saya pas ulti gak masuk ke Hero lawan Mala di Diam di tempat saya saja gak mengerti kenapa kok bisa diam di tempat jaringan saya saya aja bagus lancar ini kenapa coba kasi penjelasan ko bisa gitu ?,5,2026-07-26 08:07:36,pemain glo kok gloo pas ulti tidak masuk hero lawan mala diam tempat tidak mengerti kok diam tempat jaringan aja bagus lancar coba kasi penjelasan ko gitu,main glo kok gloo pas ulti tidak masuk hero lawan mala diam tempat tidak erti kok diam tempat jaring aja bagus lancar coba kasi jelas ko gitu,-24.0,Negatif,-19.0,Negatif,Negatif,test,Negatif,True
suka😋,5,2026-07-26 08:06:50,suka emoji_lain,suka emoji_lain,2.0,Positif,2.0,Positif,Positif,test,Positif,True
game sampahh terus dapat kawan bot,1,2026-07-26 08:02:52,game sampahh terus kawan bot,game sampahh terus kawan bot,0.0,Negatif,0.0,Negatif,Negatif,test,Positif,False
tim dark sistem semua lah jadi males,1,2026-07-26 07:56:33,tim dark sistem semua lah jadi males,tim dark sistem semua lah jadi males,-16.0,Negatif,-16.0,Negatif,Negatif,test,Negatif,True
game seru dan menantang tolong berikan saya dark system lagi saya ksi bintang 5,5,2026-07-26 07:52:03,game seru menantang berikan dark system ksi bintang,game seru tantang ikan dark system ksi bintang,-2.0,Negatif,1.0,Positif,Positif,test,Positif,True
Lag terus pas war,1,2026-07-26 07:50:30,lag terus pas war,lag terus pas war,3.0,Positif,0.0,Negatif,Negatif,test,Negatif,True
"GA PERNAH BENER NGASI TIMNYA, TIMNYA YANG GAJELAS DI KASI, LAWANNYA JAGO JAGO",1,2026-07-26 07:48:50,tidak pernah bener ngasi timnya timnya gajelas kasi lawannya jago jago,tidak pernah bener ngasi tim tim gajelas kasi lawan jago jago,0.0,Negatif,0.0,Negatif,Negatif,test,Negatif,True
perbaiki ngeleknya,5,2026-07-26 07:47:46,perbaiki ngeleknya,baik ngeleknya,0.0,Positif,0.0,Positif,Positif,test,Positif,True
aku kamal mulu,1,2026-07-26 07:37:50,aku kamal mulu,aku kamal mulu,2.0,Positif,2.0,Positif,Positif,test,Positif,True
setiap main ml tim ya dars sistem semua bikin steres,5,2026-07-26 07:34:09,main ml tim dars sistem semua bikin steres,main ml tim dars sistem semua bikin steres,-11.0,Negatif,-11.0,Negatif,Negatif,test,Negatif,True
"kecewa banget sama ini game mlbb, makin hari makin gak jelas, dengan ping awal 30 langsung berubah drastis mnjadi 300 pas mati balik ke 30 hidup langsung brubah lagi dan itu bukan cuman 1 kali sampek beberapa pertandingan",1,2026-07-26 07:34:07,kecewa banget sama game mlbb makin hari makin tidak jelas ping awal langsung berubah drastis mnjadi pas mati balik hidup langsung brubah bukan cuman kali sampek beberapa pertandingan,kecewa banget sama game mlbb makin hari makin tidak jelas ping awal langsung ubah drastis mnjadi pas mati balik hidup langsung brubah bukan cuman kali sampek beberapa tanding,7.0,Positif,7.0,Positif,Positif,test,Negatif,False
bagus sih game nya,4,2026-07-26 07:29:54,bagus sih game nya,bagus sih game nya,0.0,Positif,5.0,Positif,Positif,test,Positif,True
mengisi kegabutan,5,2026-07-26 07:29:52,mengisi kegabutan,isi kegabutan,2.0,Positif,2.0,Positif,Positif,test,Positif,True
SETAN GAME BOSOK RA ATURAN,1,2026-07-26 07:28:14,setan game bosok ra aturan,setan game bosok ra atur,-2.0,Negatif,-2.0,Negatif,Negatif,test,Negatif,True
menarik,5,2026-07-26 07:26:07,menarik,tarik,0.0,Positif,0.0,Positif,Positif,test,Positif,True
"2 minggu yg lalu poin bintang saya mencapai 24, hanya tingal 1 lagi untuk mencapai honor, akan tetapi selalu di pertemukan dengan tim rank tinggi hingga poin bintang saya habis semua dan akan mencapai legend, DASAR GAME RUSAK",1,2026-07-26 07:23:15,minggu lalu poin bintang mencapai tingal mencapai honor selalu pertemukan tim rank tinggi hingga poin bintang habis semua mencapai legend dasar game rusak,minggu lalu poin bintang capai tingal capai honor selalu temu tim rank tinggi hingga poin bintang habis semua capai legend dasar game rusak,2.0,Positif,2.0,Positif,Positif,test,Positif,True
"he moonton, aku dianggap afk sedangkan wifi dan server lu yang bermasalah di loading match, mana keadilan nya?",1,2026-07-26 07:22:03,he moonton aku dianggap afk wifi server kamu bermasalah loading match mana keadilan nya,he moonton aku anggap afk wifi server kamu masalah loading match mana adil nya,1.0,Positif,-1.0,Negatif,Negatif,test,Negatif,True
mantappppp BANGGGGGGGGG,5,2026-07-26 07:17:55,mantapp bangg,mantapp bangg,0.0,Positif,0.0,Positif,Positif,test,Positif,True
keren asik,5,2026-07-26 07:15:22,keren asik,keren asik,4.0,Positif,8.0,Positif,Positif,test,Positif,True
"game buruk, saya memainkan game ini banyak problematiknya, mulai dari sistem draft yang aneh dan tidak adil, performa permainan yang banyak sekali masalahnya, mulai dari sinyal yang mendadak hilang saat lagi war, tim yang tiba-tiba tidak bergerak, hingga pasti ada saat ketika naikkin bintang rank malah permasalahan sistem permainan yang anomali, entah dari hp yang tiba-tiba crash hingga keluar dari permainan secara mendadak, itu sangat merugikan dan saya yakin developer yang membuat sistemnya.",1,2026-07-26 07:14:25,game buruk memainkan game banyak problematiknya mulai sistem draft aneh tidak adil performa permainan banyak sekali masalahnya mulai sinyal mendadak hilang war tim tiba tiba tidak bergerak hingga naikkin bintang rank malah permasalahan sistem permainan anomali entah handphone tiba tiba crash hingga keluar permainan mendadak sangat merugikan yakin developer membuat sistemnya,game buruk main game banyak problematik mulai sistem draft aneh tidak adil performa main banyak sekali masalah mulai sinyal dadak hilang war tim tiba tiba tidak gerak hingga naikkin bintang rank malah masalah sistem main anomali entah handphone tiba tiba crash hingga keluar main dadak sangat rugi yakin developer buat sistem,-32.0,Negatif,-32.0,Negatif,Negatif,test,Negatif,True
game nya tidak ramah dan selalu kalah kita akan dikasih top global,1,2026-07-26 07:13:14,game nya tidak ramah selalu kalah dikasih top global,game nya tidak ramah selalu kalah kasih top global,-2.0,Negatif,-2.0,Negatif,Negatif,test,Negatif,True
"jlek banyak bug, lagi draft pick malah nge stag",1,2026-07-26 07:12:50,jlek banyak bug draft pick malah nge stag,jlek banyak bug draft pick malah nge stag,0.0,Negatif,-2.0,Negatif,Negatif,test,Negatif,True
tolong kasih lawan yang se imbang supaya push rank jadi mudah,1,2026-07-26 07:12:45,kasih lawan se imbang push rank jadi mudah,kasih lawan se imbang push rank jadi mudah,-1.0,Negatif,-1.0,Negatif,Negatif,test,Negatif,True
"minimal kalo ngasih tim yang waras napa,udh cape cape gendong malah pada blunder dah tu musuhnya dikasih yang susah,matchmaking apaan kek gini,gw capek lose muluuuuu plis lah baikin matchmakingnyaaaaaaaaa",1,2026-07-26 07:11:24,minimal kalau ngasih tim waras napa cape cape gendong malah blunder tu musuhnya dikasih susah matchmaking apaan kek gini capek lose muluu plis lah baikin matchmakingnyaa,minimal kalau ngasih tim waras napa cape cape gendong malah blunder tu musuh kasih susah matchmaking apa kek gin capek lose muluu plis lah baikin matchmakingnyaa,-23.0,Negatif,-23.0,Negatif,Negatif,test,Negatif,True
bikin stres doang jngn didownload apk jelek,1,2026-07-26 07:10:35,bikin stres doang jngn didownload apk jelek,bikin stres doang jngn didownload apk jelek,-9.0,Negatif,-9.0,Negatif,Negatif,test,Negatif,True
moga suatu saat game mu kalah saing dengan game lain.... aku user lama...seson 1 id ny yg udh bnyk top up ...menderita solo rank... sistem kalian bobrok... auto unistal slamanya...,1,2026-07-26 07:09:30,moga suatu game mu kalah saing game aku user lama seson id ny bnyk top up menderita solo rank sistem kalian bobrok auto unistal slamanya,moga suatu game mu kalah saing game aku user lama seson id ny bnyk top up derita solo rank sistem kalian bobrok auto unistal slamanya,-9.0,Negatif,-9.0,Negatif,Negatif,test,Negatif,True
team nya gj exp malah pick eudora benerin dlu sistem lu jan collab bae,1,2026-07-26 07:09:12,team nya gj exp malah pick eudora benerin dlu sistem kamu jan collab bae,team nya gj exp malah pick eudora benerin dlu sistem kamu jan collab bae,-3.0,Negatif,-3.0,Negatif,Negatif,test,Negatif,True
"moonton kenapa sih ,setiap aku mau naik legend ada aja halangannya ,kok sering banget dikasih dark system terus,mohon kerjasamanya untuk tim yang lebih kompak dan peka",3,2026-07-26 07:06:33,moonton sih aku mau naik legend aja halangannya kok sering banget dikasih dark system terus mohon kerjasamanya tim lebih kompak peka,moonton sih aku mau naik legend aja halang kok sering banget kasih dark system terus mohon kerjasamanya tim lebih kompak peka,12.0,Positif,12.0,Positif,Positif,test,Positif,True
Game sistem ga jelas,1,2026-07-26 06:55:49,game sistem tidak jelas,game sistem tidak jelas,-5.0,Negatif,-5.0,Negatif,Negatif,test,Negatif,True
sangat suka,5,2026-07-26 06:54:15,sangat suka,sangat suka,0.0,Positif,0.0,Positif,Positif,test,Positif,True
game marai stres hapusen ae ojo download game iki koyok telek,1,2026-07-26 06:53:20,game marai stres hapusen ae ojo download game iki koyok telek,game mara stres hapusen ae ojo download game iki koyok telek,0.0,Negatif,0.0,Negatif,Negatif,test,Negatif,True
game nyah bagus tapi bikin nambah stress,5,2026-07-26 06:47:14,game nyah bagus bikin nambah stress,game nyah bagus bikin nambah stress,-5.0,Negatif,0.0,Positif,Positif,test,Negatif,False
"game nya seru ,tapi aku kalau main kalah mulu😭",4,2026-07-26 06:33:22,game nya seru aku kalau main kalah mulu emoji_negatif,game nya seru aku kalau main kalah mulu emoji_negatif,-1.0,Negatif,2.0,Positif,Positif,test,Positif,True
permainan nya sangat bagus sekali,5,2026-07-26 06:30:21,permainan nya sangat bagus sekali,main nya sangat bagus sekali,-5.0,Negatif,0.0,Positif,Positif,test,Positif,True
peler ngasih tim yang ngotak,1,2026-07-26 06:29:59,peler ngasih tim ngotak,peler ngasih tim ngotak,-3.0,Negatif,-3.0,Negatif,Negatif,test,Negatif,True
ketemu tim gak jelas banget dari bintang 20 sampai 6 geme kurang adil,2,2026-07-26 06:27:50,ketemu tim tidak jelas banget bintang geme kurang adil,ketemu tim tidak jelas banget bintang geme kurang adil,-9.0,Negatif,-9.0,Negatif,Negatif,test,Negatif,True
ini bukan apa apa yaaa tapi setiap aku main mau kalah atau pun menang kan aku roamer nihhh asist aku kadang 15-20 mati aku cuma 6 sampe lima aja tapi kadang dapat silver aneh emang sedangkan mm sama mage nya yg asist 3 mati 6 kadang emas emang lolot monton ni,1,2026-07-26 06:24:43,bukan apa apa yaa aku main mau kalah menang kan aku roamer nihh asist aku kadang mati aku cuma sampe lima aja kadang silver aneh emang matchmaking sama mage nya asist mati kadang emas emang lolot moonton ni,bukan apa apa yaa aku main mau kalah menang kan aku roamer nihh asist aku kadang mati aku cuma sampe lima aja kadang silver aneh emang matchmaking sama mage nya asist mati kadang emas emang lolot moonton ni,5.0,Positif,9.0,Positif,Positif,test,Positif,True
"game nggak ngotak, dapet tim mainnya ngetroll tapi yang kena pelanggaran malah sini padahal nggak ngetik kata' kasar, udah muak aku ketemu roam support gila kek gitu untuk ke sekian kalinya. kayak gitu user roam masih dapet perlindungan bintang. Muak banget sumpah",1,2026-07-26 06:23:26,game tidak ngotak dapet tim mainnya ngetroll kena pelanggaran malah sini padahal tidak ngetik kata kasar udah muak aku ketemu roam support gila kek gitu sekian kalinya kayak gitu user roam dapet perlindungan bintang muak banget sumpah,game tidak ngotak dapet tim main ngetroll kena langgar malah sini padahal tidak ngetik kata kasar udah muak aku ketemu roam support gila kek gitu sekian kali kayak gitu user roam dapet lindung bintang muak banget sumpah,-24.0,Negatif,-24.0,Negatif,Negatif,test,Negatif,True
bikin pusing kalah Terus,1,2026-07-26 06:23:25,bikin pusing kalah terus,bikin pusing kalah terus,-8.0,Negatif,-8.0,Negatif,Negatif,test,Negatif,True
Enak banget game ini yah 🗿 Ramah sekali (di awal🤣) Gua kasih b 5 dah Tolong yah moonton kalo bisa yah setara dong Rank nya misal :solo yah solo semua jangan ada yg trio /duo dan tentang rank misal:gua epic 1 pas maen malah ketemu epic 5 😭 tolong yah kalo rank itu yg pasti🗿epic 1 yah epic Setu semua biar adil -bintang nya 🗿 Oh ya btw kapan MVP kalah +🌟🗿,5,2026-07-26 06:21:53,enak banget game yah ramah sekali awal kasih b yah moonton kalau yah setara dong rank nya misal solo yah solo semua jangan trio duo rank misal epic pas maen malah ketemu epic yah kalau rank epic yah epic setu semua adil bintang nya btw kapan mvp kalah emoji_positif emoji_negatif emoji_netral emoji_netral emoji_netral emoji_netral emoji_netral,enak banget game yah ramah sekali awal kasih b yah moonton kalau yah tara dong rank nya misal solo yah solo semua jangan trio duo rank misal epic pas maen malah ketemu epic yah kalau rank epic yah epic setu semua adil bintang nya btw kapan mvp kalah emoji_positif emoji_negatif emoji_netral emoji_netral emoji_netral emoji_netral emoji_netral,5.0,Positif,7.0,Positif,Positif,test,Positif,True
PERMAINAN DALAM GAME SUDAH TIDAK BAGUS AKU MASUK RANK TEMAN BOT SEMUA.KALAU TIDAK PERCAYA COBA kalian black list..PASTI AKAN JADI TEMAN KALIAN LAGI.GAME SUDAH TIDAK MENYENANGKAN.. DAN ITU KE EMPAT2 NYA TEMAN BOT SEMUA.. GAME HANYA PENCITRAAN SUPAYA MATCH CEPAT.,1,2026-07-26 06:08:10,permainan game tidak bagus aku masuk rank teman bot semua kalau tidak percaya coba kalian black list jadi teman kalian game tidak menyenangkan empat nya teman bot semua game pencitraan match cepat,main game tidak bagus aku masuk rank teman bot semua kalau tidak percaya coba kalian black list jadi teman kalian game tidak senang empat nya teman bot semua game citra match cepat,-21.0,Negatif,-26.0,Negatif,Negatif,test,Negatif,True
"game rusak , game ampas jaringan sering leg dan banyak cheater tidak ditindak , unistall aja , cheter dibiarin ja bikin jaringan leg ,",1,2026-07-26 06:08:00,game rusak game ampas jaringan sering leg banyak cheater tidak ditindak unistall aja cheter dibiarin ja bikin jaringan leg,game rusak game ampas jaring sering leg banyak cheater tidak tindak unistall aja cheter dibiarin ja bikin jaring leg,-3.0,Negatif,-7.0,Negatif,Negatif,test,Negatif,True
game yang keran,5,2026-07-26 06:02:14,game keran,game keran,-2.0,Negatif,-2.0,Negatif,Negatif,test,Positif,False
aku Uda kasi bitang lima tapi sayang muntun pelit Ama diamond nya biar 100aja pils muntun,5,2026-07-26 05:52:33,aku uda kasi bitang lima sayang moonton pelit ama diamond nya aja pils moonton,aku uda kasi bitang lima sayang moonton pelit ama diamond nya aja pils moonton,1.0,Positif,1.0,Positif,Positif,test,Positif,True
game gak guna gw nangis stres frustasi sistem nya kayak gak niat dikasih musuh propalyer sultan tim sendiri bot darksistem miskin,1,2026-07-26 05:39:26,game tidak nangis stres frustasi sistem nya kayak tidak niat dikasih musuh propalyer sultan tim sendiri bot darksistem miskin,game tidak nang stres frustasi sistem nya kayak tidak niat kasih musuh propalyer sultan tim sendiri bot darksistem miskin,-33.0,Negatif,-33.0,Negatif,Negatif,test,Negatif,True
"game apa ini, padahal sinyal sudah bagus namun kadang suka tiba-tiba tidak bisa bergerak dan lawannya juga tidak seimbang kadang musuhnya terlalu jago berbanding terbalik dengan tim kita, tolong jika ini bug tolong diperbaiki",1,2026-07-26 05:31:56,game apa padahal sinyal bagus kadang suka tiba tiba tidak bergerak lawannya tidak seimbang kadang musuhnya terlalu jago berbanding terbalik tim bug diperbaiki,game apa padahal sinyal bagus kadang suka tiba tiba tidak gerak lawan tidak imbang kadang musuh terlalu jago banding balik tim bug baik,-12.0,Negatif,-9.0,Negatif,Negatif,test,Negatif,True
"EH MASA LUCKY STARLIGHT SPIN SAMPE 50 KOK CUMAN DAPET 1 SIH,YAH GAME KORUPP",1,2026-07-26 05:26:09,eh masa lucky starlight spin sampe kok cuman dapet sih yah game korupp,eh masa lucky starlight spin sampe kok cuman dapet sih yah game korupp,4.0,Positif,4.0,Positif,Positif,test,Negatif,False
"benci kali pun aku main game ini, kalah kalah terus, dapat tim ga jelas, dapat tim bot, dapat tim kaya binatang, dapat musuh jago jago, ntah apa lah, bikin stres, bikin depresi, najis kali main game ini",1,2026-07-26 05:20:53,benci kali aku main game kalah kalah terus tim tidak jelas tim bot tim kaya binatang musuh jago jago ntah apa lah bikin stres bikin depresi najis kali main game,benci kali aku main game kalah kalah terus tim tidak jelas tim bot tim kaya binatang musuh jago jago ntah apa lah bikin stres bikin depresi najis kali main game,-34.0,Negatif,-34.0,Negatif,Negatif,test,Negatif,True
"woi game ajg , bikin sistem yang bener dikit lah ,yakali ketemu cheater terang""an gak di banned ,di report berlima gak ada tanggapan ,mending hapus aja sekalian ni game kalo gak niat bikinn sistem",1,2026-07-26 05:16:50,woi game ajg bikin sistem bener dikit lah yakali ketemu cheater terang an tidak banned report berlima tidak tanggapan mending hapus aja sekalian ni game kalau tidak niat bikinn sistem,woi game ajg bikin sistem bener dikit lah yakali ketemu cheater terang an tidak banned report lima tidak tanggap mending hapus aja sekali ni game kalau tidak niat bikinn sistem,-31.0,Negatif,-35.0,Negatif,Negatif,test,Negatif,True
rame baget untuk di painkin,5,2026-07-26 05:13:54,rame baget painkin,rame baget painkin,0.0,Positif,0.0,Positif,Positif,test,Negatif,False
"BENCI BGT, TIAP KALI MAIN STUCK DI LOADING SCREEN 0% SEMUA, TRS KADANG AKU SENDIRI 0% KADANG STUCK 27% DOANG, TRUS GA MULAI² JDINYA HISTORI KU AFK, PAS RELOG BILANGNYA ""Menghubungkan ke pertandingan"" UDAH DITUNGGU 5 MENIT GA MULAI², UDH TEKAN MAIN² TERTULIS ""berada di lobby"" MUAK BGT, PAS MAIN GAME LAIN, APK LAIN, LANCAR, SINYAL LANCAR, WIFI LANCAR, KUOTA LANCAR, HP LANCAR, DI ML MALAH LAG BGT YAALLAHH HUAAA....",1,2026-07-26 05:08:12,benci banget tiap kali main stuck loading screen semua terus kadang aku sendiri kadang stuck doang trus tidak mulai jdinya histori ku afk pas relog bilangnya menghubungkan pertandingan udah ditunggu menit tidak mulai tekan main tertulis berada lobby muak banget pas main game apk lancar sinyal lancar wifi lancar kuota lancar handphone lancar ml malah lag banget yaallahh huaa,benci banget tiap kali main stuck loading screen semua terus kadang aku sendiri kadang stuck doang trus tidak mulai jdinya histori ku afk pas relog bilang hubung tanding udah tunggu menit tidak mulai tekan main tulis ada lobby muak banget pas main game apk lancar sinyal lancar wifi lancar kuota lancar handphone lancar ml malah lag banget yaallahh huaa,6.0,Positif,1.0,Positif,Positif,test,Negatif,False
gamenya sangat seru dan anti bosen dan kedepannya updatenya harus lebih bagus yah!!🔥🔥,5,2026-07-26 05:05:28,gamenya sangat seru anti bosen kedepannya updatenya lebih bagus yah emoji_lain emoji_lain,gamenya sangat seru anti bosen depan updatenya lebih bagus yah emoji_lain emoji_lain,-9.0,Negatif,-1.0,Negatif,Negatif,test,Positif,False
geme nya bagus aku udh main dari lama juga tapi tolong banget buat moonton musuh nya jagang yang susah yang seimbang aja aku dapet musuh jago jago bngt jadinya kalah terus,2,2026-07-26 05:01:33,geme nya bagus aku main lama banget buat moonton musuh nya jagang susah seimbang aja aku dapet musuh jago jago banget jadinya kalah terus,geme nya bagus aku main lama banget buat moonton musuh nya jagang susah imbang aja aku dapet musuh jago jago banget jadi kalah terus,-7.0,Negatif,-2.0,Negatif,Negatif,test,Positif,False
mulai gak bisa login kok gak bisa login game apaan gak bisa login,1,2026-07-26 05:00:56,mulai tidak login kok tidak login game apaan tidak login,mulai tidak login kok tidak login game apa tidak login,-16.0,Negatif,-16.0,Negatif,Negatif,test,Negatif,True
"sistem matching ga adil dan sangat payah sekali, puluhan kali dikasih kalah dan dikasih tim bot /AI, begini kah kualitas game yang ramai di indo? 😂👎",5,2026-07-26 05:00:20,sistem matching tidak adil sangat payah sekali puluhan kali dikasih kalah dikasih tim bot ai begini kualitas game ramai indo emoji_negatif emoji_netral,sistem matching tidak adil sangat payah sekali puluh kali kasih kalah kasih tim bot ai begini kualitas game ramai indo emoji_negatif emoji_netral,-19.0,Negatif,-19.0,Negatif,Negatif,test,Negatif,True
"dapat tim nya ga pernah seimbang, tim musuh jago tim kita kaya apalah",1,2026-07-26 04:58:18,tim nya tidak pernah seimbang tim musuh jago tim kaya apalah,tim nya tidak pernah imbang tim musuh jago tim kaya apa,-20.0,Negatif,-20.0,Negatif,Negatif,test,Negatif,True
game tlol ajng setiap pertandingan ga ada yg bener ga adil sama sekali antara rank tim lawan dan tin sendiri,1,2026-07-26 04:41:14,game tlol ajng pertandingan tidak bener tidak adil sama sekali rank tim lawan tin sendiri,game tlol ajng tanding tidak bener tidak adil sama sekali rank tim lawan tin sendiri,-19.0,Negatif,-19.0,Negatif,Negatif,test,Negatif,True
game ini sangat bagus dan bang dereame dan neerhays pun jago main ini saya juga suka,5,2026-07-26 04:41:03,game sangat bagus bang dereame neerhays jago main suka,game sangat bagus bang dereame neerhays jago main suka,3.0,Positif,8.0,Positif,Positif,test,Positif,True
EMG parah,5,2026-07-26 04:37:14,emg parah,emg parah,-6.0,Negatif,-6.0,Negatif,Negatif,test,Negatif,True
kasih tim yang bener kek gw glory tim gw mytic honor katanya seimbang mana dapet tim kek orang baru belajar maen mbud,1,2026-07-26 04:36:16,kasih tim bener kek glory tim mytic honor katanya seimbang mana dapet tim kek orang baru belajar maen mbud,kasih tim bener kek glory tim mytic honor kata imbang mana dapet tim kek orang baru ajar maen mbud,-2.0,Negatif,-2.0,Negatif,Negatif,test,Negatif,True
udah imo belum?,4,2026-07-26 04:25:48,udah imo belum,udah imo belum,0.0,Positif,0.0,Positif,Positif,test,Positif,True
"hilang sinyal kena sanksi, masuk lobby gak bisa bisa. akhirnya dibilang afk. kayaknys urang pas.",2,2026-07-26 04:18:50,hilang sinyal kena sanksi masuk lobby tidak akhirnya dibilang afk kayaknys urang pas,hilang sinyal kena sanksi masuk lobby tidak akhir bilang afk kayaknys urang pas,-9.0,Negatif,-11.0,Negatif,Negatif,test,Negatif,True
bagus banget game nya thankyou moonton tapi mines nya jaringan di game nya sering lag aja sih padahal jaringan di hp ok ok aja selebih nya keren banget 🤩🤩🤩,4,2026-07-26 04:18:33,bagus banget game nya thankyou moonton mines nya jaringan game nya sering lag aja sih padahal jaringan handphone aja selebih nya keren banget emoji_positif emoji_positif emoji_positif,bagus banget game nya thankyou moonton mes nya jaring game nya sering lag aja sih padahal jaring handphone aja lebih nya keren banget emoji_positif emoji_positif emoji_positif,7.0,Positif,13.0,Positif,Positif,test,Positif,True
saran gw jangan download game ini bikin stress percaya ama gw,1,2026-07-26 04:17:49,saran jangan download game bikin stress percaya ama,saran jangan download game bikin stress percaya ama,-5.0,Negatif,-5.0,Negatif,Negatif,test,Negatif,True
jangan ada yang bucin,5,2026-07-26 04:16:02,jangan bucin,jangan bucin,-3.0,Negatif,-3.0,Negatif,Negatif,test,Negatif,True
gw kalo main pasti di kasih tim bot mulu cape gw ron monton kasih gw menang lah🤬,1,2026-07-26 04:03:00,kalau main kasih tim bot mulu cape ron moonton kasih menang lah emoji_negatif,kalau main kasih tim bot mulu cape ron moonton kasih menang lah emoji_negatif,-9.0,Negatif,-5.0,Negatif,Negatif,test,Negatif,True
"ayolah ,pembagian team nya yng ngotak lah ,masa team gw kek pler maennya ,team sebelah malah Jgo jgo terus jaringan nya ,pas ngk war aman ,pas war/situasi penting malah ngelag ,ayolah muntun ,dlu gw main di mitik aman aman aj di season lalu ,ngapa sekarang Dapet dark system nya",1,2026-07-26 04:02:20,ayolah pembagian team nya yng ngotak lah masa team kek pler maennya team sebelah malah jgo jgo terus jaringan nya pas ngk war aman pas war situasi penting malah ngelag ayolah moonton dlu main mitik aman aman aj season lalu ngapa sekarang dapet dark system nya,ayo bagi team nya yng ngotak lah masa team kek pler maennya team belah malah jgo jgo terus jaring nya pas ngk war aman pas war situasi penting malah ngelag ayo moonton dlu main mitik aman aman aj season lalu ngapa sekarang dapet dark system nya,8.0,Positif,5.0,Positif,Positif,test,Negatif,False
gem penambah setres bukan penghilang stres ******,1,2026-07-26 03:59:03,gem penambah setres bukan penghilang stres,gem tambah tres bukan hilang stres,-7.0,Negatif,-7.0,Negatif,Negatif,test,Negatif,True
"BACA INI SIALAN!! matchmaking tidak adil, saya selalu diberi tim jelek dan anggota tim yang sengaja troll padahal main di mode ranked, saya selalu diberi menang 2x saat legend 1 *3, tapi habis itu saya dikasih kalah lagi, ini game sialan! sekarang banyak kata kata yang dibatasi di chat in game, padahal dulu tidak",5,2026-07-26 03:58:41,baca sialan matchmaking tidak adil selalu diberi tim jelek anggota tim sengaja troll padahal main mode ranked selalu diberi menang x legend habis dikasih kalah game sialan sekarang banyak kata kata dibatasi chat in game padahal dulu tidak,baca sial matchmaking tidak adil selalu beri tim jelek anggota tim sengaja troll padahal main mode ranked selalu beri menang x legend habis kasih kalah game sial sekarang banyak kata kata batas chat in game padahal dulu tidak,-35.0,Negatif,-34.0,Negatif,Negatif,test,Negatif,True
ini game Napa dah pas ngreng ngelag dan mecth tidak seimbang,1,2026-07-26 03:57:56,game napa pas ngreng ngelag mecth tidak seimbang,game napa pas ngreng ngelag mecth tidak imbang,-2.0,Negatif,-5.0,Negatif,Negatif,test,Negatif,True
Baguss karakter nya ada yang lucu ada yang serem,5,2026-07-26 03:57:08,baguss karakter nya lucu serem,baguss karakter nya lucu rem,-4.0,Negatif,-4.0,Negatif,Negatif,test,Positif,False
"game gajelas dikasih tim yang gak bener trus rank lawan ga setara sm rank kita, banyak cheater pula jangan di download guys bikin stres",1,2026-07-26 03:51:20,game gajelas dikasih tim tidak bener trus rank lawan tidak setara sama rank banyak cheater jangan download guys bikin stres,game gajelas kasih tim tidak bener trus rank lawan tidak tara sama rank banyak cheater jangan download guys bikin stres,-20.0,Negatif,-24.0,Negatif,Negatif,test,Negatif,True
"game yg tidak seimbang saya mendapatkan lawan ex IMO tingal 1 bintang lagi naik glory saya ketemu ex IMO+ musuh global dan teman gue mitik biasa tolong di perbaiki lagi sistem ny, banyak sekali player yg bertabrakan rank ny, saya tidak mau ad lagi yg begituan bikin susah main dan bikin gampang stressnya",2,2026-07-26 03:51:00,game tidak seimbang mendapatkan lawan ex imo tingal bintang naik glory ketemu ex imo musuh global teman mitik biasa perbaiki sistem ny banyak sekali player bertabrakan rank ny tidak mau ad begituan bikin susah main bikin gampang stressnya,game tidak imbang dapat lawan ex imo tingal bintang naik glory ketemu ex imo musuh global teman mitik biasa baik sistem ny banyak sekali player tabrak rank ny tidak mau ad begitu bikin susah main bikin gampang stressnya,-32.0,Negatif,-32.0,Negatif,Negatif,test,Negatif,True
plis dong jan nerf2 odette mulu ini udah ampir 5 kali loh montoon kau ni ya cari gegara sama user odette 🤬,5,2026-07-26 03:40:08,plis dong jan nerf odette mulu udah ampir kali loh moonton kau ni cari gegara sama user odette emoji_negatif,plis dong jan nerf odette mulu udah ampir kali loh moonton kau ni cari gegara sama user odette emoji_negatif,-2.0,Negatif,-2.0,Negatif,Negatif,test,Negatif,True
matchmakingnya jelek gw ketemu sama pemain yg g bener mlu mainya pokoknya KLO lu orng nya emosian dan g suka sama permainan yg terlalu mengandalkan team jangan main ini POKOKNYA JANGAN,1,2026-07-26 03:32:58,matchmakingnya jelek ketemu sama pemain g bener mlu mainya pokoknya kalau kamu orng nya emosian g suka sama permainan terlalu mengandalkan team jangan main pokoknya jangan,matchmakingnya jelek ketemu sama main g bener mlu mai pokok kalau kamu orng nya emosi g suka sama main terlalu andal team jangan main pokok jangan,-12.0,Negatif,-12.0,Negatif,Negatif,test,Negatif,True
match yang tidak seimbang,1,2026-07-26 03:18:18,match tidak seimbang,match tidak imbang,-5.0,Negatif,-5.0,Negatif,Negatif,test,Negatif,True
bagus bgt tahuu aku suka ml,5,2026-07-26 03:07:35,bagus banget tahuu aku suka ml,bagus banget tahuu aku suka ml,2.0,Positif,7.0,Positif,Positif,test,Positif,True
bagusss tpi agak ngelag,5,2026-07-26 03:07:33,baguss tpi ngelag,baguss tpi ngelag,0.0,Positif,-3.0,Negatif,Negatif,test,Positif,False
"GamePLay Seperti SCAM. SeTiap Hari Poin Ku DiKurangi 10, ALasAn Di LaporKan PLayer Lain ( PadaHaL Tidak MeLakuKan PeLanggarAn, MaLah TerLihat Di DATA PerMainAn MeNyerang Turret TerBanyak ). Sering Dapat PeringatAn Chat Tidak Pantas PadaHaL SeLama PerTandingAn Tidak Chat ApaPun. Mungkin Saya DiKerjai Pegawai Muntoon Yang Tahu Saya, Karena Dia Kerja DiMaLam Hari ( Waktu IndoNesia )",1,2026-07-26 02:59:00,gameplay scam hari poin ku dikurangi alasan laporkan player padahal tidak melakukan pelanggaran malah terlihat data permainan menyerang turret terbanyak sering peringatan chat tidak pantas padahal selama pertandingan tidak chat apapun mungkin dikerjai pegawai moonton tahu kerja dimalam hari waktu indonesia,gameplay scam hari poin ku rang alas lapor player padahal tidak laku langgar malah lihat data main serang turret banyak sering ingat chat tidak pantas padahal lama tanding tidak chat apa mungkin kerja pegawai moonton tahu kerja malam hari waktu indonesia,-6.0,Negatif,-6.0,Negatif,Negatif,test,Negatif,True
jangan mau download game ini buat depresi. giliran satu bintang lagi lengend dikasi tim yg bot emang babi,1,2026-07-26 02:48:19,jangan mau download game buat depresi giliran satu bintang lengend dikasi tim bot emang babi,jangan mau download game buat depresi gilir satu bintang lengend kasi tim bot emang babi,-13.0,Negatif,-13.0,Negatif,Negatif,test,Negatif,True
saya maen ML dari season 4 sampe terakhir season kemarin saya udah putuskan tidak lagi maen ML. Bigthanks Mobile legend,3,2026-07-26 02:46:27,maen ml season sampe terakhir season kemarin udah putuskan tidak maen ml bigthanks mobile legend,maen ml season sampe akhir season kemarin udah putus tidak maen ml bigthanks mobile legend,-5.0,Negatif,-5.0,Negatif,Negatif,test,Negatif,True
banyak bug,2,2026-07-26 02:38:22,banyak bug,banyak bug,0.0,Negatif,-2.0,Negatif,Negatif,test,Negatif,True
"Game nya bagus, menyenangkan.",4,2026-07-26 02:33:43,game nya bagus menyenangkan,game nya bagus senang,1.0,Positif,6.0,Positif,Positif,test,Positif,True
"pantesan pada pindah ke honor of king lu nya aja ngasih menang 1× kalah 2×, pus ampe pagi malah dikasi loss, gimana ga pada pindah coba",5,2026-07-26 02:33:41,pantesan pindah honor of king kamu nya aja ngasih menang kalah pus ampe pagi malah dikasi loss gimana tidak pindah coba,pantesan pindah honor of king kamu nya aja ngasih menang kalah pus ampe pagi malah kasi loss gimana tidak pindah coba,-11.0,Negatif,-7.0,Negatif,Negatif,test,Negatif,True
𝒔𝒆𝒓𝒖,5,2026-07-26 02:23:17,seru,seru,0.0,Positif,3.0,Positif,Positif,test,Positif,True
grafik nya sangat bagus,4,2026-07-26 02:22:22,grafik nya sangat bagus,grafik nya sangat bagus,-4.0,Negatif,1.0,Positif,Positif,test,Positif,True
game nya buruk,1,2026-07-26 02:22:00,game nya buruk,game nya buruk,-3.0,Negatif,-3.0,Negatif,Negatif,test,Positif,False
monton kon... napa gua selalu di kasih tim ampas,1,2026-07-26 02:21:15,moonton kon napa selalu kasih tim ampas,moonton kon napa selalu kasih tim ampas,-8.0,Negatif,-8.0,Negatif,Negatif,test,Negatif,True
monton tolong hapus dark sistem,5,2026-07-26 02:05:51,moonton hapus dark sistem,moonton hapus dark sistem,-7.0,Negatif,-7.0,Negatif,Negatif,test,Negatif,True
"game lag sendiri, gerak"" sendiri, sinyal hijau tapi ga bisa gerak kayak lagi leg",1,2026-07-26 02:02:08,game lag sendiri gerak sendiri sinyal hijau tidak gerak kayak leg,game lag sendiri gerak sendiri sinyal hijau tidak gerak kayak leg,-9.0,Negatif,-12.0,Negatif,Negatif,test,Negatif,True
huu game rusak tolol,1,2026-07-26 01:55:40,huu game rusak tolol,huu game rusak tolol,-4.0,Negatif,-4.0,Negatif,Negatif,test,Negatif,True
berat😂,1,2026-07-26 01:54:28,berat emoji_netral,berat emoji_netral,0.0,Negatif,0.0,Negatif,Negatif,test,Positif,False
asik bangett sampai ketagihann tpi aku nda bisa main rank soalnya msi master.tpi kurangnya waktu itu aku kill orang 13 kli mati 4 kli tpi dapat pedang silang yg dpt mvp mlh orang yg kil 6 kli mti 5 kli aduhh gak bress pdahal aku uda brusaha,4,2026-07-26 01:38:43,asik bangett ketagihann tpi aku nda main rank soalnya msi master tpi kurangnya waktu aku kill orang kli mati kli tpi pedang silang mvp mlh orang kil kli mti kli aduhh tidak bress pdahal aku uda brusaha,asik bangett ketagihann tpi aku nda main rank soal msi master tpi kurang waktu aku kill orang kli mati kli tpi pedang silang mvp mlh orang kil kli mti kli aduhh tidak bress pdahal aku uda brusaha,-7.0,Negatif,-7.0,Negatif,Negatif,test,Negatif,True
banyak drak system,1,2026-07-26 01:18:11,banyak drak system,banyak drak system,0.0,Negatif,0.0,Negatif,Negatif,test,Negatif,True
"matchmaking tolol 5 kali dikasi tim anomali, giliran musuh dikasih tim yang kompak perbaiki dulu jaringan sama matchmakinhnya jangan ngurusin hero sama skin dulu",1,2026-07-26 01:15:44,matchmaking tolol kali dikasi tim anomali giliran musuh dikasih tim kompak perbaiki dulu jaringan sama matchmakinhnya jangan ngurusin hero sama skin dulu,matchmaking tolol kali kasi tim anomali gilir musuh kasih tim kompak baik dulu jaring sama matchmakinhnya jangan ngurusin hero sama skin dulu,-12.0,Negatif,-12.0,Negatif,Negatif,test,Negatif,True
seru semoga sehabis kasih ulasan winstrek trus yaa aminn montonn,5,2026-07-26 01:07:24,seru semoga sehabis kasih ulasan winstrek trus yaa aminn montonn,seru moga habis kasih ulas winstrek trus yaa aminn montonn,4.0,Positif,7.0,Positif,Positif,test,Positif,True
kenapa setiap kurang 1 bintang naik ke rank berikut nya kok di kasih tim bot dan musuh jago ya kenapa ya ?,2,2026-07-26 00:26:28,kurang bintang naik rank berikut nya kok kasih tim bot musuh jago,kurang bintang naik rank ikut nya kok kasih tim bot musuh jago,-8.0,Negatif,-8.0,Negatif,Negatif,test,Negatif,True
"DEAR MOONTON, MAAF ATAS KOMENTAR SAYA SEBELUMNYA, TAPI SAYA MOHON KASIH SAYA MENANG, SAYA LELAH KALAH TERUS 😞, DAN SAYA INGIN SEKALI MENDAPATKAN EMOTE DYRROTH CRYING DARI BANG-BANG CARDS, KASIH SAYA EMOTE ITU JUGA YA, SEKALI LAGI SAYA MINTA MAAF ATAS KOMENTAR SEBELUM NYA 🙏.",5,2026-07-25 23:53:49,dear moonton maaf atas komentar sebelumnya mohon kasih menang lelah kalah terus sekali mendapatkan emote dyrroth crying bang bang cards kasih emote sekali minta maaf atas komentar nya emoji_negatif emoji_netral,dear moonton maaf atas komentar belum mohon kasih menang lelah kalah terus sekali dapat emote dyrroth crying bang bang cards kasih emote sekali minta maaf atas komentar nya emoji_negatif emoji_netral,-13.0,Negatif,-9.0,Negatif,Negatif,test,Positif,False
"saat kita bermain solo rank ketika penempatan dengan teman satu tim sangat buruk. game yang terlalu asal-asalan saat menentukan draft pick, tolong perbaiki lagi hal tersebut!!!",1,2026-07-25 23:52:11,bermain solo rank penempatan teman satu tim sangat buruk game terlalu asal asalan menentukan draft pick perbaiki tersebut,main solo rank tempat teman satu tim sangat buruk game terlalu asal asal tentu draft pick baik sebut,-8.0,Negatif,-8.0,Negatif,Negatif,test,Negatif,True
seru & asik,5,2026-07-25 23:50:22,seru asik,seru asik,4.0,Positif,7.0,Positif,Positif,test,Positif,True
harus nya lu tau knp gw kasih segini,1,2026-07-25 21:53:48,nya kamu tau kasih segini,nya kamu tau kasih gin,-3.0,Negatif,-3.0,Negatif,Negatif,test,Negatif,True
rank epic sekarang GK kyk dulu gampang main solo juga cepet ke legend sekarang malah nambahin susah GK naik naik bintangya malah turun terus jadi males main cuma abisin waktu aja😏,1,2026-07-25 21:08:05,rank epic sekarang tidak kyk dulu gampang main solo cepet legend sekarang malah nambahin susah tidak naik naik bintangya malah turun terus jadi males main cuma abisin waktu aja emoji_lain,rank epic sekarang tidak kyk dulu gampang main solo cepet legend sekarang malah nambahin susah tidak naik naik bintangya malah turun terus jadi males main cuma abisin waktu aja emoji_lain,-17.0,Negatif,-17.0,Negatif,Negatif,test,Negatif,True
setiap main di kasih tim yang ga jls cape banget gendong nya main pou aja sono,1,2026-07-25 20:52:57,main kasih tim tidak jls cape banget gendong nya main pou aja sono,main kasih tim tidak jls cape banget gendong nya main pou aja sono,-10.0,Negatif,-10.0,Negatif,Negatif,test,Negatif,True
GAME KONTOLL BUKAN SUSAH MUSUH MALAH SUSAH TEAM ANJENG,1,2026-07-25 20:52:56,game kontoll bukan susah musuh malah susah team anjeng,game kontoll bukan susah musuh malah susah team anjeng,-9.0,Negatif,-9.0,Negatif,Negatif,test,Negatif,True
buat game kontoll,1,2026-07-25 20:52:08,buat game kontoll,buat game kontoll,3.0,Positif,3.0,Positif,Positif,test,Negatif,False
Kapan Dikasih Tim Yang Setara Ketemu Nya Poke Mulu Dan Troll Jaringan Ngebug Mulu Udh Dikasih Tim Poke Jaringan Buruk Ngerugiin Banget,1,2026-07-25 20:46:48,kapan dikasih tim setara ketemu nya poke mulu troll jaringan ngebug mulu dikasih tim poke jaringan buruk ngerugiin banget,kapan kasih tim tara ketemu nya poke mulu troll jaring ngebug mulu kasih tim poke jaring buruk ngerugiin banget,-5.0,Negatif,-8.0,Negatif,Negatif,test,Negatif,True
game gk guna. untung gk pernah habisin lagi uang di game ni. 100℅ lebih enak pubg dri pada ni game. balik game aku by by game gk guna.,1,2026-07-25 20:43:11,game tidak untung tidak pernah habisin uang game ni c o lebih enak pubg dri ni game balik game aku by by game tidak,game tidak untung tidak pernah habisin uang game ni c o lebih enak pubg dri ni game balik game aku by by game tidak,-7.0,Negatif,-5.0,Negatif,Negatif,test,Negatif,True
game stres,1,2026-07-25 19:49:52,game stres,game stres,-2.0,Negatif,-2.0,Negatif,Negatif,test,Negatif,True
tolong di benahin servernya banyak player yg ngetrol.dan bodoh dan bikin beban,1,2026-07-25 19:24:56,benahin servernya banyak player ngetrol bodoh bikin beban,benahin servernya banyak player ngetrol bodoh bikin beban,-5.0,Negatif,-5.0,Negatif,Negatif,test,Negatif,True
game bagus draft picknya role sesuai yang kita suka,5,2026-07-25 19:11:11,game bagus draft picknya role sesuai suka,game bagus draft picknya role sesuai suka,5.0,Positif,10.0,Positif,Positif,test,Positif,True
"ngasih tim binatang mulu ntah ada masalah apa monton ni, game rusak",1,2026-07-25 18:49:43,ngasih tim binatang mulu ntah masalah apa moonton ni game rusak,ngasih tim binatang mulu ntah masalah apa moonton ni game rusak,-8.0,Negatif,-8.0,Negatif,Negatif,test,Negatif,True
oii montol vexana gilakk lu kasih lord sm skill bikin oleng,5,2026-07-25 18:24:06,oii moonton vexana gilakk kamu kasih lord sama skill bikin oleng,oii moonton vexana gilakk kamu kasih lord sama skill bikin oleng,4.0,Positif,4.0,Positif,Positif,test,Positif,True
saya senang memainkan game ini,5,2026-07-25 18:17:47,senang memainkan game,senang main game,3.0,Positif,3.0,Positif,Positif,test,Positif,True
"game gjls di kasih team bot truss bikin stress, mending main game laen",1,2026-07-25 18:11:40,game gjls kasih team bot truss bikin stress mending main game laen,game gjls kasih team bot truss bikin stress mending main game laen,-2.0,Negatif,-2.0,Negatif,Negatif,test,Negatif,True
"game gajelas masa ada hero valir yang cc nya se abad, apus hero valir atau gua apus emel",1,2026-07-25 18:03:54,game gajelas masa hero valir cc nya se abad apus hero valir apus emel,game gajelas masa hero valir cc nya se abad apus hero valir apus emel,2.0,Positif,2.0,Positif,Positif,test,Negatif,False
"ls melulu, pdhl main dh bnr, tp mlh di ajakin tim nya yg gjls, wkw, emg sngja kli y",1,2026-07-25 17:35:34,losestreak melulu pdhl main dh bnr mlh ajakin tim nya gjls wkw emg sngja kli y,losestreak melulu pdhl main dh bnr mlh ajakin tim nya gjls wkw emg sngja kli y,-8.0,Negatif,-8.0,Negatif,Negatif,test,Negatif,True
"akhir"" ini tim gua kek T41 semua gua kalah trus kek mana ini moonton nggak bisa diperbaiki lagi kah dalam hal kekompakan tim gua rasa nggak cuman gua yang kek gini update berikutnya tolong perbaiki moonton janginam ma moonton janginam",1,2026-07-25 17:32:33,akhir tim kek t semua kalah trus kek mana moonton tidak diperbaiki kekompakan tim rasa tidak cuman kek gini update berikutnya perbaiki moonton janginam ma moonton janginam,akhir tim kek t semua kalah trus kek mana moonton tidak baik kompak tim rasa tidak cuman kek gin update ikut baik moonton janginam ma moonton janginam,-27.0,Negatif,-27.0,Negatif,Negatif,test,Negatif,True
"mantap, cuma banyak darksystem nya min",5,2026-07-25 17:30:52,mantap cuma banyak darksystem nya min,mantap cuma banyak darksystem nya min,2.0,Positif,2.0,Positif,Positif,test,Positif,True
musuh nya tidak setara teman saya bodoh,1,2026-07-25 17:27:28,musuh nya tidak setara teman bodoh,musuh nya tidak tara teman bodoh,-11.0,Negatif,-11.0,Negatif,Negatif,test,Negatif,True
tolong lah montoon kalau ngasih matchmaking yg adil dikit lah aku glory ketemu nya Ama legend sedangkan musuhnya glory apaan³ dah ga adil bngt,3,2026-07-25 17:27:26,lah moonton kalau ngasih matchmaking adil dikit lah aku glory ketemu nya ama legend musuhnya glory apaan tidak adil banget,lah moonton kalau ngasih matchmaking adil dikit lah aku glory ketemu nya ama legend musuh glory apa tidak adil banget,-10.0,Negatif,-10.0,Negatif,Negatif,test,Negatif,True
busuk,1,2026-07-25 17:24:25,busuk,busuk,-5.0,Negatif,-5.0,Negatif,Negatif,test,Negatif,True
kasih gua ws dongg pilss capekk ls terusss,1,2026-07-25 17:22:38,kasih winstreak dongg pilss capekk losestreak teruss,kasih winstreak dongg pilss capekk losestreak teruss,1.0,Positif,1.0,Positif,Positif,test,Positif,True
"Game penambah stress, lose streak gak pernah menang rank masih epic match macking lama sistem sampah pensi aja gue",1,2026-07-25 17:22:07,game penambah stress lose streak tidak pernah menang rank epic match macking lama sistem sampah pensi aja,game tambah stress lose streak tidak pernah menang rank epic match macking lama sistem sampah pensi aja,-20.0,Negatif,-16.0,Negatif,Negatif,test,Negatif,True
"game ngntd kurangi dark sistem nya, dapat tim bot trus",1,2026-07-25 17:16:58,game ngntd kurangi dark sistem nya tim bot trus,game ngntd kurang dark sistem nya tim bot trus,-8.0,Negatif,-8.0,Negatif,Negatif,test,Negatif,True
settingan frame rate nya mentok tinggi ga bisa super padahal hp bisa,3,2026-07-25 17:12:01,settingan frame rate nya mentok tinggi tidak super padahal handphone,settingan frame rate nya mentok tinggi tidak super padahal handphone,-10.0,Negatif,-10.0,Negatif,Negatif,test,Negatif,True
"game rusak ngetik team bisa kena mute aneh emang arti team apaan perbaiki lagi, sistem mu itu moonton",1,2026-07-25 16:54:32,game rusak ngetik team kena mute aneh emang arti team apaan perbaiki sistem mu moonton,game rusak ngetik team kena mute aneh emang arti team apa baik sistem mu moonton,-7.0,Negatif,-7.0,Negatif,Negatif,test,Negatif,True
"terimakasih sudah nemenin kurang lebih 10 tahun ini, belajar main di season 3, mulai main di season 4, mulai dari kuliah semester 2 sekarang sudah punya kerjaan, sudah nikah dan sudah punya anak, sempat kehilangan akun 2 kali, tapi tetap kembali bermain, sekarang waktunya istirahat dahulu, mungkin akan kembali jika ada bintang dan rank khusus solo player, karena saya suka bermain solo, btw ini email istri saya thanks montooon byee..!!",3,2026-07-25 16:50:55,terimakasih nemenin kurang lebih tahun belajar main season mulai main season mulai kuliah semester sekarang punya kerjaan nikah punya anak sempat kehilangan akun kali tetap bermain sekarang waktunya istirahat mungkin bintang rank khusus solo player suka bermain solo btw email istri thanks moonton byee,terimakasih nemenin kurang lebih tahun ajar main season mulai main season mulai kuliah semester sekarang punya kerja nikah punya anak sempat hilang akun kali tetap main sekarang waktu istirahat mungkin bintang rank khusus solo player suka main solo btw email istri thanks moonton byee,16.0,Positif,16.0,Positif,Positif,test,Negatif,False
game mati suri,5,2026-07-25 16:47:07,game mati suri,game mati suri,0.0,Positif,0.0,Positif,Positif,test,Positif,True
"udh ga beres ini game makin parah system nya, bocil berkeliaran, dark system berkeliaran, nyari duit doang lol lah, makin parah montoon, bocil2 dan boot beresin lah.... rusak rusak",1,2026-07-25 16:41:01,tidak beres game makin parah system nya bocil berkeliaran dark system berkeliaran nyari duit doang lol lah makin parah moonton bocil boot beresin lah rusak rusak,tidak beres game makin parah system nya bocil liar dark system liar nyari duit doang lol lah makin parah moonton bocil boot resin lah rusak rusak,-13.0,Negatif,-13.0,Negatif,Negatif,test,Negatif,True
game bagus sinyal gak pernah di optimalkan admin lol,1,2026-07-25 16:39:42,game bagus sinyal tidak pernah optimalkan admin lol,game bagus sinyal tidak pernah optimal admin lol,-5.0,Negatif,0.0,Negatif,Negatif,test,Negatif,True
"game ini perlu ditingkatkan lagi karena bikin stres musuh dapat tim jago sedangkan saya selalu mendapat tim gajelas,jadi ini saran saya!",3,2026-07-25 16:29:19,game perlu ditingkatkan bikin stres musuh tim jago selalu mendapat tim gajelas jadi saran,game perlu tingkat bikin stres musuh tim jago selalu dapat tim gajelas jadi saran,-8.0,Negatif,-8.0,Negatif,Negatif,test,Negatif,True
kasih tim yang bener lah,1,2026-07-25 16:23:23,kasih tim bener lah,kasih tim bener lah,-1.0,Negatif,-1.0,Negatif,Negatif,test,Negatif,True
"najis banget jaringan hijau pun tetep lag, banyak bag dll, kadang kasih tim yang kek ta* musuh gg, main game bukannya buat ngeredain stres malah makin stres males main, langsung ambruk mood ku",2,2026-07-25 16:19:35,najis banget jaringan hijau tetep lag banyak bag kadang kasih tim kek ta musuh gg main game bukannya buat ngeredain stres malah makin stres males main langsung ambruk mood ku,najis banget jaring hijau tetep lag banyak bag kadang kasih tim kek ta musuh gg main game bukan buat ngeredain stres malah makin stres males main langsung ambruk mood ku,-18.0,Negatif,-18.0,Negatif,Negatif,test,Negatif,True
lumayan banget sihhh,5,2026-07-25 16:18:58,lumayan banget sihh,lumayan banget sihh,-2.0,Negatif,-2.0,Negatif,Negatif,test,Negatif,True
"lu kalo buat sistem matching tu yang rada ngotak dikit, musuh full imo team sendiri mentok honor, adil adil gimana maksudnya",1,2026-07-25 16:14:50,kamu kalau buat sistem matching tu rada ngotak dikit musuh full imo team sendiri mentok honor adil adil gimana maksudnya,kamu kalau buat sistem matching tu rada ngotak dikit musuh full imo team sendiri mentok honor adil adil gimana maksud,-18.0,Negatif,-18.0,Negatif,Negatif,test,Negatif,True
"Sampai sekarang blom di benerin juga system matchmakingnya,dikasih tim troll,musuh honor padahal lagi maen di tier epic,udah dikasih 10x ls,gw coba maen mro malah makin parah,moonton gak profesional membuat system matchmaking,asal naro,tiba tiba2 lag,pelit emblem,moonton mending ganti rugi lagi aja ke Dev lol,biar mereka tau seberapa busuk matchmaking game ini",5,2026-07-25 16:11:50,sekarang blom benerin system matchmakingnya dikasih tim troll musuh honor padahal maen tier epic udah dikasih x losestreak coba maen mro malah makin parah moonton tidak profesional membuat system matchmaking asal naro tiba tiba lag pelit emblem moonton mending ganti rugi aja dev lol tau seberapa busuk matchmaking game,sekarang blom benerin system matchmakingnya kasih tim troll musuh honor padahal maen tier epic udah kasih x losestreak coba maen mro malah makin parah moonton tidak profesional buat system matchmaking asal naro tiba tiba lag pelit emblem moonton mending ganti rugi aja dev lol tau berapa busuk matchmaking game,-17.0,Negatif,-23.0,Negatif,Negatif,test,Negatif,True
"untuk game nya sudah bagus tapi untuk keseimbangan antara tim dan musuh itu sangat tidak adil tolong di perbaiki SEGERA!!,karena saya sudah capek bermain selalu mendapatkan tim dan musuh yang tidak adil!!,saya sering mendapatkan tim yang tidak kompa sementara tim musuh itu sangat kompak dan kuat sehingga sangat sulit untuk dikalahkan SEGERA PERBAIKI SISTEM KESEIMBANGAN TIM DAN MUSUH😠😠😠😠😠😠😠😠😠😠😠😠😠😠😠😠😠😠😠😠😠😠😠😠😠😠😠😠😠😠😠😠😠😠😠😠😠😠😠😠😠😠😠😠😠😠😠😠😠😠😠😠😠😠😠😠😠",3,2026-07-25 16:05:36,game nya bagus keseimbangan tim musuh sangat tidak adil perbaiki segera capek bermain selalu mendapatkan tim musuh tidak adil sering mendapatkan tim tidak kompa tim musuh sangat kompak kuat sangat sulit dikalahkan segera perbaiki sistem keseimbangan tim musuh emoji_negatif emoji_negatif emoji_negatif emoji_negatif emoji_negatif emoji_negatif emoji_negatif emoji_negatif emoji_negatif emoji_negatif emoji_negatif emoji_negatif emoji_negatif emoji_negatif emoji_negatif emoji_negatif emoji_negatif emoji_negatif emoji_negatif emoji_negatif emoji_negatif emoji_negatif emoji_negatif emoji_negatif emoji_negatif emoji_negatif emoji_negatif emoji_negatif emoji_negatif emoji_negatif emoji_negatif emoji_negatif emoji_negatif emoji_negatif emoji_negatif emoji_negatif emoji_negatif emoji_negatif emoji_negatif emoji_negatif emoji_negatif emoji_negatif emoji_negatif emoji_negatif emoji_negatif emoji_negatif emoji_negatif emoji_negatif emoji_negatif emoji_negatif emoji_negatif emoji_negatif emoji_negatif emoji_negatif emoji_negatif emoji_negatif emoji_negatif,game nya bagus imbang tim musuh sangat tidak adil baik segera capek main selalu dapat tim musuh tidak adil sering dapat tim tidak kompa tim musuh sangat kompak kuat sangat sulit kalah segera baik sistem imbang tim musuh emoji_negatif emoji_negatif emoji_negatif emoji_negatif emoji_negatif emoji_negatif emoji_negatif emoji_negatif emoji_negatif emoji_negatif emoji_negatif emoji_negatif emoji_negatif emoji_negatif emoji_negatif emoji_negatif emoji_negatif emoji_negatif emoji_negatif emoji_negatif emoji_negatif emoji_negatif emoji_negatif emoji_negatif emoji_negatif emoji_negatif emoji_negatif emoji_negatif emoji_negatif emoji_negatif emoji_negatif emoji_negatif emoji_negatif emoji_negatif emoji_negatif emoji_negatif emoji_negatif emoji_negatif emoji_negatif emoji_negatif emoji_negatif emoji_negatif emoji_negatif emoji_negatif emoji_negatif emoji_negatif emoji_negatif emoji_negatif emoji_negatif emoji_negatif emoji_negatif emoji_negatif emoji_negatif emoji_negatif emoji_negatif emoji_negatif emoji_negatif,-53.0,Negatif,-48.0,Negatif,Negatif,test,Negatif,True
game nya bagus tapi tim nya kaya agus,5,2026-07-25 16:01:10,game nya bagus tim nya kaya agus,game nya bagus tim nya kaya agus,-4.0,Negatif,1.0,Positif,Positif,test,Negatif,False
GK tau mau ngetik apa tapi saya suka MLBB🗿,4,2026-07-25 15:55:46,tidak tau mau ngetik apa suka mlbb emoji_netral,tidak tau mau ngetik apa suka mlbb emoji_netral,2.0,Positif,2.0,Positif,Positif,test,Negatif,False
PERBAIKI JARINGANYA ATAU SAYA PINDAH HONOR OF KINGS PADAHAL JARINGAN SUDAH BAGUS TAPI MASIH NGELEG,1,2026-07-25 15:54:16,perbaiki jaringanya pindah honor of kings padahal jaringan bagus ngeleg,baik jaringanya pindah honor of kings padahal jaring bagus ngeleg,-5.0,Negatif,0.0,Negatif,Negatif,test,Positif,False
game gak jelas,1,2026-07-25 15:49:03,game tidak jelas,game tidak jelas,-1.0,Negatif,-1.0,Negatif,Negatif,test,Negatif,True
oke gass,4,2026-07-25 15:41:59,oke gass,oke gass,2.0,Positif,2.0,Positif,Positif,test,Positif,True
darksistem smua,2,2026-07-25 15:32:44,darksistem smua,darksistem smua,0.0,Negatif,0.0,Negatif,Negatif,test,Positif,False
hapus aja ml biar hati kalian tenang teman,1,2026-07-25 15:30:34,hapus aja ml hati kalian tenang teman,hapus aja ml hati kalian tenang teman,2.0,Positif,2.0,Positif,Positif,test,Positif,True
"tolong apa, jangan mentang2 akun saya udah lama dari tahun 2017. setiap bertanding selalu gx seimbang, main 5 kali kalah 4 kali dan sekali menang. tolong lah tolong lah kenapa setiap matcmaking selalu lag atau BUG, padahal sudah menggunakan WiFi dan data",3,2026-07-25 15:23:24,apa jangan mentang akun udah lama tahun bertanding selalu gx seimbang main kali kalah kali sekali menang lah lah matcmaking selalu lag bug padahal menggunakan wifi data,apa jangan mentang akun udah lama tahun tanding selalu gx imbang main kali kalah kali sekali menang lah lah matcmaking selalu lag bug padahal guna wifi data,-18.0,Negatif,-19.0,Negatif,Negatif,test,Negatif,True
Game sampah match gak jelas banyak dark sistem,1,2026-07-25 15:18:30,game sampah match tidak jelas banyak dark sistem,game sampah match tidak jelas banyak dark sistem,-9.0,Negatif,-9.0,Negatif,Negatif,test,Negatif,True
"Diamond saya belum masuk padahal udah ada bukti pembayaran nya berhasil ini namanya penipuan gua laporin ke polisi aja biar lu kena tuntutt enak aja uang dapet barangnya gak dikasih, belinyasaya digoogle play udah di tanya kecs gak dikasih solusi",1,2026-07-25 15:01:53,diamond belum masuk padahal udah bukti pembayaran nya berhasil namanya penipuan laporin polisi aja kamu kena tuntutt enak aja uang dapet barangnya tidak dikasih belinyasaya digoogle play udah tanya kecs tidak dikasih solusi,diamond belum masuk padahal udah bukti bayar nya hasil nama tipu laporin polisi aja kamu kena tuntutt enak aja uang dapet barang tidak kasih belinyasaya digoogle play udah tanya kecs tidak kasih solusi,-6.0,Negatif,-4.0,Negatif,Negatif,test,Positif,False
"makin lama makin stres,udh cape ngegendong juga ternyata yang main akun bot,kurangin lah akun bot yang foto blur² itu, atau kalo bisa di hilangkan lah, cape lose streak gara² ketemu tim kyk gitu",1,2026-07-25 15:01:37,makin lama makin stres cape ngegendong ternyata main akun bot kurangin lah akun bot foto blur kalau hilangkan lah cape lose streak gara ketemu tim kyk gitu,makin lama makin stres cape ngegendong nyata main akun bot rangin lah akun bot foto blur kalau hilang lah cape lose streak gara ketemu tim kyk gitu,-25.0,Negatif,-25.0,Negatif,Negatif,test,Negatif,True
game peli,1,2026-07-25 15:01:06,game peli,game pel,2.0,Positif,2.0,Positif,Positif,test,Positif,True
MOBA sampah....jelek banget,1,2026-07-25 15:00:03,moba sampah jelek banget,moba sampah jelek banget,-8.0,Negatif,-8.0,Negatif,Negatif,test,Negatif,True
game nya asik tapi sayangnya lose treak trus,5,2026-07-25 14:55:30,game nya asik sayangnya lose treak trus,game nya asik sayang lose treak trus,4.0,Positif,4.0,Positif,Positif,test,Positif,True
tidak pantas,1,2026-07-25 14:54:26,tidak pantas,tidak pantas,-1.0,Negatif,-1.0,Negatif,Negatif,test,Negatif,True
ada hero tank dan semua level up gampang,5,2026-07-25 14:52:06,hero tank semua level up gampang,hero tank semua level up gampang,-2.0,Negatif,-2.0,Negatif,Negatif,test,Positif,False
"game lelet gak baakal tim dikasih yg lol Mulu, sampai lose 10 kali, mvp gak ada perubahan masih aja turun bintang,",1,2026-07-25 14:49:02,game lelet tidak baakal tim dikasih lol mulu lose kali mvp tidak perubahan aja turun bintang,game lelet tidak baakal tim kasih lol mulu lose kali mvp tidak ubah aja turun bintang,-14.0,Negatif,-14.0,Negatif,Negatif,test,Negatif,True
jaringan nya lag banget Klo pake hp android tolong di benerin Klo ga pensi ml Klo pada pensi game nya sepi mau ?,1,2026-07-25 14:48:35,jaringan nya lag banget kalau pake handphone android benerin kalau tidak pensi ml kalau pensi game nya sepi mau,jaring nya lag banget kalau pake handphone android benerin kalau tidak pensi ml kalau pensi game nya sepi mau,-5.0,Negatif,-8.0,Negatif,Negatif,test,Negatif,True
"game kntol, mkin aneh tim sekarang klo main ml, banyak bocil ny",1,2026-07-25 14:43:27,game kntol mkin aneh tim sekarang kalau main ml banyak bocil ny,game kntol mkin aneh tim sekarang kalau main ml banyak bocil ny,-3.0,Negatif,-3.0,Negatif,Negatif,test,Negatif,True
Game tolol argus udah bagus malah di otak atik dongo,1,2026-07-25 14:38:38,game tolol argus udah bagus malah otak atik dongo,game tolol argus udah bagus malah otak atik dongo,-5.0,Negatif,0.0,Negatif,Negatif,test,Negatif,True
gak seru,1,2026-07-25 14:37:10,tidak seru,tidak seru,-5.0,Negatif,-8.0,Negatif,Negatif,test,Negatif,True
ko terlalu lama kalau di update,1,2026-07-25 14:37:02,ko terlalu lama kalau update,ko terlalu lama kalau update,-8.0,Negatif,-8.0,Negatif,Negatif,test,Negatif,True
game koncet isi nya bot semua pas gw main duh saran gw kalo ga mau stress jgn download ini sie :),1,2026-07-25 14:35:57,game koncet isi nya bot semua pas main duh saran kalau tidak mau stress jangan download sie,game koncet isi nya bot semua pas main duh saran kalau tidak mau stress jangan download sie,-26.0,Negatif,-26.0,Negatif,Negatif,test,Negatif,True
ajg ajg dari kemarin Nyampe sekarang dpt drak sistem terus asw hapus aj lah game ni bikin stres bukan bikin waras,1,2026-07-25 14:32:05,ajg ajg kemarin nyampe sekarang drak sistem terus asw hapus aj lah game ni bikin stres bukan bikin waras,ajg ajg kemarin nyampe sekarang drak sistem terus asw hapus aj lah game ni bikin stres bukan bikin waras,-13.0,Negatif,-13.0,Negatif,Negatif,test,Negatif,True
gemburik draksistem semu tim pada GK bisa maen yg jago campur yg bit² yg baru maen,1,2026-07-25 14:26:41,gemburik draksistem semu tim tidak maen jago campur bit baru maen,gemburik draksistem semu tim tidak maen jago campur bit baru maen,2.0,Positif,2.0,Positif,Positif,test,Positif,True
"ini game rusak, dark sistem , apa lagi buat player solo kalo abis menang match berikutnya pasti di buat kalah,, win lose win lose terus,,makin kesini makin rusak ini game,jaringan juga sering lag pula.",1,2026-07-25 14:26:35,game rusak dark sistem apa buat player solo kalau abis menang match berikutnya buat kalah win lose win lose terus makin kesini makin rusak game jaringan sering lag,game rusak dark sistem apa buat player solo kalau abis menang match ikut buat kalah win lose win lose terus makin kesini makin rusak game jaring sering lag,-2.0,Negatif,-1.0,Negatif,Negatif,test,Negatif,True
ml ga ada pintu,1,2026-07-25 14:18:07,ml tidak pintu,ml tidak pintu,-5.0,Negatif,-5.0,Negatif,Negatif,test,Negatif,True
mas boleh ga tier epic di ilangin karena epic isinya orang orang ga bisa maen semua prustasi saya lose streak,2,2026-07-25 14:13:50,mas tidak tier epic ilangin epic isinya orang orang tidak maen semua prustasi lose streak,mas tidak tier epic ilangin epic isi orang orang tidak maen semua prustasi lose streak,-16.0,Negatif,-16.0,Negatif,Negatif,test,Negatif,True
"game yang sangat bagus sekali, player² juga sangat ramah, matching sangat adil apalagi kalau mau naik rank, dan sangat bisa meredakan stress di dalam kehidupan mu. 🙏🏻👍🏽",5,2026-07-25 14:08:18,game sangat bagus sekali player sangat ramah matching sangat adil kalau mau naik rank sangat meredakan stress kehidupan mu emoji_positif emoji_netral emoji_lain emoji_lain,game sangat bagus sekali player sangat ramah matching sangat adil kalau mau naik rank sangat reda stress hidup mu emoji_positif emoji_netral emoji_lain emoji_lain,-7.0,Negatif,-2.0,Negatif,Negatif,test,Negatif,True
Intinya Aj Kadang Timnya Ketemu Draks system musuh nya jago kali apa gak terlalu seimbang gitu permainan Gamenya,1,2026-07-25 14:06:31,intinya aj kadang timnya ketemu draks system musuh nya jago kali apa tidak terlalu seimbang gitu permainan gamenya,inti aj kadang tim ketemu draks system musuh nya jago kali apa tidak terlalu imbang gitu main gamenya,-2.0,Negatif,-2.0,Negatif,Negatif,test,Negatif,True
"geme bikin sters,ad temen gw sampe masuk rjs",1,2026-07-25 14:04:25,geme bikin sters ad temen sampe masuk rjs,geme bikin sters ad temen sampe masuk rjs,-3.0,Negatif,-3.0,Negatif,Negatif,test,Negatif,True
benerin server nya lag terus,1,2026-07-25 13:55:18,benerin server nya lag terus,benerin server nya lag terus,0.0,Negatif,-3.0,Negatif,Negatif,test,Negatif,True
kurang puas karna ping teruss,3,2026-07-25 13:46:02,kurang puas ping teruss,kurang puas ping teruss,-6.0,Negatif,-6.0,Negatif,Negatif,test,Positif,False
"3 tahun gak main,2026 nyoba main, eh tetap aja sampah semakin sampah matchmaking nya,kikir battle point,spam debu ungu doang, grafik tetap burik meskipun rata kanan. saya yakin yg main game ini cuma bocah dibawah umur dan hp kentang doang.",1,2026-07-25 13:36:34,tahun tidak main nyoba main eh tetap aja sampah semakin sampah matchmaking nya kikir battle point spam debu ungu doang grafik tetap burik meskipun rata kanan yakin main game cuma bocah dibawah umur handphone kentang doang,tahun tidak main nyoba main eh tetap aja sampah makin sampah matchmaking nya kikir battle point spam debu ungu doang grafik tetap burik meski rata kanan yakin main game cuma bocah bawah umur handphone kentang doang,-7.0,Negatif,-7.0,Negatif,Negatif,test,Negatif,True
terimakasih atas mobile sudah berjuang anteran dengan anime blue archive,5,2026-07-25 13:35:54,terimakasih atas mobile berjuang anteran anime blue archive,terimakasih atas mobile juang anter anime blue archive,1.0,Positif,1.0,Positif,Positif,test,Positif,True
WOI kalo bikin geme bikin yang bener gw main naik turun sama gw main leg mulu saat dalam pertandingan sama ketemu tim yang kayak ajim benerin lah lama lama gw hapus juga ni geme jangan sampek bales nya cuman minta maaf percuma minta maaf doang kalo gak di benerin. malah tambah gak jelas geme ini niat apa kagak benerin gak jelas,1,2026-07-25 13:35:08,woi kalau bikin geme bikin bener main naik turun sama main leg mulu pertandingan sama ketemu tim kayak ajim benerin lah lama lama hapus ni geme jangan sampek bales nya cuman minta maaf percuma minta maaf doang kalau tidak benerin malah tambah tidak jelas geme niat apa kagak benerin tidak jelas,woi kalau bikin geme bikin bener main naik turun sama main leg mulu tanding sama ketemu tim kayak ajim benerin lah lama lama hapus ni geme jangan sampek bales nya cuman minta maaf percuma minta maaf doang kalau tidak benerin malah tambah tidak jelas geme niat apa kagak benerin tidak jelas,-35.0,Negatif,-35.0,Negatif,Negatif,test,Negatif,True
game seru buat di mainkan,5,2026-07-25 13:33:27,game seru buat mainkan,game seru buat main,3.0,Positif,6.0,Positif,Positif,test,Positif,True
Game ngebug setiap relog gk pernah masuk ke match lagi malah stuck di loby utama Game nya banyak bug skrng,2,2026-07-25 13:29:43,game ngebug relog tidak pernah masuk match malah stuck loby utama game nya banyak bug skrng,game ngebug relog tidak pernah masuk match malah stuck loby utama game nya banyak bug skrng,-4.0,Negatif,-6.0,Negatif,Negatif,test,Negatif,True
mau main ml,1,2026-07-25 13:28:57,mau main ml,mau main ml,4.0,Positif,4.0,Positif,Positif,test,Positif,True
"moonton kalo kasih tim yg jelas beda kali sama tim musuh sengaja kasih sekali menang mau nutupi lima kali kalah ga logika , kalau memang mau buat game susah buat dengan gameplay game mu bukan pemain mending di buang dari ml orang ga pandai main kalo ga ajarin buat latihan sesuai rank jangan yg udah pandai main bersatu sama yang belum main apalagi aku pernah sampai empat orang yang berarti semua tim ku ga pandai main, tolong lah ya aku bukan apa apa tapi kayak gini buang waktu makasih",1,2026-07-25 13:09:15,moonton kalau kasih tim jelas beda kali sama tim musuh sengaja kasih sekali menang mau nutupi lima kali kalah tidak logika kalau memang mau buat game susah buat gameplay game mu bukan pemain mending buang ml orang tidak pandai main kalau tidak ajarin buat latihan sesuai rank jangan udah pandai main bersatu sama belum main aku pernah empat orang berarti semua tim ku tidak pandai main lah aku bukan apa apa kayak gini buang waktu makasih,moonton kalau kasih tim jelas beda kali sama tim musuh sengaja kasih sekali menang mau nutupi lima kali kalah tidak logika kalau memang mau buat game susah buat gameplay game mu bukan main mending buang ml orang tidak pandai main kalau tidak ajarin buat latih sesuai rank jangan udah pandai main satu sama belum main aku pernah empat orang arti semua tim ku tidak pandai main lah aku bukan apa apa kayak gin buang waktu makasih,-41.0,Negatif,-37.0,Negatif,Negatif,test,Negatif,True
montoon ko gini ya sekarang,2,2026-07-25 13:06:02,moonton ko gini sekarang,moonton ko gin sekarang,0.0,Negatif,0.0,Negatif,Negatif,test,Negatif,True
publik game ini sakit semua,2,2026-07-25 12:55:22,publik game sakit semua,publik game sakit semua,-6.0,Negatif,-6.0,Negatif,Negatif,test,Negatif,True
ml sangat baguss,5,2026-07-25 12:53:22,ml sangat baguss,ml sangat baguss,-2.0,Negatif,-2.0,Negatif,Negatif,test,Positif,False
sistem nya tolong di perbaiki masih jaringan bagus tapi ngelag,1,2026-07-25 12:49:31,sistem nya perbaiki jaringan bagus ngelag,sistem nya baik jaring bagus ngelag,-7.0,Negatif,-5.0,Negatif,Negatif,test,Negatif,True
gada yang menarik game aneh,1,2026-07-25 12:47:51,gada menarik game aneh,gada tarik game aneh,2.0,Positif,2.0,Positif,Positif,test,Positif,True
game ter ajg,1,2026-07-25 12:47:15,game ter ajg,game ter ajg,2.0,Positif,2.0,Positif,Positif,test,Positif,True
"game sampah, player tidak ramah",1,2026-07-25 12:45:39,game sampah player tidak ramah,game sampah player tidak ramah,-9.0,Negatif,-9.0,Negatif,Negatif,test,Negatif,True
game buruk masa lalu 20 kali dalam 12 jam?,1,2026-07-25 12:43:08,game buruk masa lalu kali jam,game buruk masa lalu kali jam,0.0,Negatif,0.0,Negatif,Negatif,test,Negatif,True
"game pembuat emosi stresss, kenapa setiap main malah dipasangin sama orang yang ga bisa main ? cape turun teross, percuma mau di ulas kayak apa pasti jawaban nya maaf minta tangkapan layar, hadehhhhhh",1,2026-07-25 12:28:46,game pembuat emosi stress main malah dipasangin sama orang tidak main cape turun teross percuma mau ulas kayak apa jawaban nya maaf minta tangkapan layar hadehh,game buat emosi stress main malah dipasangin sama orang tidak main cape turun teross percuma mau ulas kayak apa jawab nya maaf minta tangkap layar hadehh,-21.0,Negatif,-21.0,Negatif,Negatif,test,Negatif,True
wah game nya sangat seru sekali aku kalah terus tim ku coklat aku yang gendong tapi kalah moonton anak anj..baik tolong donk😁,1,2026-07-25 12:19:39,wah game nya sangat seru sekali aku kalah terus tim ku coklat aku gendong kalah moonton anak anj baik donk emoji_positif,wah game nya sangat seru sekali aku kalah terus tim ku coklat aku gendong kalah moonton anak anj baik donk emoji_positif,-12.0,Negatif,-9.0,Negatif,Negatif,test,Positif,False
tidak bisakah anda memilihkan rekan tim yg seimbang,1,2026-07-25 12:19:02,tidak bisakah memilihkan rekan tim seimbang,tidak bisa pilih rekan tim imbang,-7.0,Negatif,-7.0,Negatif,Negatif,test,Negatif,True
"game nya si enak, tapi dark sistem nya tolong di basmiin y min🗿",4,2026-07-25 12:18:28,game nya si enak dark sistem nya basmiin y min emoji_netral,game nya si enak dark sistem nya basmiin y min emoji_netral,-1.0,Negatif,1.0,Positif,Positif,test,Positif,True
heran gua setiap kali mau naik pasti kalah kok bisa pas ya curiga gua,1,2026-07-25 12:12:21,heran kali mau naik kalah kok pas curiga,heran kali mau naik kalah kok pas curiga,2.0,Positif,2.0,Positif,Positif,test,Positif,True
"selamat tinggal game ml , ini terakhir kalinya gua main ml q",1,2026-07-25 12:11:17,selamat tinggal game ml terakhir kalinya main ml q,selamat tinggal game ml akhir kali main ml q,5.0,Positif,5.0,Positif,Positif,test,Positif,True
i hate you moonton,1,2026-07-25 12:07:46,i hate you moonton,i hate you moonton,-5.0,Negatif,-5.0,Negatif,Negatif,test,Positif,False
gamenya bagus darksistemnya tolong dihapus,5,2026-07-25 12:04:34,gamenya bagus darksistemnya dihapus,gamenya bagus darksistemnya hapus,-2.0,Negatif,3.0,Positif,Positif,test,Positif,True
bagus dan sangat indah gerafik mobile,5,2026-07-25 11:56:16,bagus sangat indah gerafik mobile,bagus sangat indah gerafik mobile,-3.0,Negatif,2.0,Positif,Positif,test,Positif,True
jelek su,1,2026-07-25 11:52:40,jelek su,jelek su,-5.0,Negatif,-5.0,Negatif,Negatif,test,Negatif,True
hilangkan draksistem moonton,4,2026-07-25 11:50:04,hilangkan draksistem moonton,hilang draksistem moonton,0.0,Positif,0.0,Positif,Positif,test,Positif,True
game play yang mendunia,5,2026-07-25 11:46:12,game play mendunia,game play dunia,2.0,Positif,2.0,Positif,Positif,test,Positif,True
game nya keren saya di beri lose streak 8x dan saat saya winstreak winstreak saya dj pecahkan oleh darksistem dan karna itu game menjadi seru dan emosional perbanyak darksistem nya montoon agar game smakin seru dan mendebarkan lagi terimakasih montoon☺😘🥰,5,2026-07-25 11:40:54,game nya keren beri lose streak x winstreak winstreak dj pecahkan darksistem game menjadi seru emosional perbanyak darksistem nya moonton game smakin seru mendebarkan terimakasih moonton emoji_positif emoji_positif emoji_lain,game nya keren beri lose streak x winstreak winstreak dj pecah darksistem game jadi seru emosional banyak darksistem nya moonton game smakin seru debar terimakasih moonton emoji_positif emoji_positif emoji_lain,7.0,Positif,17.0,Positif,Positif,test,Positif,True
"tolong dong match making nya setarain kalo solo ya ketemu solo, jangan ktemu duo atau trio, ini gua solo ketemu nya anomali, yang baru naik epic lah, yang baru naik legend lah tim nya, sementar tim musuh rank tertinggi dah glory, honor. apa apa an ini game lama lama busuk, bukan nya bikin seneng malah bikin streeessss, yg udh stres makin stress",1,2026-07-25 11:38:57,dong match making nya setarain kalau solo ketemu solo jangan ktemu duo trio solo ketemu nya anomali baru naik epic lah baru naik legend lah tim nya sementar tim musuh rank tertinggi glory honor apa apa an game lama lama busuk bukan nya bikin seneng malah bikin streess stres makin stress,dong match making nya setarain kalau solo ketemu solo jangan ktemu duo trio solo ketemu nya anomali baru naik epic lah baru naik legend lah tim nya tar tim musuh rank tinggi glory honor apa apa an game lama lama busuk bukan nya bikin neng malah bikin streess stres makin stress,-26.0,Negatif,-26.0,Negatif,Negatif,test,Negatif,True
seru bngt,5,2026-07-25 11:31:39,seru banget,seru banget,1.0,Positif,4.0,Positif,Positif,test,Positif,True
game hama,1,2026-07-25 11:30:54,game hama,game hama,-1.0,Negatif,-1.0,Negatif,Negatif,test,Negatif,True
saya suka dengan hero namanya aurora tapi karena waktu memilih hero biasanya aurora gak ada di pilihan biasanya itu vexana karena pertama kali main karena aurora bisa c ee pat naik rank jadi agak lumayan suka,5,2026-07-25 11:27:06,suka hero namanya aurora waktu memilih hero biasanya aurora tidak pilihan biasanya vexana pertama kali main aurora c ee pat naik rank jadi lumayan suka,suka hero nama aurora waktu pilih hero biasa aurora tidak pilih biasa vexana pertama kali main aurora c ee pat naik rank jadi lumayan suka,-7.0,Negatif,-7.0,Negatif,Negatif,test,Negatif,True
"saya kehilangan akun saya, sy diberi tahu untuk isi formulir pemulihan akun dan disuruh mengisi data sesuai keluhan dan bukti yg benar, semua bukti mulai dri foto akun, id, dan bukti top up semua sudah lengkap dan akurat. tapi malah ditolak. maaf akan saya post bukti dari semua masalah ini semua akun sosmed saya.",1,2026-07-25 11:22:23,kehilangan akun diberi tahu isi formulir pemulihan akun disuruh mengisi data sesuai keluhan bukti benar semua bukti mulai dri foto akun id bukti top up semua lengkap akurat malah ditolak maaf post bukti semua masalah semua akun sosmed,hilang akun beri tahu isi formulir pulih akun suruh isi data sesuai keluh bukti benar semua bukti mulai dri foto akun id bukti top up semua lengkap akurat malah tolak maaf post bukti semua masalah semua akun sosmed,-37.0,Negatif,-37.0,Negatif,Negatif,test,Negatif,True
"game apa ini, gak ada town hall nya udah gitu gak ada yang bisa di up hadeh, aku kasih rating 1 yaa!!!",1,2026-07-25 11:14:52,game apa tidak town hall nya udah gitu tidak up hadeh aku kasih rating yaa,game apa tidak town hall nya udah gitu tidak up hadeh aku kasih rating yaa,-13.0,Negatif,-13.0,Negatif,Negatif,test,Negatif,True
😋,5,2026-07-25 11:06:52,emoji_lain,emoji_lain,0.0,Positif,0.0,Positif,Positif,test,Positif,True
"omon omon katanya mau memperbaiki sistem matcmakingnya,daripada janji manis tapi boongan,mending gak usah,kenapa?hanya omon omon",1,2026-07-25 10:53:19,omon omon katanya mau memperbaiki sistem matcmakingnya janji manis boongan mending tidak usah omon omon,omon omon kata mau baik sistem matcmakingnya janji manis boongan mending tidak usah omon omon,1.0,Positif,1.0,Positif,Positif,test,Negatif,False
"main 1 mingu ga peranh menang, game ta*",1,2026-07-25 10:51:29,main mingu tidak peranh menang game ta,main mingu tidak peranh menang game ta,-7.0,Negatif,-3.0,Negatif,Negatif,test,Negatif,True
"untuk game nya ya bisa di bilang bagus. bug sinyal juga udah gak ada naik turun. game nya juga gak maksain buat pay to win jadi bagus lah aman juga buat palyer yang emng cuman mau main doang. tapi tolong lah sistem matchmaking tetap serasa gak adil apa lagi di saat kita udah win streak tim yang kita dapet performanya bisa di bilang aneh aneh soalnya draf nya mereka suka ngaco, setidaknya samain lah skil mereka dengan skil kita. gua gak paham sih ini dari game nya atau emng playernya.",4,2026-07-25 10:47:23,game nya bilang bagus bug sinyal udah tidak naik turun game nya tidak maksain buat pay to win jadi bagus lah aman buat palyer emng cuman mau main doang lah sistem matchmaking tetap serasa tidak adil apa udah win streak tim dapet performanya bilang aneh aneh soalnya draf nya suka ngaco samain lah skil skil tidak paham sih game nya emng playernya,game nya bilang bagus bug sinyal udah tidak naik turun game nya tidak maksain buat pay to win jadi bagus lah aman buat palyer emng cuman mau main doang lah sistem matchmaking tetap serasa tidak adil apa udah win streak tim dapet performa bilang aneh aneh soal draf nya suka ngaco samain lah skil skil tidak paham sih game nya emng playernya,-22.0,Negatif,-14.0,Negatif,Negatif,test,Negatif,True
kalo ngasih tim yang bener tim sendiri kocak tim lawan jago,1,2026-07-25 10:41:58,kalau ngasih tim bener tim sendiri kocak tim lawan jago,kalau ngasih tim bener tim sendiri kocak tim lawan jago,-15.0,Negatif,-15.0,Negatif,Negatif,test,Negatif,True
menyenangkan,5,2026-07-25 10:39:38,menyenangkan,senang,1.0,Positif,1.0,Positif,Positif,test,Positif,True
muantap,5,2026-07-25 10:35:51,muantap,muantap,0.0,Positif,0.0,Positif,Positif,test,Negatif,False
matchmaking tidak adil glory ketemu legend udah gitu bnyak darksistem,1,2026-07-25 10:30:34,matchmaking tidak adil glory ketemu legend udah gitu bnyak darksistem,matchmaking tidak adil glory ketemu legend udah gitu bnyak darksistem,-5.0,Negatif,-5.0,Negatif,Negatif,test,Negatif,True
game bagus bikin gp turun rengket,5,2026-07-25 10:25:26,game bagus bikin gp turun rengket,game bagus bikin gp turun rengket,-2.0,Negatif,3.0,Positif,Positif,test,Positif,True
Saya sangat suka game ini,5,2026-07-25 10:23:14,sangat suka game,sangat suka game,2.0,Positif,2.0,Positif,Positif,test,Positif,True
pertemuan war di kecepatan duitnya 100% gak adil tolong gan di perbaiki,5,2026-07-25 10:11:05,pertemuan war kecepatan duitnya tidak adil gan perbaiki,temu war cepat duit tidak adil gan baik,1.0,Positif,1.0,Positif,Positif,test,Negatif,False
maen dari s12 smpe skrng mentok glory 🗿. mana hp udah kentank bet woii ml updte makin berat pntk,4,2026-07-25 10:09:06,maen s smpe skrng mentok glory mana handphone udah kentank bet woii ml updte makin berat pntk emoji_netral,maen s smpe skrng mentok glory mana handphone udah kentank bet woii ml updte makin berat pntk emoji_netral,0.0,Positif,0.0,Positif,Positif,test,Positif,True
saya sampai stres memainkan game ini,4,2026-07-25 10:08:58,stres memainkan game,stres main game,-2.0,Negatif,-2.0,Negatif,Negatif,test,Negatif,True
GAME TER KIKIR SEPANJANG SEJARAH,1,2026-07-25 10:04:22,game ter kikir sepanjang sejarah,game ter kikir panjang sejarah,6.0,Positif,6.0,Positif,Positif,test,Positif,True
2 aja makin jlek selalu kasi tim yg satu PP nya KLO solo,2,2026-07-25 09:57:55,aja makin jlek selalu kasi tim satu pp nya kalau solo,aja makin jlek selalu kasi tim satu pp nya kalau solo,-1.0,Negatif,-1.0,Negatif,Negatif,test,Negatif,True
saya sangat suka,5,2026-07-25 09:45:49,sangat suka,sangat suka,0.0,Positif,0.0,Positif,Positif,test,Positif,True
layar gw jadi kecil tll,1,2026-07-25 09:43:26,layar jadi kecil tll,layar jadi kecil tll,-4.0,Negatif,-4.0,Negatif,Negatif,test,Negatif,True
emng gamenya ngesetting gua buat kalag mau gimna lagi di kasih tim dark sistem sampe lose 12 kali itu ga wajar banget,1,2026-07-25 09:34:30,emng gamenya ngesetting buat kalag mau gimna kasih tim dark sistem sampe lose kali tidak wajar banget,emng gamenya ngesetting buat kalag mau gimna kasih tim dark sistem sampe lose kali tidak wajar banget,-4.0,Negatif,-4.0,Negatif,Negatif,test,Negatif,True
game kontl,1,2026-07-25 09:31:09,game kontl,game kontl,2.0,Positif,2.0,Positif,Positif,test,Positif,True
game nipu katanya 1 vs 5 eh dalam gamenya malah 1 vs 9 kocak banget bukan sekali dua kali berkali-kali malah 1 vs 9 mana 5vs5 yang kau janjikan itu wok?,1,2026-07-25 09:27:30,game nipu katanya vs eh gamenya malah vs kocak banget bukan sekali kali berkali kali malah vs mana vs kau janjikan wok,game nipu kata vs eh gamenya malah vs kocak banget bukan sekali kali kali kali malah vs mana vs kau janji wok,-2.0,Negatif,-2.0,Negatif,Negatif,test,Positif,False
game gak adil,1,2026-07-25 09:26:19,game tidak adil,game tidak adil,-4.0,Negatif,-4.0,Negatif,Negatif,test,Negatif,True
moonton tolong bikin fitur/player yg rank tertinggi nya setara contoh kalau kita main solo dapat tim sama2 ex glory begitu juga di tier bawah soalnya tim gw beban abis dan juga tolong diperbaiki sinyal nya sekarang gw kalo main pas war suka ngelag pdhl sebelumnya gapernah gini apalagi wifi udh mentok masih ngelag tolong juga kalo player main rank tolong cariin server terdekat aja biar ga lag itu aja sih sisanya bagus2 aja,4,2026-07-25 09:25:49,moonton bikin fitur player rank tertinggi nya setara contoh kalau main solo tim sama ex glory tier bawah soalnya tim beban abis diperbaiki sinyal nya sekarang kalau main pas war suka ngelag pdhl sebelumnya gapernah gini wifi mentok ngelag kalau player main rank cariin server terdekat aja tidak lag aja sih sisanya bagus aja,moonton bikin fitur player rank tinggi nya tara contoh kalau main solo tim sama ex glory tier bawah soal tim beban abis baik sinyal nya sekarang kalau main pas war suka ngelag pdhl belum gapernah gin wifi mentok ngelag kalau player main rank cariin server dekat aja tidak lag aja sih sisa bagus aja,-17.0,Negatif,-15.0,Negatif,Negatif,test,Negatif,True
game nya bagus ga bikin bosenn pokoknya menghibur lah the best👍💯,5,2026-07-25 09:12:05,game nya bagus tidak bikin bosenn pokoknya menghibur lah the best emoji_positif emoji_positif,game nya bagus tidak bikin bosenn pokok hibur lah the best emoji_positif emoji_positif,-8.0,Negatif,-3.0,Negatif,Negatif,test,Positif,False
"tidak jelas sinyal saya macet di merah padahal wifinya baik"" aj",1,2026-07-25 09:03:30,tidak jelas sinyal macet merah padahal wifinya baik aj,tidak jelas sinyal macet merah padahal wifinya baik aj,0.0,Negatif,0.0,Negatif,Negatif,test,Negatif,True
"game tolol, main solo rank slalu dikasih kalah dan tim bot !!!",1,2026-07-25 09:00:10,game tolol main solo rank slalu dikasih kalah tim bot,game tolol main solo rank slalu kasih kalah tim bot,-9.0,Negatif,-9.0,Negatif,Negatif,test,Negatif,True
game gg,5,2026-07-25 08:58:46,game gg,game gg,2.0,Positif,5.0,Positif,Positif,test,Positif,True
Makin parah... .uninstal aja,1,2026-07-25 08:52:19,makin parah uninstal aja,makin parah uninstal aja,-2.0,Negatif,-2.0,Negatif,Negatif,test,Positif,False
INI GAME TAU DIRI ORANG LAGI SETRESS ATURAN MAH INI MENGHIBUR TAPI MALAH BUAT MAKIN BURUK,1,2026-07-25 08:50:42,game tau diri orang setress aturan mah menghibur malah buat makin buruk,game tau diri orang setress atur mah hibur malah buat makin buruk,-5.0,Negatif,-5.0,Negatif,Negatif,test,Positif,False
game on ol gaje banget gw maen cmn buat kalah,1,2026-07-25 08:49:19,game on ol gaje banget maen cmn buat kalah,game on ol gaje banget maen cmn buat kalah,0.0,Negatif,0.0,Negatif,Negatif,test,Negatif,True
games sudah tidak layak buat mainin banyak lawan yang gunakan cheat,1,2026-07-25 08:47:09,games tidak layak buat mainin banyak lawan gunakan cheat,games tidak layak buat mainin banyak lawan guna cheat,-7.0,Negatif,-7.0,Negatif,Negatif,test,Negatif,True
tolong moonton benerin ml saya kok ada tulisan menghubungi kembali terus tolong ya saya mau main,5,2026-07-25 08:47:07,moonton benerin ml kok tulisan menghubungi terus mau main,moonton benerin ml kok tulis hubung terus mau main,5.0,Positif,5.0,Positif,Positif,test,Negatif,False
"apaan si ini moonton , udah top up weekly diamon pass tapi kaga masuk diamonnya padahal udah dibayar ada buktinya juga , game rusak korup",1,2026-07-25 08:39:32,apaan si moonton udah top up weekly diamon pass tidak masuk diamonnya padahal udah dibayar buktinya game rusak korup,apa si moonton udah top up weekly diamon pass tidak masuk diamonnya padahal udah bayar bukti game rusak korup,-2.0,Negatif,-2.0,Negatif,Negatif,test,Negatif,True
saya tidak melakukan pelanggaran tetapi akun saya tidak bisa main padahal sudah ada data yg lancar baik,1,2026-07-25 08:39:08,tidak melakukan pelanggaran akun tidak main padahal data lancar baik,tidak laku langgar akun tidak main padahal data lancar baik,-9.0,Negatif,-9.0,Negatif,Negatif,test,Negatif,True
ga adil saya main tidak di beri tim setara dan lawan tak setara,1,2026-07-25 08:38:26,tidak adil main tidak beri tim setara lawan tak setara,tidak adil main tidak beri tim tara lawan tak tara,-14.0,Negatif,-14.0,Negatif,Negatif,test,Negatif,True
"Game yang buruk, saya baru beberapa Minggu tidak login ke akun saya yang namanya ヨギ glexプラセ, kemudian saya login kembali tapi sudah disuruh untuk buat akun lagi, jadi akun saya ヨギ glexプラセ sudah hilang, saya coba pemulihan akun juga tidak bisa, tolong kepada pihak moonton untuk memulihkan akun saya.",1,2026-07-25 08:37:36,game buruk baru beberapa minggu tidak login akun namanya glex kemudian login disuruh buat akun jadi akun glex hilang coba pemulihan akun tidak pihak moonton memulihkan akun,game buruk baru beberapa minggu tidak login akun nama glex kemudian login suruh buat akun jadi akun glex hilang coba pulih akun tidak pihak moonton pulih akun,-12.0,Negatif,-12.0,Negatif,Negatif,test,Negatif,True
ngasih tim drafsistem mlu...kalah mah 10 kali menang sekali sistem apa kali buta g liat draf...buang2 waktu gua unistal.,1,2026-07-25 08:34:07,ngasih tim drafsistem mlu kalah mah kali menang sekali sistem apa kali buta g liat draf buang waktu unistal,ngasih tim drafsistem mlu kalah mah kali menang sekali sistem apa kali buta g liat draf buang waktu unistal,-21.0,Negatif,-17.0,Negatif,Negatif,test,Negatif,True
ml kok gak bisa hapus konten skin dalam pertandingan cepet rusak perangkat kayak gini,1,2026-07-25 08:33:06,ml kok tidak hapus konten skin pertandingan cepet rusak perangkat kayak gini,ml kok tidak hapus konten skin tanding cepet rusak perangkat kayak gin,-4.0,Negatif,-4.0,Negatif,Negatif,test,Negatif,True
coba benerin draksisitem nya min,1,2026-07-25 08:32:29,coba benerin draksisitem nya min,coba benerin draksisitem nya min,1.0,Positif,1.0,Positif,Positif,test,Negatif,False
"epic ex legend ketemu epic ex imo gimana ceritanya, udah kasih masukan ratusan kali tetep aja sama gak di perbaiki, pengalaman bermain yang buruk",1,2026-07-25 08:27:46,epic ex legend ketemu epic ex imo gimana ceritanya udah kasih masukan ratusan kali tetep aja sama tidak perbaiki pengalaman bermain buruk,epic ex legend ketemu epic ex imo gimana cerita udah kasih masuk ratus kali tetep aja sama tidak baik alam main buruk,-2.0,Negatif,-2.0,Negatif,Negatif,test,Positif,False
Moonton kenapa ml ku pas di loading scren kaga bisa masuk ke in game nya jadinya afk mulu bantu,2,2026-07-25 08:24:57,moonton ml ku pas loading scren tidak masuk in game nya jadinya afk mulu bantu,moonton ml ku pas loading scren tidak masuk in game nya jadi afk mulu bantu,3.0,Positif,1.0,Positif,Positif,test,Positif,True
"perbaiki dulu lah game mu ini moonton,orang make cheter akun ku yg kena imbas nya",1,2026-07-25 08:22:22,perbaiki dulu lah game mu moonton orang make cheter akun ku kena imbas nya,baik dulu lah game mu moonton orang make cheter akun ku kena imbas nya,-5.0,Negatif,-5.0,Negatif,Negatif,test,Negatif,True
gampang imonya,5,2026-07-25 08:18:41,gampang imonya,gampang imonya,1.0,Positif,1.0,Positif,Positif,test,Positif,True
aku sangat suka,5,2026-07-25 08:18:10,aku sangat suka,aku sangat suka,1.0,Positif,1.0,Positif,Positif,test,Positif,True
"kenapa dah monton jaringan nya Leng parah padahal aman aman aja. kalau lagi main game ini suka Leng ini, ini game apa dah Leng Mulu",3,2026-07-25 08:14:33,moonton jaringan nya leng parah padahal aman aman aja kalau main game suka leng game apa leng mulu,moonton jaring nya leng parah padahal aman aman aja kalau main game suka leng game apa leng mulu,-2.0,Negatif,-2.0,Negatif,Negatif,test,Negatif,True
woii MONTONN Kenapa game lu ga bisa login di hp gw,5,2026-07-25 08:12:58,woii montonn game kamu tidak login handphone,woii montonn game kamu tidak login handphone,-3.0,Negatif,-3.0,Negatif,Negatif,test,Negatif,True
karena saya di kasih tim yang kaga bisa maen setiap hari bukan cuma sekali dua kali setiap hari di kasih temen yang ga bisa maen,1,2026-07-25 08:12:08,kasih tim tidak maen hari bukan cuma sekali kali hari kasih temen tidak maen,kasih tim tidak maen hari bukan cuma sekali kali hari kasih temen tidak maen,-19.0,Negatif,-19.0,Negatif,Negatif,test,Negatif,True
"game ini sangat seru, playernya ramah, banyak sekali jenis2 hewannya, jaringan sangat lancar dikarnakan ada cheater, menaikkan ranknya sangat gampang sekali, intinya game ini dapat menghilangkan stressss",5,2026-07-25 08:11:40,game sangat seru playernya ramah banyak sekali jenis hewannya jaringan sangat lancar dikarnakan cheater menaikkan ranknya sangat gampang sekali intinya game menghilangkan stress,game sangat seru playernya ramah banyak sekali jenis hewan jaring sangat lancar dikarnakan cheater naik ranknya sangat gampang sekali inti game hilang stress,-5.0,Negatif,-6.0,Negatif,Negatif,test,Positif,False
keren banget,5,2026-07-25 08:08:32,keren banget,keren banget,1.0,Positif,5.0,Positif,Positif,test,Positif,True
wow game stuck di loading gambar GK bisa masuk,1,2026-07-25 08:07:16,wow game stuck loading gambar tidak masuk,wow game stuck loading gambar tidak masuk,-1.0,Negatif,-1.0,Negatif,Negatif,test,Positif,False
ngasih tim selalu gk adil,1,2026-07-25 08:05:28,ngasih tim selalu tidak adil,ngasih tim selalu tidak adil,-9.0,Negatif,-9.0,Negatif,Negatif,test,Negatif,True
bewan kita montoon,5,2026-07-25 08:03:11,bewan moonton,bewan moonton,0.0,Positif,0.0,Positif,Positif,test,Positif,True
"Matchmaking sangat tidak adil. saat gw main di game pertama menang, game selanjutnya gak semesti menang lagi, paling kesempatan menang nya 50% dan kalah 50%. TAPIIIIII pas game pertama kalah game selanjutnya mustahil menang😈😈. kalau main game pertama KALAH, lanjut main bergame game sudah pasti akan KALAH. gw main game pertama menang dan game selanjutnya kalah, pas gw terusin jadi LOSE TREAK 9x😈😈 Padahal gw main roam tapi tetep kalah soalnya tim gw GAK SEIMBANG SAMA MUSUH😈😈😈INI KHUSUS SOLO",3,2026-07-25 07:58:33,matchmaking sangat tidak adil main game pertama menang game selanjutnya tidak semesti menang paling kesempatan menang nya kalah tapii pas game pertama kalah game selanjutnya mustahil menang kalau main game pertama kalah lanjut main bergame game kalah main game pertama menang game selanjutnya kalah pas terusin jadi lose treak x padahal main roam tetep kalah soalnya tim tidak seimbang sama musuh khusus solo emoji_lain emoji_lain emoji_lain emoji_lain emoji_lain emoji_lain emoji_lain,matchmaking sangat tidak adil main game pertama menang game lanjut tidak mesti menang paling sempat menang nya kalah tapi pas game pertama kalah game lanjut mustahil menang kalau main game pertama kalah lanjut main bergame game kalah main game pertama menang game lanjut kalah pas terusin jadi lose treak x padahal main roam tetep kalah soal tim tidak imbang sama musuh khusus solo emoji_lain emoji_lain emoji_lain emoji_lain emoji_lain emoji_lain emoji_lain,-33.0,Negatif,-13.0,Negatif,Negatif,test,Negatif,True
"ga adil, masa gw selalu dapet tim yg ga bener padahal di rank honor? bukan karna ga ga jago, tapi tetep aja gw jago kalo ga ada yg ngimbangin, setidaknnya kasih 2 orang an yg setara ini mah ga ada sama sekali, dapet publik jago juga cuma kadang"" itu juga bisa keitung pake jari, benerin lagi deh sistem nya moonton kalo bisa ada sistem seleksi dulu biar nentuin dapet tim nya gimana dan bisa dapet tim yg setara",3,2026-07-25 07:49:15,tidak adil masa selalu dapet tim tidak bener padahal rank honor bukan tidak tidak jago tetep aja jago kalau tidak ngimbangin setidaknnya kasih orang an setara mah tidak sama sekali dapet publik jago cuma kadang keitung pake jari benerin deh sistem nya moonton kalau sistem seleksi dulu nentuin dapet tim nya gimana dapet tim setara,tidak adil masa selalu dapet tim tidak bener padahal rank honor bukan tidak tidak jago tetep aja jago kalau tidak ngimbangin setidaknnya kasih orang an tara mah tidak sama sekali dapet publik jago cuma kadang keitung pake jari benerin deh sistem nya moonton kalau sistem seleksi dulu nentuin dapet tim nya gimana dapet tim tara,-29.0,Negatif,-29.0,Negatif,Negatif,test,Negatif,True
apalah ini ga bisa main pdhal lagi Mabar,4,2026-07-25 07:44:24,apalah tidak main pdhal mabar,apa tidak main pdhal mabar,-9.0,Negatif,-9.0,Negatif,Negatif,test,Negatif,True
ngelaggg,5,2026-07-25 07:37:38,ngelagg,ngelagg,0.0,Positif,0.0,Positif,Positif,test,Positif,True
"jangan skin mulu yang di benerin, server nya juga diperhatikan lah, ping stuck 20 tiba tiba jumping... gegara server bapuklu gw kalah gegara salah langkah, pantesan dapet rating jelek, developernya aja mata duitan gini",2,2026-07-25 07:30:20,jangan skin mulu benerin server nya diperhatikan lah ping stuck tiba tiba jumping gegara server bapuklu kalah gegara salah langkah pantesan dapet rating jelek developernya aja mata duitan gini,jangan skin mulu benerin server nya perhati lah ping stuck tiba tiba jumping gegara server bapuklu kalah gegara salah langkah pantesan dapet rating jelek developer aja mata duit gin,-18.0,Negatif,-18.0,Negatif,Negatif,test,Negatif,True
gema bikin stres,1,2026-07-25 07:30:02,gema bikin stres,gema bikin stres,-3.0,Negatif,-3.0,Negatif,Negatif,test,Negatif,True
game paorit,5,2026-07-25 07:28:46,game paorit,game paorit,2.0,Positif,2.0,Positif,Positif,test,Positif,True
anj gw ga bisa login co,1,2026-07-25 07:27:05,anj tidak login co,anj tidak login co,-5.0,Negatif,-5.0,Negatif,Negatif,test,Negatif,True
game banyak citer,1,2026-07-25 07:25:20,game banyak cheater,game banyak cheater,2.0,Positif,-2.0,Negatif,Negatif,test,Negatif,True
"gemnya bagus, cuman bikin stres",5,2026-07-25 07:24:07,gemnya bagus cuman bikin stres,gemnya bagus cuman bikin stres,-6.0,Negatif,-1.0,Negatif,Negatif,test,Negatif,True
game taik cuman bisa rusak servernya mending gw hapus nih game ganti hok aj pas login juga gk bisa ngefrezee mulu,1,2026-07-25 07:19:40,game taik cuman rusak servernya mending hapus nih game ganti hok aj pas login tidak ngefrezee mulu,game taik cuman rusak servernya mending hapus nih game ganti hok aj pas login tidak ngefrezee mulu,-7.0,Negatif,-7.0,Negatif,Negatif,test,Negatif,True
gem kayak di seting montoon kalah mulu gem jelek,1,2026-07-25 07:19:31,gem kayak seting moonton kalah mulu gem jelek,gem kayak ting moonton kalah mulu gem jelek,-11.0,Negatif,-11.0,Negatif,Negatif,test,Negatif,True
gamenya ga bisa dibuka sampai saya download ulang tetap aja ga bisa kenapa ya? tolong dong developer nya,4,2026-07-25 07:18:20,gamenya tidak dibuka download ulang tetap aja tidak dong developer nya,gamenya tidak buka download ulang tetap aja tidak dong developer nya,-6.0,Negatif,-6.0,Negatif,Negatif,test,Negatif,True
"I prefer the Hayabusa and Kagura pairing over Hayabusa and Hanabi, which is why I gave a one-star rating. If you want me to give five stars, bring back the Hayabusa and Kagura pairing!",1,2026-07-25 07:17:44,i prefer the hayabusa and kagura pairing over hayabusa and hanabi which is why i gave a one star rating if you want me to give five stars bring back the hayabusa and kagura pairing,i prefer the hayabusa and kagura pairing over hayabusa and hanabi which is why i gave a one star rating if you want me to give five stars bring back the hayabusa and kagura pairing,-2.0,Negatif,-2.0,Negatif,Negatif,test,Positif,False
nglag parah hp gw udh mau meledak,1,2026-07-25 07:12:33,nglag parah handphone mau meledak,nglag parah handphone mau ledak,-5.0,Negatif,-5.0,Negatif,Negatif,test,Positif,False
mlbb bintang 1kudriliun plis monton kasih aku dimon,5,2026-07-25 07:12:13,mlbb bintang kudriliun plis moonton kasih aku dimon,mlbb bintang kudriliun plis moonton kasih aku dimon,2.0,Positif,2.0,Positif,Positif,test,Positif,True
server lu benerin woi,1,2026-07-25 07:06:53,server kamu benerin woi,server kamu benerin woi,0.0,Negatif,0.0,Negatif,Negatif,test,Negatif,True
kasih lawan yg setara kek masa rank legend ketemu rank mitik keatas aneh bet sistem lu perbaiki lagi,1,2026-07-25 07:05:39,kasih lawan setara kek masa rank legend ketemu rank mitik keatas aneh bet sistem kamu perbaiki,kasih lawan tara kek masa rank legend ketemu rank mitik atas aneh bet sistem kamu baik,-3.0,Negatif,-3.0,Negatif,Negatif,test,Negatif,True
Kok ga bisa loginn,5,2026-07-25 07:03:54,kok tidak loginn,kok tidak loginn,-5.0,Negatif,-5.0,Negatif,Negatif,test,Negatif,True
knapa ngebug... gx bisa terhubung kembali ke dalam pertandingan,1,2026-07-25 07:03:06,knapa ngebug gx terhubung pertandingan,knapa ngebug gx hubung tanding,0.0,Negatif,0.0,Negatif,Negatif,test,Negatif,True
"untuk pihak yang bersangkutan dalam sistem mobile legend tolong ini game kenapa sistem tim dengan musuh kurng seimbang sedangkan ada bug"" yang tidak jelas padahal download data sudah melengkapi tapi masih ada saja bug nya",1,2026-07-25 07:00:14,pihak bersangkutan sistem mobile legend game sistem tim musuh kurng seimbang bug tidak jelas padahal download data melengkapi bug nya,pihak sangkut sistem mobile legend game sistem tim musuh kurng imbang bug tidak jelas padahal download data lengkap bug nya,-20.0,Negatif,-24.0,Negatif,Negatif,test,Negatif,True
"gamee anjjjinggg,, tiba"" aja keluar dari draft phase.... sialannnnn",1,2026-07-25 07:00:12,gamee anjjingg tiba aja keluar draft phase sialann,gamee anjjingg tiba aja keluar draft phase sialann,-2.0,Negatif,-2.0,Negatif,Negatif,test,Negatif,True
jelekkkkkkk,1,2026-07-25 06:58:46,jelekk,jelekk,0.0,Negatif,0.0,Negatif,Negatif,test,Negatif,True
"JELEK BGT SINYALNYA, TIBA-TIBA ADA TULISAN KONEKSI TERPUTUS PADAHAL DATA BAGUS AMAN AJA, WAKTU DIBUKA LAGI GK MAU LOGIN, NGESELIN BGT, MATCHMAKING NYA GK SEIMBANG",1,2026-07-25 06:56:56,jelek banget sinyalnya tiba tiba tulisan koneksi terputus padahal data bagus aman aja waktu dibuka tidak mau login ngeselin banget matchmaking nya tidak seimbang,jelek banget sinyal tiba tiba tulis koneksi putus padahal data bagus aman aja waktu buka tidak mau login ngeselin banget matchmaking nya tidak imbang,-28.0,Negatif,-23.0,Negatif,Negatif,test,Negatif,True
"musuh nya terlalu berat""",2,2026-07-25 06:56:41,musuh nya terlalu berat,musuh nya terlalu berat,-7.0,Negatif,-7.0,Negatif,Negatif,test,Negatif,True
menghubungkan mulu padahal jaringan w bagus,1,2026-07-25 06:52:11,menghubungkan mulu padahal jaringan w bagus,hubung mulu padahal jaring w bagus,-2.0,Negatif,3.0,Positif,Positif,test,Positif,True
"developer, tolong lah ini gua baru main langsing lag, mau relog dibilang ada masalah jaringan, padahal jaringan gua pake wifi sama data sama"" bagus lo",1,2026-07-25 06:48:56,developer lah baru main langsing lag mau relog dibilang masalah jaringan padahal jaringan pake wifi sama data sama bagus kamu,developer lah baru main langsing lag mau relog bilang masalah jaring padahal jaring pake wifi sama data sama bagus kamu,-1.0,Negatif,1.0,Positif,Positif,test,Negatif,False
woyy anjiang aku gabisa mainnn,5,2026-07-25 06:48:49,woyy anjiang aku gabisa mainn,woyy anjiang aku gabisa mainn,1.0,Positif,1.0,Positif,Positif,test,Positif,True
game lawak😹,1,2026-07-25 06:48:46,game lawak emoji_netral,game lawak emoji_netral,2.0,Positif,2.0,Positif,Positif,test,Positif,True
tiba tiba ngelag urusin cheater dulu jangan ngurusin patch baru mulu,1,2026-07-25 06:48:28,tiba tiba ngelag urusin cheater dulu jangan ngurusin patch baru mulu,tiba tiba ngelag urusin cheater dulu jangan ngurusin patch baru mulu,-4.0,Negatif,-11.0,Negatif,Negatif,test,Negatif,True
"ngeleg banget,padahal ping nya hijau",1,2026-07-25 06:47:56,ngeleg banget padahal ping nya hijau,ngeleg banget padahal ping nya hijau,4.0,Positif,4.0,Positif,Positif,test,Positif,True
"barusan aja main party tiba""ngeleq semua buka aplikasi lain gak ada ngeleq game burukkk server nya rusakkkkk",1,2026-07-25 06:46:17,barusan aja main party tiba ngeleq semua buka aplikasi tidak ngeleq game burukk server nya rusakk,barusan aja main party tiba ngeleq semua buka aplikasi tidak ngeleq game burukk server nya rusakk,-9.0,Negatif,-9.0,Negatif,Negatif,test,Negatif,True
moonton ktl main tiba tiba lag semua,1,2026-07-25 06:46:14,moonton ktl main tiba tiba lag semua,moonton ktl main tiba tiba lag semua,-3.0,Negatif,-6.0,Negatif,Negatif,test,Negatif,True
moonton server mu mabok,1,2026-07-25 06:46:02,moonton server mu mabok,moonton server mu mabok,-4.0,Negatif,-4.0,Negatif,Negatif,test,Negatif,True
"woi monton, server lu benerin noh, baru main menit 1 udah ngeleg, pas relog malah gak masuk masuk",5,2026-07-25 06:45:18,woi moonton server kamu benerin noh baru main menit udah ngeleg pas relog malah tidak masuk masuk,woi moonton server kamu benerin noh baru main menit udah ngeleg pas relog malah tidak masuk masuk,-2.0,Negatif,-2.0,Negatif,Negatif,test,Negatif,True
"knapa tiba laggg woy, wifi gue lancar padahal, trus dibuka lagi gamau, gimana sih monton woyyy",1,2026-07-25 06:45:11,knapa tiba lagg woy wifi lancar padahal trus dibuka gamau gimana sih moonton woyy,knapa tiba lagg woy wifi lancar padahal trus buka gamau gimana sih moonton woyy,-2.0,Negatif,-2.0,Negatif,Negatif,test,Positif,False
"oyy monton itu klo mau ngabdet pikir"" lahh gw lgi main renk tiba"" eror(dah ga bisa d buka/gemnya brhenti tiba"") pdahal jringan bagusssss😑",1,2026-07-25 06:44:21,oyy moonton kalau mau ngabdet pikir lahh lgi main renk tiba eror tidak d buka gemnya brhenti tiba pdahal jringan baguss emoji_lain,oyy moonton kalau mau ngabdet pikir lahh lgi main renk tiba eror tidak d buka gemnya brhenti tiba pdahal jringan baguss emoji_lain,-7.0,Negatif,-7.0,Negatif,Negatif,test,Negatif,True
geme gak ada kemajuan masa jaringan hijau tiba tiba ngelek yang adil lah kalo pengen geme mu maju ada nya game mu makin turun pemain nya iya gue kasih bintang 1 aja banyak masalah server,1,2026-07-25 06:44:11,geme tidak kemajuan masa jaringan hijau tiba tiba ngelek adil lah kalau pengen geme mu maju nya game mu makin turun pemain nya iya kasih bintang aja banyak masalah server,geme tidak maju masa jaring hijau tiba tiba ngelek adil lah kalau ken geme mu maju nya game mu makin turun main nya iya kasih bintang aja banyak masalah server,-5.0,Negatif,-5.0,Negatif,Negatif,test,Negatif,True
"game nya sangat tidak ramah, matchmaking tidak seimbang, player nya toxic, tim musuh selalu saja lebih baik daripada tim sendiri, banyak feeder, banyak orang yang gak ngerti main, entah kenapa bisa ada di high rank, paling sering ketemu tim sendiri komputer, emang aneh, bisa bisa nya setim ama 3 komputer, bahkan parah nya ketemu 4 komputer di tim sendiri, sangat menyiksa bagi player solo, kalau ketemu tim manusia asli pun rata rata egois, gak mentingin tim, tidak di sarankan untuk di download",1,2026-07-25 06:43:29,game nya sangat tidak ramah matchmaking tidak seimbang player nya toxic tim musuh selalu lebih baik tim sendiri banyak feeder banyak orang tidak ngerti main entah high rank paling sering ketemu tim sendiri komputer emang aneh nya setim ama komputer bahkan parah nya ketemu komputer tim sendiri sangat menyiksa player solo kalau ketemu tim manusia asli rata rata egois tidak mentingin tim tidak sarankan download,game nya sangat tidak ramah matchmaking tidak imbang player nya toxic tim musuh selalu lebih baik tim sendiri banyak feeder banyak orang tidak ngerti main entah high rank paling sering ketemu tim sendiri komputer emang aneh nya tim ama komputer bahkan parah nya ketemu komputer tim sendiri sangat siksa player solo kalau ketemu tim manusia asli rata rata egois tidak mentingin tim tidak saran download,-75.0,Negatif,-79.0,Negatif,Negatif,test,Negatif,True
ngelag anj,1,2026-07-25 06:42:52,ngelag anj,ngelag anj,0.0,Negatif,-3.0,Negatif,Negatif,test,Negatif,True
"buat game niat ga! sinyal bagus stabil jadi jelek ga layak banget, hapus aja dari google play store, ga layak",1,2026-07-25 06:42:34,buat game niat tidak sinyal bagus stabil jadi jelek tidak layak banget hapus aja google play store tidak layak,buat game niat tidak sinyal bagus stabil jadi jelek tidak layak banget hapus aja google play store tidak layak,-14.0,Negatif,-9.0,Negatif,Negatif,test,Negatif,True
game hama tolol,1,2026-07-25 06:39:29,game hama tolol,game hama tolol,-6.0,Negatif,-6.0,Negatif,Negatif,test,Negatif,True
game sangat bagus,5,2026-07-25 06:37:43,game sangat bagus,game sangat bagus,-2.0,Negatif,3.0,Positif,Positif,test,Positif,True
matchmaking nya jelek banget jumpa tim yang mainnya kaya epic Mulu tolong moonton benerin dlu matchmaking gk seimbang banget soalnya sering banget dpt tim ngefeed TPI musuh spek tlph,1,2026-07-25 06:28:50,matchmaking nya jelek banget jumpa tim mainnya kaya epic mulu moonton benerin dlu matchmaking tidak seimbang banget soalnya sering banget tim ngefeed tpi musuh spek tlph,matchmaking nya jelek banget jumpa tim main kaya epic mulu moonton benerin dlu matchmaking tidak imbang banget soal sering banget tim ngefeed tpi musuh spek tlph,-16.0,Negatif,-16.0,Negatif,Negatif,test,Negatif,True
"bikin stres ama ping nya merah mulu giliran game sebelah normal2 ae, fix game burik",1,2026-07-25 06:28:29,bikin stres ama ping nya merah mulu giliran game sebelah normal ae fix game burik,bikin stres ama ping nya merah mulu gilir game belah normal ae fix game burik,2.0,Positif,2.0,Positif,Positif,test,Negatif,False
game kok pelit sama player sendiri 1 bintang lagi dikasih nya musuh yg susah sama team beban monton b4b| GK mau lagi aku main game kayak gini monton kikir 1 bintang,1,2026-07-25 06:06:22,game kok pelit sama player sendiri bintang dikasih nya musuh susah sama team beban moonton b b tidak mau aku main game kayak gini moonton kikir bintang,game kok pelit sama player sendiri bintang kasih nya musuh susah sama team beban moonton b b tidak mau aku main game kayak gin moonton kikir bintang,-10.0,Negatif,-10.0,Negatif,Negatif,test,Negatif,True
"game nya bagus, tapi gak tau ini kenapa setiap kali bermain solo itu dapet musuh yg kompak, sedangkan teman satu tim kayak orang baru main, dan saya selalu kalah gara-gara dapet teman satu tim yang kayak gitu, kayak gak adil aja anda memberi kami tim seperti itu",3,2026-07-25 06:01:58,game nya bagus tidak tau kali bermain solo dapet musuh kompak teman satu tim kayak orang baru main selalu kalah gara gara dapet teman satu tim kayak gitu kayak tidak adil aja memberi tim,game nya bagus tidak tau kali main solo dapet musuh kompak teman satu tim kayak orang baru main selalu kalah gara gara dapet teman satu tim kayak gitu kayak tidak adil aja beri tim,-33.0,Negatif,-28.0,Negatif,Negatif,test,Negatif,True
"tolong moonton musnahkan orang-orang yang main nya tidak serius, kebanyakan yang main cuman mati-mati dan tidak membantu, saya dari rank legend turun ke grand master, bikin game yang betul dikit la",1,2026-07-25 05:59:25,moonton musnahkan orang orang main nya tidak serius kebanyakan main cuman mati mati tidak membantu rank legend turun grand master bikin game betul dikit la,moonton musnah orang orang main nya tidak serius banyak main cuman mati mati tidak bantu rank legend turun grand master bikin game betul dikit la,-12.0,Negatif,-12.0,Negatif,Negatif,test,Negatif,True
game nya hama sering ngelag pakek kuota apalagi pas full kuotanya banyak citer nya juga di biarin,1,2026-07-25 05:56:49,game nya hama sering ngelag pakek kuota pas full kuotanya banyak cheater nya biarin,game nya hama sering ngelag pakek kuota pas full kuota banyak cheater nya biarin,0.0,Negatif,-7.0,Negatif,Negatif,test,Negatif,True
gak jelas ketemu nya tim gak jelas gak setara timnya,1,2026-07-25 05:55:18,tidak jelas ketemu nya tim tidak jelas tidak setara timnya,tidak jelas ketemu nya tim tidak jelas tidak tara tim,-16.0,Negatif,-16.0,Negatif,Negatif,test,Negatif,True
"tambah parah terlalu sering lag padahal jaringan bagus, lebih banyak dapat team tidak seimbang dengan team lawan atau mungkin dari sistemnya sudah di seting biar lebih sering kalah",1,2026-07-25 05:53:21,tambah parah terlalu sering lag padahal jaringan bagus lebih banyak team tidak seimbang team lawan mungkin sistemnya seting lebih sering kalah,tambah parah terlalu sering lag padahal jaring bagus lebih banyak team tidak imbang team lawan mungkin sistem ting lebih sering kalah,-11.0,Negatif,-9.0,Negatif,Negatif,test,Negatif,True
moonton kenapa kita selalu kalah lu pilih kasih gua menang sampe legend 1 atau gua rating bintang 1 sama gua hapus mobile legend,5,2026-07-25 05:45:13,moonton selalu kalah kamu pilih kasih menang sampe legend rating bintang sama hapus mobile legend,moonton selalu kalah kamu pilih kasih menang sampe legend rating bintang sama hapus mobile legend,-6.0,Negatif,-2.0,Negatif,Negatif,test,Positif,False
gila gue di kasih dark sistem terus game macam apa ini comentar saat main di mute tiap main di kasih dark sistem weiii orang main gema cari hiburan bukan mau jadi gila,1,2026-07-25 05:41:50,gila kasih dark sistem terus game macam apa comentar main mute tiap main kasih dark sistem weii orang main gema cari hiburan bukan mau jadi gila,gila kasih dark sistem terus game macam apa comentar main mute tiap main kasih dark sistem weii orang main gema cari hibur bukan mau jadi gila,-29.0,Negatif,-29.0,Negatif,Negatif,test,Negatif,True
"machtmaking gamenya aneh, selalu 1 tim dengan akun yang tidak jelas sangat merugikan.",1,2026-07-25 05:38:40,machtmaking gamenya aneh selalu tim akun tidak jelas sangat merugikan,machtmaking gamenya aneh selalu tim akun tidak jelas sangat rugi,-9.0,Negatif,-9.0,Negatif,Negatif,test,Negatif,True
"game player bocah,darksystem mulu",1,2026-07-25 05:33:16,game player bocah darksystem mulu,game player bocah darksystem mulu,3.0,Positif,3.0,Positif,Positif,test,Positif,True
"tolong perbaiki sistem matchmakingnya, baru winstreak 3 kali langsung dikasih tim bot dan ga bisa main, dikira kita bisa gendong apa? pdhl kita jga performa mainnya tergantung tim tp mlh dikasih tim yg ga bisa main, dan knp cm dikasih maksimal 3 kali winstreak utk player solo? tolong pengertiannya utk player solo dikasih tim yg bener, setidaknya seimbang sama tim musuh, ini mlh dikasih tim yg bener' baru main ml bhkn cm pny 3 hero disuruh roam mlh pick nana dan musuhnya high ranked, ga adil🤢",1,2026-07-25 05:25:22,perbaiki sistem matchmakingnya baru winstreak kali langsung dikasih tim bot tidak main dikira gendong apa pdhl jga performa mainnya tergantung tim mlh dikasih tim tidak main cm dikasih maksimal kali winstreak player solo pengertiannya player solo dikasih tim bener seimbang sama tim musuh mlh dikasih tim bener baru main ml bhkn cm pny hero disuruh roam mlh pick nana musuhnya high ranked tidak adil emoji_negatif,baik sistem matchmakingnya baru winstreak kali langsung kasih tim bot tidak main kira gendong apa pdhl jga performa main gantung tim mlh kasih tim tidak main cm kasih maksimal kali winstreak player solo erti player solo kasih tim bener imbang sama tim musuh mlh kasih tim bener baru main ml bhkn cm pny hero suruh roam mlh pick nana musuh high ranked tidak adil emoji_negatif,-28.0,Negatif,-28.0,Negatif,Negatif,test,Negatif,True
Bagus cuman saya pakai hp kentang,5,2026-07-25 05:25:09,bagus cuman pakai handphone kentang,bagus cuman pakai handphone kentang,-2.0,Negatif,3.0,Positif,Positif,test,Positif,True
jngn main ni game klo dah epic musuhnya ga seimbang bikin stres masa ngepush rang 4 hari berturut² malah naik 1 bintang.dan kita main 1 kali menang 5 kali kalah jngn deh,1,2026-07-25 05:21:09,jngn main ni game kalau epic musuhnya tidak seimbang bikin stres masa ngepush rang hari berturut malah naik bintang main kali menang kali kalah jngn deh,jngn main ni game kalau epic musuh tidak imbang bikin stres masa ngepush rang hari turut malah naik bintang main kali menang kali kalah jngn deh,-15.0,Negatif,-11.0,Negatif,Negatif,test,Negatif,True
"lama ngga main, sekalinya main isinya bot,musuh ga imbang sama musuh",1,2026-07-25 05:10:34,lama ngga main sekalinya main isinya bot musuh tidak imbang sama musuh,lama ngga main sekali main isi bot musuh tidak imbang sama musuh,-17.0,Negatif,-17.0,Negatif,Negatif,test,Negatif,True
"cobak kalo tinggal satu bintang lagi tu jangan kasih musuh yang imo atau yang pake chit,cuma saya kasi h bintang 3 lh setiap ketemu musuh kalo GK pake chit ya partian imo , GK tu jaringan nya ngeleg parah",3,2026-07-25 04:59:25,cobak kalau tinggal satu bintang tu jangan kasih musuh imo pake chit cuma kasi h bintang lh ketemu musuh kalau tidak pake chit partian imo tidak tu jaringan nya ngeleg parah,cobak kalau tinggal satu bintang tu jangan kasih musuh imo pake chit cuma kasi h bintang lh ketemu musuh kalau tidak pake chit partian imo tidak tu jaring nya ngeleg parah,-35.0,Negatif,-35.0,Negatif,Negatif,test,Negatif,True
"game nya bagus cuman aga ngeleg,dan aga banyak bug",4,2026-07-25 04:58:39,game nya bagus cuman aga ngeleg aga banyak bug,game nya bagus cuman aga ngeleg aga banyak bug,0.0,Positif,3.0,Positif,Positif,test,Positif,True
"banyak dosa lu monton, kasih tim masih mitik honor semua, giliran lawan mitik glory semua, hebat, ngeleg lagi, di room jaringan 50 ms, pas main malah 98-115 ms apa coba, banyak dia lu monton",2,2026-07-25 04:57:53,banyak dosa kamu moonton kasih tim mitik honor semua giliran lawan mitik glory semua hebat ngeleg room jaringan ms pas main malah ms apa coba banyak kamu moonton,banyak dosa kamu moonton kasih tim mitik honor semua gilir lawan mitik glory semua hebat ngeleg room jaring ms pas main malah ms apa coba banyak kamu moonton,-13.0,Negatif,-13.0,Negatif,Negatif,test,Negatif,True
akun saya hilang begitu saja setelah meng uninstall game ini,1,2026-07-25 04:57:10,akun hilang meng uninstall game,akun hilang meng uninstall game,1.0,Positif,1.0,Positif,Positif,test,Negatif,False
bikin setress,5,2026-07-25 04:50:12,bikin setress,bikin setress,0.0,Positif,0.0,Positif,Positif,test,Negatif,False
taikk game gak jelas lawan imortal temen epic semua,1,2026-07-25 04:44:17,taikk game tidak jelas lawan imortal temen epic semua,taikk game tidak jelas lawan imortal temen epic semua,-7.0,Negatif,-7.0,Negatif,Negatif,test,Negatif,True
monton plis akun gua buka in baned nya gua ga pake cit apapun,5,2026-07-25 04:41:59,moonton plis akun buka in baned nya tidak pake cheater apapun,moonton plis akun buka in baned nya tidak pake cheater apa,-5.0,Negatif,-9.0,Negatif,Negatif,test,Negatif,True
gem terbaik sumpah,5,2026-07-25 04:40:08,gem terbaik sumpah,gem baik sumpah,5.0,Positif,5.0,Positif,Positif,test,Positif,True
moonton tolong kasih saya tim yg jago la masak tim yg dark system moonton,1,2026-07-25 04:35:01,moonton kasih tim jago la masak tim dark system moonton,moonton kasih tim jago la masak tim dark system moonton,-4.0,Negatif,-4.0,Negatif,Negatif,test,Negatif,True
game ga guna hapus aja game ini dari PlayStore game ga bermanfaaat game yang sangat tidak di sarankan untuk di donwload,1,2026-07-25 04:34:45,game tidak hapus aja game playstore game tidak bermanfaat game sangat tidak sarankan donwload,game tidak hapus aja game playstore game tidak manfaat game sangat tidak saran donwload,-10.0,Negatif,-10.0,Negatif,Negatif,test,Negatif,True
susah banget ni game udah mah pernah nabrak global lagi pusinggg bet dah,1,2026-07-25 04:33:13,susah banget ni game udah mah pernah nabrak global pusingg bet,susah banget ni game udah mah pernah nabrak global pusingg bet,-4.0,Negatif,-4.0,Negatif,Negatif,test,Negatif,True
tolol game anji,1,2026-07-25 04:32:53,tolol game anji,tolol game anji,-3.0,Negatif,-3.0,Negatif,Negatif,test,Negatif,True
"Game nya bagus tapi , kadang gak adil banget musuh tim nya oke² aj ,lah tim ku dark sistem semua ,gak adil",5,2026-07-25 04:31:25,game nya bagus kadang tidak adil banget musuh tim nya oke aj lah tim ku dark sistem semua tidak adil,game nya bagus kadang tidak adil banget musuh tim nya oke aj lah tim ku dark sistem semua tidak adil,-25.0,Negatif,-20.0,Negatif,Negatif,test,Negatif,True
bismillaah.. nah gitu dong salut akhirnya google play paham juga.. ada google deals.. keren.. maa syaa Allaah.. kan nanti terhubung dengan instrumen lainnya. game ya industri gaming house.. game produksi ya produksi.. slot dan poker kita alihkan ke market skin dll.. dan penghasilan saldo non coin (point dll) good job google.. termasuk software dan hardware ke industri yang dituju.. intinya semua ada instrument nya so stop nagih langganan.. bikin pusing aja..,1,2026-07-25 04:22:23,bismillaah nah gitu dong salut akhirnya google play paham google deals keren maa syaa allaah kan terhubung instrumen lainnya game industri gaming house game produksi produksi slot poker alihkan market skin penghasilan saldo non coin point good job google termasuk software hardware industri dituju intinya semua instrument nya so stop nagih langganan bikin pusing aja,bismillaah nah gitu dong salut akhir google play paham google deals keren maa syaa allaah kan hubung instrumen lain game industri gaming house game produksi produksi slot poker alih market skin hasil saldo non coin point good job google masuk software hardware industri tuju inti semua instrument nya so stop nagih langgan bikin pusing aja,6.0,Positif,10.0,Positif,Positif,test,Positif,True
cara membetulkan bug mic gagal dinyalakan gimana?,5,2026-07-25 04:20:18,cara membetulkan bug mic gagal dinyalakan gimana,cara betul bug mic gagal nyala gimana,-4.0,Negatif,-6.0,Negatif,Negatif,test,Negatif,True
woy moontoon boleh tak kalau bagi skin gratis! rank aku dah akh kekal kat epic tak naik-naik sbb season baru.. susah tau tak bagilah skin gratis mlbb beta pun kena kumpul skin walaupun diamond free susah tau tak,3,2026-07-25 04:19:07,woy moontoon tak kalau skin gratis rank aku akh kekal kat epic tak naik naik sbb season baru susah tau tak bagilah skin gratis mlbb beta kena kumpul skin walaupun diamond free susah tau tak,woy moontoon tak kalau skin gratis rank aku akh kekal kat epic tak naik naik sbb season baru susah tau tak bagi skin gratis mlbb beta kena kumpul skin walaupun diamond free susah tau tak,-1.0,Negatif,-1.0,Negatif,Negatif,test,Positif,False
"game t*i, a*jing",1,2026-07-25 04:12:53,game t i a jing,game t i a jing,2.0,Positif,2.0,Positif,Positif,test,Negatif,False
sanggat seruh dan menyenangkan,5,2026-07-25 04:09:22,sanggat seruh menyenangkan,sanggat seruh senang,1.0,Positif,1.0,Positif,Positif,test,Positif,True
seru tapi naikin rank nya susah,3,2026-07-25 04:05:31,seru naikin rank nya susah,seru naikin rank nya susah,-3.0,Negatif,0.0,Negatif,Negatif,test,Negatif,True
"INI KAPAN FLORYN DI NERF MONTONNNNN ROAMM SUP HMA KEK GITU DI BIARIN AJA, GA LIAT APA GIMANA ADA FLORYN TIM JADI GA SEIMBANG",1,2026-07-25 03:59:59,kapan floryn nerf montonn roamm sup hma kek gitu biarin aja tidak liat apa gimana floryn tim jadi tidak seimbang,kapan floryn nerf montonn roamm sup hma kek gitu biarin aja tidak liat apa gimana floryn tim jadi tidak imbang,-21.0,Negatif,-21.0,Negatif,Negatif,test,Negatif,True
menuju Menuhin memories jir😹,1,2026-07-25 03:57:31,menuju menuhin memories jir emoji_netral,tuju menuhin memories jir emoji_netral,-7.0,Negatif,-7.0,Negatif,Negatif,test,Negatif,True
aku dapet teman bot mulu isi nya kalah mulu jangan main gem ini busuk kalah terus menerus dapet tim bot gw kalah terus,1,2026-07-25 03:53:40,aku dapet teman bot mulu isi nya kalah mulu jangan main gem busuk kalah terus menerus dapet tim bot kalah terus,aku dapet teman bot mulu isi nya kalah mulu jangan main gem busuk kalah terus terus dapet tim bot kalah terus,-24.0,Negatif,-24.0,Negatif,Negatif,test,Negatif,True
Dpt yim gk bener semua,1,2026-07-25 03:47:18,yim tidak bener semua,yim tidak bener semua,-10.0,Negatif,-10.0,Negatif,Negatif,test,Negatif,True
"dendam apa mooton sm gua ,gua kasih tim epik semua beban , males maen ml kolo begini lost trek 15 kali dahlah",1,2026-07-25 03:46:00,dendam apa moonton sama kasih tim epik semua beban males maen ml kolo begini lost trek kali dahlah,dendam apa moonton sama kasih tim epik semua beban males maen ml kolo begini lost trek kali dah,-27.0,Negatif,-27.0,Negatif,Negatif,test,Negatif,True
aneh sekarang ping nya tinggi mulu,5,2026-07-25 03:34:02,aneh sekarang ping nya tinggi mulu,aneh sekarang ping nya tinggi mulu,2.0,Positif,2.0,Positif,Positif,test,Negatif,False
asik banget game nya menang terus,5,2026-07-25 03:26:43,asik banget game nya menang terus,asik banget game nya menang terus,6.0,Positif,10.0,Positif,Positif,test,Positif,True
kayaknya ini game mau setiap hari di update paket data ku habis gara gara setiap hari update tolong montoon jadi in mobile legends yg dulu aku capek update,1,2026-07-25 03:23:10,kayaknya game mau hari update paket data ku habis gara gara hari update moonton jadi in mobile legends dulu aku capek update,kayak game mau hari update paket data ku habis gara gara hari update moonton jadi in mobile legends dulu aku capek update,-4.0,Negatif,-4.0,Negatif,Negatif,test,Positif,False
"mobile legend adalah permainan saya sejak kecil, dan saya adalah player xp Hero favorit saya adalah Argus sampe top 1 kabupaten saya sampe tahun kemarin, ijin mengkritik, Hero Argus buff tahun 2026 8 juli ini sangat berbeda dengan cara main Argus dulu , sangat² berbedaa , saya mencoba beberapa kali dengan beradaptasi skil² Argus sekarang, masih aja gak enak tuh Hero, ini buff atau nerf sebenernya ?, plis monton saya harap Argus bisa di ulang lagi seperti dahulu,banyak player Argus yang pensi😭😭",2,2026-07-25 03:22:10,mobile legend permainan sejak kecil player xp hero favorit argus sampe top kabupaten sampe tahun kemarin ijin mengkritik hero argus buff tahun juli sangat berbeda cara main argus dulu sangat berbedaa mencoba beberapa kali beradaptasi skil argus sekarang aja tidak enak tuh hero buff nerf sebenernya plis moonton harap argus ulang banyak player argus pensi emoji_negatif emoji_negatif,mobile legend main sejak kecil player xp hero favorit argus sampe top kabupaten sampe tahun kemarin ijin kritik hero argus buff tahun juli sangat beda cara main argus dulu sangat berbedaa coba beberapa kali adaptasi skil argus sekarang aja tidak enak tuh hero buff nerf sebenernya plis moonton harap argus ulang banyak player argus pensi emoji_negatif emoji_negatif,-11.0,Negatif,-13.0,Negatif,Negatif,test,Negatif,True
"monton aku udah bener2 setres ton udahnya dapat tim beban ditambah sinyal jelek untuk hari ini aku g mau main mlbb selama 3 hari ,game ini bisa2 membuat aku gila.🤡🤡🤡😵😵😵👎🏿👎🏿👎🏿💩💩",1,2026-07-25 03:15:59,moonton aku udah bener setres ton udahnya tim beban ditambah sinyal jelek hari aku g mau main mlbb selama hari game membuat aku gila emoji_negatif emoji_negatif emoji_negatif emoji_netral emoji_netral emoji_netral emoji_lain emoji_lain emoji_lain emoji_lain emoji_lain emoji_lain emoji_lain emoji_lain,moonton aku udah bener tres ton udahnya tim beban tambah sinyal jelek hari aku g mau main mlbb lama hari game buat aku gila emoji_negatif emoji_negatif emoji_negatif emoji_netral emoji_netral emoji_netral emoji_lain emoji_lain emoji_lain emoji_lain emoji_lain emoji_lain emoji_lain emoji_lain,-8.0,Negatif,-8.0,Negatif,Negatif,test,Positif,False
seru banget gemny,5,2026-07-25 03:10:58,seru banget gemny,seru banget gemny,1.0,Positif,4.0,Positif,Positif,test,Positif,True
"jelek, timnya beban terus jadi game nya ngebosenin kalah mulu jelek game nya kalah mulu game",1,2026-07-25 03:07:31,jelek timnya beban terus jadi game nya ngebosenin kalah mulu jelek game nya kalah mulu game,jelek tim beban terus jadi game nya ngebosenin kalah mulu jelek game nya kalah mulu game,-16.0,Negatif,-16.0,Negatif,Negatif,test,Negatif,True
t4! sinyal ijo tapi lag,1,2026-07-25 03:06:43,t sinyal ijo lag,t sinyal ijo lag,0.0,Negatif,-3.0,Negatif,Negatif,test,Negatif,True
plislah moonton kasih tim yang adil gw udah kalah 13x malah ketemu cheater jadi kalah 14x gw kadang juga ada yang nge troll tolonglah moonton kasi tim yang adil baru gw kasi bintang 5 kalo adil,1,2026-07-25 03:02:21,plislah moonton kasih tim adil udah kalah x malah ketemu cheater jadi kalah x kadang nge troll tolonglah moonton kasi tim adil baru kasi bintang kalau adil,plislah moonton kasih tim adil udah kalah x malah ketemu cheater jadi kalah x kadang nge troll tolong moonton kasi tim adil baru kasi bintang kalau adil,-16.0,Negatif,-23.0,Negatif,Negatif,test,Negatif,True
"Game rusak kita bintang 70 ketemu rata"" lawan yg bintang 1200,game hancur makin lama d mainkan makin rusak,kalau mau bgus kalau kita glory ya kasih ketemu tim glory ini malah tim bapuk emang ini monton makin rusak lebih bagus main PUBG aj daripada main ML yg bikin orang makin stress",1,2026-07-25 02:58:42,game rusak bintang ketemu rata lawan bintang game hancur makin lama d mainkan makin rusak kalau mau bgus kalau glory kasih ketemu tim glory malah tim bapuk emang moonton makin rusak lebih bagus main pubg aj main ml bikin orang makin stress,game rusak bintang ketemu rata lawan bintang game hancur makin lama d main makin rusak kalau mau bgus kalau glory kasih ketemu tim glory malah tim bapuk emang moonton makin rusak lebih bagus main pubg aj main ml bikin orang makin stress,-10.0,Negatif,-5.0,Negatif,Negatif,test,Negatif,True
Mai. gem ml bikin steres tim nya gak jelas,1,2026-07-25 02:58:07,mai gem ml bikin steres tim nya tidak jelas,mai gem ml bikin steres tim nya tidak jelas,-7.0,Negatif,-7.0,Negatif,Negatif,test,Negatif,True
"game konyol, game membosankan, game tereror 2026, mendapat peringatan award game bermasalah selamat karena anda akan ditinggal para player 🤮🤮🤮",1,2026-07-25 02:55:19,game konyol game membosankan game tereror mendapat peringatan award game bermasalah selamat ditinggal player emoji_lain emoji_lain emoji_lain,game konyol game bosan game eror dapat ingat award game masalah selamat tinggal player emoji_lain emoji_lain emoji_lain,6.0,Positif,6.0,Positif,Positif,test,Positif,True
game bagus NIH ahahahah,5,2026-07-25 02:55:02,game bagus nih ahahahah,game bagus nih ahahahah,0.0,Positif,5.0,Positif,Positif,test,Positif,True
"mode 1vs1 jangan perlihatkan item, biar tidak bisa di ikuti sama lawan",1,2026-07-25 02:54:28,mode vs jangan perlihatkan item tidak ikuti sama lawan,mode vs jangan lihat item tidak ikut sama lawan,-12.0,Negatif,-12.0,Negatif,Negatif,test,Negatif,True
moonton ga baik kasih tim yang tolol semua manya aku kasih bintang 1,1,2026-07-25 02:52:11,moonton tidak baik kasih tim tolol semua manya aku kasih bintang,moonton tidak baik kasih tim tolol semua manya aku kasih bintang,-16.0,Negatif,-16.0,Negatif,Negatif,test,Negatif,True
game stres jgn di kasih bintang biar bangkrut game ini bikin nambah dosa,1,2026-07-25 02:50:47,game stres jangan kasih bintang bangkrut game bikin nambah dosa,game stres jangan kasih bintang bangkrut game bikin nambah dosa,-13.0,Negatif,-13.0,Negatif,Negatif,test,Negatif,True
game colo ngelag terus padahal sinyalnya aman aman aja gajelas,1,2026-07-25 02:40:16,game colo ngelag terus padahal sinyalnya aman aman aja gajelas,game colo ngelag terus padahal sinyal aman aman aja gajelas,3.0,Positif,0.0,Negatif,Negatif,test,Negatif,True
ini mah gem sejarah 👍👍👍👍,5,2026-07-25 02:32:07,mah gem sejarah emoji_positif emoji_positif emoji_positif emoji_positif,mah gem sejarah emoji_positif emoji_positif emoji_positif emoji_positif,0.0,Positif,0.0,Positif,Positif,test,Positif,True
bagus ayo main ml,5,2026-07-25 02:31:59,bagus ayo main ml,bagus ayo main ml,2.0,Positif,7.0,Positif,Positif,test,Positif,True
"seru, aku jadi tau kalo perang gmn, yang jadi bergunanya aku jadi kaya gak takut gitu kalau ada yang buly aku walapun gak bawa senjata aku jadi gak takut😁",5,2026-07-25 02:26:33,seru aku jadi tau kalau perang bagaimana jadi bergunanya aku jadi kaya tidak takut gitu kalau buly aku walapun tidak bawa senjata aku jadi tidak takut emoji_positif,seru aku jadi tau kalau perang bagaimana jadi guna aku jadi kaya tidak takut gitu kalau buly aku walapun tidak bawa senjata aku jadi tidak takut emoji_positif,-16.0,Negatif,-13.0,Negatif,Negatif,test,Negatif,True
balikin Ruby gw ke setelan awal cih sialan enak an Ruby yg dulu,2,2026-07-25 02:24:23,balikin ruby setelan awal cih sialan enak an ruby dulu,balikin ruby setel awal cih sial enak an ruby dulu,-4.0,Negatif,-2.0,Negatif,Negatif,test,Negatif,True
"gw gk suka sekrang soalnya aku d stuckin terus di legend terus dapat musuh jago jago trs teman dark sistem semua. kalah pun gw yg mpv gak adil bangat, sekali dua kali kalah gpp lah ini d hasil pertandingan defeat semua udh ah males. kayak sia sia doang habisin waktu, baterai hp, sama kuota hasilnya sama aja gk ada perubahan. gw tau kalo sistem machmacing nya d bagi sesuai wr tapi ini keterlaluan gw sama yg bot Mulu trs musuhnya jago jago, kalau kalah gw trs yg mpv , Gak adil!!!!",1,2026-07-25 02:19:58,tidak suka sekrang soalnya aku d stuckin terus legend terus musuh jago jago terus teman dark sistem semua kalah mpv tidak adil bangat sekali kali kalah gpp lah d hasil pertandingan defeat semua ah males kayak sia sia doang habisin waktu baterai handphone sama kuota hasilnya sama aja tidak perubahan tau kalau sistem machmacing nya d sesuai winrate keterlaluan sama bot mulu terus musuhnya jago jago kalau kalah terus mpv tidak adil,tidak suka sekrang soal aku d stuckin terus legend terus musuh jago jago terus teman dark sistem semua kalah mpv tidak adil bangat sekali kali kalah gpp lah d hasil tanding defeat semua ah males kayak sia sia doang habisin waktu baterai handphone sama kuota hasil sama aja tidak ubah tau kalau sistem machmacing nya d sesuai winrate terlalu sama bot mulu terus musuh jago jago kalau kalah terus mpv tidak adil,-65.0,Negatif,-65.0,Negatif,Negatif,test,Negatif,True
game nya seru banyak darksistem nya trus dikasih tim yang bot dan lawan yang gak ngotak pokoknya saya rekomdasikan game ini untuk para anak kecil,1,2026-07-25 02:16:05,game nya seru banyak darksistem nya trus dikasih tim bot lawan tidak ngotak pokoknya rekomdasikan game anak kecil,game nya seru banyak darksistem nya trus kasih tim bot lawan tidak ngotak pokok rekomdasikan game anak kecil,-17.0,Negatif,-14.0,Negatif,Negatif,test,Negatif,True
game tolol gua solo nabrak legend mulu,1,2026-07-25 02:14:47,game tolol solo nabrak legend mulu,game tolol solo nabrak legend mulu,-4.0,Negatif,-4.0,Negatif,Negatif,test,Negatif,True
perbanyak player ramahnya,5,2026-07-25 02:14:02,perbanyak player ramahnya,banyak player ramah,0.0,Positif,0.0,Positif,Positif,test,Positif,True
mino onlyyyyy!!,5,2026-07-25 02:13:58,mino onlyy,mino onlyy,0.0,Positif,0.0,Positif,Positif,test,Negatif,False
game jlk pemilihan tim nya ga seimbang ngomong nya pemilihan tim di sama ratakan tapi mana ga seimbang bat,1,2026-07-25 02:08:21,game jlk pemilihan tim nya tidak seimbang ngomong nya pemilihan tim sama ratakan mana tidak seimbang bat,game jlk pilih tim nya tidak imbang ngomong nya pilih tim sama rata mana tidak imbang bat,-13.0,Negatif,-13.0,Negatif,Negatif,test,Negatif,True
tolol benerin matchmacing,1,2026-07-25 02:06:32,tolol benerin matchmacing,tolol benerin matchmacing,-5.0,Negatif,-5.0,Negatif,Negatif,test,Negatif,True
"apa lah monton main tim musuh ama tim temen selalu ga imbang tim musuh jago""giliran tim sendiri pada ga bisa main main klh terus mvp trs cape dari bintang 13 sampe legend sellu dapet tim ga bisa main tim musuh ama tim sendiri selalu ha imbang",1,2026-07-25 02:05:38,apa lah moonton main tim musuh ama tim temen selalu tidak imbang tim musuh jago giliran tim sendiri tidak main main klh terus mvp terus cape bintang sampe legend sellu dapet tim tidak main tim musuh ama tim sendiri selalu ha imbang,apa lah moonton main tim musuh ama tim temen selalu tidak imbang tim musuh jago gilir tim sendiri tidak main main klh terus mvp terus cape bintang sampe legend sellu dapet tim tidak main tim musuh ama tim sendiri selalu ha imbang,-60.0,Negatif,-60.0,Negatif,Negatif,test,Negatif,True
team gak seimbang,1,2026-07-25 01:48:00,team tidak seimbang,team tidak imbang,-4.0,Negatif,-4.0,Negatif,Negatif,test,Negatif,True
seru banget jir,5,2026-07-25 01:46:28,seru banget jir,seru banget jir,-2.0,Negatif,1.0,Positif,Positif,test,Positif,True
Saya senang bermain game ini tapi sering kalah,5,2026-07-25 01:44:55,senang bermain game sering kalah,senang main game sering kalah,2.0,Positif,2.0,Positif,Positif,test,Positif,True
"EXORCIST KAPAN MOONTON, AKU LUMUTAN NUNGGUIN NYA!!",1,2026-07-25 01:42:59,exorcist kapan moonton aku lumutan nungguin nya,exorcist kapan moonton aku lumut nungguin nya,0.0,Negatif,0.0,Negatif,Negatif,test,Positif,False
moonton gay,1,2026-07-25 01:42:24,moonton gay,moonton gay,0.0,Negatif,0.0,Negatif,Negatif,test,Positif,False
game anjeng,1,2026-07-25 01:03:27,game anjeng,game anjeng,-3.0,Negatif,-3.0,Negatif,Negatif,test,Positif,False
aku kasih bintang 5 biar di baca setiap main selalu kalah gak pernah win sama sekali ini aja baru losetreak yang ke 25 dari mythic glory bintang 50 turun jadi mythic honor bintang 25 udh males mainin game nya jadi sekarang aku udh gak main selama 1 tahunan,5,2026-07-25 00:50:01,aku kasih bintang baca main selalu kalah tidak pernah win sama sekali aja baru losetreak mythic glory bintang turun jadi mythic honor bintang males mainin game nya jadi sekarang aku tidak main selama tahunan,aku kasih bintang baca main selalu kalah tidak pernah win sama sekali aja baru losetreak mythic glory bintang turun jadi mythic honor bintang males mainin game nya jadi sekarang aku tidak main lama tahun,-14.0,Negatif,-14.0,Negatif,Negatif,test,Negatif,True
game yang niru hok wkwkwkwk hok mah gk banyak dark system nya lah ini apk apaan wkwkwkwk merusak mental orang.,1,2026-07-25 00:45:49,game niru hok wkwkwkwk hok mah tidak banyak dark system nya lah apk apaan wkwkwkwk merusak mental orang,game niru hok wkwkwkwk hok mah tidak banyak dark system nya lah apk apa wkwkwkwk rusak mental orang,-7.0,Negatif,-7.0,Negatif,Negatif,test,Negatif,True
makasih yaa moonton lebig baik kasih tim yg bobrok lgi dong udh cape maininnya di tambah lelet terus turunin aja ampe master aja gpp lah mls njir baguss yaa kasih tim yg bapuk terus aja mending turunin bintang daripada naikin bintang mh,3,2026-07-25 00:44:25,makasih yaa moonton lebig baik kasih tim bobrok lgi dong cape maininnya tambah lelet terus turunin aja ampe master aja gpp lah mls njir baguss yaa kasih tim bapuk terus aja mending turunin bintang naikin bintang mh,makasih yaa moonton lebig baik kasih tim bobrok lgi dong cape maininnya tambah lelet terus turunin aja ampe master aja gpp lah mls njir baguss yaa kasih tim bapuk terus aja mending turunin bintang naikin bintang mh,-12.0,Negatif,-12.0,Negatif,Negatif,test,Negatif,True
bagus lii,5,2026-07-25 00:35:00,bagus lii,bagus lii,-2.0,Negatif,3.0,Positif,Positif,test,Positif,True
kalo ga dikasih losetreak terus saya kasih bintang 5,4,2026-07-25 00:31:00,kalau tidak dikasih losetreak terus kasih bintang,kalau tidak kasih losetreak terus kasih bintang,-7.0,Negatif,-7.0,Negatif,Negatif,test,Negatif,True
gk bisa top up,2,2026-07-25 00:22:09,tidak top up,tidak top up,-10.0,Negatif,-10.0,Negatif,Negatif,test,Negatif,True
game ini begitu mudah dimainkan di HP dan grafik nya kayak AI,5,2026-07-25 00:19:55,game mudah dimainkan handphone grafik nya kayak ai,game mudah main handphone grafik nya kayak ai,2.0,Positif,2.0,Positif,Positif,test,Negatif,False
geme rusak,1,2026-07-25 00:18:17,geme rusak,geme rusak,-1.0,Negatif,-1.0,Negatif,Negatif,test,Negatif,True
mantappp,5,2026-07-25 00:14:34,mantapp,mantapp,0.0,Positif,0.0,Positif,Positif,test,Positif,True
kenapaa setiap gua main Heppy selalu di kasih tim yang gak bisa main padahal gua download game ini gara² seru tapi selalu di kasih tim yang gak bisa main kenapa 😭😭😭😭,2,2026-07-25 00:00:55,kenapaa main heppy selalu kasih tim tidak main padahal download game gara seru selalu kasih tim tidak main emoji_negatif emoji_negatif emoji_negatif emoji_negatif,kenapaa main heppy selalu kasih tim tidak main padahal download game gara seru selalu kasih tim tidak main emoji_negatif emoji_negatif emoji_negatif emoji_negatif,-18.0,Negatif,-15.0,Negatif,Negatif,test,Negatif,True
"Ga tau kenapa gua udah kena banned 2 kali dengan kasus sama, ""pake apk plug in"" padahal gua ga sama sekali pake apk apa apa, trus kata temen gua, gua pake apk clone app itu juga cuman buat ig ga buat ml, aju banding juga ga jelas ga ada kepastian",1,2026-07-24 23:58:50,tidak tau udah kena banned kali kasus sama pake apk plug in padahal tidak sama sekali pake apk apa apa trus kata temen pake apk clone app cuman buat ig tidak buat ml aju banding tidak jelas tidak kepastian,tidak tau udah kena banned kali kasus sama pake apk plug in padahal tidak sama sekali pake apk apa apa trus kata temen pake apk clone app cuman buat ig tidak buat ml aju banding tidak jelas tidak pasti,-33.0,Negatif,-33.0,Negatif,Negatif,test,Negatif,True
aku gk suka ml,1,2026-07-24 23:44:54,aku tidak suka ml,aku tidak suka ml,-6.0,Negatif,-6.0,Negatif,Negatif,test,Positif,False
"moonton kenapa pas di game bagian atas semua ga bisa di pencet rasanya saya tergangu soalnya ga bebas milih seperti shop, jaringan dan poni itu semua ga bisa di pencet",5,2026-07-24 23:40:46,moonton pas game bagian atas semua tidak pencet rasanya tergangu soalnya tidak bebas milih shop jaringan poni semua tidak pencet,moonton pas game bagi atas semua tidak pencet rasa tergangu soal tidak bebas milih shop jaring poni semua tidak pencet,-20.0,Negatif,-20.0,Negatif,Negatif,test,Negatif,True
game nya sangat seru dan bikin bertarungan yang sangat intens yang bikin adrenalin naik tergantung seberapa jago pemain dan tim,5,2026-07-24 23:27:42,game nya sangat seru bikin bertarungan sangat intens bikin adrenalin naik tergantung seberapa jago pemain tim,game nya sangat seru bikin tarung sangat intens bikin adrenalin naik gantung berapa jago main tim,-2.0,Negatif,1.0,Positif,Positif,test,Positif,True
Biasa ajah lemon wkkwk,5,2026-07-24 22:47:26,biasa ajah lemon wkkwk,biasa ajah lemon wkkwk,-2.0,Negatif,-2.0,Negatif,Negatif,test,Negatif,True
gem nya bagus banget,5,2026-07-24 22:42:12,gem nya bagus banget,gem nya bagus banget,-1.0,Negatif,4.0,Positif,Positif,test,Positif,True
"Gw player lama, tapi gw dah stop main game ini, Krn menurut gw, game ini tidak memberikan impact positif, melainkan impact negatif, toxic, berkata kotor, menurut gua, game ini adalah game pembodohan, masih banyak game yg lebih baik & memberikan impact positif daripada game ini, sistem matchmaking nya pun tidak berlaku adil, sangat merugikan player lain, terutama player solo, jadi silahkan berpikir dua kali untuk mendownload game ini, asal jgn menyesal dikemudian hari",1,2026-07-24 21:47:40,player lama stop main game game tidak memberikan impact positif impact negatif toxic berkata kotor game game pembodohan banyak game lebih baik memberikan impact positif game sistem matchmaking nya tidak berlaku adil sangat merugikan player terutama player solo jadi silahkan berpikir kali mendownload game asal jangan menyesal dikemudian hari,player lama stop main game game tidak beri impact positif impact negatif toxic kata kotor game game bodoh banyak game lebih baik beri impact positif game sistem matchmaking nya tidak laku adil sangat rugi player utama player solo jadi silah pikir kali mendownload game asal jangan sesal kemudi hari,9.0,Positif,5.0,Positif,Positif,test,Negatif,False
jangan maen game ini gajelas mytic glory bisa ketemu sama legend kocakkk,1,2026-07-24 21:43:06,jangan maen game gajelas mytic glory ketemu sama legend kocakk,jangan maen game gajelas mytic glory ketemu sama legend kocakk,0.0,Negatif,0.0,Negatif,Negatif,test,Positif,False
bagus jirs mines nya jan ksih tim sistem hitam ke gua muntun si alan,5,2026-07-24 21:39:09,bagus jirs mines nya jan ksih tim sistem hitam moonton si alan,bagus jirs mes nya jan ksih tim sistem hitam moonton si alan,-14.0,Negatif,-9.0,Negatif,Negatif,test,Negatif,True
ppp good,5,2026-07-24 21:33:10,pp good,pp good,5.0,Positif,5.0,Positif,Positif,test,Positif,True
menurut saya musuh dari game satu ini cukup bingung lihat Tim yang bot seperti afk tolong di perbaiki ya monton setiap,5,2026-07-24 20:58:21,musuh game satu cukup bingung lihat tim bot afk perbaiki moonton,musuh game satu cukup bingung lihat tim bot afk baik moonton,-8.0,Negatif,-10.0,Negatif,Negatif,test,Negatif,True
gem ML ini sangat bagus tapi yg bikin kesel tim drak sistem,5,2026-07-24 20:49:36,gem ml sangat bagus bikin kesel tim drak sistem,gem ml sangat bagus bikin kesel tim drak sistem,-17.0,Negatif,-12.0,Negatif,Negatif,test,Negatif,True
game gk adil rank legend di kasih lawan imortal,1,2026-07-24 20:08:18,game tidak adil rank legend kasih lawan imortal,game tidak adil rank legend kasih lawan imortal,-6.0,Negatif,-6.0,Negatif,Negatif,test,Negatif,True
GAme babi poke gak jelas,1,2026-07-24 20:01:33,game babi poke tidak jelas,game babi poke tidak jelas,-5.0,Negatif,-5.0,Negatif,Negatif,test,Negatif,True
"banyak hama hama banyak dark sistem, match making ga seimbang",1,2026-07-24 20:00:30,banyak hama hama banyak dark sistem match making tidak seimbang,banyak hama hama banyak dark sistem match making tidak imbang,-15.0,Negatif,-15.0,Negatif,Negatif,test,Negatif,True
"kenapa ketika saya login, setak di loading tidak bisa masuk kedalam game nya??",1,2026-07-24 19:07:13,login setak loading tidak masuk kedalam game nya,login tak loading tidak masuk dalam game nya,0.0,Negatif,0.0,Negatif,Negatif,test,Negatif,True
anj server nya perbaiki lag woi,1,2026-07-24 19:02:27,anj server nya perbaiki lag woi,anj server nya baik lag woi,0.0,Negatif,-3.0,Negatif,Negatif,test,Negatif,True
jangan di kasih tim dark sistem mulu woi,5,2026-07-24 18:16:12,jangan kasih tim dark sistem mulu woi,jangan kasih tim dark sistem mulu woi,-11.0,Negatif,-11.0,Negatif,Negatif,test,Negatif,True
"game hama,sistem match pas trio taii muluuuu!!!!!awal season glory nabrak legend 3 mana ada kek gituuu",1,2026-07-24 17:32:45,game hama sistem match pas trio taii muluu awal season glory nabrak legend mana kek gituu,game hama sistem match pas trio taii muluu awal season glory nabrak legend mana kek gituu,-6.0,Negatif,-6.0,Negatif,Negatif,test,Positif,False
